timestamp,gpu_utilization,memory_utilization,gpu_temperature,power_consumption,ecc_errors,xid_errors,cpu_usage,ram_usage,network_throughput,disk_io,job_runtime,queue_length,active_processes,label,incident
2026-01-05 00:00:00,1.4277562159561925,10.7163801075049,38.0,55.50660874128978,0.0,0.0,5.812115405952916,29.43873094710942,8.178482369605849,0.024045697574280878,0.0,4.0,0.0,idle,
2026-01-05 00:01:00,0.9302449455445415,8.963652139451034,38.08158608304678,66.60541701690674,1.0,0.0,10.62741637607872,33.171391322696095,32.77885281845519,7.884833571897686,0.0,1.0,0.0,idle,
2026-01-05 00:02:00,2.454034243087798,4.198976364604836,37.909616063283664,63.138862123984566,0.0,0.0,10.034068540536149,31.330816794170772,41.517329549305515,0.0,0.0,2.0,0.0,idle,
2026-01-05 00:03:00,2.674748602962601,6.878668595543708,37.978182309100596,71.65783429446334,0.0,0.0,9.205890143432732,33.569308707608045,37.985024473695816,0.0,0.0,3.0,0.0,idle,
2026-01-05 00:04:00,1.3028582235339452,7.56781660198285,37.596470755896895,63.04185396749214,0.0,0.0,4.909472942217627,34.98099073151962,54.761125421275906,0.0,0.0,3.0,0.0,idle,
2026-01-05 00:05:00,2.105417340035284,6.744982884295265,37.651561214094365,70.40800303532599,0.0,0.0,1.6432500415897708,34.14713468726983,47.57888015516599,0.0,0.0,0.0,0.0,idle,
2026-01-05 00:06:00,0.0,4.570459108033307,37.35093442908113,62.393315345009235,0.0,0.0,2.187206227278904,32.40141096389251,28.301288802400553,0.0,0.0,1.0,0.0,idle,
2026-01-05 00:07:00,0.0,7.67812212393015,37.45017850703081,65.7074848673317,0.0,0.0,4.44804744992441,30.584555554259595,28.465475589890264,0.0,0.0,2.0,0.0,idle,
2026-01-05 00:08:00,0.0,11.758316506771624,37.60203203388383,56.309381540810634,0.0,0.0,5.346194061233131,26.594826979820237,26.59444697227512,0.0,0.0,2.0,0.0,idle,
2026-01-05 00:09:00,0.0,14.487697210880535,37.91334206838114,64.603286160093,0.0,0.0,5.268002092069172,25.18633221348312,21.465369641842596,0.0,0.0,1.0,0.0,idle,
2026-01-05 00:10:00,0.0,13.983819643722239,37.81829965168977,55.709057578620666,0.0,0.0,0.7822376591139104,25.092652021562763,21.224187891054626,0.0,0.0,1.0,0.0,idle,
2026-01-05 00:11:00,0.0,15.552733847606664,37.531955264079045,57.968396453752874,0.0,0.0,6.148178592882862,25.639235639949053,21.967719956684675,1.474188925764176,0.0,1.0,0.0,idle,
2026-01-05 00:12:00,0.0,17.170615803616187,37.550513119274726,64.83302017537002,0.0,0.0,5.19151646196525,25.383700670061152,29.296206299078424,27.313802811266257,0.0,0.0,0.0,idle,
2026-01-05 00:13:00,0.0,13.632967521935146,37.80805817343371,68.04528651104273,0.0,0.0,2.2041319848345906,27.209860258040496,6.002391266807564,14.445569989198281,0.0,3.0,0.0,idle,
2026-01-05 00:14:00,0.0,13.162384016122264,37.90869245821116,67.37446652803933,0.0,0.0,4.132539566288596,30.71628089778859,19.52799542974161,20.53111268903745,0.0,4.0,0.0,idle,
2026-01-05 00:15:00,0.0,10.71740842624871,38.47634388219109,64.68980500895337,0.0,0.0,5.635140781865658,30.526564200745707,24.59064531733915,10.05623400285444,0.0,3.0,0.0,idle,
2026-01-05 00:16:00,76.09859205056262,60.47568205232736,42.49926507299145,322.0285741474415,0.0,0.0,50.479762552884054,75.30750746173817,269.94059484158237,206.67968828434203,0.0,5.0,2.0,mixed,
2026-01-05 00:17:00,75.09139855883883,60.7575575729746,45.93081548393862,315.61636907442175,0.0,0.0,53.214177579894454,73.25064295649126,264.5832807003031,200.4195977311463,1.0,2.0,2.0,mixed,
2026-01-05 00:18:00,76.73081777775703,61.17511880930666,48.81819211271956,332.64102211211156,0.0,0.0,59.87774133294866,74.05236558183326,289.43228635150484,195.69825697958882,2.0,6.0,2.0,mixed,
2026-01-05 00:19:00,77.19556778900146,59.341323521470976,51.300913088774664,318.76593397127283,0.0,0.0,57.080528556436164,72.76459446257577,296.3711172026758,200.0771891247841,3.0,3.0,2.0,mixed,
2026-01-05 00:20:00,82.19823819762904,60.66609856414984,53.692747659573804,337.5248052641747,0.0,0.0,57.53169017638518,73.56237013750791,283.7448312564776,191.03948378708012,4.0,5.0,2.0,mixed,
2026-01-05 00:21:00,83.2113662666767,60.77937942488271,56.25932131734181,353.86235912051586,0.0,0.0,59.92138291147299,75.55406809294787,269.22025741876047,185.81869447240834,5.0,5.0,2.0,mixed,
2026-01-05 00:22:00,81.01102779900967,59.89391233304735,58.1609816632502,341.0371778218648,0.0,0.0,54.63749498329064,73.00607400371909,276.3585412512824,173.21932136503574,6.0,6.0,2.0,mixed,
2026-01-05 00:23:00,79.95587024787734,62.722704060240304,59.8319225646613,342.79138557806715,0.0,0.0,47.647421037003085,73.2064905459673,271.09676384540415,168.4923352123692,7.0,5.0,2.0,mixed,
2026-01-05 00:24:00,79.06872792482817,60.09891324715265,61.32136384177288,331.34474379053125,0.0,0.0,49.94465093084828,72.6306669481432,240.38229377662404,172.93857164945874,8.0,4.0,2.0,mixed,
2026-01-05 00:25:00,84.53945770569692,59.57211447071007,62.302292692705386,347.33053056067916,0.0,0.0,55.14838713273042,75.36419355356422,281.10591722397953,170.95031120448664,9.0,5.0,2.0,mixed,
2026-01-05 00:26:00,81.18626502446924,58.38528432925691,63.70216212391873,338.2713850262439,1.0,0.0,57.229931068113686,76.49196383408763,275.31037606013524,169.23121501660827,10.0,4.0,2.0,mixed,
2026-01-05 00:27:00,82.10736548161553,58.76382177877193,64.57616183640734,338.06723916690026,0.0,0.0,53.18759669096384,79.27816138483769,252.82328752110362,154.77541978190456,11.0,5.0,2.0,mixed,
2026-01-05 00:28:00,82.8877163584818,60.60576736518718,65.50021315768008,335.01515790955597,0.0,0.0,53.88094847091511,78.11977992898443,260.98447694517654,167.8129299361049,12.0,4.0,2.0,mixed,
2026-01-05 00:29:00,83.04983234738523,59.05524212047122,66.35246166771564,340.801047332502,0.0,0.0,52.290754238623016,77.50160283900415,280.48440562305393,174.14360384256165,13.0,3.0,2.0,mixed,
2026-01-05 00:30:00,81.49155956381045,60.53368230209662,66.72301324446761,332.4513399829694,0.0,0.0,49.97396036938718,80.13254541074764,264.26468074522404,171.80373863694211,14.0,4.0,2.0,mixed,
2026-01-05 00:31:00,83.28693693253092,60.532312941993595,67.34796433430014,348.96670161595574,0.0,0.0,51.84672784501872,78.16197699677323,279.0755779839721,187.1254798159644,15.0,2.0,2.0,mixed,
2026-01-05 00:32:00,82.16680502294241,62.682112200348556,68.26250415656179,347.94397149320196,0.0,0.0,50.51575391023443,75.60353698217804,267.1307530110917,186.59934331850198,16.0,3.0,2.0,mixed,
2026-01-05 00:33:00,83.70446835165224,65.01215835650427,68.34536595428928,338.8850929832426,0.0,0.0,50.67164504035294,71.81979580751084,258.68675136466703,178.2091948872419,17.0,8.0,2.0,mixed,
2026-01-05 00:34:00,80.9377783914778,64.72214411513694,68.4475569576682,331.1299770410364,0.0,0.0,47.79870531855073,73.97161975046798,250.96438673099323,156.9657377615067,18.0,5.0,2.0,mixed,
2026-01-05 00:35:00,79.34090783891298,65.1743542914175,68.93908256903076,324.0350420277569,0.0,0.0,47.4923858980153,73.43838808024915,261.5432156310103,152.69611993362685,19.0,2.0,2.0,mixed,
2026-01-05 00:36:00,76.45360778058047,68.33250470512371,68.74414900934936,321.73224407398476,0.0,0.0,48.6141140449608,74.0895669623301,262.84579830376765,160.09122476630336,20.0,4.0,2.0,mixed,
2026-01-05 00:37:00,78.15794172772284,66.63392541514696,68.84802713226239,321.48290558830905,0.0,0.0,46.0609748801971,74.24814437606561,253.5146136719808,159.56072032666438,21.0,2.0,2.0,mixed,
2026-01-05 00:38:00,81.37323839652485,66.26415591243423,69.27361700893316,336.8339821495643,0.0,0.0,49.89488555934804,76.85778983952652,264.9195054476552,160.43105912033207,22.0,3.0,2.0,mixed,
2026-01-05 00:39:00,81.77386171963444,65.00836663199763,69.84421934958499,337.03332999196135,0.0,0.0,49.305938156620066,73.75204802902685,283.3792395642204,163.18350958296,23.0,5.0,2.0,mixed,
2026-01-05 00:40:00,81.08675178412643,61.296978840248244,69.86485638704708,337.46655520760874,0.0,0.0,48.97313147154961,75.05931456748411,283.38371081072984,162.98206440260464,24.0,2.0,2.0,mixed,
2026-01-05 00:41:00,76.84711695356862,61.868016648575654,69.50912222334385,313.5846980707604,0.0,0.0,47.45331264182265,73.55363221005219,288.7698178393688,154.7970542956827,25.0,3.0,2.0,mixed,
2026-01-05 00:42:00,75.3840652497043,61.23303979091782,69.49748926590951,308.45237734608656,0.0,0.0,46.50594726199263,73.02061185991217,282.9702756416031,165.41993380744924,26.0,5.0,2.0,mixed,
2026-01-05 00:43:00,78.82942571400494,58.28326964313571,69.50269400795604,317.78827354147296,0.0,0.0,44.72061132646466,73.10582849698743,302.58520495746,152.8263788398768,27.0,3.0,2.0,mixed,
2026-01-05 00:44:00,76.25159992502435,63.07981898016899,69.23345646286461,318.85473522466833,0.0,0.0,44.883253954977214,75.7220110573572,309.9993924652653,153.10093452806802,28.0,4.0,2.0,mixed,
2026-01-05 00:45:00,77.72785359742208,59.019424667518855,69.38853393464683,326.46292890463474,0.0,0.0,46.9369849497495,75.93338006067101,303.2897302426187,162.8385067402461,29.0,5.0,2.0,mixed,
2026-01-05 00:46:00,79.73136259485358,56.90545961532894,69.31037548797231,329.76603531634845,0.0,0.0,50.40667592781468,73.99827645167404,305.1893971507541,162.55253468129416,30.0,4.0,2.0,mixed,
2026-01-05 00:47:00,80.01016704865704,57.31559502814308,69.59124101867536,337.90462291179745,0.0,0.0,51.04864751150734,71.35763996194267,304.5628612952629,156.27646321490136,31.0,3.0,2.0,mixed,
2026-01-05 00:48:00,81.78046158263854,58.16944563554968,70.06409248767623,334.7738892079414,0.0,0.0,53.24024769995849,75.68666127010921,295.27340981685387,157.3686862872681,32.0,7.0,2.0,mixed,
2026-01-05 00:49:00,81.51297422344099,64.97788905124823,70.56572200442724,347.5522464807957,0.0,0.0,54.27212334562695,75.60131494614329,272.51271383533685,158.81116225337328,33.0,3.0,2.0,mixed,
2026-01-05 00:50:00,83.18267410198199,68.68575130574114,70.93510685125425,345.8806334063324,0.0,0.0,51.0150113100429,77.16668826659219,267.9668608421719,169.0404894630515,34.0,6.0,2.0,mixed,
2026-01-05 00:51:00,83.89446903550079,65.84917641663475,70.9550475216625,351.1403694831728,0.0,0.0,47.55126009061449,75.43173713633962,257.1141910963174,144.55483437401978,35.0,3.0,2.0,mixed,
2026-01-05 00:52:00,85.99641898572214,67.84560110868364,71.45668389798254,354.78135880898645,0.0,0.0,46.32217879126301,75.05015254717406,254.26451092870164,135.70975427180127,36.0,5.0,2.0,mixed,
2026-01-05 00:53:00,86.17437037499417,66.89935274676978,72.18188866839286,357.4554057171014,0.0,0.0,44.71069248867772,73.88366379487566,278.59015447352743,130.11186562827808,37.0,5.0,2.0,mixed,
2026-01-05 00:54:00,82.26197173468145,69.6014282697727,72.34409072923404,336.7056963602408,0.0,0.0,48.23695591358633,75.14637363809862,273.9609360928036,146.28724003325118,38.0,5.0,2.0,mixed,
2026-01-05 00:55:00,78.95907796744265,70.57644086984392,72.12827736580161,336.8804093520232,0.0,0.0,52.38718108446507,74.53104109989741,275.4706503053746,147.50536391342553,39.0,4.0,2.0,mixed,
2026-01-05 00:56:00,81.67274404152262,70.07433612938523,72.24091469445341,340.3469717961185,0.0,0.0,49.87894464854253,74.5864637615118,278.1677801786033,158.45414340290205,40.0,2.0,2.0,mixed,
2026-01-05 00:57:00,84.13217843442455,68.92922106610291,71.74220068990645,338.5799685858421,0.0,0.0,47.16490930426687,72.82963628823046,267.10137203145683,149.0063009723667,41.0,7.0,2.0,mixed,
2026-01-05 00:58:00,84.43036993064354,68.86977013695545,71.77208487890154,344.020940034218,0.0,0.0,42.809702891880995,73.59292189090908,279.6451183566506,151.54912798378436,42.0,3.0,2.0,mixed,
2026-01-05 00:59:00,77.01067892150756,64.83052058208109,71.32934301538964,314.3836028716822,0.0,0.0,42.593128495929165,71.6968789777108,260.29895402560334,164.683089215672,43.0,4.0,2.0,mixed,
2026-01-05 01:00:00,79.54155320533609,63.88609801901547,71.08817991829594,314.48758895028493,0.0,0.0,43.23839744402355,71.36521634709928,242.71976032953245,159.399753956985,44.0,2.0,2.0,mixed,
2026-01-05 01:01:00,82.05592058887254,64.24721994248274,71.69804565917845,345.0390655265179,0.0,0.0,42.626552848528235,68.4016997236747,269.0659985798857,135.2700126782389,45.0,2.0,2.0,mixed,
2026-01-05 01:02:00,83.71784820701356,64.12425598847199,71.72413720860243,343.96433774922366,0.0,0.0,46.68780266703057,67.65900722866688,292.42068292793635,126.48772257217249,46.0,4.0,2.0,mixed,
2026-01-05 01:03:00,86.39322622398723,66.0846670881851,71.68505714825466,355.8513699839,0.0,0.0,42.99182570506245,67.38876565058025,312.45945120715885,128.80532135426853,47.0,3.0,2.0,mixed,
2026-01-05 01:04:00,85.47606869226874,63.38007158663708,71.97521856728224,352.2654940594238,0.0,0.0,41.377923401027786,68.83004177110932,311.57247908080615,151.3701132734066,48.0,5.0,2.0,mixed,
2026-01-05 01:05:00,86.96842018729394,60.45714438183289,71.9825135519605,352.0491809161098,0.0,0.0,42.63319421233939,72.2797371610639,310.26806181012614,159.9053763321432,49.0,3.0,2.0,mixed,
2026-01-05 01:06:00,83.50572551577658,61.9516459307714,72.07134968356786,349.38987803946947,0.0,0.0,40.27615086131928,72.7926161976162,298.28791383364165,157.32429329623832,50.0,4.0,2.0,mixed,
2026-01-05 01:07:00,82.7612988023164,60.622905691158046,72.01830014948906,335.79028272799803,0.0,0.0,43.76659616352402,73.08160189280817,309.39553940296264,154.45890127093904,51.0,5.0,2.0,mixed,
2026-01-05 01:08:00,84.52425690398023,59.07270530989048,72.32194137545127,350.3116154445038,0.0,0.0,41.238519771884086,69.41636799582943,304.6967219322586,173.1838364402226,52.0,5.0,2.0,mixed,
2026-01-05 01:09:00,81.58898470671254,58.51287549588877,72.07460182678578,331.9087482102671,0.0,0.0,39.5126144934166,68.27877395668996,316.0101422831638,174.321517671332,53.0,4.0,2.0,mixed,
2026-01-05 01:10:00,78.57304194912984,63.13686559119129,71.9182386211335,325.8598102000512,0.0,0.0,41.922937011865606,70.53675438545775,306.17136567492497,159.44644815043205,54.0,4.0,2.0,mixed,
2026-01-05 01:11:00,80.59839292486618,65.111026214207,72.02216010122011,335.91364697355874,0.0,0.0,48.6490247644379,66.81931156422733,321.28994340313585,173.66094313298743,55.0,2.0,2.0,mixed,
2026-01-05 01:12:00,81.92200929447472,66.65040335690286,72.53120268864286,346.7330818514797,0.0,0.0,46.68283447837828,67.90230708104045,313.84930547868555,169.73305583371047,56.0,3.0,2.0,mixed,
2026-01-05 01:13:00,78.55749498957431,69.55669512789888,72.35262452414413,330.8957770769535,0.0,0.0,48.087094487600524,68.80621260496208,311.7826984101607,177.0640961174254,57.0,2.0,2.0,mixed,
2026-01-05 01:14:00,79.55409612636302,68.03748714876936,71.9276753943433,334.8175275952386,0.0,0.0,51.375353315096376,70.4905446448963,293.20196480723126,174.11964960692947,58.0,3.0,2.0,mixed,
2026-01-05 01:15:00,79.2720570247972,66.18007026211923,71.95335089190587,328.08805414789487,0.0,0.0,53.64414480518404,70.00030298745739,275.29470222114657,181.31587859628,59.0,4.0,2.0,mixed,
2026-01-05 01:16:00,72.6642977289854,66.68134960324181,71.79129148639547,311.9851394595685,0.0,0.0,59.41279504028524,70.18196019299747,260.5175036949176,186.94955599483058,60.0,3.0,2.0,mixed,
2026-01-05 01:17:00,70.75910598826914,70.06171189984092,71.2441400048828,301.83629740171386,0.0,0.0,61.636655957046315,70.84414473614987,252.94534888839695,196.0581089382277,61.0,6.0,2.0,mixed,
2026-01-05 01:18:00,0.0,16.20856510413868,66.8216352430848,57.42751370837459,0.0,0.0,16.957426837976374,25.305007508798013,0.0,0.9228006444837635,0.0,0.0,0.0,idle,
2026-01-05 01:19:00,0.0,17.04148496390052,63.01263383400446,50.759058064886126,0.0,0.0,15.255579301497876,27.176111813522972,0.0,0.0,0.0,1.0,0.0,idle,
2026-01-05 01:20:00,0.0,17.3321980544362,59.92494227368358,60.75443821413799,0.0,0.0,14.45499360861058,26.05419527521665,0.0,0.0,0.0,2.0,0.0,idle,
2026-01-05 01:21:00,0.0,18.75459095854584,56.92164034450583,54.10997305650351,0.0,0.0,11.496910007700954,27.992782915320877,8.838258804270405,0.0,0.0,3.0,0.0,idle,
2026-01-05 01:22:00,0.0,17.16511474036828,54.734124599463065,57.84813417892494,0.0,0.0,13.223531098056693,27.752298377717292,19.42947868198744,0.0,0.0,0.0,0.0,idle,
2026-01-05 01:23:00,0.0,21.140416749863213,52.789568221362124,68.4412551285241,0.0,0.0,8.115644008433977,26.86903724976653,42.9122830225665,0.0,0.0,1.0,0.0,idle,
2026-01-05 01:24:00,0.0,17.008339967312835,51.018628828328936,62.68810276733534,0.0,0.0,13.042149013317976,22.575053476356267,5.7539773501135585,14.194214245891981,0.0,3.0,0.0,idle,
2026-01-05 01:25:00,0.0,15.836700884324621,48.91636385209229,59.842551538758315,0.0,0.0,15.022576624562653,24.532770996079044,19.222853373139515,16.95023843790043,0.0,3.0,0.0,idle,
2026-01-05 01:26:00,0.0,15.892510347527287,48.08001833534212,65.12187424510469,0.0,0.0,10.116569323037337,24.371687857578834,11.200750587358325,11.64964118668365,0.0,0.0,0.0,idle,
2026-01-05 01:27:00,0.0,12.79562797165475,46.76263448446589,64.0276433939874,0.0,0.0,4.596931456470243,28.620645250429884,26.216628685940584,9.588518953348183,0.0,3.0,0.0,idle,
2026-01-05 01:28:00,0.0,15.392977070384653,45.73882421110337,65.6329047074403,0.0,0.0,0.3885102415605921,29.45461956533973,41.048579917760605,0.0,0.0,1.0,0.0,idle,
2026-01-05 01:29:00,0.0,13.456334899500838,44.46672317959891,61.172942175601406,0.0,0.0,4.767782447179195,28.708843290799077,46.684703804073365,0.0,0.0,0.0,0.0,idle,
2026-01-05 01:30:00,0.0,12.512085911306611,43.69295948817806,55.44557606090321,0.0,0.0,1.684207696852777,31.632410837829035,45.86825451233912,0.0,0.0,0.0,0.0,idle,
2026-01-05 01:31:00,2.27515299199516,8.142918813882897,42.99823552942825,66.39194655756,0.0,0.0,2.1860778446086524,30.058503661367695,43.22899151720388,0.0,0.0,2.0,0.0,idle,
2026-01-05 01:32:00,1.5172224536397603,10.859493090042719,41.859517130387935,71.75016994581233,0.0,0.0,6.559795123354629,28.721913810979295,46.83086075818217,0.0,0.0,5.0,0.0,idle,
2026-01-05 01:33:00,0.0,10.031677989086043,41.24444746722806,70.79300145188257,0.0,0.0,1.9938472483144452,31.101346492978877,47.1364920966185,0.0,0.0,1.0,0.0,idle,
2026-01-05 01:34:00,0.0,9.242453406248949,40.683250617771414,56.03525049308658,0.0,0.0,4.529291468731138,30.792230586762088,33.69161073960759,0.0,0.0,1.0,0.0,idle,
2026-01-05 01:35:00,0.0,9.685023416322528,40.45942349354704,62.14468733525256,0.0,0.0,2.6063755231723675,31.195334140212957,13.830577225699546,0.0,0.0,2.0,0.0,idle,
2026-01-05 01:36:00,0.0,9.338632054573457,40.0706257513562,57.45661860930251,0.0,0.0,3.9665677296750284,29.799953891294926,0.0,0.0,0.0,1.0,0.0,idle,
2026-01-05 01:37:00,0.4493242825875058,8.39989810004515,39.424435691069725,59.422398536571805,0.0,0.0,7.867292447449415,28.486839362578817,0.0,0.0,0.0,0.0,0.0,idle,
2026-01-05 01:38:00,0.0,8.863697402149704,39.29714088338253,60.1460173721443,1.0,0.0,0.0,30.577705428237152,0.0,0.0,0.0,0.0,0.0,idle,
2026-01-05 01:39:00,0.0,10.130866133430208,38.8482113022863,51.44552964334958,0.0,0.0,6.378940654306886,31.89841240914628,0.0,0.0,0.0,2.0,0.0,idle,
2026-01-05 01:40:00,2.0521722053378553,12.894186947870342,38.93200916201921,67.66523619953676,0.0,0.0,6.619747201039078,32.6393751165356,13.079927152061806,0.0,0.0,2.0,0.0,idle,
2026-01-05 01:41:00,1.9048492139884978,12.651239805644742,38.846116180070645,62.100967824381826,0.0,0.0,8.318375764946545,34.6571004052484,24.222130795559718,0.0,0.0,2.0,0.0,idle,
2026-01-05 01:42:00,4.596060369160472,14.420430466570195,39.28775202364481,74.80731520068127,0.0,0.0,9.453755430516267,34.49706232202132,12.042660432076929,0.0,0.0,2.0,0.0,idle,
2026-01-05 01:43:00,4.164556047942835,10.555409969534244,39.39353564728424,72.70392325474552,0.0,0.0,4.143877163457641,34.2306454953286,0.0,0.0,0.0,0.0,0.0,idle,
2026-01-05 01:44:00,5.658554403079286,8.882295737968796,39.49314745596849,77.31618179348949,0.0,0.0,0.898594934652361,31.543644203986847,27.455358523071187,0.0,0.0,1.0,0.0,idle,
2026-01-05 01:45:00,10.769392380694399,7.827445667905931,40.24745825707174,102.59920861421921,0.0,0.0,3.413437816589109,30.367347588095306,54.33283228539109,0.0,0.0,2.0,0.0,idle,
2026-01-05 01:46:00,10.186303571422666,6.327257897995355,40.31480935569716,90.50980847081489,0.0,0.0,2.1080657605823205,29.733885626550627,34.22767211864958,0.0,0.0,3.0,0.0,idle,
2026-01-05 01:47:00,7.273924904130606,5.535773374118849,40.042086850113485,80.30053976335711,0.0,0.0,4.072381810430346,28.90881615409502,30.63039231256205,0.0,0.0,4.0,0.0,idle,
2026-01-05 01:48:00,4.61526596582809,3.99904809070868,39.77327697555866,67.08504215512951,0.0,0.0,4.103922694723387,28.110780704257152,41.87569048245474,0.0,0.0,0.0,0.0,idle,
2026-01-05 01:49:00,4.922531637031241,8.504596865763796,39.591366516835656,72.09634842124841,0.0,0.0,4.685101703153941,29.52668744597202,46.08385532968161,0.0,0.0,1.0,0.0,idle,
2026-01-05 01:50:00,2.6925027029608444,12.727667924937233,39.53132834522438,73.43701690060384,0.0,0.0,1.3227031161878733,28.92556030038164,57.21455129426265,0.0,0.0,2.0,0.0,idle,
2026-01-05 01:51:00,2.481257193897468,12.939595777828085,39.23738848030248,66.16607316745173,0.0,0.0,0.0,30.502697533834,74.7657443656715,0.0,0.0,4.0,0.0,idle,
2026-01-05 01:52:00,3.5841377604896523,14.667740101228844,38.719751467388015,67.37358795043396,0.0,0.0,0.0,26.43576475645073,40.43601218576951,0.0,0.0,2.0,0.0,idle,
2026-01-05 01:53:00,3.4414056374224042,14.715116587416928,38.524002512013034,67.80823336906687,0.0,0.0,5.364907048763379,27.429903975724258,51.629472339147014,0.0,0.0,6.0,0.0,idle,
2026-01-05 01:54:00,1.4455728123924716,10.46904677800323,38.526001022567705,64.50714988361487,0.0,0.0,4.504758655589272,30.800852316162747,45.694313183660185,0.0,0.0,2.0,0.0,idle,
2026-01-05 01:55:00,4.256467208575002,14.666243812017454,38.369611548470345,72.64427751486264,0.0,0.0,4.30231757539077,28.283266925306553,39.45463496062576,0.0,0.0,3.0,0.0,idle,
2026-01-05 01:56:00,3.1141975239698665,13.693855489401116,38.13979702701237,70.76069230620558,0.0,0.0,2.19847616154978,30.5174083373492,10.095055361330722,0.0,0.0,5.0,0.0,idle,
2026-01-05 01:57:00,3.7907126225287513,13.028224773804723,38.225930512267205,69.76058823312458,0.0,0.0,4.565737099150259,30.438676478977097,0.0,0.0,0.0,0.0,0.0,idle,
2026-01-05 01:58:00,2.416675735824198,13.264198930672741,38.23690633990383,80.21892884294671,0.0,0.0,8.757965855891388,29.676645555872184,0.0,0.0,0.0,1.0,0.0,idle,
2026-01-05 01:59:00,0.9102158747858524,11.446690792632811,38.44783931328546,70.03729338079916,0.0,0.0,6.453867542075337,29.24290439150629,0.0,0.0,0.0,3.0,0.0,idle,
2026-01-05 02:00:00,3.058318532524073,12.18169575654474,38.77474899275427,78.97576904123369,0.0,0.0,0.0,29.655867074515758,0.0,0.0,0.0,1.0,0.0,idle,
2026-01-05 02:01:00,4.933475257333008,8.905103444472319,39.12419358102871,84.48093916273126,0.0,0.0,0.0,27.426677505450833,0.0,0.0,0.0,0.0,0.0,idle,
2026-01-05 02:02:00,0.7513017196728189,9.19789204232847,38.93308296961784,62.717751693030664,0.0,0.0,2.800148524583864,25.2406535634254,0.0,0.0,0.0,2.0,0.0,idle,
2026-01-05 02:03:00,0.9144441420414638,11.649743967902621,38.920599432454765,62.046372811013164,0.0,0.0,6.443788502176506,25.193956676344346,0.0,0.0,0.0,3.0,0.0,idle,
2026-01-05 02:04:00,0.0,10.85236585651255,38.857295090449156,62.27499609558827,0.0,0.0,5.94035720989216,26.30241446197411,0.0,0.0,0.0,3.0,0.0,idle,
2026-01-05 02:05:00,0.1283411476616081,10.4240958796688,38.82935033612713,61.268668089537265,0.0,0.0,5.391767120406776,27.91402175784566,0.0,0.0,0.0,1.0,0.0,idle,
2026-01-05 02:06:00,0.0,8.930032880686117,38.478377875183654,54.51630340829918,0.0,0.0,9.573125886719186,29.333613085293628,0.0,0.0,0.0,1.0,0.0,idle,
2026-01-05 02:07:00,0.0,5.465843201453724,38.8208018368169,77.27009495354356,0.0,0.0,12.215616860477951,30.617789164189706,0.0,9.189807641780128,0.0,5.0,0.0,idle,
2026-01-05 02:08:00,0.0,5.8480866868402,39.01023968357906,56.35330778763557,0.0,0.0,8.987606786745737,33.706506246771625,23.917765530534417,1.3995361332505023,0.0,3.0,0.0,idle,
2026-01-05 02:09:00,0.0,6.320962684878259,38.93569581372622,62.66946489937114,0.0,0.0,6.797105186329462,31.417179191709995,32.87651025502295,10.160112598821721,0.0,4.0,0.0,idle,
2026-01-05 02:10:00,0.0,6.273890569730964,38.68129214285308,62.42098697870502,0.0,0.0,6.324970026671803,34.768909882395334,19.436109970433137,16.574490612543983,0.0,2.0,0.0,idle,
2026-01-05 02:11:00,0.0,5.302972255994874,38.25089619387884,64.57931879323324,0.0,0.0,4.087135658157569,31.718507714174137,0.0,30.338388417894457,0.0,0.0,0.0,idle,
2026-01-05 02:12:00,0.0,8.828350451595107,38.29550601917697,59.25518556510012,0.0,0.0,3.695854944895686,31.994627331962835,0.0,33.38254080275644,0.0,2.0,0.0,idle,
2026-01-05 02:13:00,0.0,10.396722467460087,38.4887713369078,63.743869129112895,0.0,0.0,2.251502371154028,30.102643797311508,0.0,22.905131559022372,0.0,3.0,0.0,idle,
2026-01-05 02:14:00,0.0,9.849397892337283,38.41664073587215,54.09171716729529,0.0,0.0,4.280178815199273,31.682938492262565,0.0,0.8850402316308859,0.0,2.0,0.0,idle,
2026-01-05 02:15:00,0.0,4.3744203705109435,38.02386295855196,62.18919627095445,0.0,0.0,4.8039233563322155,34.52870788242576,0.0,11.016531431770439,0.0,1.0,0.0,idle,
2026-01-05 02:16:00,0.0,2.1448261408330183,37.58828721722214,52.45693077802637,0.0,0.0,0.6549436449032573,35.33296038936815,0.0,0.0,0.0,3.0,0.0,idle,
2026-01-05 02:17:00,0.0,3.894967856639357,38.097673977194376,65.58697754908907,0.0,0.0,1.8462198438458488,33.269150202356755,0.0,0.0,0.0,0.0,0.0,idle,
2026-01-05 02:18:00,0.0,4.731851845264499,38.416486369315216,62.82268909420085,0.0,0.0,2.564564025462494,29.334447719291003,2.169980273735316,0.0,0.0,1.0,0.0,idle,
2026-01-05 02:19:00,0.5322741106196136,6.783534100688306,38.87873458014329,65.2667047809326,0.0,0.0,7.556002168661421,30.706329940004075,9.32147433748834,0.0,0.0,0.0,0.0,idle,
2026-01-05 02:20:00,1.6262792941241841,9.270729495425714,39.216534445761965,72.06066309949595,0.0,0.0,10.80302920531118,31.52913919259305,10.377088312395891,0.0,0.0,4.0,0.0,idle,
2026-01-05 02:21:00,1.6140834798200945,7.9085928187731565,38.99122165991614,66.88140798221013,0.0,0.0,7.7568874436827135,34.59004000081479,15.510592554105573,4.992384866389948,0.0,1.0,0.0,idle,
2026-01-05 02:22:00,2.1658315964076813,6.818629107542469,38.700513048082,63.52617889028611,0.0,0.0,9.158316167528586,31.207524642233892,33.90942855422812,0.0,0.0,3.0,0.0,idle,
2026-01-05 02:23:00,0.0,6.032357021884258,38.21075004760304,53.48320358878461,0.0,0.0,5.3657357094360805,31.565665090858175,33.15453873071433,0.0,0.0,3.0,0.0,idle,
2026-01-05 02:24:00,0.0,4.174726821830665,37.76121356865113,54.693676155789845,0.0,0.0,5.835724040636072,33.244341378711766,20.093129768443823,0.0,0.0,4.0,0.0,idle,
2026-01-05 02:25:00,6.257142508093706,0.4296033475400982,38.04204246665668,83.02204718993033,0.0,0.0,7.234427196659541,29.014614564297933,14.215670505368008,0.0,0.0,0.0,0.0,idle,
2026-01-05 02:26:00,2.584776264670376,0.0,38.149604872744455,68.11392892665287,0.0,0.0,11.031267751509692,30.36356275378592,0.0,0.0,0.0,4.0,0.0,idle,
2026-01-05 02:27:00,4.232491496910258,0.0,38.15383991457606,80.84479701632644,0.0,0.0,6.973596145782326,29.01583038451407,0.0,0.0,0.0,0.0,0.0,idle,
2026-01-05 02:28:00,1.6706685498826443,2.5355143261805893,38.252744733247326,65.43884893471369,0.0,0.0,7.770985816586173,26.55429126225974,0.0,3.8896732821689346,0.0,2.0,0.0,idle,
2026-01-05 02:29:00,79.04271762834921,51.19170332823172,42.41671805495239,331.1839583632738,0.0,0.0,51.3706008479639,70.69819523680987,239.11516922252721,177.1415726091572,0.0,4.0,1.0,mixed,
2026-01-05 02:30:00,77.193718147417,50.69004967634931,45.67306651727633,329.2136272213814,0.0,0.0,51.97305834693672,69.2039702006158,251.9358049592926,171.81296545111036,1.0,2.0,1.0,mixed,
2026-01-05 02:31:00,81.22079078155824,51.789181752824774,48.94334015931104,325.60740845850273,0.0,0.0,49.99392466190218,68.12689213646809,254.93520493770154,178.09789908476534,2.0,2.0,1.0,mixed,
2026-01-05 02:32:00,81.12286914519782,55.642758271446155,51.07136937169544,338.0719047417934,0.0,0.0,50.47972884733505,67.82769601589072,238.12747281979176,174.46946111592592,3.0,3.0,1.0,mixed,
2026-01-05 02:33:00,80.06628667317281,57.450980093904725,53.391940765124154,333.09344694330093,0.0,0.0,47.95314129504229,64.59530151826858,227.22255442170157,181.36990545485133,4.0,2.0,1.0,mixed,
2026-01-05 02:34:00,81.24650015518215,60.93293603784632,55.60102627278047,329.40466492977197,0.0,0.0,52.94370442859978,65.91605732096542,235.37916887458024,180.57887003254223,5.0,3.0,1.0,mixed,
2026-01-05 02:35:00,80.43558096938338,57.45141280151207,57.40813395622812,334.7845292983419,0.0,0.0,53.607630921578995,69.45517488253537,257.26999568224153,173.27818382096933,6.0,6.0,1.0,mixed,
2026-01-05 02:36:00,80.16543974847272,54.14237170553348,58.85795493275452,331.1499567141569,0.0,0.0,45.11536344453202,73.46016158579887,263.1972971158559,175.62195385462064,7.0,2.0,1.0,mixed,
2026-01-05 02:37:00,77.75143407746229,51.71110394840652,60.23552727447904,332.3624361285514,0.0,0.0,47.829147125005356,75.75984481729522,270.28693501979274,165.28112072168832,8.0,4.0,1.0,mixed,
2026-01-05 02:38:00,82.99367827725817,52.82923405714898,61.852128193372614,343.6219534180138,0.0,0.0,46.527464321808054,76.53874516538504,264.3971128286263,186.37976559320418,9.0,3.0,1.0,mixed,
2026-01-05 02:39:00,84.3572632683392,54.29239193356147,63.4540831188481,346.75886300212596,0.0,0.0,46.94709078005681,81.49343834763097,261.80796822417733,195.42126355438714,10.0,4.0,1.0,mixed,
2026-01-05 02:40:00,87.7313163736131,54.04278908966623,64.34043827386996,355.9030374779346,0.0,0.0,41.62079575323079,78.46081819812352,260.26634157933654,207.87742731973626,11.0,3.0,1.0,mixed,
2026-01-05 02:41:00,86.87922613265337,52.22176753526144,65.56315339541446,351.87681128009615,0.0,0.0,40.8526654641785,77.32080403118401,267.74974035978073,196.0126191320038,12.0,5.0,1.0,mixed,
2026-01-05 02:42:00,89.23254209908126,54.78550117880097,66.7263154190683,359.96412413118634,0.0,0.0,45.76403902689755,75.40452788957208,283.2816316178138,203.07485267461803,13.0,3.0,1.0,mixed,
2026-01-05 02:43:00,89.2774648357411,54.64768223006094,68.00081477553202,360.61754394067736,0.0,0.0,44.08385150555879,73.7636585462065,272.1092671407218,193.20343025122304,14.0,4.0,1.0,mixed,
2026-01-05 02:44:00,86.64165419386524,52.18759036595385,68.68677486201916,353.3899916953489,0.0,0.0,44.56233468221878,70.61320951198883,251.49078238493257,209.47038033942914,15.0,3.0,1.0,mixed,
2026-01-05 02:45:00,89.50880465210703,54.61044363668802,69.18436104331644,362.6234826888783,0.0,0.0,40.03431431100099,70.00026758785079,259.2564745433649,195.17010400367522,16.0,9.0,1.0,mixed,
2026-01-05 02:46:00,89.04858603704079,53.42555770307172,70.18429761148676,367.2098326197686,0.0,0.0,45.21056385992002,69.38889877943234,268.6158200969649,188.83206472527738,17.0,2.0,1.0,mixed,
2026-01-05 02:47:00,92.39770376873093,57.569435771852405,70.70616120376421,374.58738207983953,0.0,0.0,48.711678367895495,69.73479012037743,255.6814400188593,181.19078385418254,18.0,5.0,1.0,mixed,
2026-01-05 02:48:00,86.19397484832568,58.25344612354941,70.91646646934315,349.4300214404525,0.0,0.0,46.63659286372963,69.12877789898965,284.6870974959223,188.80133484198882,19.0,7.0,1.0,mixed,
2026-01-05 02:49:00,80.8277641777017,61.070698435573114,71.02732379548573,333.52615576200077,0.0,0.0,45.263380125743595,71.70946928682963,277.11308586285156,188.09894945542774,20.0,3.0,1.0,mixed,
2026-01-05 02:50:00,79.49745718741426,60.63311560520894,71.01148891566427,332.67733785718826,0.0,0.0,43.2850112529322,70.59402886070248,274.4256485068167,176.80687467317298,21.0,3.0,1.0,mixed,
2026-01-05 02:51:00,75.22791524044914,62.71263202826965,71.03157932290357,313.11634126459876,0.0,0.0,46.18687661107558,72.23370638718652,289.63888870207523,172.0752363834375,22.0,3.0,1.0,mixed,
2026-01-05 02:52:00,76.10250334913418,62.76722919710968,70.64517243579257,326.9876906160438,0.0,0.0,47.60162558928749,73.5626808254086,274.26726815467936,171.29823394119813,23.0,3.0,1.0,mixed,
2026-01-05 02:53:00,73.65718518571387,66.13627375799993,70.12625855915871,304.06388197606765,0.0,0.0,45.745202644168096,72.1671307569154,282.9608238494931,166.04627763463253,24.0,2.0,1.0,mixed,
2026-01-05 02:54:00,74.72058649772413,65.6091361165605,69.49519403253056,309.37798538800473,1.0,0.0,44.89824428532331,69.13905965829876,286.38895973064626,178.92568889944445,25.0,5.0,1.0,mixed,
2026-01-05 02:55:00,75.2899417186462,65.68339334103119,69.68146675486007,310.06971665386646,0.0,0.0,48.88514769896983,71.48312236349624,243.0140662072432,196.4400618180674,26.0,2.0,1.0,mixed,
2026-01-05 02:56:00,76.5800993711715,67.98282618060632,70.12562564608149,327.9664076968747,0.0,0.0,49.46661884890202,68.7694260417395,253.02401356799177,193.87846376032164,27.0,4.0,1.0,mixed,
2026-01-05 02:57:00,74.19130832035881,68.15542828917229,70.12461455254443,312.9194421052509,0.0,0.0,50.64657982336861,72.83808012662976,251.24480186480176,184.89773505256304,28.0,5.0,1.0,mixed,
2026-01-05 02:58:00,73.46932781412733,65.77126092301569,70.30707966050795,314.92468863078165,0.0,0.0,49.23841288496267,71.87030326044055,243.43641748743107,188.65535286635938,29.0,3.0,1.0,mixed,
2026-01-05 02:59:00,73.67528376583802,70.41233919388559,70.26199231801174,312.4866188094818,0.0,0.0,51.472092023410646,76.55453849430442,228.7484291338718,174.23609532254085,30.0,4.0,1.0,mixed,
2026-01-05 03:00:00,73.47475714699574,69.52697748443981,69.46938932752475,302.0826931883089,0.0,0.0,53.41062390035709,79.47555356945301,235.72907940791595,159.88944456891207,31.0,5.0,1.0,mixed,
2026-01-05 03:01:00,76.88000015029229,70.22640225352771,69.72645879152908,310.9502099017634,0.0,0.0,52.59305944551055,80.63603589128606,231.11445619258336,156.2314542956086,32.0,6.0,1.0,mixed,
2026-01-05 03:02:00,77.22672911788442,66.8316585276395,69.97522291498801,330.4179129478327,0.0,0.0,49.35289325299604,81.62395587494257,254.10025148109963,162.54192992576398,33.0,3.0,1.0,mixed,
2026-01-05 03:03:00,80.55569627483068,65.63991822192216,70.46428075233904,331.06162597663206,0.0,0.0,47.83903493030158,80.99390142177064,238.27671699474348,169.48017366003066,34.0,3.0,1.0,mixed,
2026-01-05 03:04:00,79.27695625931892,64.3974834775612,70.05673437648893,325.5177153671083,0.0,0.0,44.10951244431747,77.30914078118144,249.83911522010408,167.69522317016188,35.0,3.0,1.0,mixed,
2026-01-05 03:05:00,78.89991621265025,68.11200135810076,70.2711729282193,329.2344664205334,0.0,0.0,49.26668201360017,72.20772028312554,231.77653878960052,164.1788707719527,36.0,4.0,1.0,mixed,
2026-01-05 03:06:00,75.37873085108559,69.94894442816306,70.39761583629743,322.3036864499492,0.0,0.0,54.91068681716214,73.25493481144643,251.3017580716029,159.47027990694565,37.0,4.0,1.0,mixed,
2026-01-05 03:07:00,78.79356651338853,68.2435686182431,71.32454011850628,330.803132293723,0.0,0.0,51.564162707830334,73.92348169312152,244.4557509148612,164.55564265861875,38.0,5.0,1.0,mixed,
2026-01-05 03:08:00,81.2126405540614,68.17498900703953,71.65751569688256,334.506323667458,0.0,0.0,52.71382673856903,73.92359809685298,279.11212485333374,171.50040950983296,39.0,4.0,1.0,mixed,
2026-01-05 03:09:00,82.2100210034093,67.33743808501526,72.11942459216252,338.01895394736937,0.0,0.0,51.711126300946134,73.5328405195677,277.5433706480183,173.67937803691694,40.0,5.0,1.0,mixed,
2026-01-05 03:10:00,78.98561337431232,64.6281692676349,71.91126082614521,328.2075476125188,0.0,0.0,46.32889435147268,74.24280021127832,254.65627175625008,166.11907816128124,41.0,3.0,1.0,mixed,
2026-01-05 03:11:00,81.54944220940058,63.82060365098276,72.14100977738407,343.03348095584334,0.0,0.0,48.89390801106583,71.42381889544623,250.3573431471758,163.43693774800732,42.0,4.0,1.0,mixed,
2026-01-05 03:12:00,81.62353891963315,63.93842178788501,72.07183846922544,344.293990943948,0.0,0.0,45.91731242909232,75.04480491933899,249.91189330628174,186.69916472637334,43.0,4.0,1.0,mixed,
2026-01-05 03:13:00,82.22292582649843,61.51496596391079,72.28235380570337,334.7143727803322,0.0,0.0,36.255766149955654,74.83921278900876,246.03025641579865,186.8389580857414,44.0,8.0,1.0,mixed,
2026-01-05 03:14:00,79.34640198303734,61.416699054480496,71.87887102925595,331.8563913768313,0.0,0.0,38.86585962690875,73.27717816039171,259.8831488455812,198.94648239154546,45.0,5.0,1.0,mixed,
2026-01-05 03:15:00,77.55220726613905,62.4490451730862,71.79883181197181,330.0124502101424,0.0,0.0,41.67916156875158,74.56851501780888,260.66498536253846,199.7224331863343,46.0,4.0,1.0,mixed,
2026-01-05 03:16:00,76.31626472443011,63.29812202911785,71.56313412094127,322.33334499944795,0.0,0.0,43.97532584979696,77.14145253633997,271.86170493869264,200.1050846560531,47.0,6.0,1.0,mixed,
2026-01-05 03:17:00,78.47402236668442,64.16837887937625,71.37989730199004,328.93213393687984,0.0,0.0,44.01977996389874,77.33292267300767,289.97080276539435,219.4786102617399,48.0,2.0,1.0,mixed,
2026-01-05 03:18:00,75.64353569294616,63.60275984759401,71.10167978928332,318.12561785936464,0.0,0.0,43.6535117560368,77.88789763046063,283.8123545556424,200.78970413054986,49.0,4.0,1.0,mixed,
2026-01-05 03:19:00,78.30940687771748,63.25328397806205,70.67723703137995,318.0777288969001,0.0,0.0,46.503986236453265,76.45341047227339,279.6854339671979,191.53795719741169,50.0,5.0,1.0,mixed,
2026-01-05 03:20:00,72.728688664549,61.11386477278202,70.51047849196034,302.71346667134065,0.0,0.0,47.55446031856059,77.11491128410844,272.008342612969,179.19777380324462,51.0,3.0,1.0,mixed,
2026-01-05 03:21:00,74.44930572706048,56.7193315455254,70.37678780149197,310.767782122237,0.0,0.0,46.16885535064404,73.8027254340762,291.88986676615,177.29301192868533,52.0,3.0,1.0,mixed,
2026-01-05 03:22:00,72.62402663238818,53.72391045159457,69.94283725460608,306.39537226098014,0.0,0.0,42.89980371598943,71.97231365550554,311.6267285857475,176.7087383280566,53.0,3.0,1.0,mixed,
2026-01-05 03:23:00,74.50796524630415,52.77101715345143,69.48437066360522,317.5514424454292,0.0,0.0,39.059060534357954,77.33680000987239,283.3342559565642,190.70233749977388,54.0,6.0,1.0,mixed,
2026-01-05 03:24:00,77.01562595439044,54.92607608429659,69.43814849714084,327.2229698100701,0.0,0.0,39.00196280562349,77.96586767331186,270.04244608813735,181.86974714041298,55.0,3.0,1.0,mixed,
2026-01-05 03:25:00,78.18857437820455,50.73660494722904,69.40695647492142,315.69319040120973,0.0,0.0,41.94570070960355,77.10642882816545,271.08134764593314,172.7088216350062,56.0,4.0,1.0,mixed,
2026-01-05 03:26:00,81.37758920770813,53.00508129377252,70.2066940273502,346.09660797457775,0.0,0.0,44.93117040993668,71.06038038131803,263.3314491089706,183.81673226258042,57.0,6.0,1.0,mixed,
2026-01-05 03:27:00,79.16613171845648,50.03700026824837,70.81325785470764,335.14023369064523,0.0,0.0,44.16241937146168,69.10021949863246,271.3070373751166,174.09742176148984,58.0,4.0,1.0,mixed,
2026-01-05 03:28:00,82.63582615628269,50.80340119174946,71.55761947013795,343.5883002151653,0.0,0.0,39.73257473352449,68.67342668258738,265.2331176376614,184.89899953530906,59.0,2.0,1.0,mixed,
2026-01-05 03:29:00,80.8601178920954,50.0103582815949,71.18502023635845,339.93711387896906,0.0,0.0,41.75962168124626,70.61643604749142,281.29056088037873,186.12491314866813,60.0,3.0,1.0,mixed,
2026-01-05 03:30:00,80.47077782060502,53.149097434765665,71.02805213244785,327.03726289539685,0.0,0.0,45.31719400900077,69.3693516869728,325.9444753306757,166.35124791560116,61.0,3.0,1.0,mixed,
2026-01-05 03:31:00,80.02271025842622,55.9221993105752,71.0384165792041,331.0755425508297,0.0,0.0,45.19041203846224,71.55314280387097,333.41197431960535,176.72442562605147,62.0,4.0,1.0,mixed,
2026-01-05 03:32:00,77.4847603007843,56.244979126301374,71.25601773469072,323.89404707679387,0.0,0.0,45.63689567296884,70.13526263196438,307.23688917115487,182.40950728035875,63.0,4.0,1.0,mixed,
2026-01-05 03:33:00,78.11038686852201,58.52243533498786,70.90258094252675,337.2464875930749,0.0,0.0,44.464504272752606,68.96628658400077,314.108869313987,180.77844321647794,64.0,5.0,1.0,mixed,
2026-01-05 03:34:00,4.092064771611323,10.237885794503269,66.83842458263224,68.44271831620448,0.0,0.0,1.5625807164919294,27.588649831475493,49.63072797107081,1.786207324565664,0.0,1.0,0.0,idle,
2026-01-05 03:35:00,0.0,7.4970018967414696,63.478609922723116,61.89060823538396,0.0,0.0,0.1094460854950885,28.081639560364064,54.72387824772969,0.0,0.0,2.0,0.0,idle,
2026-01-05 03:36:00,1.314053090410497,7.067038456113831,60.54250911619858,53.37178768677656,0.0,0.0,1.9727734129440284,26.38068768909238,46.88553472405076,0.0,0.0,0.0,0.0,idle,
2026-01-05 03:37:00,1.6172391538343467,6.728885178900942,57.97452706677366,66.7539824774751,0.0,0.0,0.0,28.33096453393104,35.757616729281224,0.0,0.0,0.0,0.0,idle,
2026-01-05 03:38:00,5.631363562727236,10.3963101291064,56.01830237778347,76.76507393188751,0.0,0.0,0.0,27.896164736500292,51.76644481953383,0.0,0.0,4.0,0.0,idle,
2026-01-05 03:39:00,1.515326889600089,12.87599398329453,54.00474313634667,62.875746091704656,0.0,0.0,0.0,27.861523511849082,38.81037197329171,2.6109633985653655,0.0,2.0,0.0,idle,
2026-01-05 03:40:00,1.754914575418253,12.544371200519194,52.19826143089777,72.53187749500289,0.0,0.0,0.0,28.31375582012456,64.96293305022556,0.0,0.0,1.0,0.0,idle,
2026-01-05 03:41:00,23.018387069270023,37.81926664232653,51.666421157625045,143.91073432134453,0.0,0.0,21.279376369572237,52.60196909690092,754.2226505104401,41.36738553817167,0.0,4.0,2.0,network_bound,
2026-01-05 03:42:00,24.932132547402457,39.10205202296214,51.311056117168455,149.36230815240404,0.0,0.0,19.70743695067443,54.58607816174476,759.737746919701,37.401708278002616,1.0,7.0,2.0,network_bound,
2026-01-05 03:43:00,27.204861082150266,39.10841233083423,50.99370971703492,150.13340420017622,0.0,0.0,15.023327943959838,52.535160810951176,768.7690626577206,56.2371182098842,2.0,3.0,2.0,network_bound,
2026-01-05 03:44:00,28.50865626248489,39.182945884170685,51.4323469168478,159.96637657728652,0.0,0.0,17.31584786750254,51.07145128731448,727.9988691876019,48.038274729000605,3.0,6.0,2.0,network_bound,
2026-01-05 03:45:00,22.87395167686384,37.89774626416452,50.81279295334527,133.25641358322048,0.0,0.0,22.069184930404248,49.47493273425265,720.8586935149451,37.0375595673844,4.0,4.0,2.0,network_bound,
2026-01-05 03:46:00,23.109748023464544,37.952132294007804,50.48346315160669,136.07260752359974,0.0,0.0,21.48199652290122,48.998834894914836,719.4464352305064,34.50835087772927,5.0,3.0,2.0,network_bound,
2026-01-05 03:47:00,21.070934079597333,34.035652134857024,50.33909928597735,128.17893183082668,0.0,0.0,24.1677472748945,55.538456783848126,736.7629476853866,41.22415294944566,6.0,3.0,2.0,network_bound,
2026-01-05 03:48:00,23.24257995066976,35.223608494498656,49.97682874821072,139.18703540770713,0.0,0.0,19.595805270943156,54.14259516792888,731.16283565553,42.71031440736461,7.0,5.0,2.0,network_bound,
2026-01-05 03:49:00,19.819266757357617,33.53532068153828,49.29713668572698,118.37598530168675,0.0,0.0,19.04533858083829,52.6279822267131,708.6099126086173,32.31558517272689,8.0,3.0,2.0,network_bound,
2026-01-05 03:50:00,19.851481579737957,34.461779421921165,48.69807575395098,128.5213514052233,0.0,0.0,21.944364163859632,53.12048138496617,719.4790030839924,27.59621487007498,9.0,3.0,2.0,network_bound,
2026-01-05 03:51:00,15.098822125152978,34.23581314307631,48.113100309510386,102.97498860916012,0.0,0.0,22.76118456038788,51.254099875060845,709.3052197529291,35.42007992336997,10.0,2.0,2.0,network_bound,
2026-01-05 03:52:00,13.104534960279944,36.64442434175242,47.67592038590326,98.93830004500121,0.0,0.0,24.457965348323427,54.93122208082795,700.954177195955,34.96896294394469,11.0,5.0,2.0,network_bound,
2026-01-05 03:53:00,17.792709510035237,36.328063545902225,47.34352751148097,121.44124833821766,0.0,0.0,24.28972402837455,58.90010536719097,695.2227489691144,43.25989813852739,12.0,2.0,2.0,network_bound,
2026-01-05 03:54:00,18.241415093036753,36.84002346201282,46.95278434669871,128.8941200631555,0.0,0.0,27.745405774248976,59.95093959333519,688.228051235684,23.274818014683312,13.0,6.0,2.0,network_bound,
2026-01-05 03:55:00,14.490231357463783,38.54939817212496,46.32230548426952,110.77724171424309,0.0,0.0,26.548902309075253,63.842694475017844,687.8524345018584,12.230962763418763,14.0,4.0,2.0,network_bound,
2026-01-05 03:56:00,13.329126585669762,40.923095265229804,45.95302434130093,107.17960624123029,0.0,0.0,27.302196821863816,61.088086637988674,704.9094933393854,32.312645699597496,15.0,3.0,2.0,network_bound,
2026-01-05 03:57:00,13.907975344616416,41.12988479905048,45.9625795598957,115.99872497574432,0.0,0.0,28.603625398492117,61.59103909696878,706.3357526452962,33.96990002787763,16.0,5.0,2.0,network_bound,
2026-01-05 03:58:00,13.785041606620887,40.756972793004124,45.771978171187634,97.55927493607265,0.0,0.0,29.855923904979036,62.91896166651612,694.6669258236161,47.10272088330414,17.0,4.0,2.0,network_bound,
2026-01-05 03:59:00,12.917367987976537,39.6012197057942,45.18807370284526,98.88212041745251,0.0,0.0,30.059063829231263,58.83902577368354,695.7046419112594,46.952218630089305,18.0,2.0,2.0,network_bound,
2026-01-05 04:00:00,16.809762268689763,41.05262203600194,45.38341995271476,109.09254270392518,0.0,0.0,34.286708724530136,59.914812647228516,708.7528655248727,46.23186692592571,19.0,3.0,2.0,network_bound,
2026-01-05 04:01:00,13.509198492121783,40.313629027970414,44.87323798736225,106.17667999794509,0.0,0.0,34.725539467164594,57.9139134326685,734.5897470266364,43.68839074621666,20.0,4.0,2.0,network_bound,
2026-01-05 04:02:00,16.30128758175723,35.74225329085972,45.156294896766866,120.31088195977277,0.0,0.0,30.72463319685181,57.01034647820785,733.0177666197992,46.54562333247561,21.0,4.0,2.0,network_bound,
2026-01-05 04:03:00,18.797026681921935,38.01530263285067,45.048503115927325,129.6507632971834,0.0,0.0,27.97545192284153,56.19951879096907,717.8639304201168,58.63109830943928,22.0,5.0,2.0,network_bound,
2026-01-05 04:04:00,18.532896024291638,39.82502992202798,44.67676109945179,124.14774853768907,0.0,0.0,24.753291963474993,55.599988404973594,721.2778594020581,59.64204109884376,23.0,5.0,2.0,network_bound,
2026-01-05 04:05:00,16.97967941396469,39.553194561361636,44.24636308692935,119.12409259411878,0.0,0.0,25.833913494671005,58.01391735120862,711.8597392020722,66.7554732102443,24.0,3.0,2.0,network_bound,
2026-01-05 04:06:00,13.55051556424021,37.082398787085616,43.84997443272298,100.55234611406983,0.0,0.0,29.177857341471253,55.46939218578496,722.8910781997357,51.027187684233056,25.0,4.0,2.0,network_bound,
2026-01-05 04:07:00,11.510172499383039,39.86146831216179,43.250966500109776,100.445053656945,0.0,0.0,30.0586850535357,53.42298079847345,721.0402342690862,50.224280298813255,26.0,3.0,2.0,network_bound,
2026-01-05 04:08:00,15.913174748287165,37.32819542436767,43.213812953938515,119.75304546924373,0.0,0.0,26.75709332132116,51.27722729272583,714.86305257124,29.575373249946153,27.0,4.0,2.0,network_bound,
2026-01-05 04:09:00,9.144657767639583,34.84523500211238,43.06576840973731,93.91735160335891,0.0,0.0,25.057740709965167,53.56222045899635,723.9753913993907,29.221116771842826,28.0,5.0,2.0,network_bound,
2026-01-05 04:10:00,10.732318369689187,37.462569937695946,43.266253883889284,94.58094090396251,0.0,0.0,23.350782787057934,51.0308215249204,718.1161645893396,39.47970054625229,29.0,3.0,2.0,network_bound,
2026-01-05 04:11:00,10.60020066137343,39.36046981617726,42.672851242042654,86.61194783023899,0.0,0.0,21.860524771278204,49.010671877529454,710.8947934441245,52.00458269724662,30.0,4.0,2.0,network_bound,
2026-01-05 04:12:00,9.253880532273705,43.34447938764023,42.1130610763229,96.28538844770974,0.0,0.0,21.4866106506128,49.0311192465716,692.6148641658718,52.53578749301336,31.0,6.0,2.0,network_bound,
2026-01-05 04:13:00,14.864786290797358,45.10423848102412,42.262490508166145,110.36531950267556,0.0,0.0,22.56349221633657,53.28498581134721,673.5759424670307,42.22409802649551,32.0,5.0,2.0,network_bound,
2026-01-05 04:14:00,13.801044717605414,44.590596570949074,42.45876655173856,109.74742808564517,0.0,0.0,20.1647775517649,53.97375645054372,686.2641640376996,25.04590972512766,33.0,6.0,2.0,network_bound,
2026-01-05 04:15:00,16.121373821012988,42.026720108052665,42.292907657447365,108.03072962320235,0.0,0.0,23.60158229984534,54.88032025853759,690.2709132729722,35.73876685762112,34.0,5.0,2.0,network_bound,
2026-01-05 04:16:00,16.826255568987566,39.14969670708164,43.03162754411055,115.36243987864478,0.0,0.0,24.899240526322252,54.100445157615574,697.0594537764322,35.83087390188072,35.0,4.0,2.0,network_bound,
2026-01-05 04:17:00,17.090388329605613,40.187642449078666,43.59593546245738,122.04104574863929,0.0,0.0,23.968719465644927,52.29464477140918,686.5194118146397,58.96770966844656,36.0,4.0,2.0,network_bound,
2026-01-05 04:18:00,19.72839687229346,42.37697891654772,43.491088475748164,122.15035067704538,0.0,0.0,23.67340965518075,55.31157252933986,682.7132810972962,38.6619406982914,37.0,4.0,2.0,network_bound,
2026-01-05 04:19:00,23.202233950789626,42.44293097600649,44.184332882721826,147.25014570717616,0.0,0.0,19.925075869049017,55.76753642607071,691.1949582930149,30.81463525846758,38.0,3.0,2.0,network_bound,
2026-01-05 04:20:00,23.490625358181088,39.82352041331373,44.411538022407896,142.4010389221984,0.0,0.0,18.32714327546136,58.71146202319222,695.4715037719078,14.214197219441289,39.0,3.0,2.0,network_bound,
2026-01-05 04:21:00,27.152872429373456,43.107350458095354,44.94216602244984,149.93530501750044,0.0,0.0,17.954028967986858,58.766458127902894,689.9180723277958,20.473520458432443,40.0,2.0,2.0,network_bound,
2026-01-05 04:22:00,27.872217501779208,40.216618621620874,45.55213207504508,165.88648052655242,0.0,0.0,18.51288639820379,59.341443773558,703.8428755236123,19.247644349499378,41.0,4.0,2.0,network_bound,
2026-01-05 04:23:00,30.81577477315916,39.98542253609927,46.67746862949947,162.02454704339473,0.0,0.0,23.52091669425061,56.87855054894657,715.2167334489277,32.57981718693605,42.0,4.0,2.0,network_bound,
2026-01-05 04:24:00,27.53461611273575,40.469888928924235,47.30759866109523,152.23364365333208,0.0,0.0,20.241732416976134,55.78053536957084,708.3855559852664,19.147648576841355,43.0,3.0,2.0,network_bound,
2026-01-05 04:25:00,30.429363394826083,36.829168570157826,47.81660998491833,165.51553838941265,0.0,0.0,26.648754767887446,54.88570362013254,726.9744158309528,43.18014161789103,44.0,5.0,2.0,network_bound,
2026-01-05 04:26:00,31.426923652143188,35.83993042081664,47.85284765088071,166.85847822135148,0.0,0.0,26.532756053094253,56.86136524882844,710.1272746744023,37.93044726680719,45.0,4.0,2.0,network_bound,
2026-01-05 04:27:00,31.59033875200836,34.185150326474826,48.25247015095581,177.48730650530956,0.0,0.0,27.280444458633422,57.429283379683646,705.724874521211,38.836072529458114,46.0,3.0,2.0,network_bound,
2026-01-05 04:28:00,28.56294416226079,32.36166467051768,48.57777798415791,145.7722805137068,0.0,0.0,30.16662989491705,59.42131467718264,724.9542918428294,48.199037271336046,47.0,4.0,2.0,network_bound,
2026-01-05 04:29:00,30.512259247301944,31.452320933077416,48.79486224993125,160.05851543335336,0.0,0.0,28.19453415373873,59.97939454527143,742.9038438523061,45.044054434403975,48.0,2.0,2.0,network_bound,
2026-01-05 04:30:00,32.13667515828776,31.40864171449455,48.865237779517265,166.87179452569248,0.0,0.0,31.598383490957023,60.03272027560058,733.0629276928128,41.896082982877765,49.0,5.0,2.0,network_bound,
2026-01-05 04:31:00,30.221096228164043,31.696657217070513,48.774608388126424,156.41028468424238,0.0,0.0,25.299665218803135,61.40064077107612,720.5665958314988,46.32328120011635,50.0,2.0,2.0,network_bound,
2026-01-05 04:32:00,27.991963509153333,32.613262731987646,48.84079448504948,153.510762082919,0.0,0.0,23.43687198874114,58.813140481031105,678.6499949273538,28.712661826667258,51.0,2.0,2.0,network_bound,
2026-01-05 04:33:00,24.432092026405325,32.287793554899025,48.33293149860515,142.55973891608753,0.0,0.0,22.63510034989408,59.69385578680311,700.8469278268062,10.776646488776791,52.0,5.0,2.0,network_bound,
2026-01-05 04:34:00,27.062321534003676,33.674675263609046,48.273820201536076,148.6209581178549,0.0,0.0,26.06174874731947,60.853423537264455,692.1004185211649,18.41204022605105,53.0,4.0,2.0,network_bound,
2026-01-05 04:35:00,29.915271812212268,36.718658125651736,48.469643067732946,170.78595713550507,0.0,0.0,26.40024128816732,60.476934125787125,704.8696122700603,18.320467885443655,54.0,5.0,2.0,network_bound,
2026-01-05 04:36:00,30.84667220282561,38.42560399925317,48.81584074405592,155.15840601755698,0.0,0.0,27.688824825689682,59.45127740597029,678.1188918707586,30.193491473419357,55.0,4.0,2.0,network_bound,
2026-01-05 04:37:00,30.397899233030312,37.13705529274598,48.667206738977974,163.71566013800688,0.0,0.0,29.028901998754403,60.42526804028923,691.4000334915045,50.35180543635713,56.0,3.0,2.0,network_bound,
2026-01-05 04:38:00,31.481593063693243,36.333097597562855,48.80792015948959,159.97829194780505,0.0,0.0,26.584938129236626,61.201884530298855,710.1963593528611,42.776751659452785,57.0,4.0,2.0,network_bound,
2026-01-05 04:39:00,35.08131044504533,39.14410005810468,49.526914501566544,175.97658452828372,0.0,0.0,26.84272248616816,61.87069003600109,691.575068537937,53.39513116151949,58.0,3.0,2.0,network_bound,
2026-01-05 04:40:00,33.30861715400676,36.65772096663649,50.08668998732351,180.49546147591562,0.0,0.0,27.319259121618433,60.40236307982968,688.7414044634767,29.544704455348587,59.0,3.0,2.0,network_bound,
2026-01-05 04:41:00,34.114890199976315,36.62331107706758,50.00526830393895,174.19862800423883,0.0,0.0,31.78902669851033,60.707492603210426,707.9576810247061,12.562923808875382,60.0,3.0,2.0,network_bound,
2026-01-05 04:42:00,27.9965791862178,33.24227958689906,49.95514417270627,149.40992885487904,0.0,0.0,31.555094004823147,58.43888483526097,734.0464541616893,16.338153004699286,61.0,2.0,2.0,network_bound,
2026-01-05 04:43:00,28.528065556689377,34.67068904502719,50.35763007817773,160.78001925505185,0.0,0.0,32.50794402177924,55.413758158123315,738.8294503612121,24.873652921925007,62.0,5.0,2.0,network_bound,
2026-01-05 04:44:00,29.187357155873777,34.49892102368416,50.04612962015287,161.15793020453214,0.0,0.0,35.99421243024228,54.995952550556225,749.8768958381172,23.705137314202865,63.0,4.0,2.0,network_bound,
2026-01-05 04:45:00,28.61084916040844,41.744487523640785,49.93469375822377,158.55958589951007,0.0,0.0,26.52936339122777,56.769294320125304,764.0651878364376,20.114969249952832,64.0,2.0,2.0,network_bound,
2026-01-05 04:46:00,30.460930606390768,44.7302705925132,50.213650414870415,157.4642924738096,0.0,0.0,29.08714093441134,53.8622322507757,733.4775456506396,20.678678232482554,65.0,5.0,2.0,network_bound,
2026-01-05 04:47:00,30.675080321372384,44.837903429545435,50.427967339381254,157.84259258708104,0.0,0.0,22.674063867937683,53.35819350348638,713.1738867079789,31.71106466505848,66.0,6.0,2.0,network_bound,
2026-01-05 04:48:00,29.29164565554764,46.92695826017717,50.32630925179833,158.56920001382557,0.0,0.0,20.795293236315974,50.658672107059424,718.871949573805,32.93881657327502,67.0,5.0,2.0,network_bound,
2026-01-05 04:49:00,24.260633744573422,45.27802184061631,50.300732469021426,139.9429420610373,0.0,0.0,25.885455087231446,50.77333578081774,688.0839949092472,35.50334033033005,68.0,6.0,2.0,network_bound,
2026-01-05 04:50:00,23.866436012481532,42.49395951020808,50.07635099531924,134.0924042138229,0.0,0.0,28.349362085898495,53.524771931209536,684.9748466403676,38.121118545796364,69.0,4.0,2.0,network_bound,
2026-01-05 04:51:00,24.6626882311012,41.27461049009653,50.11346502806988,142.38827270644285,0.0,0.0,32.95510234481311,53.11945207333839,686.304037877728,33.42269734957347,70.0,6.0,2.0,network_bound,
2026-01-05 04:52:00,24.531719753841173,38.23630346467315,49.66960796643762,144.63337117005602,0.0,0.0,29.149287822086634,56.78930546953238,680.7983266297592,32.24140334296597,71.0,4.0,2.0,network_bound,
2026-01-05 04:53:00,23.763290967884522,41.387154158228206,49.792877330959,140.63268655058297,0.0,0.0,30.41906540213531,56.24464927182887,702.8970197841891,33.35555261568818,72.0,5.0,2.0,network_bound,
2026-01-05 04:54:00,21.454002176182485,37.979270446190895,49.02713554190042,133.0638155550139,0.0,0.0,26.08594238573517,55.56584003012288,693.8757107650594,22.454991716552758,73.0,5.0,2.0,network_bound,
2026-01-05 04:55:00,19.193390371644988,36.40623760417062,48.74165072442732,120.83798232772008,0.0,0.0,29.33697044903006,56.677205843998514,699.4779907721838,30.55897652318405,74.0,5.0,2.0,network_bound,
2026-01-05 04:56:00,19.87206685549249,36.360357032437484,47.95971902083022,131.38352725328218,0.0,0.0,30.688463975455846,57.7831932713382,708.4109124508283,29.931519623420265,75.0,3.0,2.0,network_bound,
2026-01-05 04:57:00,22.245872024374425,40.34163261474028,47.67222383153375,132.35067741013435,0.0,0.0,31.01758739494127,56.564902885408046,716.4214175216447,28.9809984656528,76.0,5.0,2.0,network_bound,
2026-01-05 04:58:00,21.598041673668526,35.416562248913145,47.06449840694595,125.06188286143053,0.0,0.0,28.66815124388756,53.88958956771143,725.2932851380036,15.73466254847364,77.0,2.0,2.0,network_bound,
2026-01-05 04:59:00,24.48063026822586,39.17465713297055,47.15494292544015,144.64505736085485,0.0,0.0,28.834655315913245,55.42042539398328,745.3849777102756,18.61625149751849,78.0,3.0,2.0,network_bound,
2026-01-05 05:00:00,24.558323807837358,37.84240029713009,47.30776860952686,137.22522613962627,0.0,0.0,26.648515546052412,57.36048556803629,700.3037908564677,21.372532565200828,79.0,6.0,2.0,network_bound,
2026-01-05 05:01:00,24.85238949467494,34.81785287533011,47.75893533336694,155.05309746713314,0.0,0.0,29.65554800758513,58.97723561319788,690.2713496042848,10.327605467004986,80.0,3.0,2.0,network_bound,
2026-01-05 05:02:00,25.229717524677664,35.85528184891764,47.84317275152544,141.25362931135058,0.0,0.0,22.0862508938723,58.82948093577117,656.573591602462,9.358946280197596,81.0,2.0,2.0,network_bound,
2026-01-05 05:03:00,23.844576553137287,34.40974337681454,48.34108962496634,134.88090671037725,0.0,0.0,22.735929545293327,56.7282608023277,661.6201549561731,44.69264027904826,82.0,7.0,2.0,network_bound,
2026-01-05 05:04:00,24.262928472837736,33.761779051363845,48.18655019547567,140.24276628507585,0.0,0.0,21.361638088288565,57.645607401115875,657.6656703600715,51.48091065809836,83.0,5.0,2.0,network_bound,
2026-01-05 05:05:00,20.302424799085962,31.086693328435018,47.63067120174933,123.43073716427313,0.0,0.0,31.16215663564825,58.6791129501768,669.1493002442115,62.598602725605254,84.0,4.0,2.0,network_bound,
2026-01-05 05:06:00,23.76590096363921,29.07947718854244,47.46817919387072,144.876707600159,0.0,0.0,30.16024462508202,57.171128090531404,673.2044250725181,66.60849161208816,85.0,4.0,2.0,network_bound,
2026-01-05 05:07:00,22.97249526223215,34.15898884680703,47.148677480365166,129.77997465661326,0.0,0.0,35.2453471874954,55.05229228974926,658.1217294646582,70.84210560767465,86.0,3.0,2.0,network_bound,
2026-01-05 05:08:00,22.933809123037143,37.38345152868784,46.63262106682342,140.56097666820676,0.0,0.0,28.52780221258303,55.55440045864395,657.2528902117549,59.54632918895447,87.0,5.0,2.0,network_bound,
2026-01-05 05:09:00,23.417603536766123,32.36196565886011,46.71381814371125,135.13560794829561,0.0,0.0,32.707041788007814,50.440011246950185,648.1827857466576,56.98945347962987,88.0,4.0,2.0,network_bound,
2026-01-05 05:10:00,26.283950263741424,35.42871455672721,46.74222695597878,141.55071484204777,0.0,0.0,33.71630136475687,50.933497588200865,665.682279491565,62.63463391450506,89.0,2.0,2.0,network_bound,
2026-01-05 05:11:00,26.04798905165801,36.12073265996334,47.148598030173936,152.69902431740064,0.0,0.0,37.0123563482578,52.76911628901669,667.9561410663285,59.464729743091475,90.0,4.0,2.0,network_bound,
2026-01-05 05:12:00,26.142766340110942,32.37519894558946,47.357062407031044,153.13636390839898,0.0,0.0,36.349674534635426,51.702385322513734,660.4495159013218,58.70448890873331,91.0,6.0,2.0,network_bound,
2026-01-05 05:13:00,26.6381047549817,33.783289143226504,47.37849548408134,138.1463464070749,0.0,0.0,39.79962505565925,51.92630554630027,656.4857272071273,55.77914555612668,92.0,3.0,2.0,network_bound,
2026-01-05 05:14:00,24.76012444640994,35.03743033704228,47.988519209948365,145.00302925283825,0.0,0.0,38.95946791757752,53.183484106171946,645.3922375123827,49.902648880007824,93.0,6.0,2.0,network_bound,
2026-01-05 05:15:00,26.953464040321567,36.92583900049981,48.31299942892515,154.08199647714707,0.0,0.0,30.72788086174863,51.332562055713446,614.6893681584227,71.1179310716982,94.0,3.0,2.0,network_bound,
2026-01-05 05:16:00,22.927955268932514,33.66910783073266,48.03650832839777,138.20874623343698,0.0,0.0,32.7706059359759,52.4998904534368,620.9550706675662,80.58817531164044,95.0,5.0,2.0,network_bound,
2026-01-05 05:17:00,28.2207413607457,34.595354791110516,48.60386226075091,160.6524447225231,0.0,0.0,33.01981768245012,47.543618093841374,607.8211752163668,94.64139186262136,96.0,3.0,2.0,network_bound,
2026-01-05 05:18:00,29.046171337302482,34.40776249299361,48.961773500672315,165.96849967545126,0.0,0.0,35.22544336861861,47.9692971937653,621.969353991159,95.75555722682353,97.0,2.0,2.0,network_bound,
2026-01-05 05:19:00,28.724068574815668,35.018370050121334,48.629635727368324,153.5190315847443,0.0,0.0,33.56259803641631,49.770112730717386,643.8691103303721,80.52416216565527,98.0,4.0,2.0,network_bound,
2026-01-05 05:20:00,28.253553919685075,32.01993667725024,48.67368720410986,151.98636320450453,0.0,0.0,29.824132725060412,49.48168001539747,658.456086480453,75.34858753772838,99.0,4.0,2.0,network_bound,
2026-01-05 05:21:00,31.42133675652981,33.644248021114734,48.770115461370175,174.57076484144648,0.0,0.0,29.832081365156295,50.51155701953262,698.808512320033,68.81053102015741,100.0,3.0,2.0,network_bound,
2026-01-05 05:22:00,26.308851266139197,33.50549011358338,48.80908772909316,151.01124385586186,0.0,0.0,27.276770531119563,50.97228728117244,684.5804621682662,68.8193474820705,101.0,4.0,2.0,network_bound,
2026-01-05 05:23:00,23.16424016400804,30.545182863517553,48.52945739115489,135.9358701520695,0.0,0.0,27.91401311178241,55.23327366394399,662.7616802022671,53.94128083576069,102.0,6.0,2.0,network_bound,
2026-01-05 05:24:00,24.186298957417108,31.786360598249516,48.117314757376924,131.63481134845753,0.0,0.0,31.952541817029427,55.898968251152766,649.5807411005138,58.33536287686555,103.0,4.0,2.0,network_bound,
2026-01-05 05:25:00,21.572823689272468,32.623042272663305,47.82206362546444,138.833142467195,0.0,0.0,30.119830650983662,58.10939165962362,663.3481461532192,59.054070449908664,104.0,3.0,2.0,network_bound,
2026-01-05 05:26:00,23.146695607195763,33.745597101810624,47.672139545307274,142.52090572506432,0.0,0.0,29.479875873543154,58.951024090477674,644.2560811330992,49.051799745359844,105.0,3.0,2.0,network_bound,
2026-01-05 05:27:00,25.797037811663753,34.96660646908399,47.736870887412614,155.68193086905725,0.0,0.0,26.432205360511148,56.408131961059915,663.75941166312,39.06311950182761,106.0,5.0,2.0,network_bound,
2026-01-05 05:28:00,26.78371693285341,37.00585986146297,47.656203141105244,139.57878869061992,0.0,0.0,30.857204157347272,55.88016591796633,639.11840830145,36.25437751729211,107.0,2.0,2.0,network_bound,
2026-01-05 05:29:00,26.76803578317277,34.22654460469496,47.97603681553101,148.98956869574775,0.0,0.0,35.00064628999238,55.0433482345279,640.5450485333323,40.05265970284264,108.0,6.0,2.0,network_bound,
2026-01-05 05:30:00,29.688316644054225,36.24850287927971,48.26137525624101,154.64915536631483,0.0,0.0,31.00292490509277,52.21330437783809,640.5408006267289,38.57672688621899,109.0,4.0,2.0,network_bound,
2026-01-05 05:31:00,30.323733739907663,33.466912313239305,48.50679143067135,166.13603817385945,0.0,0.0,30.965907085789475,51.38359122764071,661.7801908482029,42.31363663482847,110.0,4.0,2.0,network_bound,
2026-01-05 05:32:00,30.180075349091105,32.39511302069805,48.96269718418003,169.8460411704559,0.0,0.0,27.12912879994473,53.87984201265113,669.3685078381465,39.759164443224535,111.0,5.0,2.0,network_bound,
2026-01-05 05:33:00,28.597315628288253,34.02740679702073,49.42998795823266,153.5850179724405,0.0,0.0,29.142476283209863,52.66095667270071,693.0189706295668,37.37164352417737,112.0,2.0,2.0,network_bound,
2026-01-05 05:34:00,32.99028741057775,34.79573395027964,49.39441796465,172.25396009823373,0.0,0.0,27.430543485271997,53.18143218086686,714.2038130950351,33.27955463396598,113.0,3.0,2.0,network_bound,
2026-01-05 05:35:00,32.881858330791545,33.343413796557115,49.89294136135187,174.29838220784956,0.0,0.0,30.447995469894664,52.367320957366076,727.3593709634042,18.854737673931318,114.0,6.0,2.0,network_bound,
2026-01-05 05:36:00,35.197964803634136,31.253119006359267,49.8995728198579,181.82470182318045,0.0,0.0,30.60922541223681,53.779513681941246,719.9649656490046,20.365891457267733,115.0,7.0,2.0,network_bound,
2026-01-05 05:37:00,32.82930776768856,31.056274270544584,50.02520931485404,168.21799716368392,0.0,0.0,32.57803621958736,54.50890475403486,699.5826829941949,18.604150030432102,116.0,2.0,2.0,network_bound,
2026-01-05 05:38:00,31.324177500395194,32.38267867262405,50.342343221148404,163.4390660258744,0.0,0.0,38.766575750798566,55.188388725099195,727.966631756015,7.245647966268152,117.0,4.0,2.0,network_bound,
2026-01-05 05:39:00,30.370061055843127,30.380049633450106,50.07141399977013,161.4047048528459,0.0,0.0,38.42697484734588,52.22023132798569,721.7984247341908,19.386269499781122,118.0,4.0,2.0,network_bound,
2026-01-05 05:40:00,30.541964170477854,31.65217952604322,50.57652902062984,163.34565662094488,0.0,0.0,37.15540416905428,50.208297773247416,708.7299589036187,12.121391565248196,119.0,4.0,2.0,network_bound,
2026-01-05 05:41:00,31.795271282405587,35.897578201057634,50.61747215857151,164.9533576100394,0.0,0.0,36.4117881577121,49.96533331226895,708.320542646951,35.97530416659296,120.0,3.0,2.0,network_bound,
2026-01-05 05:42:00,32.499721716854225,38.47522111027515,51.29484619354558,173.3438214019126,0.0,0.0,35.51770876604188,53.61728633197884,713.0941994341861,37.79463705859228,121.0,5.0,2.0,network_bound,
2026-01-05 05:43:00,28.319583925074745,39.89392315963644,50.98465614644202,148.97871598849235,0.0,0.0,33.28053871293145,49.736398600747975,713.9518094820538,43.13761612718977,122.0,4.0,2.0,network_bound,
2026-01-05 05:44:00,24.42461256227486,42.49709312936315,50.463082474615554,138.74488390046815,0.0,0.0,32.092355599160264,52.70519825452475,716.0601528197458,55.26314572294209,123.0,5.0,2.0,network_bound,
2026-01-05 05:45:00,23.100476541512315,43.280775946795615,49.66504452282533,144.33073442214382,0.0,0.0,33.77076044269755,52.17523118101685,717.5543117056484,50.18268213867918,124.0,3.0,2.0,network_bound,
2026-01-05 05:46:00,22.050675382446755,43.81596519857007,49.53400099668125,136.524534300514,0.0,0.0,28.12222977995074,54.629870368138725,722.1499183825038,39.28794177863797,125.0,5.0,2.0,network_bound,
2026-01-05 05:47:00,18.970033297811558,44.24812157315132,49.42269954662423,133.5233538171534,0.0,0.0,29.05758661910325,54.346375604079746,716.6186860963373,41.475852668985574,126.0,4.0,2.0,network_bound,
2026-01-05 05:48:00,20.67201396097417,43.078604098465526,49.087877950852324,130.8051035793131,0.0,0.0,23.8584376395573,54.69062197135025,698.5859995298034,25.077868859663766,127.0,4.0,2.0,network_bound,
2026-01-05 05:49:00,24.198617908141994,42.30282658640519,49.33894602494567,150.63455402426948,0.0,0.0,32.84316648123004,54.35350557151064,675.8439551588134,23.976660816481044,128.0,4.0,2.0,network_bound,
2026-01-05 05:50:00,27.397915315155597,42.27443273175258,49.34694462177121,153.19829782357658,0.0,0.0,30.682173934800623,54.55221963580947,684.4951110391181,22.80079339028135,129.0,5.0,2.0,network_bound,
2026-01-05 05:51:00,24.456591275878683,42.878345676989774,49.11961897828407,142.43238345594108,0.0,0.0,33.93583640223916,53.614740043915575,687.9215404779493,22.164879082389298,130.0,4.0,2.0,network_bound,
2026-01-05 05:52:00,22.24461124816787,44.271206710635894,48.99616535621169,137.0705200024737,0.0,0.0,32.98764006610441,53.958746467819495,701.0312186826263,27.699959180722406,131.0,3.0,2.0,network_bound,
2026-01-05 05:53:00,24.930544131992846,45.92974143741058,48.777795573610675,141.55260804304515,0.0,0.0,35.346858699513994,55.114328206599566,700.0962664501993,29.225087606864914,132.0,4.0,2.0,network_bound,
2026-01-05 05:54:00,22.79900010051233,47.11330878524454,48.491641055142054,144.7800186868323,0.0,0.0,34.0923565351005,56.57096740520558,674.6087646467734,14.061595531959455,133.0,2.0,2.0,network_bound,
2026-01-05 05:55:00,23.81634938014816,43.57752188497588,48.248763243756876,141.2510505502666,0.0,0.0,35.963657767702436,55.24653893031871,672.5541238386717,28.30144926620182,134.0,7.0,2.0,network_bound,
2026-01-05 05:56:00,23.42555919418393,39.66153314115171,47.95465325975802,141.637359202772,0.0,0.0,30.577819724817722,52.64323856943644,676.3765381349817,22.636982018150903,135.0,4.0,2.0,network_bound,
2026-01-05 05:57:00,27.092793895130107,37.30147462334135,48.07578789179268,147.102564917096,0.0,0.0,28.436511405356274,54.76536276296471,672.2360207353124,29.744385629021586,136.0,4.0,2.0,network_bound,
2026-01-05 05:58:00,32.13172254189844,37.366732385822885,48.364678616254224,170.82289027340894,0.0,0.0,32.225683994849994,53.99261356933602,678.333066452639,44.781566663142364,137.0,5.0,2.0,network_bound,
2026-01-05 05:59:00,30.766068909573022,34.02965697190321,48.69567274095065,169.00317748376514,0.0,0.0,33.3679017300147,52.7087983502235,687.0983212368071,25.757669752715316,138.0,5.0,2.0,network_bound,
2026-01-05 06:00:00,25.989547719695008,33.43927457318463,49.17075830542632,148.131076606234,0.0,0.0,34.07156342056582,54.65330462242701,692.4785840541559,16.60641736291988,139.0,4.0,2.0,network_bound,
2026-01-05 06:01:00,25.033593630494632,32.85441919260476,49.101935006829684,149.372312409376,0.0,0.0,39.133856639322175,56.728697945171916,684.4266848523578,10.575033478468427,140.0,4.0,2.0,network_bound,
2026-01-05 06:02:00,26.133885411187823,35.551263111770716,48.52549138400351,154.58738794915715,0.0,0.0,38.63701837219119,56.52378375463507,675.9373063131476,38.791300623768805,141.0,3.0,2.0,network_bound,
2026-01-05 06:03:00,26.8620248103068,37.570571290034984,48.604879972530846,154.6651259227965,0.0,0.0,35.65858439305485,56.922622376588386,684.8541044682751,59.85476740486187,142.0,5.0,2.0,network_bound,
2026-01-05 06:04:00,22.34365346196509,34.37738536273314,48.52492199470429,137.3860686209506,1.0,0.0,38.25792278249464,56.72976543274343,688.16725547546,50.53049147532667,143.0,6.0,2.0,network_bound,
2026-01-05 06:05:00,22.580280813849214,38.0785923890431,48.55312878225411,134.7136626741493,0.0,0.0,40.72317925501257,55.05779231511401,691.7738005971146,70.59037833860813,144.0,4.0,2.0,network_bound,
2026-01-05 06:06:00,25.60049276443882,33.91737115219875,47.86867352891551,146.9663143980491,0.0,0.0,38.273472949728436,57.08875341274195,683.5357947374604,79.03915927191527,145.0,2.0,2.0,network_bound,
2026-01-05 06:07:00,24.056684329222634,34.5345466192476,47.64520715893124,138.85570676652,0.0,0.0,37.570379420077956,53.42108778290076,673.1267431742958,70.45356857530302,146.0,2.0,2.0,network_bound,
2026-01-05 06:08:00,24.31432454806272,30.258762907875155,47.59114831959518,140.75648380583598,0.0,0.0,33.97344664396052,54.224630961958454,675.6392350209277,69.72067762732672,147.0,3.0,2.0,network_bound,
2026-01-05 06:09:00,27.360208514982922,32.26004586016426,48.15255740061092,155.22934143493043,0.0,0.0,33.17698987275535,55.94145082757238,682.0205445201912,57.21824863786324,148.0,2.0,2.0,network_bound,
2026-01-05 06:10:00,27.051811188090674,35.57795898311345,48.117399613810235,158.53082174351547,0.0,0.0,29.8277264513539,54.81708605984243,663.6965755547059,48.591767741172035,149.0,3.0,2.0,network_bound,
2026-01-05 06:11:00,30.57439176416745,38.57495045879773,48.43099532105037,162.11540950062312,0.0,0.0,36.81212164681418,56.03285261432119,640.4981930499525,63.26138039151317,150.0,3.0,2.0,network_bound,
2026-01-05 06:12:00,30.591679492815,40.1283585771715,48.759828013556394,167.82749249031872,0.0,0.0,34.03451234207778,59.35789837728514,657.5072196451356,45.34347501165298,151.0,5.0,2.0,network_bound,
2026-01-05 06:13:00,29.778170043154606,36.694402249623124,48.98120919424685,158.49894097183588,0.0,0.0,29.455562069311803,58.360712426356336,671.2806306798798,40.84827597118179,152.0,5.0,2.0,network_bound,
2026-01-05 06:14:00,25.802668368050067,37.03662661099644,49.26677501252071,149.89631710484986,0.0,0.0,33.27794276919555,57.512546505302915,683.612230687638,27.446686678692092,153.0,7.0,2.0,network_bound,
2026-01-05 06:15:00,24.229747724779042,37.080267859844604,49.39341269907605,142.68238588187583,0.0,0.0,35.31453280250997,53.85409853999259,669.2496682362774,23.200597809189674,154.0,4.0,2.0,network_bound,
2026-01-05 06:16:00,20.884320078667137,35.82783864407386,49.050439012671916,132.738164834751,0.0,0.0,32.144794833494096,53.58885035543566,667.4993621219285,17.962413535352837,155.0,8.0,2.0,network_bound,
2026-01-05 06:17:00,22.262307109559448,35.768979986181265,48.26849884520827,133.39001139165813,0.0,0.0,30.06717533142412,51.475472715423535,678.7663518671067,10.117211103790524,156.0,5.0,2.0,network_bound,
2026-01-05 06:18:00,23.78224738225606,37.548023996426515,48.3446423033205,146.0433671425792,0.0,0.0,29.777579540954548,50.69424560496391,680.9963755842905,0.6356517663396559,157.0,6.0,2.0,network_bound,
2026-01-05 06:19:00,21.70364391304049,37.46879666442564,47.847092434044676,137.25502885950144,0.0,0.0,29.91655371678117,52.79774351816747,700.9051593383213,2.2715155325781566,158.0,2.0,2.0,network_bound,
2026-01-05 06:20:00,22.63912509187883,36.79474402352323,47.59053851220794,137.38098651692977,0.0,0.0,28.424798407345875,51.29933102753698,691.4074235030478,13.708552199178186,159.0,3.0,2.0,network_bound,
2026-01-05 06:21:00,20.617785898680147,36.52495034003389,47.282270289876145,131.08156715262888,0.0,0.0,31.84649423556499,55.948801524173945,694.0087821370074,24.82252901650127,160.0,5.0,2.0,network_bound,
2026-01-05 06:22:00,19.671323891491443,37.120259690464216,46.65850859325085,124.68271326862451,0.0,0.0,27.358597535775353,54.91457625025354,685.9389986770728,22.392306789055873,161.0,8.0,2.0,network_bound,
2026-01-05 06:23:00,19.166955559938298,36.381409921221,46.109049016052325,117.59839127286229,0.0,0.0,28.775475666002635,54.852984658929714,687.6577100543062,25.973848306658468,162.0,7.0,2.0,network_bound,
2026-01-05 06:24:00,21.680067120736844,34.727717413232696,46.19215081511346,121.09888317809893,0.0,0.0,29.72063730993551,56.755649471049324,692.3038559593815,22.58924447271958,163.0,7.0,2.0,network_bound,
2026-01-05 06:25:00,25.863223780994023,36.21095789081306,46.52901278976153,148.13937428724458,0.0,0.0,28.93330112238607,55.18553751556205,698.7859746362919,30.4605221226642,164.0,3.0,2.0,network_bound,
2026-01-05 06:26:00,24.34486333818531,34.93180065628167,46.77731740024511,144.1209080037705,0.0,0.0,34.288771744970965,55.70835483071929,693.008507610175,29.658031335499228,165.0,4.0,2.0,network_bound,
2026-01-05 06:27:00,26.643532282908392,38.18819794749775,47.14438319780601,157.73846304293127,0.0,0.0,32.94291967609422,56.497538869966235,695.6109273641571,34.606240826197535,166.0,3.0,2.0,network_bound,
2026-01-05 06:28:00,28.619941452825252,38.013034588521855,47.62099505151487,161.74239523473022,0.0,0.0,30.63738994390737,58.54717199540349,718.2320397130769,30.063430516891835,167.0,4.0,2.0,network_bound,
2026-01-05 06:29:00,30.057688422685462,37.103403359196626,48.48078290021655,169.166710371733,0.0,0.0,26.685780657253797,57.92844605068046,699.2375703966898,35.4282175163559,168.0,2.0,2.0,network_bound,
2026-01-05 06:30:00,26.10805846025466,37.4627223561126,48.39067434584917,150.61857097784977,0.0,0.0,26.46338901931858,56.488148957094126,695.7496024881426,39.39294767747361,169.0,4.0,2.0,network_bound,
2026-01-05 06:31:00,26.382267741286764,37.05851916400542,48.05782188779412,155.38365029684357,0.0,0.0,33.76662367320126,57.40386162520532,707.9488285701591,45.850812790260335,170.0,5.0,2.0,network_bound,
2026-01-05 06:32:00,23.479373617637407,39.767837584971716,48.078907559438065,142.6604500716494,0.0,0.0,37.868823301291414,56.188154226934806,716.5608262146478,39.14522624145216,171.0,2.0,2.0,network_bound,
2026-01-05 06:33:00,26.740155229911377,38.41166914875704,48.02861578374096,159.89096138699705,0.0,0.0,43.05848125487619,57.650245404948066,739.0180211348913,29.118362981081333,172.0,2.0,2.0,network_bound,
2026-01-05 06:34:00,28.010684500043514,37.49640190890482,48.071841811951394,159.09409326993574,0.0,0.0,39.332748696283915,58.610836950460715,715.3935647520282,53.03350503281089,173.0,2.0,2.0,network_bound,
2026-01-05 06:35:00,25.392094355134677,39.894357773671196,48.342140708159896,142.44486093613244,0.0,0.0,41.121439520835196,59.760041293465555,713.4002524129579,45.77266958327916,174.0,5.0,2.0,network_bound,
2026-01-05 06:36:00,23.70005077196098,36.39022342107928,48.394053333612554,147.74086425314454,0.0,0.0,36.36651849572967,59.16004140616921,699.9191282566962,47.37029337538493,175.0,3.0,2.0,network_bound,
2026-01-05 06:37:00,21.479892471670972,38.414386850663995,48.41736789212346,140.34216364649413,0.0,0.0,41.659255287602605,59.63285869584891,680.9454916100888,18.372672307300995,176.0,3.0,2.0,network_bound,
2026-01-05 06:38:00,24.332638919699395,35.217445436421364,47.82480472175819,139.40376258638372,0.0,0.0,39.3728053807842,61.04406918050606,705.6059005381466,22.625052292419404,177.0,3.0,2.0,network_bound,
2026-01-05 06:39:00,25.245575391812288,34.4661608052661,47.65493326059429,141.96148541420146,0.0,0.0,31.64732989574402,59.4885543516576,696.8259493001582,31.213900102689358,178.0,3.0,2.0,network_bound,
2026-01-05 06:40:00,26.53237790628371,36.13583376808131,47.65733382931694,151.08295793354117,0.0,0.0,33.79485402714011,55.93389985753591,696.048672465319,38.55095363736762,179.0,3.0,2.0,network_bound,
2026-01-05 06:41:00,23.23257551174157,37.29425952283091,48.012468891673585,144.9448889149836,0.0,0.0,35.63076110991914,56.515992536769474,672.3492919207855,53.29839164788292,180.0,3.0,2.0,network_bound,
2026-01-05 06:42:00,23.858961115783877,33.43423621399969,47.945585708210864,153.16901304406093,0.0,0.0,37.788819011783396,55.351173673695726,679.6209877823085,38.42183315964121,181.0,2.0,2.0,network_bound,
2026-01-05 06:43:00,25.06329867678778,35.121257154184214,48.070585656964916,144.2952414300474,0.0,0.0,36.63056376535715,52.45022870987889,692.4173455757268,25.544395167447618,182.0,5.0,2.0,network_bound,
2026-01-05 06:44:00,28.732843255478336,35.05537517547717,48.399623381322755,158.58988615418056,0.0,0.0,39.276139447640546,54.55119614730626,677.146450048338,18.82728299961804,183.0,4.0,2.0,network_bound,
2026-01-05 06:45:00,23.793250447692316,32.26190913699925,47.91737171401202,140.3989374902428,0.0,0.0,35.09075012341887,53.78210652564804,704.4552256623025,42.340502029740236,184.0,5.0,2.0,network_bound,
2026-01-05 06:46:00,24.182090722481014,32.688279316653706,48.34709052468963,141.23767146829024,0.0,0.0,40.99125148139419,52.830886120698665,711.0976604883489,36.85287690190064,185.0,3.0,2.0,network_bound,
2026-01-05 06:47:00,20.463169199263394,34.218529717903294,48.31176696335524,136.57453870009388,0.0,0.0,40.25872586585837,53.563208314048794,700.8866284494875,57.95252953220336,186.0,4.0,2.0,network_bound,
2026-01-05 06:48:00,18.992635848195288,34.68933748403826,48.075300723696316,122.38827333576403,0.0,0.0,36.81892828571183,52.33186917089763,688.6541798977636,44.47633976562825,187.0,4.0,2.0,network_bound,
2026-01-05 06:49:00,22.778795076925935,36.985679847587136,48.250778071962905,136.95670403292888,0.0,0.0,32.12100715473332,54.76387783948048,657.1599940539629,64.983412074683,188.0,3.0,2.0,network_bound,
2026-01-05 06:50:00,19.54659164076169,37.86486830624372,48.431008015990464,131.7078689854034,0.0,0.0,30.152605895517148,52.25129578433639,644.5634935785004,38.40032873331684,189.0,6.0,2.0,network_bound,
2026-01-05 06:51:00,21.024047973904292,39.412612073430054,48.22864333366435,125.92879571249266,0.0,0.0,30.530162002029826,51.37641805131802,621.1278970271451,31.81753008689621,190.0,5.0,2.0,network_bound,
2026-01-05 06:52:00,20.6743763785127,40.65858266484421,48.03658734585705,136.8129818055131,0.0,0.0,27.107506081673677,51.20864157474093,648.8850145862884,20.3430754071344,191.0,3.0,2.0,network_bound,
2026-01-05 06:53:00,21.15720110554372,38.13915874625121,48.09796553263491,142.1236712861186,0.0,0.0,29.02219041031582,53.869847524372155,653.5869501643597,8.879471920047735,192.0,4.0,2.0,network_bound,
2026-01-05 06:54:00,19.597106541671717,38.22456617895827,48.208607816313325,121.46628472914931,0.0,0.0,31.963972793512113,56.67135465794265,668.0820997617809,20.226093548568173,193.0,5.0,2.0,network_bound,
2026-01-05 06:55:00,16.600436149292626,36.911226674663354,47.96658820422991,128.91818422373225,0.0,0.0,35.284323758051826,57.303722682625015,675.6105425440501,14.65619562152622,194.0,5.0,2.0,network_bound,
2026-01-05 06:56:00,22.19552634936357,37.69171946466733,47.71027129709208,142.35914127130738,0.0,0.0,32.441765175099185,55.99331391278992,678.4539193746486,24.25101376494655,195.0,5.0,2.0,network_bound,
2026-01-05 06:57:00,22.61344410345451,37.37025478595146,47.71847650573533,134.14200221008196,0.0,0.0,35.27975955898192,56.874371166456434,672.3016344875783,0.0,196.0,4.0,2.0,network_bound,
2026-01-05 06:58:00,23.294758399240486,36.13810183348018,47.99276875142236,136.30209355809836,0.0,0.0,28.348064755133887,58.153879111118094,669.969168949413,0.0,197.0,3.0,2.0,network_bound,
2026-01-05 06:59:00,22.580051947524012,31.819387586722176,47.9134257024927,134.2102458995541,0.0,0.0,30.618629241270476,59.57292731714284,689.9731486391712,0.0,198.0,5.0,2.0,network_bound,
2026-01-05 07:00:00,19.837332200495652,31.99718624639649,47.712876881026865,125.18334961300839,0.0,0.0,26.885437199960805,57.66913171836527,712.453500032292,4.099421360149687,199.0,5.0,2.0,network_bound,
2026-01-05 07:01:00,0.0,6.572881791020592,46.341731642279356,50.0,0.0,0.0,4.311432769661197,27.141288229426856,38.48678949508056,0.0,0.0,3.0,0.0,idle,
2026-01-05 07:02:00,7.671384333783255,8.007848543540467,45.22796669198317,85.95531370719068,0.0,0.0,7.462808304016239,26.07926993708133,38.380339766363,0.0,0.0,1.0,0.0,idle,
2026-01-05 07:03:00,7.351335598992348,7.918149968887111,44.68077733167034,77.1217895822077,0.0,0.0,9.734199234382633,28.063375065814864,70.86153473844504,0.0,0.0,4.0,0.0,idle,
2026-01-05 07:04:00,7.150898817835531,10.429495374611339,43.84138555270031,83.21141101211774,0.0,0.0,9.482937160851428,29.215558301427077,54.21868808936951,0.0,0.0,0.0,0.0,idle,
2026-01-05 07:05:00,6.945964547912409,7.766537497454484,43.7747501453264,82.83681253635604,1.0,0.0,10.804483755429949,29.21036030484615,47.11400347687679,0.0,0.0,2.0,0.0,idle,
2026-01-05 07:06:00,4.5229879444247425,8.171699114939878,43.35524647689626,77.49751561185695,0.0,0.0,8.999635341597731,29.701099269421185,50.22643575000764,0.0,0.0,2.0,0.0,idle,
2026-01-05 07:07:00,2.6523814044731706,6.320071968854091,42.96420645449926,78.74004859341188,0.0,0.0,10.736174105599243,33.031890525946004,49.927907646925135,0.0,0.0,3.0,0.0,idle,
2026-01-05 07:08:00,3.416545400235436,9.303832215225935,42.38236864431843,69.46126760582139,0.0,0.0,12.742255847210494,29.20013877410828,78.92996056051196,0.0,0.0,1.0,0.0,idle,
2026-01-05 07:09:00,3.2595854857002715,8.54933059165666,42.06627998626947,65.23643109287727,0.0,0.0,9.400212170133198,31.413040428969705,54.742081346352336,0.0,0.0,1.0,0.0,idle,
2026-01-05 07:10:00,1.8766713928683352,11.360519200656084,41.42685548983545,70.1757730149663,0.0,0.0,12.570378808323452,32.09269365426731,59.01867979440351,0.0,0.0,3.0,0.0,idle,
2026-01-05 07:11:00,0.0,11.952877218279575,41.205206957908345,60.764559688079025,0.0,0.0,11.860915445518012,31.423038892011736,25.9921066731757,0.0,0.0,1.0,0.0,idle,
2026-01-05 07:12:00,2.020436279088228,11.026308571532738,40.714901896998526,75.37709488277315,0.0,0.0,10.244182669514922,30.806728593845516,27.846706173026195,0.0,0.0,1.0,0.0,idle,
2026-01-05 07:13:00,2.9357012587865063,10.745483791741606,40.521375736475974,74.70303941769156,0.0,0.0,11.886018850538584,30.93148384596401,31.57975754545158,0.0,0.0,2.0,0.0,idle,
2026-01-05 07:14:00,0.0,7.61898749548399,39.99151585938122,53.173787938610836,0.0,0.0,11.657665910884443,31.01980986874287,24.045076772569107,0.6563148408395392,0.0,1.0,0.0,idle,
2026-01-05 07:15:00,1.4611988252695798,8.625400194865762,39.95060317140635,63.35149852355412,0.0,0.0,14.324839517049107,34.80167660420964,24.82161345009873,0.0,0.0,4.0,0.0,idle,
2026-01-05 07:16:00,6.0579517975013175,11.266559181087542,39.829238590016594,87.87024198542534,0.0,0.0,16.612485979216775,31.565271552753476,28.985710115224006,18.82368019292749,0.0,2.0,0.0,idle,
2026-01-05 07:17:00,8.792417745047976,13.509204712620472,40.22314263732958,91.21380379054118,0.0,0.0,11.681055021991956,35.450478791143965,25.673603022544143,28.042690230236758,0.0,3.0,0.0,idle,
2026-01-05 07:18:00,8.496789697023004,11.335219252899526,39.977803962465195,84.33508779274663,0.0,0.0,10.561510883572108,37.893192754866675,18.287878138227462,27.92220099624764,0.0,2.0,0.0,idle,
2026-01-05 07:19:00,7.710826764675074,14.509454595718989,40.157682159141146,98.08455489305118,0.0,0.0,9.872592110919914,34.769024247483834,9.808071388343274,37.335462406431056,0.0,0.0,0.0,idle,
2026-01-05 07:20:00,11.040647488093116,13.777753233812994,40.56699244247006,103.77809188242881,0.0,0.0,10.332412498251763,34.64003371790583,0.0,29.774875103860776,0.0,0.0,0.0,idle,
2026-01-05 07:21:00,7.488420354190655,12.151294206402712,41.08120437454651,94.05614271310056,0.0,0.0,6.230756658802732,35.3256810187119,0.0,12.754173907580476,0.0,5.0,0.0,idle,
2026-01-05 07:22:00,6.152471549738031,11.813315850368578,41.030751103376254,82.52109836157429,0.0,0.0,0.0,33.45106790939731,0.0,11.008560889805189,0.0,1.0,0.0,idle,
2026-01-05 07:23:00,7.5985480468850675,14.807815647705112,41.05083013976561,81.42621737112782,0.0,0.0,0.0,32.867926761122575,0.0,26.661620836269826,0.0,2.0,0.0,idle,
2026-01-05 07:24:00,5.279387492855264,16.082742183735327,40.6751089870351,71.02502947465867,0.0,0.0,1.171208441252289,32.46934632403055,0.0,18.888855005475335,0.0,0.0,0.0,idle,
2026-01-05 07:25:00,0.12848479442725624,14.13623869430498,40.51132803541209,62.10446788026794,0.0,0.0,0.0,32.55961351300534,0.0,6.831067968439975,0.0,2.0,0.0,idle,
2026-01-05 07:26:00,0.0,11.921717007824151,40.17471508258087,50.84835708335309,0.0,0.0,0.0,32.999509324960194,0.0,2.777240037221918,0.0,4.0,0.0,idle,
2026-01-05 07:27:00,0.0,10.334864498147615,39.520902452311255,55.362097818957444,0.0,0.0,0.9734237788516031,33.31901140021703,0.0,17.50886487438234,0.0,2.0,0.0,idle,
2026-01-05 07:28:00,0.0,12.226707967930553,39.16559684332235,59.37243686885044,0.0,0.0,9.374579880212107,32.79269144867674,0.0,5.6917171404348155,0.0,1.0,0.0,idle,
2026-01-05 07:29:00,0.0,11.71226484498771,38.81649445883417,61.857363720067205,0.0,0.0,6.77540607213235,34.0549201287331,0.0,7.63456908096926,0.0,1.0,0.0,idle,
2026-01-05 07:30:00,0.0,12.076929495771596,37.963457591754484,55.4780927430186,0.0,0.0,8.204369086302478,37.851346149235276,0.0,15.167150482866596,0.0,0.0,0.0,idle,
2026-01-05 07:31:00,8.35987324318085,11.204767215227758,38.287183794720065,90.54668018206749,0.0,0.0,7.4361282081497215,38.26150384460577,0.0,22.672529939393186,0.0,2.0,0.0,idle,
2026-01-05 07:32:00,6.525580709027997,10.486906262366027,38.64094059250877,91.76448072861847,0.0,0.0,6.84434948747055,39.266564770755494,0.0,20.793291818927024,0.0,2.0,0.0,idle,
2026-01-05 07:33:00,4.661506548888024,10.799210643065711,38.428717619237,72.94275226132214,0.0,0.0,8.223490521611193,40.07223149289131,0.0,30.188021654988894,0.0,0.0,0.0,idle,
2026-01-05 07:34:00,4.304382048822882,9.427023070793583,38.31684382719581,73.30193113444585,0.0,0.0,9.893862353185595,37.39268922794913,0.0,28.145343367362443,0.0,6.0,0.0,idle,
2026-01-05 07:35:00,4.651625561901083,10.172007767376801,38.40591499397753,66.99703708418426,0.0,0.0,9.531520914413061,37.5186422745513,0.0,15.793392670450196,0.0,2.0,0.0,idle,
2026-01-05 07:36:00,15.039595334185302,44.68676049101434,38.88114012199578,105.01478442159583,0.0,0.0,32.347241160152066,59.83401326423755,0.0,281.46556462170037,0.0,2.0,1.0,io_bound,
2026-01-05 07:37:00,16.012545783299874,44.59038615830593,39.26000987548883,110.01956925913015,0.0,0.0,34.74538030871783,60.760472926038936,0.0,276.2795912686662,1.0,4.0,1.0,io_bound,
2026-01-05 07:38:00,22.131309537907267,43.929170171208526,40.015193113654966,138.56454867571978,0.0,0.0,33.00069847832718,60.98995978098636,8.299826104863673,269.50984759793624,2.0,4.0,1.0,io_bound,
2026-01-05 07:39:00,21.51452877819343,41.77930776425648,40.667537817531205,122.4794451800042,0.0,0.0,33.36212510827885,58.84949197965532,16.32932084618425,275.2844026928712,3.0,6.0,1.0,io_bound,
2026-01-05 07:40:00,20.59507529713947,40.72223531375499,41.04301718316108,126.56750501403502,0.0,0.0,33.08831062297554,57.55560424821166,38.031140342862344,254.77464806895244,4.0,3.0,1.0,io_bound,
2026-01-05 07:41:00,22.366084567982135,41.38164594626889,42.05096046602257,146.93316241592615,0.0,0.0,31.73114755325988,56.84747660989364,61.794959823028734,254.54770490898596,5.0,6.0,1.0,io_bound,
2026-01-05 07:42:00,25.32301371286782,46.28244528394153,42.85416895582464,148.85995892062564,0.0,0.0,26.550703801532546,59.763463618843005,57.3504431263838,241.62374045346508,6.0,5.0,1.0,io_bound,
2026-01-05 07:43:00,23.85098685989892,46.2850439227103,43.84415416478507,137.7862774103313,0.0,0.0,24.55674262892016,60.857118806519864,51.975081383722824,243.10701085802427,7.0,3.0,1.0,io_bound,
2026-01-05 07:44:00,21.85577935152073,47.80285440099028,43.91136216047888,123.41241057237164,0.0,0.0,24.299698782988337,60.96410095037744,65.43925756188143,247.60157135510474,8.0,6.0,1.0,io_bound,
2026-01-05 07:45:00,13.562173793129222,46.65041395972935,44.28819130613283,105.18803984719828,0.0,0.0,25.66452537727534,58.10022513658376,56.03289713903369,256.24129857167264,9.0,3.0,1.0,io_bound,
2026-01-05 07:46:00,10.112685618488513,48.78036327323129,43.86427865924179,94.92397915696431,1.0,0.0,29.770419205731102,58.82234050625595,50.853205813250106,240.87385447881752,10.0,4.0,1.0,io_bound,
2026-01-05 07:47:00,7.564799066791171,49.17471889674552,43.569542903704146,81.68642601156817,0.0,0.0,27.92579238493444,58.19451926413548,52.734589240292635,253.04959839590416,11.0,7.0,1.0,io_bound,
2026-01-05 07:48:00,11.668918220314294,46.91971883025444,43.450936609764206,100.3488227746119,0.0,0.0,31.569851554575013,56.328049288796876,43.94768699604485,256.953767823648,12.0,3.0,1.0,io_bound,
2026-01-05 07:49:00,16.629275918230846,49.64143098854744,43.37191988633163,120.91666953327945,0.0,0.0,32.94731779608943,55.935048389905795,30.960295450145544,259.97936815839984,13.0,6.0,1.0,io_bound,
2026-01-05 07:50:00,17.338658055093738,48.006995901201584,43.67944760089192,124.78049004672775,0.0,0.0,30.562455218281606,53.94211463326049,35.64374022190218,243.46169531131568,14.0,4.0,1.0,io_bound,
2026-01-05 07:51:00,15.969273596602278,45.70225562640825,43.58720018323416,110.60431644997784,0.0,0.0,31.306920213582565,56.27571975151105,56.59777461913458,246.34888336679126,15.0,3.0,1.0,io_bound,
2026-01-05 07:52:00,16.001415582511942,42.704314588861166,44.136266486760384,118.83168649198652,0.0,0.0,34.085874190832605,55.72857107527509,45.28221932809398,268.64247209325816,16.0,5.0,1.0,io_bound,
2026-01-05 07:53:00,21.667642641605454,40.55926617009963,44.3517361295894,128.42509441702575,0.0,0.0,33.21152680534026,53.03973577792309,59.20718202504782,270.50617971348436,17.0,5.0,1.0,io_bound,
2026-01-05 07:54:00,21.002038727085413,39.649849873410034,44.83516776297277,136.24712043324868,0.0,0.0,32.87647443794641,52.7749687267186,48.886160516237965,272.2971155966089,18.0,6.0,1.0,io_bound,
2026-01-05 07:55:00,19.023468323094235,42.4705220637463,45.34733640248415,125.2589692766139,0.0,0.0,30.918679786850213,54.25373001332436,54.862697626806295,261.9733496222657,19.0,6.0,1.0,io_bound,thermal_runaway
2026-01-05 07:56:00,19.5672492684004,46.687461046223646,45.31905421983149,117.76180419533718,0.0,0.0,29.703863380236257,53.82238060808145,38.91716209315551,259.37969338016006,20.0,5.0,1.0,io_bound,thermal_runaway
2026-01-05 07:57:00,16.10882911383844,44.66613141799512,45.53617076022031,119.56659269892477,0.0,0.0,26.507892023280448,55.029638899193344,43.139632019913215,246.87970089875,21.0,4.0,1.0,io_bound,thermal_runaway
2026-01-05 07:58:00,12.842844852444319,44.00618493146822,45.53142317914689,103.6201854817132,0.0,0.0,25.813077630943074,54.50435316902363,61.98203903859722,239.6197856132693,22.0,4.0,1.0,io_bound,thermal_runaway
2026-01-05 07:59:00,9.526858088908508,43.24262792147121,45.261985413755724,82.47193986947605,0.0,0.0,23.41550770256042,53.090992858915804,81.41619411376917,233.20293988729398,23.0,2.0,1.0,io_bound,thermal_runaway
2026-01-05 08:00:00,9.728230489826574,44.18037350396153,44.914327551050725,84.45823297225753,0.0,0.0,19.194955378141934,50.661010957182214,76.81878999133522,243.92570717890706,24.0,3.0,1.0,io_bound,thermal_runaway
2026-01-05 08:01:00,12.937867245549109,48.71958093675523,45.084423847791875,109.36987254637977,0.0,0.0,21.250190001910628,53.086024088405836,87.36196460105975,255.38410633972322,25.0,4.0,1.0,io_bound,thermal_runaway
2026-01-05 08:02:00,12.557540637679148,47.5717576160008,45.28967032824405,100.27029470977574,0.0,0.0,27.49126808482889,52.475604795949494,63.12919190644362,241.2613349501066,26.0,5.0,1.0,io_bound,thermal_runaway
2026-01-05 08:03:00,16.958081826665165,49.21518078093587,46.09060038490412,118.93324655974735,0.0,0.0,24.23007622648082,52.67249006121289,38.93891375535857,247.40129766972223,27.0,3.0,1.0,io_bound,thermal_runaway
2026-01-05 08:04:00,18.17430410111711,49.8419950653172,46.99286495675406,121.56707913963464,0.0,0.0,23.914157992736722,52.65977916313337,33.408651083668694,264.2135282140637,28.0,4.0,1.0,io_bound,thermal_runaway
2026-01-05 08:05:00,15.848660911361337,49.37298782324438,47.37182763153677,122.11900557655999,0.0,0.0,20.070558330952693,51.01110815295404,18.201726207884484,249.666494940744,29.0,5.0,1.0,io_bound,thermal_runaway
2026-01-05 08:06:00,12.064922535504632,48.88908126793109,47.68570541836032,105.59009907190443,0.0,0.0,20.018159270376934,52.020197683450306,44.60482436103885,253.73453512341652,30.0,2.0,1.0,io_bound,thermal_runaway
2026-01-05 08:07:00,12.14751428305478,47.99367673708835,47.8719052882097,97.0780940971635,0.0,0.0,17.646215174137453,49.58024700989055,42.54917236816331,268.3489749174064,31.0,5.0,1.0,io_bound,thermal_runaway
2026-01-05 08:08:00,12.80668194648322,48.59599801918302,48.21461862810111,108.05869358395972,0.0,0.0,16.015501548019294,53.23298637773272,21.944865692205873,271.67729268358283,32.0,5.0,1.0,io_bound,thermal_runaway
2026-01-05 08:09:00,14.658517800185555,49.70237879215217,48.7193346467343,108.34378089942639,0.0,0.0,14.882855410941957,53.09037952938844,24.02951957266488,261.10653735618985,33.0,6.0,1.0,io_bound,thermal_runaway
2026-01-05 08:10:00,12.510543326706298,49.56592808192419,49.52576514344573,99.05110025755023,0.0,0.0,11.085476031052597,52.79068112126738,38.238845980154565,259.6795075242751,34.0,2.0,1.0,io_bound,thermal_runaway
2026-01-05 08:11:00,13.037577191195197,48.22928150351926,49.85924370995899,107.51111860563084,0.0,0.0,17.328128740109932,53.6731893702137,55.12790949104702,239.0219702893666,35.0,6.0,1.0,io_bound,thermal_runaway
2026-01-05 08:12:00,13.33023746026099,48.27807715212288,50.33059470282524,110.70096785670701,0.0,0.0,23.444116218949972,52.33995830517199,60.67246114196338,234.0021092828352,36.0,4.0,1.0,io_bound,thermal_runaway
2026-01-05 08:13:00,14.885641840477987,46.79275230675975,50.87871031058261,103.2551640309934,0.0,0.0,22.227323978558395,49.689254647305766,44.31136228248712,227.71928676599018,37.0,4.0,1.0,io_bound,thermal_runaway
2026-01-05 08:14:00,15.235374355252185,47.83615563058303,51.539520275639426,113.36226658787636,0.0,0.0,24.98932310441305,50.47540630124148,49.271291454130065,221.0950812046073,38.0,3.0,1.0,io_bound,thermal_runaway
2026-01-05 08:15:00,14.775811897355783,46.063766310156026,51.472126024426125,113.0051991089209,0.0,0.0,24.263327059667255,48.37085291148993,54.713275227828134,236.75346290780087,39.0,3.0,1.0,io_bound,thermal_runaway
2026-01-05 08:16:00,17.675367173816834,46.253186731149256,52.24767486780484,131.54270481600486,0.0,0.0,28.420725171089735,52.27442920690831,33.086661878469016,235.58783149655923,40.0,6.0,1.0,io_bound,thermal_runaway
2026-01-05 08:17:00,12.983762765577675,45.47159312614834,52.060390977386255,99.39532502310553,0.0,0.0,31.354444583860758,55.62399675210148,40.08412793532099,243.65766641903608,41.0,5.0,1.0,io_bound,thermal_runaway
2026-01-05 08:18:00,15.690380035409651,46.79613990755286,52.387601041755154,110.4205552125684,0.0,0.0,29.623900556314908,49.57425661864563,54.83270201467681,241.26668052243102,42.0,3.0,1.0,io_bound,thermal_runaway
2026-01-05 08:19:00,13.553236704878708,43.53502684186005,52.736792351380046,101.13515325102037,0.0,0.0,24.30539702348036,51.773326557087366,40.700308776559496,237.30100487113765,43.0,4.0,1.0,io_bound,thermal_runaway
2026-01-05 08:20:00,15.08364271756613,47.06955614954017,53.57546661637204,114.24986205681661,0.0,0.0,21.53962189428329,53.94750977504678,30.69241730463369,229.72408099862344,44.0,4.0,1.0,io_bound,thermal_runaway
2026-01-05 08:21:00,13.780196524620957,44.36674929869739,54.08790517407343,111.10292313954277,0.0,0.0,16.92248164934873,55.7553827180698,30.2014085739895,256.883342143474,45.0,5.0,1.0,io_bound,thermal_runaway
2026-01-05 08:22:00,12.993521124296706,43.781101791318356,54.41707645649216,110.50323794818188,0.0,0.0,17.26402467902061,51.741557978706545,0.0,261.28699684953426,46.0,6.0,1.0,io_bound,thermal_runaway
2026-01-05 08:23:00,14.45936408124172,43.31268917732258,54.85742284974364,106.24672993083814,0.0,0.0,17.46652657072415,51.441203467513496,19.323861771380955,279.73756878254585,47.0,5.0,1.0,io_bound,thermal_runaway
2026-01-05 08:24:00,16.773921967567645,45.66931412753334,55.610765708802326,111.9347424394382,0.0,0.0,15.552804533739055,50.068435105227834,6.549259321649984,268.5134952493826,48.0,4.0,1.0,io_bound,thermal_runaway
2026-01-05 08:25:00,15.49963180153575,41.265847238252036,56.355505727620894,122.14636763661443,0.0,0.0,23.35778502491675,48.973044146413066,15.591646749601999,275.69062891314155,49.0,6.0,1.0,io_bound,thermal_runaway
2026-01-05 08:26:00,17.278126138514363,46.81249286981869,57.06882978547389,121.6086606032064,0.0,0.0,21.401995517533482,48.48873458923418,27.950765800228616,283.4081998884209,50.0,3.0,1.0,io_bound,thermal_runaway
2026-01-05 08:27:00,20.17108540479335,46.43522148872945,57.915711137677164,128.58425783569055,0.0,0.0,21.236776181649383,48.736363010218895,27.38163484297891,267.2075953144504,51.0,4.0,1.0,io_bound,thermal_runaway
2026-01-05 08:28:00,17.945228206114834,44.92360143565198,58.35423074328699,127.7641312700544,0.0,0.0,24.751424279410816,48.940659124527784,10.045328188139884,260.40589204687546,52.0,4.0,1.0,io_bound,thermal_runaway
2026-01-05 08:29:00,20.467388586795167,45.57598492315024,59.13504372246202,128.02304430964486,0.0,0.0,21.825954073572817,49.70567846314703,0.0,247.3512005346987,53.0,2.0,1.0,io_bound,thermal_runaway
2026-01-05 08:30:00,19.537294724634034,46.276298468375735,59.393060414474206,129.91028184770764,0.0,0.0,19.717201595967925,54.17151574543428,0.0,239.59251970623387,54.0,3.0,1.0,io_bound,thermal_runaway
2026-01-05 08:31:00,17.646071714726833,47.07882260445511,59.88142176119159,110.18284760175929,0.0,0.0,20.9984966553671,54.31416235100323,12.046196361835314,217.88794174461555,55.0,5.0,1.0,io_bound,thermal_runaway
2026-01-05 08:32:00,13.87227612560308,49.58078361275728,60.50876164491444,114.35800291185078,0.0,0.0,16.781774162123373,53.09336338707477,0.1599154296674783,220.0813801445341,56.0,4.0,1.0,io_bound,thermal_runaway
2026-01-05 08:33:00,14.962128627714186,51.75955285676362,61.00292572627212,98.40060302342442,0.0,0.0,22.111765695163733,56.378348365902234,23.536523862119296,224.22028600801232,57.0,4.0,1.0,io_bound,thermal_runaway
2026-01-05 08:34:00,15.932944827106883,50.45411374791893,61.42269501961288,126.37985120988428,0.0,0.0,22.65616950406765,56.45270758376449,14.367758102002213,222.15622942778884,58.0,5.0,1.0,io_bound,thermal_runaway
2026-01-05 08:35:00,16.337492130208645,50.77570055276835,61.624440559321556,110.13366548878571,0.0,0.0,15.061858483742796,55.2549571031078,26.85479481940971,231.0073639502104,59.0,2.0,1.0,io_bound,thermal_runaway
2026-01-05 08:36:00,10.328058279220226,52.156993319020266,61.99833581218466,93.39532635310749,0.0,0.0,17.068988038257753,55.30803601056185,15.50083046793501,217.187713957566,60.0,3.0,1.0,io_bound,thermal_runaway
2026-01-05 08:37:00,12.252533782757807,48.77659507492695,62.41221562391104,103.43016505556129,0.0,0.0,12.740688966076124,55.22697632240331,4.054715510656031,237.50106029966827,61.0,4.0,1.0,io_bound,thermal_runaway
2026-01-05 08:38:00,14.538846754565018,49.36423151662494,62.867763298164604,101.6209406804693,0.0,0.0,16.20013357404516,57.907056361835416,0.0,241.3710161173512,62.0,2.0,1.0,io_bound,thermal_runaway
2026-01-05 08:39:00,11.876860467215897,51.693691652875266,63.546249912128324,95.91609811827894,0.0,0.0,19.908798761692275,55.150058052284166,0.0,235.98280033604937,63.0,5.0,1.0,io_bound,thermal_runaway
2026-01-05 08:40:00,16.705413242980697,49.22668016109837,64.0490389180946,120.05949043645644,0.0,0.0,17.63185240682735,52.23718648737219,0.0,205.7391949652643,64.0,8.0,1.0,io_bound,thermal_runaway
2026-01-05 08:41:00,17.687786261901643,48.24797217787316,64.7264834301007,114.0896375289657,0.0,0.0,19.97897658410506,54.42809876074632,0.0,214.70549218486852,65.0,3.0,1.0,io_bound,thermal_runaway
2026-01-05 08:42:00,13.638886922653086,44.50607336526156,65.20652989372158,103.39043864525263,0.0,0.0,26.905728500823287,57.655462488453466,0.0,210.1919658964556,66.0,6.0,1.0,io_bound,thermal_runaway
2026-01-05 08:43:00,10.973419970005558,44.88318500070869,65.72312969966632,89.24062783032109,0.0,0.0,24.945019910693027,55.05575222534437,0.0,225.11337400707941,67.0,5.0,1.0,io_bound,thermal_runaway
2026-01-05 08:44:00,13.124824901239096,43.68191015464469,65.93906406058773,99.07860916404186,0.0,0.0,30.14791797035856,58.82822386851003,0.0,239.35319971481476,68.0,3.0,1.0,io_bound,thermal_runaway
2026-01-05 08:45:00,14.408436628668753,40.505555382880665,67.01657180906649,110.07862730238675,0.0,0.0,25.43847713348475,57.58015047087772,0.0,228.65725770557444,69.0,2.0,1.0,io_bound,thermal_runaway
2026-01-05 08:46:00,16.87691602052434,39.71976329176182,67.6180272532508,110.643393245145,0.0,0.0,28.71899048853914,56.348947163593145,0.0,244.39084847571144,70.0,4.0,1.0,io_bound,thermal_runaway
2026-01-05 08:47:00,11.170928150185988,38.40283201883753,67.84626455591993,94.11387711358552,0.0,0.0,31.853060257324557,55.223863091382924,0.0,246.42649129753104,71.0,4.0,1.0,io_bound,thermal_runaway
2026-01-05 08:48:00,13.151061078869468,41.81541763135222,68.36425694549169,100.00255131254785,0.0,0.0,28.730078246947528,56.52234166090044,0.0,250.92808286912498,72.0,3.0,1.0,io_bound,thermal_runaway
2026-01-05 08:49:00,14.564391826204464,43.66533831946641,69.6024408497539,112.09191194901062,0.0,0.0,28.82816420940474,56.09624567200019,0.0,240.8713648128524,73.0,7.0,1.0,io_bound,thermal_runaway
2026-01-05 08:50:00,17.951552531411814,43.75743246898737,70.77189993010667,123.49438034484342,0.0,0.0,26.501117759487435,54.890945184362685,0.0,229.88962532570778,74.0,4.0,1.0,io_bound,thermal_runaway
2026-01-05 08:51:00,18.903038030385204,40.981741047103085,71.71001045208376,120.60398132530284,0.0,0.0,24.38500868565183,51.954216453121326,8.561564334483947,232.92614946873584,75.0,5.0,1.0,io_bound,thermal_runaway
2026-01-05 08:52:00,17.40189676063093,42.722731265667385,72.98114304767178,113.79550317208387,0.0,0.0,17.869558470529235,54.618961857121406,28.397218117541748,263.981428050877,76.0,2.0,1.0,io_bound,thermal_runaway
2026-01-05 08:53:00,16.662151522662228,42.234096619671675,74.41634369799215,111.89636943335478,0.0,74.0,22.108604594219024,52.11554681532323,4.666964263856009,264.4735467255613,77.0,5.0,1.0,io_bound,thermal_runaway
2026-01-05 08:54:00,15.51251975011249,43.34092603421224,74.90066054216126,106.65262972235274,0.0,48.0,23.674703225938366,55.54758788364995,0.0,258.6073438477676,78.0,2.0,1.0,io_bound,thermal_runaway
2026-01-05 08:55:00,11.241458244754268,43.297610726987074,75.5464783128545,98.82098837380923,0.0,43.0,22.853586523635833,52.94295019010062,8.133598781760167,260.9840714476458,79.0,4.0,1.0,io_bound,thermal_runaway
2026-01-05 08:56:00,3.1099839324504694,38.74192404140664,75.2505135316712,61.04805167657803,0.0,79.0,23.67618744297974,53.14403874494778,0.0,258.20487588301154,80.0,3.0,1.0,io_bound,thermal_runaway
2026-01-05 08:57:00,3.5268227648927635,36.41528810505752,75.44694391111216,70.03094908289313,0.0,43.0,22.798223649988756,50.93755823294891,0.0,275.40780598657653,81.0,2.0,1.0,io_bound,thermal_runaway
2026-01-05 08:58:00,-0.9524617760664835,37.58436635084068,75.19728822675148,55.058700689201665,0.0,48.0,20.71295725694678,49.3891942280286,9.572659299394896,262.6352033190122,82.0,3.0,1.0,io_bound,thermal_runaway
2026-01-05 08:59:00,-3.5652218411877215,37.32137204778728,75.06022841946584,45.870932825395215,0.0,48.0,15.076333806983744,50.49700702815106,0.0,255.48155349501673,83.0,5.0,1.0,io_bound,thermal_runaway
2026-01-05 09:00:00,-3.3589650620874902,37.303053623916604,75.06908813343857,40.1101308921498,0.0,79.0,13.88469757729814,52.124810317155095,8.278629166477671,248.32540461010575,84.0,6.0,1.0,io_bound,thermal_runaway
2026-01-05 09:01:00,-3.286119725037512,36.11908348830083,75.13865967852979,47.707154756391034,0.0,63.0,9.580273619272315,52.493459940139594,4.683217997426752,258.04801766432223,85.0,7.0,1.0,io_bound,thermal_runaway
2026-01-05 09:02:00,-0.29499776249321563,33.833683722785096,75.58485495143682,52.6863226245053,0.0,13.0,8.67643980696241,51.5893405551389,21.07382286754735,264.4143669900914,86.0,3.0,1.0,io_bound,thermal_runaway
2026-01-05 09:03:00,2.11350873382942,35.21950651161541,75.76628691934289,60.38754484487574,0.0,63.0,10.561097039755616,51.75593604589054,8.323698653407977,260.4649584016522,87.0,2.0,1.0,io_bound,thermal_runaway
2026-01-05 09:04:00,3.4682314639989933,40.14529834072468,76.38934718136991,60.79427822779279,0.0,31.0,12.9840871481789,49.96420421281364,27.11539702436543,247.3079325729232,88.0,4.0,1.0,io_bound,thermal_runaway
2026-01-05 09:05:00,2.8399113943792713,37.746943842685994,77.09069875357017,66.47247311364426,0.0,43.0,18.480228781387652,50.82232315413953,0.0,261.66467701660235,89.0,3.0,1.0,io_bound,thermal_runaway
2026-01-05 09:06:00,-1.6895810044641113,37.375800988458536,77.72498639496632,50.63902646411565,0.0,63.0,18.285481267142725,51.676597464418336,23.76086904191381,265.11818393061475,90.0,5.0,1.0,io_bound,thermal_runaway
2026-01-05 09:07:00,-3.3871445016418527,38.86033909775524,77.93316338108679,39.06665121233669,0.0,48.0,16.59152370285645,48.59203162978258,8.544455904101646,255.83685964446622,91.0,3.0,1.0,io_bound,thermal_runaway
2026-01-05 09:08:00,-0.8809789103614385,43.421888836490695,78.36193230023872,50.140413685618554,0.0,43.0,19.390756558788745,51.31975647502543,0.0,244.963691007435,92.0,2.0,1.0,io_bound,thermal_runaway
