timestamp,gpu_utilization,memory_utilization,gpu_temperature,power_consumption,ecc_errors,xid_errors,cpu_usage,ram_usage,network_throughput,disk_io,job_runtime,queue_length,active_processes,label,incident
2026-01-05 00:00:00,0.7384592407395492,9.046987688086729,38.0,58.31130312800035,0.0,0.0,4.525997485701043,23.334893370662183,9.023991189619828,0.9052360179699898,0.0,0.0,0.0,idle,
2026-01-05 00:01:00,0.0,7.755496876532728,37.6288316136575,61.10148037983844,0.0,0.0,4.331175191633191,21.25778943989715,14.104853778196064,0.13354250384932886,0.0,3.0,0.0,idle,
2026-01-05 00:02:00,0.0,4.842287863740529,37.750794019607646,53.81032114982486,0.0,0.0,5.308313173338798,25.02265238939546,9.297345946814257,3.3137244277404223,0.0,3.0,0.0,idle,
2026-01-05 00:03:00,0.0,6.808568417698949,38.117968182268626,64.44387048530454,0.0,0.0,4.8418328418879355,28.4481429464923,41.59751004445819,10.558051056941629,0.0,2.0,0.0,idle,
2026-01-05 00:04:00,0.0,5.423718337254877,37.191250873520985,58.779649875730165,0.0,0.0,0.0,27.03906496044514,46.27642998418528,23.55880731570583,0.0,3.0,0.0,idle,
2026-01-05 00:05:00,0.0,4.0871911843879,36.939960510133766,53.01286514733307,0.0,0.0,0.0,26.307695965179356,35.37592917013711,40.74466077401362,0.0,1.0,0.0,idle,
2026-01-05 00:06:00,0.0,8.692680706848648,37.273836147071634,62.547410219789036,0.0,0.0,0.9578583880752274,28.466814177427977,15.814944317868024,52.4145518961044,0.0,1.0,0.0,idle,
2026-01-05 00:07:00,0.0,5.858345690388488,36.92864048146843,62.924935660801175,0.0,0.0,0.9112479557040456,25.659432229538496,0.0,53.49687174313251,0.0,2.0,0.0,idle,
2026-01-05 00:08:00,0.0,6.440768685677611,36.964243050178375,61.143864049146565,0.0,0.0,3.933837866672668,25.881708914509304,0.0,37.30471413196266,0.0,2.0,0.0,idle,
2026-01-05 00:09:00,0.0,8.584025781098298,36.90270281645605,58.63383997979657,0.0,0.0,4.858168680241954,27.525033078374804,0.0,31.7245505272372,0.0,3.0,0.0,idle,
2026-01-05 00:10:00,0.0,13.823422476500557,36.685297738166135,59.63012804191492,0.0,0.0,1.7491257166104717,23.880050280113636,0.0,18.175752069314466,0.0,2.0,0.0,idle,
2026-01-05 00:11:00,0.0,12.252014854117665,37.04055225829986,63.37479567509407,0.0,0.0,0.0,22.86032786064166,0.0,14.592267106277502,0.0,3.0,0.0,idle,
2026-01-05 00:12:00,0.0,7.703666350027274,36.92985748955035,63.13576099313886,0.0,0.0,0.0,19.975905092209473,0.0,7.8386412519819855,0.0,1.0,0.0,idle,
2026-01-05 00:13:00,2.8433483383738105,7.6561047931812585,37.0391551567128,67.74067402732815,0.0,0.0,4.574578158114303,18.674572957346687,0.0,0.0,0.0,2.0,0.0,idle,
2026-01-05 00:14:00,2.7440686512772405,8.615894835143463,36.82291033073778,72.42023493899512,0.0,0.0,2.303046008265273,18.493770467298944,0.0,16.928730744794176,0.0,2.0,0.0,idle,
2026-01-05 00:15:00,0.788752911956702,8.352289970486689,36.89588005677166,57.79997587482372,0.0,0.0,7.646583394295646,20.54611267986865,3.6729621591022754,25.32852411810952,0.0,3.0,0.0,idle,
2026-01-05 00:16:00,2.6739069423830113,12.352015488330657,37.44903399787341,68.59081551830361,0.0,0.0,10.99500065450076,21.14308768341227,15.205440630805812,25.167041763009898,0.0,2.0,0.0,idle,
2026-01-05 00:17:00,3.4321411143526506,11.353750254034814,37.54339811416434,72.6086935431522,0.0,0.0,13.724380687483734,20.197166654263025,2.389435818331897,10.871734350118238,0.0,3.0,0.0,idle,
2026-01-05 00:18:00,0.0,8.851230456892404,37.66410114432483,66.12470323805705,0.0,0.0,17.634263510037716,25.013660362669736,0.0,3.8661724514094806,0.0,3.0,0.0,idle,
2026-01-05 00:19:00,1.033465202838819,10.197985838681424,37.66719312512169,65.29551794349965,0.0,0.0,13.874073716263851,26.045863316249072,0.0,6.252719740083772,0.0,0.0,0.0,idle,
2026-01-05 00:20:00,0.0,8.328276219408451,37.565810568618865,56.58583582159838,0.0,0.0,9.341402967916228,27.47925901942244,4.425550237727435,3.0100235613853785,0.0,2.0,0.0,idle,
2026-01-05 00:21:00,1.262285036377291,9.627907485084052,37.8430508815925,64.81786685780924,0.0,0.0,8.413328561097314,25.840585377467796,3.457842362347095,0.0,0.0,2.0,0.0,idle,
2026-01-05 00:22:00,0.11321090651283261,8.244304775911537,37.958244134378624,59.07570928530151,0.0,0.0,7.066205288687208,25.46158766810902,19.807164184747826,0.0,0.0,1.0,0.0,idle,
2026-01-05 00:23:00,0.0,6.997433118355982,37.962256397831354,55.928451487077496,0.0,0.0,4.844271383284603,26.12390784968694,15.291292183081364,0.0,0.0,5.0,0.0,idle,
2026-01-05 00:24:00,0.0,9.484383449756432,38.24603553484346,61.69720229303237,0.0,0.0,6.228963617428482,24.37895526143578,36.667359300975754,0.0,0.0,1.0,0.0,idle,
2026-01-05 00:25:00,0.14622814375827686,9.182820387204314,38.130046911065016,62.72017327718722,0.0,0.0,8.835768294658678,18.925479785650975,33.16666673181726,0.0,0.0,2.0,0.0,idle,
2026-01-05 00:26:00,5.493235862222309,7.17677396097581,38.11924079370612,79.59029379097069,0.0,0.0,2.6645575146353315,19.66218546796687,22.438623607271783,0.0,0.0,0.0,0.0,idle,
2026-01-05 00:27:00,3.827512865387182,6.99603527932417,38.12461969239526,70.621759914681,0.0,0.0,7.765255698028588,15.766984885779234,19.83152239870478,0.0,0.0,2.0,0.0,idle,
2026-01-05 00:28:00,3.3179620770375644,8.324845089704151,37.79300475289392,69.06886474225513,0.0,0.0,7.331684476999579,17.607035794768947,7.814109329347653,0.0,0.0,2.0,0.0,idle,
2026-01-05 00:29:00,3.039432215141436,10.269351608444484,38.191290074404016,72.89740571409772,0.0,0.0,6.0784282874383235,20.549180901703416,19.162164195513988,0.0,0.0,5.0,0.0,idle,
2026-01-05 00:30:00,0.0,11.520334607472735,38.24871066325965,68.91829211596111,0.0,0.0,11.36497990201373,22.99677457441977,3.0477531140842586,0.0,0.0,2.0,0.0,idle,
2026-01-05 00:31:00,0.0,11.083529365935046,38.18104406410716,59.00189814254027,0.0,0.0,9.517368067968276,21.46642637111035,21.274724333519735,0.0,0.0,1.0,0.0,idle,
2026-01-05 00:32:00,0.24701429214728576,8.902217679132372,37.91980158079437,59.9236595785473,0.0,0.0,11.404304182745978,21.364516141612928,8.235510624983746,0.0,0.0,0.0,0.0,idle,
2026-01-05 00:33:00,1.4065196753813054,9.89451026199096,38.41087255215304,62.045977307244726,0.0,0.0,12.433133801285983,22.09105830177673,33.521334083451784,0.0,0.0,1.0,0.0,idle,
2026-01-05 00:34:00,0.0,9.37922645196819,38.405185924599984,60.573808813219586,0.0,0.0,11.997853138559517,24.464362680339487,28.746938018154996,0.0,0.0,1.0,0.0,idle,
2026-01-05 00:35:00,0.0,8.27594002013308,38.79139340533435,62.25171723970668,0.0,0.0,12.406871759326826,26.21482049893523,13.340206194102432,0.0,0.0,0.0,0.0,idle,
2026-01-05 00:36:00,2.0849507648333283,5.327354593991521,38.67881266760528,59.01176611607251,0.0,0.0,11.750588673820598,28.30175352809615,17.954614035279185,0.0,0.0,2.0,0.0,idle,
2026-01-05 00:37:00,7.244570700188988,6.188209783436028,38.202945204117846,86.7066159609962,0.0,0.0,8.592977100992211,28.34933767218613,32.3019476002524,0.0,0.0,3.0,0.0,idle,
2026-01-05 00:38:00,50.23730786511215,88.04492357057555,40.90992227799769,224.0470910025221,0.0,0.0,39.5795299512583,70.69524519473075,70.37695105438564,58.482465154933756,0.0,4.0,1.0,memory_bound,
2026-01-05 00:39:00,51.32423766114364,84.9690929971319,43.401065958989264,227.86027920105062,0.0,0.0,38.156974492141906,67.36602413715487,60.620012870864535,46.800425162741234,1.0,4.0,1.0,memory_bound,
2026-01-05 00:40:00,52.01687848113599,85.41181835145669,45.033633383870956,233.7415922901915,0.0,0.0,34.65836584639277,63.519821125919194,79.38869457015473,42.42584896751929,2.0,4.0,1.0,memory_bound,
2026-01-05 00:41:00,49.75854245027033,86.44367042354637,46.169540022138946,223.59857819190015,0.0,0.0,36.56525348369104,63.37490550510807,34.88767996906334,45.766605751423185,3.0,2.0,1.0,memory_bound,
2026-01-05 00:42:00,49.65497699425541,88.23315886795989,47.82057442300438,235.47356459091307,0.0,0.0,34.29737431661533,64.96808811010058,26.681297883346417,49.0071937287177,4.0,2.0,1.0,memory_bound,
2026-01-05 00:43:00,52.96714435281132,87.60159521838052,49.67179856994508,242.88086750558256,0.0,0.0,34.14362691941722,61.61250117995462,34.31764788976331,61.448986724587755,5.0,4.0,1.0,memory_bound,
2026-01-05 00:44:00,51.41360883918872,91.3007636985127,50.76640115403588,236.30128994360442,0.0,0.0,30.72424519618187,62.59864611982842,73.61855702252385,47.83156528126926,6.0,6.0,1.0,memory_bound,
2026-01-05 00:45:00,53.062184366569255,92.25675947266713,52.18736401118857,240.89925623963913,0.0,0.0,29.26440803943034,60.38875639583941,65.94501593707045,55.09166411126792,7.0,8.0,1.0,memory_bound,
2026-01-05 00:46:00,54.65686974234111,88.5017105526535,52.75650734097549,250.0374926161971,0.0,0.0,27.505086151182184,60.14577121187918,59.73829444193331,41.36593269251763,8.0,2.0,1.0,memory_bound,
2026-01-05 00:47:00,57.787479404038635,86.99361723615141,53.67331790970156,254.67047870096619,0.0,0.0,30.587418762936412,60.56828172147467,65.64450966535352,36.14400762303857,9.0,4.0,1.0,memory_bound,
2026-01-05 00:48:00,62.086624769848136,88.23017490763316,54.76059616681623,267.30949964902857,0.0,0.0,26.256946362767334,61.188282297398786,72.6222227403099,51.66845921387407,10.0,2.0,1.0,memory_bound,
2026-01-05 00:49:00,59.37619874624046,88.43854139004442,55.559995950307375,262.7959328669033,0.0,0.0,28.710031492662594,60.113685830686286,73.17304424651962,50.91062069255872,11.0,3.0,1.0,memory_bound,
2026-01-05 00:50:00,59.02824420858797,89.2235412565275,56.57735393591284,260.46051529674935,0.0,0.0,27.80609295477894,58.973990317945024,45.14463022134872,45.74584648198055,12.0,2.0,1.0,memory_bound,
2026-01-05 00:51:00,53.78223531508043,86.57856692480728,56.89530083446267,242.1733950219838,0.0,0.0,34.602691074038844,63.69793513388616,61.32188904918903,52.52294423576444,13.0,7.0,1.0,memory_bound,
2026-01-05 00:52:00,56.642722430637676,87.08184478036641,57.32373657676725,247.98417865757375,0.0,0.0,38.92523014236672,61.785054296718634,86.74767056634157,65.70699948832089,14.0,2.0,1.0,memory_bound,
2026-01-05 00:53:00,53.48112536191835,83.69598277235873,57.52892756880805,234.2871706347975,0.0,0.0,39.50196537121377,65.12520285690272,70.10265737636638,70.15997862778245,15.0,2.0,1.0,memory_bound,
2026-01-05 00:54:00,52.1023409289847,82.92897575547994,57.906111818631224,249.71860602548506,0.0,0.0,43.38660628299667,64.66823536152783,66.99181203429708,62.31917338273442,16.0,6.0,1.0,memory_bound,
2026-01-05 00:55:00,49.29081649794898,84.20921060833504,58.655959430283566,225.17615475337493,0.0,0.0,40.26424929269405,63.99366582915745,67.18893148288225,80.90400773349984,17.0,9.0,1.0,memory_bound,
2026-01-05 00:56:00,48.9061402187401,87.75601135370938,58.28871532794182,232.0908416882412,0.0,0.0,40.93615451829273,67.77014138020458,83.48848212547969,76.00465718096122,18.0,3.0,1.0,memory_bound,
2026-01-05 00:57:00,46.97021463886878,86.43840463776625,58.57567327793242,223.4930985615249,0.0,0.0,35.505915917248025,68.764907750796,105.12521053618745,68.11312103530925,19.0,6.0,1.0,memory_bound,
2026-01-05 00:58:00,43.976857397949814,85.85978218969782,58.17724179440746,208.71469095288109,0.0,0.0,36.276869783147816,66.168121688607,106.84254854357465,72.47454108931245,20.0,3.0,1.0,memory_bound,
2026-01-05 00:59:00,44.167392631356485,88.07658189353879,57.89841214478694,211.2602826908778,0.0,0.0,40.71891810325985,66.03423950346243,100.38372489641799,72.59091232105452,21.0,2.0,1.0,memory_bound,
2026-01-05 01:00:00,41.91117509201564,85.1515695334213,57.534991729365615,197.77123820843246,0.0,0.0,34.01826107467674,68.82919312996862,66.66351798251398,55.49593486616493,22.0,3.0,1.0,memory_bound,
2026-01-05 01:01:00,45.263595351423135,87.74321929378428,57.42086667124462,208.22971731350557,0.0,0.0,29.996879831701538,66.19285520978801,72.9353211704119,68.74692891373793,23.0,3.0,1.0,memory_bound,
2026-01-05 01:02:00,41.98476816211098,91.3996225835906,56.653074344168395,195.6447693008474,0.0,0.0,35.78406175474138,64.26707311176666,67.00867313016673,68.27105386620687,24.0,4.0,1.0,memory_bound,
2026-01-05 01:03:00,41.51647640629311,92.76662998105463,56.55717716051233,190.1268266781349,0.0,0.0,35.84933182632803,63.448716314434435,54.407955046961604,67.1341584061396,25.0,4.0,1.0,memory_bound,
2026-01-05 01:04:00,43.24762927312397,91.05683883784592,56.22961279185109,206.4268683327711,0.0,0.0,35.474061932268874,64.41534219489021,69.09100480204927,63.264969900384344,26.0,3.0,1.0,memory_bound,
2026-01-05 01:05:00,46.7487107449342,87.1292649877091,56.073119932630874,223.6115605237524,0.0,0.0,31.166629371189828,66.10094643571024,58.90903937300451,66.97274297694439,27.0,4.0,1.0,memory_bound,
2026-01-05 01:06:00,44.500393035481345,89.78474597696307,56.029348282783204,209.20833464828016,0.0,0.0,26.258669736178216,67.39630774933796,55.172306536070224,75.48447109305678,28.0,5.0,1.0,memory_bound,
2026-01-05 01:07:00,43.41784960686228,89.08076066628908,56.106898228101706,212.6141537639711,0.0,0.0,25.940267651879743,67.4122818030867,33.824812593539626,62.908928955965884,29.0,5.0,1.0,memory_bound,
2026-01-05 01:08:00,42.9863440813305,89.84218988344365,56.08584944361496,199.03154897914717,0.0,0.0,29.98287158625493,66.10266942621514,30.687511787740004,94.94370797456683,30.0,3.0,1.0,memory_bound,
2026-01-05 01:09:00,41.281050477292204,90.90232554426001,56.10689992768,191.6313231734727,0.0,0.0,29.71099544326797,64.01616757775777,48.987783094984735,94.77556988514165,31.0,4.0,1.0,memory_bound,
2026-01-05 01:10:00,37.48039159425182,91.66889700525651,55.696437649257675,195.16034372441825,0.0,0.0,32.20809592445199,66.42717088805036,63.83309222730832,79.3423349500025,32.0,4.0,1.0,memory_bound,
2026-01-05 01:11:00,37.554409245273845,91.50426473201956,54.982546217139415,179.67396793515823,0.0,0.0,37.57354918361467,66.2884097043265,82.26494184047682,71.54835770171478,33.0,2.0,1.0,memory_bound,
2026-01-05 01:12:00,38.034037095774536,89.62831985133496,54.840118969669845,190.29907957691282,0.0,0.0,32.71971245724807,66.04908985387682,41.97651226502775,85.760018533285,34.0,3.0,1.0,memory_bound,
2026-01-05 01:13:00,43.63452478580272,91.52755244953872,55.12067913713873,207.7615502661303,0.0,0.0,28.671244051682862,66.00104091463028,31.872081612797068,91.20829903305437,35.0,3.0,1.0,memory_bound,
2026-01-05 01:14:00,43.92288421383151,90.34746383707028,55.16829089200961,217.78840744295132,0.0,0.0,31.91315451279522,66.58187110548253,32.58030966678163,72.94781829893695,36.0,2.0,1.0,memory_bound,
2026-01-05 01:15:00,44.10881778530531,90.92388446034231,55.48504255740598,211.6408901609656,0.0,0.0,30.503125175256493,67.66636750292894,44.58580923730656,62.02490001672296,37.0,5.0,1.0,memory_bound,
2026-01-05 01:16:00,40.88449104851475,91.77126806566876,54.88975076035028,185.3352272086625,0.0,0.0,28.942256755162028,70.53540146186236,25.018705090145446,47.80498565546615,38.0,5.0,1.0,memory_bound,
2026-01-05 01:17:00,36.81358223396439,93.62472315072738,54.79099622780602,187.50829410984494,0.0,0.0,32.73995311017048,68.07852473536799,8.67506107710821,59.120584745174284,39.0,4.0,1.0,memory_bound,
2026-01-05 01:18:00,40.44640437666624,92.48001676761936,54.65039825057233,196.21515613786858,0.0,0.0,26.59627595136005,65.83349261743251,0.0,52.04597629376728,40.0,6.0,1.0,memory_bound,
2026-01-05 01:19:00,39.302452606707774,93.40841257528604,54.906302000412204,199.15710595839715,0.0,0.0,28.388640363902592,66.95417555557935,0.0,48.56321333717363,41.0,5.0,1.0,memory_bound,
2026-01-05 01:20:00,37.85867784917931,92.88203471321707,54.7731051085311,189.81215733697397,0.0,0.0,29.688122134533394,65.17978897533189,13.339487807187226,44.9866491247776,42.0,3.0,1.0,memory_bound,
2026-01-05 01:21:00,39.09077108289591,91.51064633005622,54.92824852318112,196.48956860298216,0.0,0.0,28.579987554577976,65.01742935368664,37.22721610731998,46.717862750179144,43.0,8.0,1.0,memory_bound,
2026-01-05 01:22:00,41.364206205308406,93.3365034601221,54.928535567799756,193.5467193636506,0.0,0.0,21.544288351052003,66.32021140947982,31.45914443329314,53.299076395734005,44.0,2.0,1.0,memory_bound,
2026-01-05 01:23:00,37.79528142267459,94.58627183684321,55.004600169151736,182.0350385045992,0.0,0.0,22.792463471020174,67.94772191055175,22.67610661801738,55.87330067258264,45.0,4.0,1.0,memory_bound,
2026-01-05 01:24:00,39.181447637408326,96.01540854039736,54.75868491612457,190.33552436105768,0.0,0.0,20.819950632447206,69.51718452509388,2.2263416177636515,59.0212159138366,46.0,6.0,1.0,memory_bound,
2026-01-05 01:25:00,39.19011031953629,94.56549378499741,55.229754351835936,194.42139607253029,0.0,0.0,21.751580411897258,68.89984266088318,36.176429050857344,64.57514856641377,47.0,6.0,1.0,memory_bound,
2026-01-05 01:26:00,37.08181530405699,95.07061053872569,55.28107777063649,183.93571965030446,0.0,0.0,21.050420622480647,69.16130161466599,32.87951354006387,54.76905660426304,48.0,6.0,1.0,memory_bound,
2026-01-05 01:27:00,33.64935954087522,93.5420749540189,54.94302764087196,167.26617578922875,0.0,0.0,24.89542447578623,69.61454903082948,25.805715981426644,74.22106958458934,49.0,5.0,1.0,memory_bound,
2026-01-05 01:28:00,34.810353714588636,92.62698337791139,54.759698738608634,180.79222716476252,0.0,0.0,26.697854496010645,68.89155265533566,26.540820184027524,65.96443946304848,50.0,7.0,1.0,memory_bound,
2026-01-05 01:29:00,39.45045114126888,91.12387026364055,54.77681532122309,183.92692505201833,0.0,0.0,26.260684629104546,71.15644584665262,29.83839100306215,61.77876286358808,51.0,5.0,1.0,memory_bound,
2026-01-05 01:30:00,38.640651027456485,91.76931318551739,55.24724082734314,192.90383439047594,0.0,0.0,34.43225379691245,72.68267340881266,30.075780629842573,41.988888671766034,52.0,3.0,1.0,memory_bound,
2026-01-05 01:31:00,36.71412767062753,88.00489605029982,55.271719141927356,187.53270397353253,0.0,0.0,35.735102300125355,72.9372116050956,6.9997644850601475,47.47113439329145,53.0,4.0,1.0,memory_bound,
2026-01-05 01:32:00,38.050443810866035,87.47963884053749,55.3045293840103,185.89893393374592,0.0,0.0,36.21219259416383,72.30152706646058,4.10494119162361,49.364547564950264,54.0,4.0,1.0,memory_bound,
2026-01-05 01:33:00,38.776312006449565,85.95415378928176,55.335387249333685,194.16951708584878,0.0,0.0,43.12859242446241,70.65025336002563,0.0,32.26043549229678,55.0,4.0,1.0,memory_bound,
2026-01-05 01:34:00,40.84613859077883,85.6213400202885,55.02534317798773,200.08202174920447,0.0,0.0,38.451258507885505,70.47378032149884,0.0,34.48792762814282,56.0,2.0,1.0,memory_bound,
2026-01-05 01:35:00,39.45411629702834,88.1703073555843,55.079249976862954,198.85055363490554,0.0,0.0,36.9305864231222,72.74470301731803,0.0,31.07461995920596,57.0,4.0,1.0,memory_bound,
2026-01-05 01:36:00,36.970047603666046,85.56935559300844,54.75939801814952,190.8160123193707,0.0,0.0,38.79610461781355,71.82825955537383,0.0,48.01225217696165,58.0,5.0,1.0,memory_bound,
2026-01-05 01:37:00,41.59829337801189,83.97015065315595,54.79939629037846,208.3770638017037,0.0,0.0,34.79774418072476,68.88449530495761,9.715053412511956,46.362394537662624,59.0,6.0,1.0,memory_bound,
2026-01-05 01:38:00,44.63655476986372,83.84244717977737,54.92597533576853,209.94269669252716,0.0,0.0,33.4412564270155,72.13381592061917,12.952235071496958,55.44324901056673,60.0,7.0,1.0,memory_bound,
2026-01-05 01:39:00,45.00669377920967,84.33221577325615,54.83669482775617,217.30303224580635,0.0,0.0,38.310949489057315,72.4030587656624,11.021752777346805,53.86419398171545,61.0,7.0,1.0,memory_bound,
2026-01-05 01:40:00,43.14174329625067,86.79598639330642,55.09423721382871,213.64618932419478,0.0,0.0,40.86373332601325,71.207468154709,41.2289784120841,66.22956786000155,62.0,3.0,1.0,memory_bound,
2026-01-05 01:41:00,44.761856662836195,87.91456596810153,55.14403826978734,214.06053323158886,0.0,0.0,39.294236300538486,74.19181175306844,53.4977401890327,60.330479759227174,63.0,2.0,1.0,memory_bound,
2026-01-05 01:42:00,45.58055472773896,86.28560201637103,55.750415713543084,214.3875030658869,0.0,0.0,34.46920309407703,73.72318854656753,71.57721801341933,51.42234008469403,64.0,3.0,1.0,memory_bound,
2026-01-05 01:43:00,44.20108213142998,89.09257057334378,55.87248039450518,206.2482599912417,0.0,0.0,33.052446241855236,74.28012376984772,58.526499463322,46.85324722178621,65.0,4.0,1.0,memory_bound,
2026-01-05 01:44:00,44.16198042342293,89.10081467178627,55.7425138066939,209.9524962557823,0.0,0.0,37.63604086621368,69.41975977162127,36.70090179964066,45.49409474545284,66.0,4.0,1.0,memory_bound,
2026-01-05 01:45:00,41.83347944421053,88.43285698268313,55.47057752795377,203.09483447188737,0.0,0.0,38.33953794258575,70.73566399495964,15.863334522433455,49.89478619742528,67.0,4.0,1.0,memory_bound,
2026-01-05 01:46:00,46.35679016115484,87.16409748685358,55.97948318265899,218.73378147927946,0.0,0.0,37.25824394803878,69.87665377491061,7.833345596669069,65.48005190499245,68.0,4.0,1.0,memory_bound,
2026-01-05 01:47:00,45.727824818836254,89.16377790228414,55.72829795829081,212.2112233383189,0.0,0.0,40.505036428157894,68.92506529685167,25.0687513352636,68.1814157717194,69.0,3.0,1.0,memory_bound,
2026-01-05 01:48:00,44.80001765493338,86.70121754658976,55.94901467231445,216.54299720583796,0.0,0.0,37.064988715026026,70.01919307332669,42.39534444544762,60.39345126149374,70.0,8.0,1.0,memory_bound,
2026-01-05 01:49:00,46.53281542346283,87.37386220692996,56.08255977162626,222.4298343189633,0.0,0.0,31.327864423722776,72.64198749656859,49.74407081268832,43.693076086475486,71.0,4.0,1.0,memory_bound,
2026-01-05 01:50:00,53.55616135910596,87.57791099323731,56.40374868764472,239.8229428804691,0.0,0.0,32.83965523960299,74.31044258754773,53.85686050085573,50.302987392451286,72.0,5.0,1.0,memory_bound,
2026-01-05 01:51:00,53.29400676844602,86.51035013891816,56.834540108889,233.32432919928814,0.0,0.0,32.93150921972094,71.72330610485709,51.445114536736455,63.552812310294485,73.0,5.0,1.0,memory_bound,
2026-01-05 01:52:00,54.4019830620723,84.17565600757212,57.41629715713916,244.4559434427389,0.0,0.0,37.53769431231558,68.6283915794389,60.34313626874873,56.72895677353259,74.0,7.0,1.0,memory_bound,
2026-01-05 01:53:00,51.98543849276089,86.21058809746584,57.236748206969956,237.9780390014482,0.0,0.0,36.72603138008692,69.24150668266853,63.77247650638401,41.58810768583649,75.0,3.0,1.0,memory_bound,
2026-01-05 01:54:00,53.82723454967061,85.43358369745862,57.66729892652794,232.43233972318225,0.0,0.0,30.373361082355174,69.62189089456017,64.60332177461392,44.464065460521,76.0,7.0,1.0,memory_bound,
2026-01-05 01:55:00,50.368319482960445,83.6731411741038,57.88551278974421,244.1308387962477,0.0,0.0,33.18373507146498,69.81067009330943,56.56596342332146,40.437055814637034,77.0,2.0,1.0,memory_bound,
2026-01-05 01:56:00,45.78434983860776,82.74739914976675,57.749629685950204,216.3694632907252,0.0,0.0,33.22988386027507,67.89530419875051,17.54935870654019,29.514845596029865,78.0,2.0,1.0,memory_bound,
2026-01-05 01:57:00,44.28895151642211,83.7847342047253,58.08382265346136,214.4573637315084,0.0,0.0,34.96980573387056,71.6839155917393,18.762269773783547,26.90862231512235,79.0,7.0,1.0,memory_bound,
2026-01-05 01:58:00,47.9074541898621,85.6944774200291,58.190639370450604,225.3355689086423,0.0,0.0,31.613951396456976,73.7342818708021,18.13237396116792,23.927797814950395,80.0,4.0,1.0,memory_bound,
2026-01-05 01:59:00,47.58773011785295,87.59589684560585,58.302585873533445,216.2673161929387,0.0,0.0,30.278389005787982,75.1153447522039,14.238880414841113,35.58792691705307,81.0,4.0,1.0,memory_bound,
2026-01-05 02:00:00,51.77313826628566,90.87870662968947,58.330538796896015,235.0462311316907,0.0,0.0,31.606858285009828,73.96149372551572,0.0,30.494793580574154,82.0,4.0,1.0,memory_bound,
2026-01-05 02:01:00,48.92848587174966,93.38572010252798,58.60399594758981,228.95601508019612,0.0,0.0,27.46785105610525,73.32944635497043,13.845232726102019,29.95761919289739,83.0,4.0,1.0,memory_bound,
2026-01-05 02:02:00,50.39977422275625,93.66341393519049,58.25930099400689,236.92982376027695,0.0,0.0,32.11457850144704,70.51408393035486,10.24506873596112,35.57187281867865,84.0,8.0,1.0,memory_bound,
2026-01-05 02:03:00,47.11778627603078,93.94766620703788,57.89222194929989,216.7188383137027,0.0,0.0,31.562033756258412,69.89445840553664,0.0,31.898797353264218,85.0,3.0,1.0,memory_bound,
2026-01-05 02:04:00,46.75028546060634,94.99684992301691,58.21315730197377,227.87948016071738,0.0,0.0,29.217386091586036,69.33722249397765,0.0,37.490254849364945,86.0,5.0,1.0,memory_bound,
2026-01-05 02:05:00,44.51570799634431,96.36642868008235,58.31533821046335,211.92791043050826,0.0,0.0,33.63160074056103,68.71459263752772,0.0,37.355813707139525,87.0,2.0,1.0,memory_bound,
2026-01-05 02:06:00,43.39176094057216,97.21677489136718,57.84537343810946,207.36438571168827,0.0,0.0,31.900541842519477,70.33512117932956,0.0,49.10046480221665,88.0,5.0,1.0,memory_bound,
2026-01-05 02:07:00,43.92410824755423,96.80184379636773,57.65896300014137,211.9504245639626,0.0,0.0,31.12925903282366,68.9095913722439,12.502225155484687,36.182286721066994,89.0,5.0,1.0,memory_bound,
2026-01-05 02:08:00,45.27876496053314,95.2552710876445,57.59424528706044,212.39552045480676,0.0,0.0,31.839312011107452,65.04188426497487,11.13954928520836,37.5153160176803,90.0,3.0,1.0,memory_bound,
2026-01-05 02:09:00,43.94874864030034,94.94790901777473,57.71610213643059,215.04712879246597,0.0,0.0,28.837932451393787,64.02633751640994,18.629526312727155,47.874776053887686,91.0,6.0,1.0,memory_bound,
2026-01-05 02:10:00,43.67120725561615,92.34786444683468,57.30033365884046,216.8705353370744,0.0,0.0,28.00992321867261,65.04892323972695,11.822563607314535,52.500280380034525,92.0,6.0,1.0,memory_bound,
2026-01-05 02:11:00,43.28050360221555,91.95428505127319,56.89693049184506,206.32013052170828,0.0,0.0,26.15110656094728,68.53140721320842,15.552223251197752,66.61945137682332,93.0,5.0,1.0,memory_bound,
2026-01-05 02:12:00,41.60223121511362,90.64617454072827,57.06608841454856,203.78907688104087,0.0,0.0,26.15233000752183,68.96723943142321,13.935224769863972,63.785656294307856,94.0,4.0,1.0,memory_bound,
2026-01-05 02:13:00,38.11812136851887,87.83625664965312,56.71820537158539,183.58694880870124,0.0,0.0,27.618057731287525,66.31271792398658,43.91278438616497,63.35412604679836,95.0,5.0,1.0,memory_bound,
2026-01-05 02:14:00,34.53386353389651,86.76170806708508,55.84025323725131,164.58060258078416,0.0,0.0,29.83695302642466,66.34650035649777,29.40495434755928,52.22433337500135,96.0,4.0,1.0,memory_bound,
2026-01-05 02:15:00,35.042876151505055,85.7991831475526,55.37172893086542,172.67993955904,0.0,0.0,31.924696654360787,67.91977841028644,29.959588057206982,53.302749767642304,97.0,7.0,1.0,memory_bound,
2026-01-05 02:16:00,36.441630955179654,88.45053368708462,55.19165889550118,182.7689582699296,0.0,0.0,31.73360324778625,66.97118292630738,24.014146259704795,59.39603704536593,98.0,4.0,1.0,memory_bound,
2026-01-05 02:17:00,38.0412249192434,90.02667084473535,55.10010444472286,189.73946701674313,0.0,0.0,28.884165281462522,66.82472512041826,31.31667691738458,59.00518122935652,99.0,4.0,1.0,memory_bound,
2026-01-05 02:18:00,36.50709733701567,87.82348331747394,54.487247337031526,177.1329819474175,0.0,0.0,31.74077703994382,65.2570531930411,21.162085822940938,61.88440525931475,100.0,3.0,1.0,memory_bound,
2026-01-05 02:19:00,36.94516046244216,88.20222869630565,54.480810288067204,187.3040563926558,0.0,0.0,32.884212886252385,65.64322561284493,9.263786779034135,69.38409788095083,101.0,2.0,1.0,memory_bound,
2026-01-05 02:20:00,39.936151498467886,89.04239301921007,54.71117111713152,200.0635723512842,0.0,0.0,34.6936026415926,65.31657007525628,21.448269399581008,81.21702276753787,102.0,4.0,1.0,memory_bound,
2026-01-05 02:21:00,40.40865471536888,88.32568996102992,54.522474562316404,188.12949906309674,0.0,0.0,34.868846998801374,67.13199022909986,20.244079567356124,76.79835975260188,103.0,2.0,1.0,memory_bound,
2026-01-05 02:22:00,41.09723732386694,90.52544197300674,54.19748438089167,198.07954307974993,0.0,0.0,38.01886368684937,66.54558580631874,17.217654575738464,76.56796573579919,104.0,4.0,1.0,memory_bound,
2026-01-05 02:23:00,38.826349455608444,88.74752295367007,54.25764176655655,194.9076045171195,0.0,0.0,37.758867794660674,67.57035478293461,66.33274696742578,78.93865641280715,105.0,6.0,1.0,memory_bound,
2026-01-05 02:24:00,37.14537489022457,88.74627025772219,54.27719846112811,188.30190107589996,0.0,0.0,37.60736308274592,69.1179844457199,81.71654968582793,80.60582463538883,106.0,4.0,1.0,memory_bound,
2026-01-05 02:25:00,37.7826816477401,89.63877887204936,54.46972504300113,189.2105810309914,0.0,0.0,37.67769136931072,68.472072355106,52.320504250161264,95.43890108854355,107.0,4.0,1.0,memory_bound,
2026-01-05 02:26:00,37.160779728884386,89.35252240056646,54.20522618904428,191.18829561720867,0.0,0.0,37.23902565875763,68.72256694518774,51.989243910871735,105.41816352195065,108.0,5.0,1.0,memory_bound,
2026-01-05 02:27:00,38.823279488132016,85.33799451342095,54.66327509721447,189.26306936837366,0.0,0.0,34.84768815592211,67.13753906018452,53.54648886557413,100.16017308791123,109.0,3.0,1.0,memory_bound,
2026-01-05 02:28:00,1.5135629157364126,4.187808144843363,52.32288138448917,59.52308297644927,0.0,0.0,3.5678135711017984,22.345923236324136,0.9383212952704305,34.2153102932835,0.0,1.0,0.0,idle,
2026-01-05 02:29:00,0.0,4.819478107055161,50.52361040529552,60.53484043760144,0.0,0.0,7.207577279390117,21.996792769374867,5.219441518506969,34.078669108119385,0.0,4.0,0.0,idle,
2026-01-05 02:30:00,5.492437237267263,6.1250071505326735,49.31773209230555,82.10699928007328,0.0,0.0,9.07004466447686,22.606877149323022,0.0,30.897683816583132,0.0,2.0,0.0,idle,
2026-01-05 02:31:00,4.169691916546004,1.5103880693782195,48.37651759573738,68.43476721414658,0.0,0.0,9.540335246930699,25.513545935499298,0.0,17.432173997466066,0.0,3.0,0.0,idle,
2026-01-05 02:32:00,7.016286813460784,1.3835634730462836,47.525463585039084,86.31740334739985,0.0,0.0,5.281674122178452,25.51734024433532,0.0,26.974282815190584,0.0,1.0,0.0,idle,
2026-01-05 02:33:00,5.805271263361381,0.6305028846706087,46.47208446686204,68.81313429256423,0.0,0.0,0.0,23.999302184424536,10.209130525173947,21.80987437672145,0.0,2.0,0.0,idle,
2026-01-05 02:34:00,5.847509809923168,1.1486077175139355,45.461061921144065,82.15337685443956,0.0,0.0,0.0,23.544988735281073,4.8168104164137295,38.281986797823,0.0,1.0,0.0,idle,
2026-01-05 02:35:00,5.5922995609403285,2.178025195548912,44.83608508492892,79.67963469965581,0.0,0.0,1.6197804781481446,21.590379881476977,0.0,38.59221041215498,0.0,3.0,0.0,idle,
2026-01-05 02:36:00,1.9195163859170965,6.1665954515860015,44.033717690393246,69.5495751003892,0.0,0.0,0.0,22.28741689990273,0.0,42.84372856039449,0.0,3.0,0.0,idle,
2026-01-05 02:37:00,2.148541341750812,7.897970401472773,43.71293082506287,72.22665231418519,0.0,0.0,0.0,21.967980594969568,0.0,39.585524684453226,0.0,0.0,0.0,idle,
2026-01-05 02:38:00,3.4835438435997164,6.865085086666484,42.9853761846338,77.03533554527405,0.0,0.0,0.0,20.300093822390885,20.078433900507854,28.76846386367926,0.0,1.0,0.0,idle,
2026-01-05 02:39:00,5.692349515081238,8.54705759636969,42.70288557142442,75.12106944129269,0.0,0.0,0.0,18.522369039472377,44.074429781917466,28.162896646371053,0.0,1.0,0.0,idle,
2026-01-05 02:40:00,1.0731516246960375,8.588395354701097,42.19078439974194,61.09230503799844,0.0,0.0,1.2437049117969758,19.029915697991086,21.32490061877816,38.7448575248701,0.0,4.0,0.0,idle,
2026-01-05 02:41:00,0.0,8.003938772507219,41.61917097385242,63.63090033794579,0.0,0.0,2.128511040680468,23.239437554015495,38.238231631220806,33.8045966919691,0.0,4.0,0.0,idle,
2026-01-05 02:42:00,0.0,7.94527434893556,41.43121669166993,63.1629392200245,0.0,0.0,5.210743162081815,21.648992973593842,27.881985426154035,39.18336111566971,0.0,3.0,0.0,idle,
2026-01-05 02:43:00,0.0,2.4127856537202144,41.088370951626274,63.77857899572378,0.0,0.0,9.662945803270567,16.525771447616904,15.625905489852588,33.33958696516424,0.0,2.0,0.0,idle,
2026-01-05 02:44:00,1.484631371050766,3.497360973614323,40.49323628393046,64.50373234245573,0.0,0.0,9.870965890063353,15.605277965276546,0.0,17.408863273719703,0.0,2.0,0.0,idle,
2026-01-05 02:45:00,1.6716284338587446,3.6427398760621053,40.558331250667706,65.81821082489685,0.0,0.0,10.016802790338208,16.880495679975937,8.53897629366936,11.57596302117662,0.0,3.0,0.0,idle,
2026-01-05 02:46:00,2.2287169536115146,5.920964240364059,40.9199128888966,62.88520047071523,0.0,0.0,9.451409740888701,18.70398219391902,3.805926493333817,0.0,0.0,0.0,0.0,idle,
2026-01-05 02:47:00,0.0,7.686179013111927,40.55144569110472,56.23780059465281,0.0,0.0,6.368834860791411,21.52369803400715,0.0,0.0,0.0,1.0,0.0,idle,
2026-01-05 02:48:00,0.0,12.778935996113013,39.982696012204144,52.7110839574381,0.0,0.0,4.203449312487691,21.802834165727656,0.0,0.0,0.0,3.0,0.0,idle,
2026-01-05 02:49:00,0.0,9.88000034321196,39.64637189300988,60.89921948826159,0.0,0.0,0.0,20.87787192050071,0.0,0.0,0.0,1.0,0.0,idle,
2026-01-05 02:50:00,0.0,9.264169616387202,39.157937020568276,58.07010245386576,0.0,0.0,1.2672790619222702,19.36164015103613,0.0,0.26293345024944104,0.0,1.0,0.0,idle,
2026-01-05 02:51:00,0.0,6.511901470384181,39.181683490345115,57.97018812927748,0.0,0.0,3.6471029784265627,18.299499616030303,0.0,0.0,0.0,0.0,0.0,idle,
2026-01-05 02:52:00,0.0,5.671951797188549,39.201800380744466,58.94042370663095,0.0,0.0,0.0,18.485554154115583,0.0,5.573321794743443,0.0,3.0,0.0,idle,
2026-01-05 02:53:00,0.0,4.789511329917259,38.75359352514602,50.96697642267934,0.0,0.0,0.0,15.423438659643846,0.0,1.6014435840380292,0.0,1.0,0.0,idle,
2026-01-05 02:54:00,0.0,7.763439941019715,38.581975861409965,55.90272013276783,0.0,0.0,0.0,16.631111219370613,4.594683633778121,0.0,0.0,1.0,0.0,idle,
2026-01-05 02:55:00,0.0,8.326107276923775,38.55762454802675,56.622332726300655,0.0,0.0,0.0,18.481582289429223,9.322928438893603,1.9641219065386113,0.0,1.0,0.0,idle,
2026-01-05 02:56:00,0.0,7.72191840407306,38.05987565624441,51.820658971689625,0.0,0.0,0.0,21.378275527347476,0.910676880530449,5.9563412809107525,0.0,3.0,0.0,idle,
2026-01-05 02:57:00,0.0,6.8568846917464334,37.68954637305859,65.18012963139006,0.0,0.0,0.0,21.647165079237478,0.0,0.0,0.0,1.0,0.0,idle,
2026-01-05 02:58:00,0.0,4.955546622907201,37.57739567699404,55.94095742728709,0.0,0.0,0.0,25.313848606005052,0.0,0.0,0.0,2.0,0.0,idle,
2026-01-05 02:59:00,0.0,1.9333550153638717,37.40795687953466,55.82234663861038,0.0,0.0,0.0,25.310145613023945,0.0,0.0,0.0,3.0,0.0,idle,
2026-01-05 03:00:00,0.0,1.7154608851963662,37.54106603287339,63.949807900906414,0.0,0.0,0.0,25.299471340418187,0.0,0.0,0.0,1.0,0.0,idle,
2026-01-05 03:01:00,0.0,4.31663941829875,37.57042132843454,56.46451778305798,1.0,0.0,0.0,25.10628956248749,5.421745683736603,1.6558331797403407,0.0,1.0,0.0,idle,
2026-01-05 03:02:00,6.7760046713793125,3.7956038339406373,38.22999434012621,84.7901936620899,0.0,0.0,0.0,26.106156124246777,0.0,6.316400780183114,0.0,2.0,0.0,idle,
2026-01-05 03:03:00,3.9271519508138084,4.171246710352698,38.342021137605364,62.75488271330814,0.0,0.0,0.0,28.600096961706456,0.0,0.0,0.0,2.0,0.0,idle,
2026-01-05 03:04:00,0.0,2.2113728157251646,38.60518332783937,58.346360840154425,0.0,0.0,0.0,29.822260077473953,0.0,0.0,0.0,2.0,0.0,idle,
2026-01-05 03:05:00,0.4304348181770577,0.297871395627503,38.615415450012385,51.68106039456792,0.0,0.0,0.0,26.859470988689004,0.0,0.0,0.0,1.0,0.0,idle,
2026-01-05 03:06:00,1.2837280158012134,0.827258343581116,38.59062612449732,71.34246633303155,0.0,0.0,0.0,25.918691259794947,0.0,0.0,0.0,4.0,0.0,idle,
2026-01-05 03:07:00,3.1619694321169067,0.0,38.89928761408542,70.92769436599208,0.0,0.0,3.7568744553462405,27.6745906775242,0.0,7.766870273732896,0.0,5.0,0.0,idle,
2026-01-05 03:08:00,5.966919021420085,0.0,38.82795254934483,75.18571129029363,0.0,0.0,3.114186103756224,29.06878766213501,0.0,0.0,0.0,3.0,0.0,idle,
2026-01-05 03:09:00,0.0,0.0,38.279754968483964,54.931083608583165,0.0,0.0,0.5862623897884234,25.074896499833525,0.0,0.0,0.0,2.0,0.0,idle,
2026-01-05 03:10:00,0.0,0.0,38.63078809722997,57.10588146635889,0.0,0.0,1.7117071339546412,28.845468785865453,0.0,0.0,0.0,7.0,0.0,idle,
2026-01-05 03:11:00,0.27345284183345675,1.7962713893432252,38.268955014292246,60.99557222378219,0.0,0.0,3.6547672705685237,31.34949403359166,0.0,0.0,0.0,2.0,0.0,idle,
2026-01-05 03:12:00,0.0,2.934179183541179,38.475532138832044,50.96332642671267,0.0,0.0,6.596685018954998,28.553186824579175,0.0,0.0,0.0,3.0,0.0,idle,
2026-01-05 03:13:00,0.0,3.931800340966456,38.5486427706702,66.6828911693282,0.0,0.0,8.634273688145983,25.028419743849984,0.0,0.0,0.0,1.0,0.0,idle,
2026-01-05 03:14:00,0.0,4.174460462503281,38.76349907255792,65.36160584545568,0.0,0.0,8.385675108480203,29.87962978850532,0.0,0.0,0.0,4.0,0.0,idle,
2026-01-05 03:15:00,0.0,7.152561065207662,38.292698310755114,56.394638495758386,0.0,0.0,10.017585639757051,28.05886050130954,0.0,6.264375943065437,0.0,1.0,0.0,idle,
2026-01-05 03:16:00,0.0,5.621539794013721,38.03367321430387,50.0,0.0,0.0,11.052479754696103,29.746325565066236,0.0,5.106968732917399,0.0,2.0,0.0,idle,
2026-01-05 03:17:00,0.7719413053167885,6.597588240032091,38.526257146087,57.4823427467101,0.0,0.0,9.280103602141988,28.97107620047691,0.0,4.7063512838661214,0.0,2.0,0.0,idle,
2026-01-05 03:18:00,0.740133721452868,4.388207828254295,38.26920611264828,53.12527990371574,0.0,0.0,6.639470771181301,32.05551587749335,0.0,7.255962304092963,0.0,0.0,0.0,idle,
2026-01-05 03:19:00,2.531545340883995,5.940350444356857,38.33043334404519,66.86848609842782,0.0,0.0,7.4952867717677565,30.988158611672198,0.0,2.015294489445742,0.0,2.0,0.0,idle,
2026-01-05 03:20:00,3.836219665474977,5.491799306352657,38.19007103360307,74.31035223344857,0.0,0.0,3.9503933471215884,29.628594438364242,0.0,0.0,0.0,5.0,0.0,idle,
2026-01-05 03:21:00,0.0,3.665431891230562,37.92868930437785,58.553668606396364,0.0,0.0,10.304088096144046,28.770745177937854,0.0,0.0,0.0,0.0,0.0,idle,
2026-01-05 03:22:00,0.961948435090384,6.717877155080627,37.67297618300056,59.03011947176716,0.0,0.0,9.38274504439266,27.55225849380514,0.0,0.0,0.0,2.0,0.0,idle,
2026-01-05 03:23:00,2.5828521305506262,7.9207603851761625,37.58357124524053,64.94653092555536,0.0,0.0,10.486906861217559,26.99728102333912,0.0,0.0,0.0,1.0,0.0,idle,
2026-01-05 03:24:00,3.4129841607060847,7.577567974612515,37.54334034096155,68.28526483599369,0.0,0.0,2.951344566243514,22.938925887145132,0.0,8.00869252564466,0.0,3.0,0.0,idle,
2026-01-05 03:25:00,0.0,9.284124247060586,37.771016685951274,58.07492756808408,0.0,0.0,3.7576814801587775,23.2056610384474,0.0,0.0,0.0,3.0,0.0,idle,
2026-01-05 03:26:00,0.0,11.629919458753976,37.55997051238994,56.56808729763957,0.0,0.0,8.041486838124218,20.622162161397057,0.0,0.0,0.0,2.0,0.0,idle,
2026-01-05 03:27:00,0.0,10.038385870908996,37.67382982418083,63.555487824822656,1.0,0.0,7.785677668156325,21.681042756815167,0.0,0.0,0.0,3.0,0.0,idle,
2026-01-05 03:28:00,0.0,9.748852325508516,37.98885233132387,52.76849411886421,0.0,0.0,12.353541794912129,21.603020423221604,0.0,8.149903387430493,0.0,0.0,0.0,idle,
2026-01-05 03:29:00,0.0,11.999580050407706,38.06360657428691,60.275801665071604,0.0,0.0,12.602812555853735,24.67578410018311,0.0,4.907484909080813,0.0,2.0,0.0,idle,
2026-01-05 03:30:00,0.0,10.361189731804576,37.95896093083071,56.61384280677562,0.0,0.0,15.186998720225422,23.635360928025403,0.0,0.0,0.0,2.0,0.0,idle,
2026-01-05 03:31:00,2.2056026447403383,9.145012866858462,38.10568386098994,68.62526872351219,0.0,0.0,12.604826246839298,22.06164005737846,0.0,0.0,0.0,4.0,0.0,idle,
2026-01-05 03:32:00,2.63512835075639,9.729087765437997,38.00850515518418,76.49378583237566,0.0,0.0,8.730800646321303,21.627143159743362,0.0,4.976704152603918,0.0,0.0,0.0,idle,
2026-01-05 03:33:00,5.131792530315826,7.44866381881621,38.14171539143161,76.17251333581846,0.0,0.0,7.309972228668673,20.15150755385533,0.0,0.0,0.0,2.0,0.0,idle,
2026-01-05 03:34:00,3.90103077691973,10.855536999639417,38.213758466023044,75.35291866543871,0.0,0.0,12.693526785188961,20.68615685017186,0.0,8.662299780820101,0.0,3.0,0.0,idle,
2026-01-05 03:35:00,0.5057428355289308,7.768785696508076,38.60986073457252,70.24302223673497,0.0,0.0,9.516329421877874,18.600772417336337,0.0,11.063113777660261,0.0,3.0,0.0,idle,
2026-01-05 03:36:00,0.0,6.578908588330294,38.8279321216038,59.67284330665423,0.0,0.0,11.474551406845077,20.171260269195404,0.0,15.18868488255493,0.0,1.0,0.0,idle,
2026-01-05 03:37:00,62.51474493114248,79.51238381294799,42.00370928831344,275.4258494037725,0.0,0.0,50.80648802462312,70.7846842864933,246.50889780267244,109.08661842510762,0.0,6.0,2.0,mixed,
2026-01-05 03:38:00,66.3593196926982,80.29596545642143,44.8418052386407,278.28030712520376,0.0,0.0,48.81380467759568,69.75688171016715,250.45857808213805,118.97479255457964,1.0,5.0,2.0,mixed,
2026-01-05 03:39:00,63.13145604160962,85.30969323713093,47.284466992205445,273.1289239955269,0.0,0.0,50.05924181174189,69.82997006437982,266.72327724072744,122.36003559507063,2.0,3.0,2.0,mixed,
2026-01-05 03:40:00,61.44921040592142,87.64582915500819,49.55901460219439,262.6139531029427,0.0,0.0,48.91455519185154,71.47456176813282,255.90684865969075,127.91802095575828,3.0,2.0,2.0,mixed,
2026-01-05 03:41:00,62.086905025284395,82.94474020317172,51.392242408371665,275.69959483727763,0.0,0.0,49.550774717683595,72.36240645033415,262.1998741856566,120.63308799725444,4.0,3.0,2.0,mixed,
2026-01-05 03:42:00,62.33950075200531,84.25838564910423,52.81331463099487,267.6254693132762,0.0,0.0,52.77083430861663,73.17678699585007,250.078890853717,126.04522321748439,5.0,5.0,2.0,mixed,
2026-01-05 03:43:00,62.61378005184077,86.4563707463026,53.92447542742155,272.75516766930764,0.0,0.0,52.910217200581016,70.99582597469544,291.46736218017367,112.50433536826772,6.0,3.0,2.0,mixed,
2026-01-05 03:44:00,62.694601633052606,86.35631808760485,55.212614052171666,270.4205979628978,0.0,0.0,49.272607349715855,70.14313891782521,284.38377247746513,103.76362266077425,7.0,6.0,2.0,mixed,
2026-01-05 03:45:00,68.16797388438663,83.65718788925811,56.12801254681967,280.73268272798765,0.0,0.0,46.83742527682854,70.50048461085811,273.5732094518608,138.3611444161435,8.0,6.0,2.0,mixed,
2026-01-05 03:46:00,73.22159823238988,87.51618778510425,57.51340123776282,312.5444321551952,0.0,0.0,43.465945609747024,71.37173623404078,296.0115971408797,138.1174286301358,9.0,6.0,2.0,mixed,
2026-01-05 03:47:00,70.25223369817533,88.2988846214727,58.659517241869196,292.69660369869234,0.0,0.0,44.64362976331964,74.46769388581959,301.92761369294055,140.72200416897442,10.0,5.0,2.0,mixed,
2026-01-05 03:48:00,69.59654825416946,84.80277454245889,59.84310380051139,292.48263278256866,0.0,0.0,47.38466031611594,71.76300187833164,312.54128852800477,153.5301820634046,11.0,3.0,2.0,mixed,
2026-01-05 03:49:00,72.58718467189753,82.41506482050225,60.91258870877173,303.6959317564422,0.0,0.0,42.173000422857825,73.04945337925591,336.05791169573416,138.50689392150917,12.0,2.0,2.0,mixed,
2026-01-05 03:50:00,72.48933246711726,80.0182817331808,61.65323430618592,311.2953460139998,0.0,0.0,42.95051955147236,71.07502149978514,297.4335555647747,136.59087511816077,13.0,4.0,2.0,mixed,
2026-01-05 03:51:00,67.24661671680516,81.29787248159177,62.32177866920099,301.37566970184326,0.0,0.0,46.75847712539313,70.65588027382903,291.88792933678036,114.67784075128907,14.0,5.0,2.0,mixed,
2026-01-05 03:52:00,73.00153367135992,84.17024973432092,62.5423560545253,302.34875859586793,0.0,0.0,45.07562361344084,67.88489214795794,298.65823634932707,120.13054961503128,15.0,4.0,2.0,mixed,
2026-01-05 03:53:00,68.38398733531464,82.7512401419112,63.384517338108346,296.8662648938278,0.0,0.0,46.202056083779844,68.30490779825277,300.4182937185759,113.24836573618117,16.0,5.0,2.0,mixed,
2026-01-05 03:54:00,68.79902660134043,81.82590506144545,63.10298660637612,288.3369067383115,0.0,0.0,45.40472971811166,70.13893383697943,305.10813823423246,106.10536303644064,17.0,3.0,2.0,mixed,
2026-01-05 03:55:00,66.61461857898851,85.73801593204149,63.74598235148321,290.7942866767668,0.0,0.0,43.64067974241823,71.28169625221066,305.4429128862663,88.44936725676101,18.0,4.0,2.0,mixed,
2026-01-05 03:56:00,70.07746175352729,86.20003160355229,64.44929660112017,305.4210667056801,0.0,0.0,43.39276657492269,74.2233824182454,276.535628724538,80.19793336911052,19.0,3.0,2.0,mixed,
2026-01-05 03:57:00,66.3145643962768,85.82337115212513,64.71364477750956,290.4459351548828,0.0,0.0,41.948803080189776,72.24303611023345,255.87171594150402,91.90605002782928,20.0,5.0,2.0,mixed,
2026-01-05 03:58:00,69.71688503639157,84.28546334410723,65.23042253702658,294.2509165976347,0.0,0.0,38.71992530272733,72.26972690124103,251.57314451472234,91.79181806864229,21.0,4.0,2.0,mixed,
2026-01-05 03:59:00,71.18559939825734,83.67441626553696,65.44921260232178,299.1593851119565,0.0,0.0,36.832130540958346,68.97708506830622,238.94914585559735,93.47580244173048,22.0,3.0,2.0,mixed,
2026-01-05 04:00:00,74.98590964306757,82.06491133361203,65.64306255416933,319.86647293273353,0.0,0.0,38.88187933777134,70.74264956085233,203.47753416946347,89.06101349466203,23.0,5.0,2.0,mixed,
2026-01-05 04:01:00,73.12028773840714,79.19818300150901,65.64386493389509,314.05225654231486,0.0,0.0,42.19770041632226,74.69049956305304,212.69033643266798,100.05327907458532,24.0,5.0,2.0,mixed,
2026-01-05 04:02:00,70.53925858722639,82.09861958396922,65.67402881698519,305.455267952321,0.0,0.0,47.06723785846612,74.59666281052257,211.78160720318772,109.50837068654214,25.0,8.0,2.0,mixed,
2026-01-05 04:03:00,69.70734087926225,76.89405592083047,65.4622826824395,282.03326186137224,0.0,0.0,47.43364188257076,69.54918770568689,205.16827014468066,117.77905214768927,26.0,2.0,2.0,mixed,
2026-01-05 04:04:00,71.62617049796906,76.36962246687771,65.76550801345397,304.4094054052096,0.0,0.0,48.387996384846524,70.12628112029762,203.57790326008845,106.36655660987998,27.0,5.0,2.0,mixed,
2026-01-05 04:05:00,69.129721680549,76.03323064832914,66.22235061718077,295.22880765096704,0.0,0.0,44.87695894712035,69.92783753350224,231.3811502047746,115.37771962971951,28.0,4.0,2.0,mixed,
2026-01-05 04:06:00,70.9144117330176,75.48254589886162,66.42063141165012,305.32229361601316,0.0,0.0,41.18243837862073,65.7821681098244,228.5516584646617,113.26214279825444,29.0,5.0,2.0,mixed,
2026-01-05 04:07:00,70.21635996659224,74.9340412977182,66.44161751795694,298.2180663187221,0.0,0.0,49.250351324484484,69.94970339921841,216.97420137440707,113.96302264595627,30.0,3.0,2.0,mixed,
2026-01-05 04:08:00,70.6582462906243,73.94350505232933,66.5754483904708,293.9124962216834,0.0,0.0,48.70059715951208,72.73292872648054,234.7907055181983,100.68391729360106,31.0,3.0,2.0,mixed,
2026-01-05 04:09:00,70.14084911959267,71.8202844900076,67.06335977400693,301.2123845027985,0.0,0.0,53.820275341176895,75.9776124692194,249.25895656426022,104.56685370330685,32.0,3.0,2.0,mixed,
2026-01-05 04:10:00,70.554848651058,70.84048023975635,67.31981537873267,302.0411307173597,0.0,0.0,55.87544434551823,77.88300329594688,255.31334020855854,115.67248111323538,33.0,2.0,2.0,mixed,
2026-01-05 04:11:00,68.42477406800157,74.78667786390606,67.07336054327808,293.5285846406471,0.0,0.0,50.20470857720011,77.21258919282249,254.27171641668215,114.72096594096098,34.0,3.0,2.0,mixed,
2026-01-05 04:12:00,68.12439037218738,77.12112832075266,66.80302671864794,294.5857558649308,0.0,0.0,44.10778588889136,80.86135833397472,269.899851313288,114.87657051854558,35.0,3.0,2.0,mixed,
2026-01-05 04:13:00,65.94371744466767,79.61066189191277,66.7973779296467,290.7714357724894,0.0,0.0,44.01714791413057,78.85712376355583,256.52186001575,119.9510029498556,36.0,3.0,2.0,mixed,
2026-01-05 04:14:00,64.60955507297197,80.24851117846869,66.25972780597832,269.60295830502696,0.0,0.0,42.55818266948751,78.56763930459911,287.3097179208389,108.43969377360848,37.0,3.0,2.0,mixed,
2026-01-05 04:15:00,67.66282725337199,81.29119822357131,65.95575108199178,280.9828999753295,0.0,0.0,35.81669563907892,76.26850071225341,296.82402126378656,122.60347642090903,38.0,3.0,2.0,mixed,
2026-01-05 04:16:00,66.48051374639553,81.64670268111155,65.9200511795059,281.25873084372256,0.0,0.0,33.51632726763836,74.08759074668701,299.12565882607555,120.99093656835211,39.0,5.0,2.0,mixed,
2026-01-05 04:17:00,69.68515303927214,82.99899850632029,65.9445266090861,296.4831561447343,0.0,0.0,36.93109337721482,74.27980394759061,276.9394621054853,125.29162258704412,40.0,4.0,2.0,mixed,
2026-01-05 04:18:00,66.29067954523471,83.77584895443388,66.02322089054593,279.39339291130796,0.0,0.0,40.492460299593894,72.8946160567597,262.3099438074461,120.49106684431666,41.0,3.0,2.0,mixed,
2026-01-05 04:19:00,69.50912289302104,81.94802121141143,66.06060630672832,293.204392602011,0.0,0.0,40.18076395853667,75.95123006225525,273.26618859165916,130.27003517425138,42.0,4.0,2.0,mixed,
2026-01-05 04:20:00,67.57395212798791,81.070612789066,65.82666120545308,290.569161340899,0.0,0.0,47.86672514126284,73.66584342759835,277.1745370200539,113.69036087621923,43.0,5.0,2.0,mixed,
2026-01-05 04:21:00,69.82618775391116,82.72778974865228,65.76210696785604,290.66980725518283,0.0,0.0,50.04065534317931,70.90672001819256,272.10966838343944,103.17893646915527,44.0,5.0,2.0,mixed,
2026-01-05 04:22:00,69.02768682538661,82.79122323818196,65.98171079380387,292.89004293179636,0.0,0.0,51.17848811369166,71.79429977806448,272.7666810607972,93.65939771344003,45.0,3.0,2.0,mixed,
2026-01-05 04:23:00,69.64360829231366,83.83584743589034,66.44564031656832,290.44573419145496,0.0,0.0,52.85715385580356,75.2203599341875,263.9983370984576,95.04403469928383,46.0,3.0,2.0,mixed,
2026-01-05 04:24:00,67.36513134403275,81.36445742767059,65.65919992929362,284.7655807776844,0.0,0.0,48.82062765916256,71.92750321957888,256.0787917879592,89.3440170055407,47.0,5.0,2.0,mixed,
2026-01-05 04:25:00,63.82067839581586,82.27109366487221,66.12458736148214,286.52644886556436,0.0,0.0,44.875804666252215,71.13247643547466,254.66599412279533,100.74865468360203,48.0,4.0,2.0,mixed,
2026-01-05 04:26:00,61.35303167494184,78.7177598426591,66.09206523120154,272.7191442622633,0.0,0.0,46.30813751078978,71.9449527343649,237.92342845072784,103.52741715398405,49.0,7.0,2.0,mixed,
2026-01-05 04:27:00,62.65238358177086,79.37093774923667,65.71887492508374,272.7829582658779,0.0,0.0,47.402671579812036,71.31940407928242,252.35317212664006,93.90271030726448,50.0,6.0,2.0,mixed,
2026-01-05 04:28:00,64.45262483599126,82.15088794292235,65.82017798726098,277.6129304181705,0.0,0.0,43.63664545332028,68.80200554554759,271.40231783694185,99.48499762593825,51.0,4.0,2.0,mixed,
2026-01-05 04:29:00,64.27556499248156,81.3434974164974,65.56719917289956,273.40825160608847,0.0,0.0,41.45189937451388,67.6317509148206,270.26123180221515,103.21508114777804,52.0,3.0,2.0,mixed,
2026-01-05 04:30:00,63.13414819650662,81.10931864934001,65.31564252242656,278.088884771186,0.0,0.0,42.38245124954865,70.36579798206418,284.2614954342943,103.53986742871443,53.0,2.0,2.0,mixed,
2026-01-05 04:31:00,67.04750918846342,80.9588252641583,65.48288087061728,290.9445423809909,0.0,0.0,41.581421365818805,70.1419131816588,267.0797453882006,106.14659822026184,54.0,3.0,2.0,mixed,
2026-01-05 04:32:00,65.64101629137043,80.90332158479862,64.9558422298033,283.9263837271786,0.0,0.0,42.801873738565476,69.33012758204568,278.5607273018707,112.5008639837049,55.0,4.0,2.0,mixed,
2026-01-05 04:33:00,66.36209643400261,84.2141332865817,65.21341423222201,282.52820758155616,0.0,0.0,43.88371526574052,68.82378509669755,296.0234397889425,108.48534004972292,56.0,3.0,2.0,mixed,
2026-01-05 04:34:00,67.41555205712856,83.89398665798471,65.49121249310494,284.0567417667834,0.0,0.0,45.66711688944784,68.10604223942897,293.55698682589895,118.47386917812436,57.0,5.0,2.0,mixed,
2026-01-05 04:35:00,67.65122594811571,83.10687604757317,65.67272175516403,286.23744351357465,0.0,0.0,46.06065135554026,72.00110992008369,306.9221951778101,105.05043235234359,58.0,2.0,2.0,mixed,
2026-01-05 04:36:00,68.84417593736806,81.20770390877402,65.74989320549912,292.0540133517932,0.0,0.0,45.58598431574494,71.55439186458555,292.6052063097708,100.87218007459302,59.0,5.0,2.0,mixed,
2026-01-05 04:37:00,68.44721115417104,81.09184835554407,65.98074816126075,295.9814449627885,0.0,0.0,47.715567189639785,70.87704699730413,263.3664793473939,102.22008304399222,60.0,5.0,2.0,mixed,
2026-01-05 04:38:00,70.38114543488344,81.17410433303965,66.29742918768648,299.61734324804434,0.0,0.0,46.43316717559924,70.20508874537273,265.7095633318064,104.98425289144109,61.0,4.0,2.0,mixed,
2026-01-05 04:39:00,72.31985104304601,79.55582768935571,66.45964896744519,297.93064872101655,0.0,0.0,41.58767339118348,69.74381106314182,239.37610565895193,104.00027691327675,62.0,3.0,2.0,mixed,
2026-01-05 04:40:00,70.38658986856791,81.18266211019723,66.64148060729973,293.8328102035619,0.0,0.0,38.62868651643315,73.02941971341583,238.02670297813128,105.23552953590426,63.0,3.0,2.0,mixed,
2026-01-05 04:41:00,79.9318066304468,80.33595492597567,67.09104425413348,332.83575175437096,0.0,0.0,39.315269947180724,75.12512761399728,249.85594337992723,127.45376346528532,64.0,4.0,2.0,mixed,
2026-01-05 04:42:00,74.82502980814647,81.77325721452999,67.3072331036161,313.13270874002706,0.0,0.0,38.67556424083284,76.62898120597656,239.43589224399315,112.00545399644493,65.0,6.0,2.0,mixed,
2026-01-05 04:43:00,77.65283586358399,84.39403235337123,67.91074991548784,335.65700377385014,0.0,0.0,38.738582161767546,77.46635039477638,214.77399901736203,103.04257034886473,66.0,4.0,2.0,mixed,
2026-01-05 04:44:00,75.78767474566831,85.15944943267756,68.05717878825244,315.4449017770109,0.0,0.0,42.32515304883537,75.2638649138227,209.05267072956784,112.57510509357756,67.0,6.0,2.0,mixed,
2026-01-05 04:45:00,78.63101446571285,82.26117423040743,68.78804580948734,326.5747397133838,0.0,0.0,39.81863403664704,74.05747304039421,201.62984713858032,97.51052328973782,68.0,5.0,2.0,mixed,
2026-01-05 04:46:00,77.56003836477296,80.8411241287004,69.08578119565504,320.9253055013712,0.0,0.0,30.138181644017564,70.41606369849617,203.56403770413382,84.41172618330401,69.0,5.0,2.0,mixed,
2026-01-05 04:47:00,79.00793933419722,82.75394617228596,69.07081867634392,332.6464081251633,0.0,0.0,34.66963668292492,68.81754494335274,198.08561085773954,83.41595089687138,70.0,4.0,2.0,mixed,
2026-01-05 04:48:00,78.3427369032183,84.81767658867147,69.6854404250073,328.07814879094263,0.0,0.0,33.57167488634438,69.58829159613474,205.3367605095911,76.52439855619022,71.0,5.0,2.0,mixed,
2026-01-05 04:49:00,77.37475088653561,86.0685113773896,69.8086215499347,317.905255908659,0.0,0.0,39.671773806654784,71.40192064966992,205.26741352260274,65.48485766536444,72.0,2.0,2.0,mixed,
2026-01-05 04:50:00,80.02594926127308,84.21544788412109,70.20678563221436,325.1895130616298,0.0,0.0,38.76571818273633,73.83057158796485,226.84482263773947,68.41649762095204,73.0,2.0,2.0,mixed,
2026-01-05 04:51:00,79.86060787407366,85.06797541755422,70.5127850392245,336.58712559426584,0.0,0.0,43.901177777185936,73.30684027163413,234.09902298355357,78.93309699802245,74.0,5.0,2.0,mixed,
2026-01-05 04:52:00,76.15899434373787,84.57077816173899,70.95802216668575,321.15646108174747,0.0,0.0,46.04062202181401,74.71525294946412,252.70337431979732,92.772877788979,75.0,4.0,2.0,mixed,
2026-01-05 04:53:00,76.56305882043317,83.32957015327574,70.95882909367872,324.5414985286639,0.0,0.0,48.33158194777174,74.79378036378164,229.77982682089979,94.70542385706672,76.0,4.0,2.0,mixed,
2026-01-05 04:54:00,73.37015676819122,81.3287375184787,70.77967334581949,312.17258057296976,0.0,0.0,49.59187462779798,75.21297464129773,266.36996335223995,96.53597205190275,77.0,3.0,2.0,mixed,
2026-01-05 04:55:00,69.53185686980406,79.56792137346237,70.51561488475996,302.59949817611243,0.0,0.0,46.482773958261426,76.74490770731929,283.66026846486966,101.84234495443609,78.0,5.0,2.0,mixed,
2026-01-05 04:56:00,70.09386750125373,75.31134664953618,70.36363293911405,299.744378822735,0.0,0.0,47.21171752150078,76.45378432431147,253.6550676146428,117.60403174897807,79.0,4.0,2.0,mixed,
2026-01-05 04:57:00,62.810401585363245,75.48278520842459,69.95281859229523,278.2751531879028,0.0,0.0,55.24349088091196,74.07535280414268,248.85424682892193,107.60363473891445,80.0,4.0,2.0,mixed,
2026-01-05 04:58:00,61.925996958440905,78.09665827047385,69.54721132623979,264.43866820433544,0.0,0.0,47.34421957907875,72.67579103003432,249.55854166293648,117.72039937837755,81.0,4.0,2.0,mixed,
2026-01-05 04:59:00,60.14493002814167,79.15213879962464,68.92669706677313,270.46320695067794,0.0,0.0,47.10070638546148,70.58700897427629,227.45298302024213,117.14490126872764,82.0,2.0,2.0,mixed,
2026-01-05 05:00:00,63.587977363639276,78.29920951112135,68.48574365110957,279.30666332577573,0.0,0.0,46.16416673492087,68.57652594086301,248.21588294306144,124.95450079050615,83.0,6.0,2.0,mixed,
2026-01-05 05:01:00,64.05317376565853,76.29685274545187,67.88933428276071,267.3319635869793,0.0,0.0,42.18202861903325,71.03235558058499,252.45899637714209,118.50680164123094,84.0,2.0,2.0,mixed,
2026-01-05 05:02:00,62.674887546598,76.68158043399036,67.86657210970517,282.73594306614046,0.0,0.0,41.90663695497293,71.77227875582871,243.80013315200867,107.79181889650783,85.0,4.0,2.0,mixed,
2026-01-05 05:03:00,60.98646500970035,74.14498659514048,67.39389243528903,274.1203452423754,0.0,0.0,41.876261001290366,70.24390506930614,213.48035183239088,119.7470491822903,86.0,4.0,2.0,mixed,
2026-01-05 05:04:00,63.6731724170163,74.8467566803682,67.07252070351547,282.2591803430916,0.0,0.0,40.86430718129414,69.529795665642,238.98685749054295,115.52003753830216,87.0,5.0,2.0,mixed,
2026-01-05 05:05:00,68.62506118408638,72.47240528006515,67.1365132360738,294.479569876994,0.0,0.0,43.77375378461429,71.83536855759623,263.6563871261951,116.36819923460335,88.0,4.0,2.0,mixed,
2026-01-05 05:06:00,66.42639769386652,74.64989777166552,67.16418955284054,276.2264911146564,0.0,0.0,43.86437573798581,70.39601228212396,238.42264758767283,128.1257147629384,89.0,4.0,2.0,mixed,
2026-01-05 05:07:00,63.39270371986743,74.58275872965567,66.63870587725025,266.898269753758,0.0,0.0,41.08781858604415,69.78631012234507,245.05162059405797,112.48341175687321,90.0,3.0,2.0,mixed,
2026-01-05 05:08:00,63.60776996911704,74.93326446094254,66.56768680780155,270.41869417836205,0.0,0.0,43.06357786274378,71.1423808144432,226.69860084176625,100.28644163386332,91.0,4.0,2.0,mixed,
2026-01-05 05:09:00,67.21290900502159,77.24888090260092,66.30944488784561,288.31278205893045,0.0,0.0,41.564033486976335,71.09350069483327,228.21948940161974,95.62679824350252,92.0,3.0,2.0,mixed,
2026-01-05 05:10:00,67.18618035290413,73.41668672058385,66.37906289498231,294.26271097821007,0.0,0.0,41.731581025501725,68.93682774698814,218.1050230450179,86.86929480832022,93.0,5.0,2.0,mixed,
2026-01-05 05:11:00,67.80802506803681,73.94886813783114,66.35625433797628,289.5573364618416,0.0,0.0,43.262181719453984,71.80275192643738,202.68806170223664,89.54956197040192,94.0,6.0,2.0,mixed,
2026-01-05 05:12:00,67.32606652823829,74.773310679716,66.16395582023829,287.44657996792125,0.0,0.0,39.79651460243303,73.7043942158242,178.62322600271827,96.36565603117333,95.0,2.0,2.0,mixed,
2026-01-05 05:13:00,66.78115874355387,71.10312094755055,66.56500231758268,284.757649644451,0.0,0.0,41.863481278020984,71.09921068071861,182.1120604812424,94.33822619956956,96.0,2.0,2.0,mixed,
2026-01-05 05:14:00,62.92502036817037,75.18682791642073,66.2426259030017,278.27769111000026,0.0,0.0,40.138154655453995,74.08841093179244,176.3731892112824,97.87704045832905,97.0,3.0,2.0,mixed,
2026-01-05 05:15:00,61.97275157618377,76.15776747031396,65.83380190853683,261.8227103030276,0.0,0.0,39.422387147883725,73.01048111103243,191.30570739497128,108.61247511355832,98.0,6.0,2.0,mixed,
2026-01-05 05:16:00,64.65700740559409,77.20156251525775,65.60269400726551,278.516232511729,0.0,0.0,44.527678961428286,70.47320371332599,226.72528041499856,112.22044496640183,99.0,4.0,2.0,mixed,
2026-01-05 05:17:00,65.1208846854248,80.03374610031935,65.13607313263515,281.91147824599943,0.0,0.0,43.35562891897456,73.47516592534838,212.418704595892,136.244695165129,100.0,5.0,2.0,mixed,
2026-01-05 05:18:00,64.4554417503624,79.97711536418814,64.62686139535919,279.12314179720414,0.0,0.0,46.39696656969992,74.90162146260089,219.28890508571445,139.8879997027799,101.0,5.0,2.0,mixed,
2026-01-05 05:19:00,68.71770182208111,77.44112989608055,64.6484063420312,294.2168882624265,0.0,0.0,46.27209153319442,73.24929620004008,222.65756892096675,139.5857189305914,102.0,6.0,2.0,mixed,
2026-01-05 05:20:00,67.78935126185863,74.90993483737843,65.52543131459844,289.9115570395521,0.0,0.0,48.752650430583316,73.7031994252227,228.47128694772707,146.71167436704957,103.0,3.0,2.0,mixed,
2026-01-05 05:21:00,67.48177166664827,74.10445295957359,65.0038329368971,297.17176350567775,1.0,0.0,44.44517914909659,76.4846656528165,227.80633415566305,144.15759899312542,104.0,4.0,2.0,mixed,
2026-01-05 05:22:00,63.00500725740035,74.63530022747096,64.63784555141626,269.1367120032357,0.0,0.0,44.83298038362996,77.19635528195478,234.63424192908332,140.8720784693478,105.0,3.0,2.0,mixed,
2026-01-05 05:23:00,66.74859672136206,77.61997918541097,64.82715035984644,283.0801385006708,0.0,0.0,44.69193431673833,78.39632064880966,249.2223860801035,134.65904532272845,106.0,3.0,2.0,mixed,
2026-01-05 05:24:00,61.062821819575454,78.22152785839721,64.45249022801337,253.95993259893962,0.0,0.0,47.7085205067733,78.18297988428795,251.02200282964313,121.2013996920469,107.0,4.0,2.0,mixed,
2026-01-05 05:25:00,61.19585046841211,79.59788331566594,64.47530668246611,264.22993220474507,0.0,0.0,44.71474354682591,79.43740232498811,243.85983046515955,117.77600658575304,108.0,6.0,2.0,mixed,
2026-01-05 05:26:00,65.46614480980521,76.81078548918661,64.53539198905814,283.4244661156397,0.0,0.0,47.985446250047104,78.04940429888585,272.0030923988831,102.2494146424087,109.0,5.0,2.0,mixed,
2026-01-05 05:27:00,64.60182666203774,75.84829470388665,65.37661944255731,279.3197696707566,0.0,0.0,50.28579322816055,76.44291674291524,271.3456031519402,108.10413829039729,110.0,3.0,2.0,mixed,
2026-01-05 05:28:00,64.96815948687033,78.58628729503813,64.98246358377392,279.864880959586,0.0,0.0,49.42582374211037,74.39116283574008,290.01258910874026,101.74408233440853,111.0,5.0,2.0,mixed,
2026-01-05 05:29:00,65.13504079889417,77.60126808051136,64.4152879708818,280.84798937434715,0.0,0.0,49.949495493973764,74.14064457349876,274.109257518813,106.31245169833186,112.0,4.0,2.0,mixed,
2026-01-05 05:30:00,69.66118413784665,79.16681737851754,64.55377185925008,300.6619024341246,0.0,0.0,49.19728920980487,73.86313908443546,296.07358469375356,110.78600139468111,113.0,2.0,2.0,mixed,
2026-01-05 05:31:00,73.09356544601809,76.28730072212458,65.0344265263524,313.82542636744716,0.0,0.0,54.50022568883202,75.03774580395356,309.93490762428894,111.89756249495161,114.0,4.0,2.0,mixed,
2026-01-05 05:32:00,74.64633961175606,78.69456220934144,65.34637044252337,317.7813763855648,0.0,0.0,57.1337383488139,75.94182053320726,286.4414222740059,111.54590819303253,115.0,4.0,2.0,mixed,
2026-01-05 05:33:00,76.29431770922868,80.69850379303668,66.12317903304108,320.61090204237837,0.0,0.0,57.01053923967329,74.76451861732737,296.8805470612326,116.45190283319569,116.0,3.0,2.0,mixed,
2026-01-05 05:34:00,77.28594378517413,81.20215976325724,66.24678272226765,324.729199427953,0.0,0.0,52.344435815649895,73.74368422558739,283.9525848388999,132.6502018998604,117.0,5.0,2.0,mixed,
2026-01-05 05:35:00,78.53784609335173,78.58707182047628,66.3513859374079,318.88513440906564,0.0,0.0,47.112894789386026,73.93565178224648,294.9302809772173,125.60029711069218,118.0,3.0,2.0,mixed,
2026-01-05 05:36:00,78.35026687027069,77.52296499187827,66.88229446184727,334.4987132053312,0.0,0.0,49.50280836388514,74.78017404994918,273.68135177020207,111.66657535270247,119.0,6.0,2.0,mixed,
2026-01-05 05:37:00,78.93466198411824,79.14110837395248,67.21723380639182,330.68060440590233,0.0,0.0,51.974982662696334,72.66445755893713,261.7787146244709,102.63182543782999,120.0,5.0,2.0,mixed,
2026-01-05 05:38:00,78.22323913430728,79.64142464083581,67.68911679728348,335.96276957894025,0.0,0.0,52.382619096743916,74.400431931017,259.2758498933855,100.23312882358375,121.0,3.0,2.0,mixed,
2026-01-05 05:39:00,78.08507426801567,76.93757216589108,67.72475991494437,319.8447345238922,0.0,0.0,49.96191214474415,72.22961556438362,255.59620552486624,100.98767066642539,122.0,2.0,2.0,mixed,
2026-01-05 05:40:00,78.02736221445515,79.04590339542398,68.20135314635752,328.4753896626989,0.0,0.0,50.34501053779376,70.48181563290261,241.37886004992242,100.21184171012521,123.0,2.0,2.0,mixed,
2026-01-05 05:41:00,82.50008992273308,78.32921405795658,68.58785168591565,340.30898252237967,0.0,0.0,51.32598495143992,68.87576902047448,260.16891141149614,110.03067989426508,124.0,5.0,2.0,mixed,
2026-01-05 05:42:00,82.03541376831818,79.2106531253628,69.21158758760667,347.8363594364536,0.0,0.0,51.98828372707392,73.13048973348273,257.03982931141803,115.42815059551765,125.0,4.0,2.0,mixed,
2026-01-05 05:43:00,80.17669476004517,80.28652636897407,69.5863325495758,334.852475040292,0.0,0.0,51.368781115665996,73.41040885420767,259.7510057908416,107.59868491857237,126.0,3.0,2.0,mixed,
2026-01-05 05:44:00,77.53106628120894,79.12888551791517,70.05869468701492,324.45179845499575,0.0,0.0,47.85172033657739,75.78729757888468,268.91204990837144,87.83846590895968,127.0,3.0,2.0,mixed,
2026-01-05 05:45:00,77.48932035526958,76.18243727093679,70.02219903062974,330.57239480443013,0.0,0.0,48.190393332907796,73.75067506132767,262.79825518184816,96.92217505383232,128.0,2.0,2.0,mixed,
2026-01-05 05:46:00,75.50413471629733,75.47336576067596,69.97933653826998,316.1940419747138,0.0,0.0,48.71719331761597,76.9522617540023,262.48704789877485,94.77170635555566,129.0,6.0,2.0,mixed,
2026-01-05 05:47:00,74.2245966096292,71.2870534511678,69.78722947065256,309.32088032862237,0.0,0.0,48.65688965039986,71.12948051185458,264.6845614844258,101.61298889900213,130.0,4.0,2.0,mixed,
2026-01-05 05:48:00,67.21671899940088,70.77669236516537,69.58043915367874,291.1606158930221,0.0,0.0,45.68713995073895,70.05922795249876,219.16336146993757,108.22597525133565,131.0,5.0,2.0,mixed,
2026-01-05 05:49:00,65.8219570718909,69.96216188852668,68.88879956925275,283.99364189616193,0.0,0.0,45.082810053765115,69.91029039861746,249.5986279804368,106.11826787030017,132.0,8.0,2.0,mixed,
2026-01-05 05:50:00,67.19689366062713,69.94036758034424,68.52916713719074,297.2222947057818,0.0,0.0,46.191064139086116,70.48379824008978,269.9262001704257,111.67767437275009,133.0,4.0,2.0,mixed,
2026-01-05 05:51:00,0.0,0.0,65.01374996841756,74.13629580184377,0.0,0.0,4.088153563619303,22.405064687168945,17.52724648563732,1.8859555241825752,0.0,3.0,0.0,idle,
2026-01-05 05:52:00,0.0,0.0,61.72425321498405,65.57971259135346,0.0,0.0,8.74739089703677,24.8959206880657,4.182857607412522,13.777460614280995,0.0,1.0,0.0,idle,
2026-01-05 05:53:00,0.0,0.0,58.63711503275795,59.543967759250535,0.0,0.0,9.70322720330656,23.31257047619865,19.23582428393801,14.607087408709127,0.0,5.0,0.0,idle,
2026-01-05 05:54:00,0.0,2.3260944149451372,56.14455710700788,58.176037751672894,0.0,0.0,13.12091785712435,22.3147146346676,12.74913761393588,9.854057166936332,0.0,3.0,0.0,idle,
2026-01-05 05:55:00,1.5261850063159834,3.133778315477959,54.15412756853509,63.48107792015925,0.0,0.0,10.873054133372575,23.348336275329796,0.0,5.587691346990473,0.0,1.0,0.0,idle,
2026-01-05 05:56:00,0.5224372806125058,4.1952663303244195,52.16773584268187,62.03463300129123,0.0,0.0,8.28800834883484,20.423162578469036,2.6009018103290824,0.0,0.0,3.0,0.0,idle,
2026-01-05 05:57:00,0.0,4.581871859137956,50.287580971639635,53.91455852995844,0.0,0.0,5.1623152555306975,17.762496823687442,9.852858490901028,0.0,0.0,1.0,0.0,idle,
2026-01-05 05:58:00,2.024742421390842,5.201506077933157,48.491236873191916,72.53433186496801,0.0,0.0,7.749788800000463,16.818849589303937,5.823513804537203,0.0,0.0,3.0,0.0,idle,
2026-01-05 05:59:00,5.1154273267604955,2.174711652964742,47.33665289187874,74.23274193460487,0.0,0.0,11.050909027928935,19.267997112726178,15.356318398348975,0.0,0.0,0.0,0.0,idle,
2026-01-05 06:00:00,6.434583727538001,5.313023491622115,46.40512150181686,72.35578807328413,0.0,0.0,5.173525813058703,19.50193323547591,0.5161251860427072,0.0,0.0,2.0,0.0,idle,
2026-01-05 06:01:00,7.208559859419744,3.45505367570553,45.37696110279843,85.24072185487397,0.0,0.0,4.320205998889843,20.028786496785,0.0,0.0,0.0,2.0,0.0,idle,
2026-01-05 06:02:00,7.523691081187658,5.148906849609705,45.063410071020485,75.42326620365148,0.0,0.0,5.3925429450850295,18.481707466878703,23.60403932164154,0.0,0.0,2.0,0.0,idle,
2026-01-05 06:03:00,7.307028397399658,7.748715688048374,44.238968891207726,83.58915644423988,0.0,0.0,9.383786783838577,20.022392111335478,17.881129818881988,0.0,0.0,4.0,0.0,idle,
2026-01-05 06:04:00,8.587824363411926,7.414382954938094,43.81333186016516,78.91354689516729,0.0,0.0,10.263553807916544,18.83167535516517,22.119647484680527,0.0,0.0,1.0,0.0,idle,
2026-01-05 06:05:00,9.317235333074018,5.193084202822073,43.341814123706506,86.97096708632098,0.0,0.0,9.166096773715598,17.4493730786061,37.26418376410486,0.0,0.0,0.0,0.0,idle,
2026-01-05 06:06:00,10.173119071228669,10.111780183269115,43.2706297820622,89.86977467104408,0.0,0.0,9.859521601484325,14.988752346874902,48.45449196164051,7.448363781055531,0.0,1.0,0.0,idle,
2026-01-05 06:07:00,7.102788229767816,13.048150587152705,42.94400632369031,89.9368584316596,0.0,0.0,10.477390925003249,18.867770570028583,46.56826459985939,23.840414131803648,0.0,1.0,0.0,idle,
2026-01-05 06:08:00,4.427047713226799,14.273260870044126,42.15423596441647,65.15602229041181,0.0,0.0,8.741883161455942,17.41586868260689,26.350187392201885,18.091500188306203,0.0,1.0,0.0,idle,
2026-01-05 06:09:00,3.1399842290680793,13.644113965446879,41.734319746474945,71.50607701681511,0.0,0.0,9.3833320099444,18.179167977814018,37.79405359516785,32.950654119898196,0.0,1.0,0.0,idle,
2026-01-05 06:10:00,0.0,13.7260093159098,41.34274568066578,60.7328940695945,0.0,0.0,7.930039141489939,19.813084732312415,53.89086618861999,25.4722310687838,0.0,4.0,0.0,idle,
2026-01-05 06:11:00,0.0,12.233691669375649,40.66126201542269,53.821342853298724,0.0,0.0,8.028552308781293,20.500825520330338,35.082645208794155,14.624794474031305,0.0,0.0,0.0,idle,
2026-01-05 06:12:00,0.0,11.808049574012077,40.1481879333789,57.76834585658776,0.0,0.0,3.652915229728056,16.325118576075358,40.75238662755358,15.099286953188054,0.0,3.0,0.0,idle,
2026-01-05 06:13:00,0.727511047498403,12.181402643093461,40.222426994342094,73.87998055687169,0.0,0.0,0.0,18.3023024992856,14.633826646095567,0.0,0.0,4.0,0.0,idle,
2026-01-05 06:14:00,3.3035697571737623,15.016057367627013,39.755194006992014,67.20574007077474,0.0,0.0,0.0,20.763096768704642,1.4287036101213468,0.0,0.0,3.0,0.0,idle,
2026-01-05 06:15:00,6.491171560307921,16.294512315241203,39.734800407053605,90.48014299922471,0.0,0.0,0.0,23.397934876103132,0.0,0.0,0.0,2.0,0.0,idle,
2026-01-05 06:16:00,6.889056445949177,16.70494569047919,39.59837422201904,73.37720107628776,0.0,0.0,0.0,23.08917429401866,0.0,0.0,0.0,0.0,0.0,idle,
2026-01-05 06:17:00,7.516327509332377,12.628756555822832,40.0917009780663,91.81461837288799,0.0,0.0,0.6014214506119582,20.5004396148642,0.0,0.0,0.0,0.0,0.0,idle,
2026-01-05 06:18:00,4.279068138949445,10.761971978330227,39.87300163427005,76.69074529464842,0.0,0.0,4.174383566157616,22.158372889241775,0.0,0.0,0.0,1.0,0.0,idle,
2026-01-05 06:19:00,6.045767735735667,11.307932409909462,39.76256240711231,87.18633217268555,0.0,0.0,1.7291133683358875,23.799167117600057,0.0,0.0,0.0,1.0,0.0,idle,
2026-01-05 06:20:00,3.8136181353415406,8.392148078734424,40.068298460117695,74.70469415598747,1.0,0.0,3.6057627436516326,21.684835244916208,0.0,0.0,0.0,1.0,0.0,idle,
2026-01-05 06:21:00,2.6400962313185783,10.891008437696774,39.70064836724742,73.47549015707747,0.0,0.0,6.30507098381643,24.146383257842356,0.0,0.0,0.0,2.0,0.0,idle,
2026-01-05 06:22:00,0.9565461969127831,14.821068366485152,39.352514220239534,55.53819282168733,0.0,0.0,4.573967729855912,24.0202250354435,0.0,0.0,0.0,3.0,0.0,idle,
2026-01-05 06:23:00,2.016697538417108,11.001502754455146,38.92938041393777,59.961602734505405,0.0,0.0,2.2125658072197045,22.620743619318603,0.0,0.0,0.0,2.0,0.0,idle,
2026-01-05 06:24:00,7.036890571468374,11.58742966836643,39.1028130576309,88.57772236009583,0.0,0.0,0.0,21.71090575367587,0.0,8.449577006717234,0.0,1.0,0.0,idle,
2026-01-05 06:25:00,9.310903840053681,11.768819946526712,39.30375890835919,92.48012210763605,0.0,0.0,0.0,21.680393070759322,0.0,0.0,0.0,2.0,0.0,idle,
2026-01-05 06:26:00,5.387458717856276,8.347780538377123,39.386329530844534,77.79499543644441,0.0,0.0,4.534295326577506,21.329256891686043,0.0,0.0,0.0,0.0,0.0,idle,
2026-01-05 06:27:00,3.2315887339256237,12.04313236641132,39.170968259149426,62.939910275317004,0.0,0.0,6.07764641414855,22.983360534062918,0.0,0.0,0.0,1.0,0.0,idle,
2026-01-05 06:28:00,7.79257577131088,10.367778906607018,39.17462734032835,86.58708141025939,0.0,0.0,10.363747858553811,22.241351917335784,0.0,0.0,0.0,1.0,0.0,idle,
2026-01-05 06:29:00,4.031538229296022,6.924057831750698,39.442685034372104,72.60931418404756,1.0,0.0,10.221712340255994,21.527994408326375,0.0,0.0,0.0,0.0,0.0,idle,
2026-01-05 06:30:00,0.0,8.084294485761905,39.266928455821066,58.876561385292256,0.0,0.0,6.691487379688322,18.71433859178451,4.5316607180151856,0.5008644542031847,0.0,2.0,0.0,idle,
2026-01-05 06:31:00,0.6936008776930526,9.943539954286564,39.2451013015224,63.94316140328604,0.0,0.0,10.473761095554323,22.335458992848018,7.196486275693211,6.303891654138632,0.0,1.0,0.0,idle,
2026-01-05 06:32:00,0.0,12.28720765030084,39.31117996559606,57.685396718590404,0.0,0.0,8.154831133702224,25.095684498166975,9.408267364369173,0.0,0.0,2.0,0.0,idle,
2026-01-05 06:33:00,0.0,11.513375337517664,39.278861253962674,57.6529354015575,0.0,0.0,8.744365926789136,23.78135384526456,19.411731126172523,0.0,0.0,3.0,0.0,idle,
2026-01-05 06:34:00,3.1376631601614147,12.691161050442169,39.2711295147833,73.95471460111911,0.0,0.0,8.417333173355988,24.35689286482883,15.052023259223645,0.0,0.0,1.0,0.0,idle,
2026-01-05 06:35:00,6.248222165768751,8.98999923796557,38.723019287071125,79.28426663690149,0.0,0.0,10.36401093192784,23.215989812824503,11.170782471137612,0.0,0.0,2.0,0.0,idle,
2026-01-05 06:36:00,6.311340084703222,8.442656636868167,38.812543369951065,84.45748170053747,0.0,0.0,3.6162290865232816,25.705935037554276,0.0,0.0,0.0,0.0,0.0,idle,
2026-01-05 06:37:00,6.600307414449609,8.06918354647066,38.564993254080996,77.09362651285905,0.0,0.0,7.589987482835209,25.62246840662525,5.88327228519549,0.0,0.0,2.0,0.0,idle,
2026-01-05 06:38:00,6.721395435912718,9.271614523257018,38.566887266709,83.7118008650534,1.0,0.0,8.98680228289513,25.85084090264875,23.954411908798292,0.0,0.0,3.0,0.0,idle,
2026-01-05 06:39:00,5.608570597686601,9.31813607545222,38.75018904899785,72.63402450935165,0.0,0.0,7.117475352247553,29.822660875965624,6.78775776741011,0.0,0.0,0.0,0.0,idle,
2026-01-05 06:40:00,4.308646659206072,7.048263891744475,38.86105050183134,82.84505391116146,0.0,0.0,10.373895863026206,30.61229766516971,22.22663393213855,0.0,0.0,2.0,0.0,idle,
2026-01-05 06:41:00,3.439443560608308,7.932366252054818,39.138282869747194,74.3988061230822,0.0,0.0,5.477177167155131,26.956655923302332,21.19705757271177,0.0,0.0,1.0,0.0,idle,
2026-01-05 06:42:00,4.421505324690068,4.890730794443498,39.344320230933555,76.56443733972348,0.0,0.0,0.775345258168354,26.448148340393494,15.559459013806515,0.0,0.0,1.0,0.0,idle,
2026-01-05 06:43:00,93.02391261174462,55.56380146118714,43.661475184330094,363.46735275718964,0.0,0.0,51.51181540809654,67.34487304876178,113.29955682160926,36.25169796991953,0.0,4.0,2.0,compute_bound,
2026-01-05 06:44:00,96.16433132816941,54.80945792987404,47.34280329120424,385.24569907846967,0.0,0.0,51.92159620846171,66.92986537071951,92.7354275662435,36.81645703351401,1.0,4.0,2.0,compute_bound,
2026-01-05 06:45:00,94.8402049364474,59.235492990172645,51.089498857790176,389.6314354523721,0.0,0.0,54.920688099719904,61.70873135179066,110.70666403131075,42.512383819429814,2.0,3.0,2.0,compute_bound,
2026-01-05 06:46:00,89.91151133419814,59.24068298937944,54.21603856476703,368.6429978832151,1.0,0.0,54.23344319180186,65.73232936247078,116.4811624765026,45.491935744841676,3.0,2.0,2.0,compute_bound,
2026-01-05 06:47:00,91.88050559576807,56.71190509375991,56.79700525567015,362.0067455783219,0.0,0.0,54.56175492827255,67.99917241719729,102.3015992782546,44.992373292814165,4.0,3.0,2.0,compute_bound,
2026-01-05 06:48:00,92.67793533695168,59.63382753236973,59.157080753302374,377.27143573359433,0.0,0.0,57.64074297644919,69.43301710309568,114.64752054767955,60.43507951653884,5.0,4.0,2.0,compute_bound,
2026-01-05 06:49:00,92.96869314421613,58.57586752186057,61.63422442631116,381.27247174671487,0.0,0.0,59.62545760109539,66.5865714676061,112.07932318626109,67.25840057421695,6.0,4.0,2.0,compute_bound,
2026-01-05 06:50:00,89.69691027810329,60.37398245161279,62.60818333926,356.6786679066433,0.0,0.0,57.4482693184065,65.42689911614528,105.50315301332796,62.66985632349615,7.0,4.0,2.0,compute_bound,
2026-01-05 06:51:00,88.30062452491947,56.091420413433426,64.19032409163397,362.8521081844518,0.0,0.0,54.36728893793204,65.36762034425263,90.13728562632173,47.52009420048739,8.0,5.0,2.0,compute_bound,
2026-01-05 06:52:00,90.27613926800342,61.10319031182219,65.64054423538487,364.1534062188696,0.0,0.0,54.27090123016758,69.79123097054267,89.08562094760957,52.50459671383537,9.0,4.0,2.0,compute_bound,
2026-01-05 06:53:00,88.9121229279748,58.622247524505255,66.71008085320888,359.3564693142777,0.0,0.0,52.88434276072918,69.30996344492631,93.93818372227514,50.87785632066361,10.0,4.0,2.0,compute_bound,
2026-01-05 06:54:00,85.68256601373449,56.88410022771523,67.6530097311759,348.2244386599113,0.0,0.0,54.88187669218291,68.18770217809404,95.58946385387998,58.57766685763117,11.0,3.0,2.0,compute_bound,
2026-01-05 06:55:00,84.90410075205732,57.999686189351316,68.71266290006457,351.85986097089204,0.0,0.0,56.06441081681202,63.75016753674429,75.9509601160639,44.794614003207556,12.0,4.0,2.0,compute_bound,
2026-01-05 06:56:00,83.73811100206458,59.325676810663964,68.93487820701597,344.58138750727176,0.0,0.0,59.13849588869244,58.231852959769775,56.86495492329558,63.65866584768784,13.0,3.0,2.0,compute_bound,
2026-01-05 06:57:00,84.9099634125037,58.07896701537174,69.60262211061185,346.6841003010431,0.0,0.0,57.222038178143706,58.70988026067059,52.314513130456945,65.40027263043953,14.0,5.0,2.0,compute_bound,
2026-01-05 06:58:00,85.8494178944035,56.76674528809343,69.98402438117786,351.2479647343498,0.0,0.0,55.478537690456996,58.56123771989068,85.99473386077389,62.542150455231095,15.0,4.0,2.0,compute_bound,
2026-01-05 06:59:00,88.28571339503247,59.23785754971851,70.61756110989904,352.5433538198676,0.0,0.0,56.69873747808396,58.904326640457114,102.67670662967026,56.35911945141362,16.0,4.0,2.0,compute_bound,
2026-01-05 07:00:00,88.81034483978489,58.69642596446805,71.43410914573762,368.18279193380613,0.0,0.0,56.17373640173735,57.597725320890376,115.666168577414,58.63662349582488,17.0,4.0,2.0,compute_bound,
2026-01-05 07:01:00,89.73839712775901,64.00242736992806,71.83012699098042,371.9032250895723,0.0,0.0,58.40287316936883,56.41463412241458,109.75115811936729,61.4727722805881,18.0,5.0,2.0,compute_bound,
2026-01-05 07:02:00,84.35488719665973,62.31203560690701,71.75624403998658,346.4670710286943,0.0,0.0,58.63323254201534,57.72189549823345,109.08911481779819,66.80450325661752,19.0,3.0,2.0,compute_bound,
2026-01-05 07:03:00,84.50772157472846,61.90260786357645,71.4549033229756,353.3321642734247,0.0,0.0,60.27517364869594,58.17134587446733,100.00777666042084,57.22680022359806,20.0,7.0,2.0,compute_bound,
2026-01-05 07:04:00,85.16906160359889,63.10909820090141,71.63855882516152,337.2334555245608,0.0,0.0,67.87187742033935,63.46653750784839,87.38654631677088,48.337107783742354,21.0,4.0,2.0,compute_bound,
2026-01-05 07:05:00,87.82863651746632,64.5107449660788,71.63088842268478,351.22278645723014,0.0,0.0,68.64605442362219,64.35733290320682,99.58304279754365,37.860670947022165,22.0,2.0,2.0,compute_bound,
2026-01-05 07:06:00,91.70369967600263,61.63239163954086,72.18869454223073,377.83223321712376,0.0,0.0,71.55099317915517,63.41237528623416,100.41110647608896,43.225827633663044,23.0,4.0,2.0,compute_bound,
2026-01-05 07:07:00,94.26214144829989,62.45253340165252,73.27388165676568,379.4079419696697,0.0,0.0,66.04296895128338,62.944815845126996,76.11511417903432,53.98443180724264,24.0,6.0,2.0,compute_bound,
2026-01-05 07:08:00,93.96523391405559,61.32295700914477,73.5523335468572,374.37400828862695,0.0,0.0,63.64230035538791,63.651992494927036,81.99697299448201,61.20998036809886,25.0,4.0,2.0,compute_bound,
2026-01-05 07:09:00,93.53851697972735,63.145829759534315,73.65831324716747,373.4343287832166,0.0,0.0,65.68285916841684,60.38538040440409,97.771289411679,65.50359938136448,26.0,3.0,2.0,compute_bound,
2026-01-05 07:10:00,88.84012969011206,62.66618808787501,73.84780969268715,351.382281145521,0.0,0.0,68.37465422462812,59.83771132283625,120.17565454532867,60.688332100900936,27.0,5.0,2.0,compute_bound,
2026-01-05 07:11:00,84.49840394267376,62.29490189127808,73.77805761020649,331.6278045607586,0.0,0.0,64.79588279213112,58.682448155779134,143.45853413833328,48.52839621285767,28.0,2.0,2.0,compute_bound,
2026-01-05 07:12:00,83.28700355323001,60.38525033751788,73.84052982202688,351.24516024271423,0.0,0.0,67.35459619817732,59.38075572604956,127.7888045286086,55.33846257217001,29.0,4.0,2.0,compute_bound,
2026-01-05 07:13:00,82.03339447237089,59.54300493890605,73.52766633082969,339.0202225997063,0.0,0.0,61.72252575768843,58.85618206807113,133.75322764183974,57.77651856079936,30.0,6.0,2.0,compute_bound,
2026-01-05 07:14:00,82.67354739198572,59.294038617832776,73.38789192335334,341.5821130543748,0.0,0.0,58.82446873053045,59.47186695519672,140.9749596284219,60.56576651544765,31.0,3.0,2.0,compute_bound,
2026-01-05 07:15:00,80.81819194141485,54.934806472822025,73.18648048124359,344.57257708000566,0.0,0.0,55.078967244616805,60.151026420474956,117.55496708734208,75.67166175647944,32.0,3.0,2.0,compute_bound,
2026-01-05 07:16:00,81.80966936882282,58.76956879878086,73.40543522664474,342.54913876796695,0.0,0.0,55.80146424276759,61.98353991225959,133.40658948936203,76.28881344341222,33.0,4.0,2.0,compute_bound,
2026-01-05 07:17:00,80.45386062235907,57.25242818954854,73.49890828089676,337.4766395156197,0.0,0.0,58.2187944156191,60.181649303551694,131.57821812632335,85.89023685131595,34.0,3.0,2.0,compute_bound,
2026-01-05 07:18:00,84.46139414046594,58.9856572148573,73.45537099700118,349.25178579210404,0.0,0.0,54.245272367983986,65.66256030468325,137.16588384825553,81.4028406557377,35.0,4.0,2.0,compute_bound,
2026-01-05 07:19:00,85.57550388538638,59.57915370023326,73.3404348726157,348.32735517419644,0.0,0.0,53.52119152393616,65.01027169856528,117.24013552650226,76.7333316367834,36.0,3.0,2.0,compute_bound,
2026-01-05 07:20:00,91.9207749907973,61.08136230249449,73.44456915805596,370.0737254504718,0.0,0.0,52.89282199855668,66.95887441152641,122.70419714812527,85.14793811295286,37.0,6.0,2.0,compute_bound,
2026-01-05 07:21:00,90.73021336179279,60.594123519378684,73.92826367717345,375.0534495534841,0.0,0.0,49.500312210850204,68.84453969279473,119.05227761590767,83.67139779438867,38.0,5.0,2.0,compute_bound,
2026-01-05 07:22:00,88.96396660950126,57.16736718751042,74.03022883978838,364.9715250384399,0.0,0.0,53.49954032038638,70.0782513599739,135.6352873394194,72.33230700803955,39.0,4.0,2.0,compute_bound,
2026-01-05 07:23:00,90.30722159688067,54.963438210123236,74.42513060392902,365.22431882140035,0.0,0.0,55.98231977201503,69.248029647307,137.0425180088424,47.02247073286572,40.0,5.0,2.0,compute_bound,
2026-01-05 07:24:00,91.28488498345278,52.442044322310984,74.58899155433802,373.8097091769408,0.0,0.0,54.74490546992627,70.34162544552261,138.98293269875472,36.43924320014966,41.0,5.0,2.0,compute_bound,
2026-01-05 07:25:00,95.8027957822337,55.22221526627249,74.607753069537,393.53376023108297,0.0,0.0,54.08652348392123,72.06808268695093,152.60032232094503,29.60425416218699,42.0,7.0,2.0,compute_bound,
2026-01-05 07:26:00,89.31839987634083,57.47065759147553,74.51601037363004,361.517593732805,0.0,0.0,51.94900894774882,70.08170375065464,140.5112803363406,27.544412712431615,43.0,4.0,2.0,compute_bound,
2026-01-05 07:27:00,83.26022718693234,57.875935113700486,73.9499345807724,344.17994721493733,0.0,0.0,48.64502068183427,64.20797474109999,134.93713841609429,39.22625850434197,44.0,2.0,2.0,compute_bound,
2026-01-05 07:28:00,81.54639444405277,60.58801510764441,73.59741755173823,336.9140070037307,0.0,0.0,48.539573497029366,62.638260763428434,119.77936673463724,44.21591547135736,45.0,3.0,2.0,compute_bound,
2026-01-05 07:29:00,83.70968202763582,63.569278668811805,73.8094196770772,349.46756106092795,0.0,0.0,50.35085129646304,66.2342239615784,82.7469658759704,57.421658079356845,46.0,6.0,2.0,compute_bound,
2026-01-05 07:30:00,88.19437548754547,63.262110343554276,74.02888638298111,360.7955272914061,0.0,0.0,49.57269672950087,66.68289163526309,117.34629901784162,63.12269234094637,47.0,4.0,2.0,compute_bound,
2026-01-05 07:31:00,85.85102008841727,63.125726483661474,73.74222262409226,361.5339785111934,0.0,0.0,52.49299391905578,65.00291177109743,108.77420348809778,47.99959482304354,48.0,5.0,2.0,compute_bound,
2026-01-05 07:32:00,83.56958570543419,63.13116869229584,73.76780779529703,343.82034681010924,0.0,0.0,55.982868888793504,64.24920528740356,99.31966676449508,59.25583465374128,49.0,6.0,2.0,compute_bound,
2026-01-05 07:33:00,85.85422393857961,62.796039462230475,73.65734103034634,343.02633444219447,0.0,0.0,57.08513530884974,59.72744866687523,105.02739315128827,42.544956305569585,50.0,4.0,2.0,compute_bound,
2026-01-05 07:34:00,89.4428471050283,59.7905757549876,74.25649709341023,364.34227260114875,0.0,0.0,56.316612768613524,62.29791334387225,106.6530000209122,47.72032450616184,51.0,2.0,2.0,compute_bound,
2026-01-05 07:35:00,93.64974677565849,62.45289663380632,75.0624595608193,379.49335167634797,0.0,0.0,59.844077233922924,58.42118611790796,119.09397470318217,46.26276960937424,52.0,3.0,2.0,compute_bound,
2026-01-05 07:36:00,96.59121250987666,60.41676490350265,74.84452639580152,390.2133337060637,1.0,0.0,60.494025770972904,55.643144355077176,129.02987244567686,49.574444792313024,53.0,4.0,2.0,compute_bound,
2026-01-05 07:37:00,94.83073921829534,56.09697058830901,74.99749730095783,381.91118025532467,0.0,0.0,56.42585609930518,56.494277492468555,143.958427288545,52.322922954987305,54.0,7.0,2.0,compute_bound,
2026-01-05 07:38:00,94.89932726090214,58.454849184704905,75.05817800386897,380.1716586542594,0.0,0.0,56.871788654969926,55.824150804271945,168.17419253528044,57.75908400176932,55.0,3.0,2.0,compute_bound,
2026-01-05 07:39:00,90.54326791529604,59.57316805434596,74.9237036720023,365.2542514596804,0.0,0.0,56.7037828914552,61.65784357481871,161.85949347096056,51.970585309454606,56.0,3.0,2.0,compute_bound,
2026-01-05 07:40:00,87.89913934420933,61.84835581967101,74.85411264265221,357.70183534967356,0.0,0.0,60.10216743588524,56.98241452769601,132.60444392812025,39.31715066875315,57.0,3.0,2.0,compute_bound,
2026-01-05 07:41:00,87.51757068274802,57.89378942428068,75.0362833904683,358.04562710375785,0.0,0.0,66.63486873113322,56.96520691143016,117.49566932145103,30.154492139056877,58.0,2.0,2.0,compute_bound,
2026-01-05 07:42:00,85.96495770726594,61.01296636819866,75.43154707775797,353.8393856650295,0.0,0.0,69.07170976153462,57.45647766451475,101.43527361495018,57.94941888177141,59.0,4.0,2.0,compute_bound,
2026-01-05 07:43:00,85.65344425465618,61.619239487053555,74.97130304099467,351.8182125239419,0.0,0.0,69.05749110374407,55.5327298846769,80.63007815002268,44.35712466884677,60.0,7.0,2.0,compute_bound,
2026-01-05 07:44:00,85.46538155017346,63.12295402289622,75.09833649675805,357.09558340627865,0.0,0.0,68.46755469832415,56.569183109590895,80.39118281600042,54.3884486017004,61.0,3.0,2.0,compute_bound,
2026-01-05 07:45:00,83.9231159970831,62.89594972936998,75.14972251267751,341.31862624685675,0.0,0.0,64.17814639287867,61.08224857617615,95.79180497911217,54.88058793404021,62.0,6.0,2.0,compute_bound,
2026-01-05 07:46:00,82.5503141369616,63.446265315164034,74.80596881362122,344.7491410201506,0.0,0.0,64.55400029114914,58.52026299198384,131.12117405830747,57.74721542182006,63.0,5.0,2.0,compute_bound,
2026-01-05 07:47:00,84.99610886299993,60.82268558779763,74.79981430682639,350.9725879849664,0.0,0.0,65.71058361612914,58.548684624592916,90.83308806333449,63.05488103217301,64.0,5.0,2.0,compute_bound,
2026-01-05 07:48:00,84.78628318947106,62.18303758570554,74.21406597462143,354.78849986850065,0.0,0.0,62.47975291035504,58.73269623340054,114.8943012883004,67.04615048160298,65.0,3.0,2.0,compute_bound,
2026-01-05 07:49:00,83.46211869148141,59.34821914963403,74.00051296237646,339.98736048258303,0.0,0.0,59.90128622021567,57.06200562125085,94.22858869869481,80.68565728920728,66.0,6.0,2.0,compute_bound,
2026-01-05 07:50:00,84.58018123889501,60.90998466862187,74.08092109334308,353.1775781139287,0.0,0.0,62.72644668102196,55.90568050191478,77.93414512479498,77.90137052004765,67.0,5.0,2.0,compute_bound,
2026-01-05 07:51:00,79.8934355340068,62.76941820542515,73.91095818524659,324.0953701831712,0.0,0.0,55.843442184772215,57.2398270031635,78.94319883214553,70.26634571671892,68.0,2.0,2.0,compute_bound,
2026-01-05 07:52:00,79.8793413011791,66.74758556931843,73.5979356043938,338.09887135715223,0.0,0.0,59.295957112535795,58.45085352630131,86.26769857136561,67.21295978585059,69.0,3.0,2.0,compute_bound,
2026-01-05 07:53:00,83.21435056458304,66.35256857659444,73.56479877396939,336.7994619545486,1.0,0.0,60.374212370002844,58.318696063428206,68.53694074578411,48.53187010719337,70.0,5.0,2.0,compute_bound,
2026-01-05 07:54:00,81.67665612187828,65.32292336860854,73.40550509451928,341.1178920708409,0.0,0.0,54.11336121349281,60.74791777867053,67.13484833469978,36.67807381710047,71.0,5.0,2.0,compute_bound,
2026-01-05 07:55:00,83.3128966833056,61.89118370954208,73.50437859189888,341.0345414187484,0.0,0.0,49.02561188188216,58.875564555102585,63.126647257672566,26.226054742609023,72.0,3.0,2.0,compute_bound,
2026-01-05 07:56:00,79.81625062460802,63.93126064527894,73.15128508742619,328.5220127805383,0.0,0.0,49.0814776076526,56.43531531239293,64.01677353217201,39.71677564755767,73.0,3.0,2.0,compute_bound,
2026-01-05 07:57:00,86.10172168353016,59.84263320985665,73.32540184681177,352.6305465226679,0.0,0.0,50.934812181143286,53.987466098191675,74.90465437551096,46.625718225312106,74.0,3.0,2.0,compute_bound,
2026-01-05 07:58:00,88.37776624236132,57.0162340157812,73.90123018025898,356.1549568814952,0.0,0.0,57.45565975589146,58.1049269836155,78.92573078131738,43.83129408045774,75.0,3.0,2.0,compute_bound,
2026-01-05 07:59:00,89.69390205037614,59.64478924748612,73.98087054838892,365.6000211312112,0.0,0.0,59.22754488550547,56.67002147875707,72.8362484626367,31.385724250650394,76.0,4.0,2.0,compute_bound,
2026-01-05 08:00:00,90.30410157704385,58.704368435276855,74.37240697243443,375.1724049680191,0.0,0.0,53.85609387464331,57.88257324230366,104.47883288645869,38.920350388269625,77.0,4.0,2.0,compute_bound,
2026-01-05 08:01:00,91.70086911122488,59.84952876089948,74.84678049286128,370.0035535388813,0.0,0.0,56.716737091691314,60.37752940475579,98.51011946580209,35.93357467157976,78.0,7.0,2.0,compute_bound,
2026-01-05 08:02:00,90.71502508219736,61.403858615607454,74.61059259070855,359.23376499208985,0.0,0.0,54.5751587443371,61.58238202034896,111.27947390516577,53.70514666421816,79.0,4.0,2.0,compute_bound,
2026-01-05 08:03:00,91.08551507403831,57.28465111702314,74.97642207343273,371.1279217615875,0.0,0.0,52.565717793979736,58.61567829251175,121.02218720162764,41.60602919437201,80.0,3.0,2.0,compute_bound,
2026-01-05 08:04:00,89.0703495088498,56.80841292279247,74.95837977981961,361.19821212776617,0.0,0.0,51.43410546683377,57.56168364905452,115.51540547836773,52.8519771043326,81.0,4.0,2.0,compute_bound,
2026-01-05 08:05:00,91.03492647176435,60.202027086560925,74.87216620782567,377.0681200594523,0.0,0.0,51.70425235320296,60.9770565278012,129.49790264500632,61.06127554193119,82.0,6.0,2.0,compute_bound,
2026-01-05 08:06:00,88.02826147540891,59.516105587762205,74.53538342233828,360.40471022949873,0.0,0.0,52.783616063050125,63.491091409801165,120.9816131210809,66.35365791578175,83.0,2.0,2.0,compute_bound,
2026-01-05 08:07:00,90.51915041188506,59.09449238228908,74.41286629912753,366.1496586216427,0.0,0.0,55.200828616104666,62.108683770971886,109.65697309820975,66.60405637529463,84.0,4.0,2.0,compute_bound,
2026-01-05 08:08:00,87.93239857305392,60.23124527600155,74.46031399843665,360.9645248939788,0.0,0.0,53.37092688094381,61.96264771478583,152.90284425269436,55.744151081232005,85.0,3.0,2.0,compute_bound,
2026-01-05 08:09:00,86.76263140156689,55.97076766840827,74.84411375233975,357.4653179855375,0.0,0.0,53.796362546257896,59.29373345203445,160.8431628051217,55.516900544144086,86.0,3.0,2.0,compute_bound,
2026-01-05 08:10:00,87.82363724611689,57.738751076937056,74.65638147757336,363.14160169915397,0.0,0.0,57.91648530337282,62.06647311557232,155.0930769789881,50.71996916771852,87.0,4.0,2.0,compute_bound,
2026-01-05 08:11:00,86.77498042022042,55.876441866335334,74.51196140483871,357.6155412013436,0.0,0.0,59.82215399131807,62.713993563137926,138.6306526392901,52.293948657762506,88.0,4.0,2.0,compute_bound,
2026-01-05 08:12:00,86.67677618896815,53.3545946292912,74.26696727783181,358.6925171744053,0.0,0.0,57.87548409275864,62.497017951713055,145.1122179132589,47.636866775217236,89.0,6.0,2.0,compute_bound,
2026-01-05 08:13:00,89.19030527215915,53.132705105833566,74.73544888648993,362.10509491958976,0.0,0.0,57.30636085186645,63.483805527963355,135.19298445834676,36.60134409817061,90.0,7.0,2.0,compute_bound,
2026-01-05 08:14:00,85.48151392044329,52.99532567546958,74.96351667492492,345.57036384641634,0.0,0.0,60.82902444560469,63.46455200606051,114.83911956292815,38.36537134360777,91.0,2.0,2.0,compute_bound,
2026-01-05 08:15:00,83.81304790464259,53.636568989591204,74.81636922875612,340.8036259633566,0.0,0.0,58.57851585160588,64.39488017166124,113.52875147522579,29.481498046213414,92.0,5.0,2.0,compute_bound,
2026-01-05 08:16:00,82.8091893411617,54.804930761482744,74.74034893811599,341.3439590028394,0.0,0.0,60.31751543414087,63.98883293113137,107.43145855422061,41.92742981360573,93.0,4.0,2.0,compute_bound,
2026-01-05 08:17:00,80.92104676362428,56.12162742772358,74.70180033254323,337.3064929081087,0.0,0.0,53.963176716361325,64.4100374118717,112.6085299142107,42.10967856867247,94.0,2.0,2.0,compute_bound,
2026-01-05 08:18:00,82.24177849772539,56.120685575943284,74.2881831566955,340.4425251606228,0.0,0.0,57.73124944248281,61.10092923468313,143.01092028374455,50.05663031910075,95.0,3.0,2.0,compute_bound,
2026-01-05 08:19:00,81.38423164544346,52.5246652249861,73.71079856814407,334.95969940207254,0.0,0.0,61.835857191172934,60.867474767862404,128.21781928806791,49.89221510740811,96.0,2.0,2.0,compute_bound,
2026-01-05 08:20:00,84.37987038293863,55.0278949434484,73.44020433642852,347.72887316272187,0.0,0.0,58.21168177989511,59.44107438606401,120.11686156527155,51.75573361091551,97.0,4.0,2.0,compute_bound,
2026-01-05 08:21:00,82.12055147036224,58.09592627963557,73.16604117813714,335.1683075014238,0.0,0.0,57.51933840329988,62.26591135910259,112.20282340177245,71.692687957441,98.0,4.0,2.0,compute_bound,
2026-01-05 08:22:00,84.99287796245645,57.162869006099044,73.50351809259833,351.86777814838007,0.0,0.0,57.74651675652975,62.26459571856176,116.44422778664782,94.17015271992122,99.0,5.0,2.0,compute_bound,
2026-01-05 08:23:00,87.90465663810207,56.72333568162879,73.68376240332941,359.32763522813525,0.0,0.0,58.65396665009692,60.85326150345384,131.82063675893244,86.15238652099477,100.0,6.0,2.0,compute_bound,
2026-01-05 08:24:00,87.97921827119305,58.736325417019685,73.98682980551479,363.25587877973635,0.0,0.0,56.53521006652095,62.21315516930829,110.4906400821194,84.72610737073029,101.0,5.0,2.0,compute_bound,
2026-01-05 08:25:00,86.0964060055973,58.30741060743668,73.75275021780178,346.23910680261537,0.0,0.0,61.42471363600541,60.989739668623145,96.96298842618,98.92213727105649,102.0,3.0,2.0,compute_bound,
2026-01-05 08:26:00,90.25728709483352,57.85023807632686,73.93836997417486,365.9700751131081,0.0,0.0,62.83664617070694,62.155892353674325,73.9772598499388,89.7233007666342,103.0,2.0,2.0,compute_bound,
2026-01-05 08:27:00,96.24107772226283,59.54698340235461,74.55453767050977,392.06711281234914,0.0,0.0,59.40008665478015,66.9007627750031,96.49460103314108,71.69095345801082,104.0,3.0,2.0,compute_bound,
2026-01-05 08:28:00,93.54622662167856,58.40394001618885,74.81074165083658,382.79373324736963,0.0,0.0,58.603325514463336,67.8798486063354,99.10383679725547,52.966093917793216,105.0,2.0,2.0,compute_bound,
2026-01-05 08:29:00,95.57283273809885,60.13788439864301,75.68087543229144,390.416085912852,0.0,0.0,59.39496665969888,69.01245309923125,74.573538198294,67.23726646822311,106.0,7.0,2.0,compute_bound,
2026-01-05 08:30:00,93.9550226991111,56.7658838472375,76.22311310484699,379.1426436263032,0.0,0.0,62.96366211153989,69.81852268665187,78.39790010510137,55.49754924782265,107.0,4.0,2.0,compute_bound,
2026-01-05 08:31:00,91.05952698863896,56.27016919216799,76.12259185624077,366.80975212711473,0.0,0.0,62.918379479514385,68.51414202237409,66.25467336375735,70.09716928570704,108.0,5.0,2.0,compute_bound,
2026-01-05 08:32:00,92.18802539802246,57.20375167850473,76.46864315651528,378.3016382746668,0.0,0.0,70.69646323671644,68.81781170975292,93.44958057823715,59.96224099617224,109.0,2.0,2.0,compute_bound,
2026-01-05 08:33:00,90.1783177623351,59.03239912272516,76.06868619871177,374.0610483309616,0.0,0.0,72.2067892498128,62.92673505073571,73.73457974229011,61.19544389978598,110.0,3.0,2.0,compute_bound,
2026-01-05 08:34:00,89.33187075724877,60.371348530436855,75.88743048661202,366.96422833957115,0.0,0.0,69.31210948154931,66.24080046901905,76.15905662774757,59.960991392490214,111.0,5.0,2.0,compute_bound,
2026-01-05 08:35:00,88.78892354334305,65.95084992951497,75.53605995303496,365.3405046385877,0.0,0.0,66.27761526673905,65.33520019205211,86.9041023597141,62.68422265109234,112.0,5.0,2.0,compute_bound,
2026-01-05 08:36:00,86.61974058633228,63.66356018352366,75.70869162096778,354.51809620408267,0.0,0.0,64.59177569791967,66.92442682683436,73.82942264958045,73.1827045464884,113.0,4.0,2.0,compute_bound,
2026-01-05 08:37:00,86.07473246223842,61.18920012547757,75.41074864661583,345.27272880107273,0.0,0.0,66.6320581215378,67.38309687217655,72.1032680932803,85.82816052247567,114.0,4.0,2.0,compute_bound,
2026-01-05 08:38:00,83.91287293372052,59.42020923304159,74.73546162040988,345.12443409163825,0.0,0.0,63.02865856098529,65.47021219590395,76.84277485372829,94.41463028019453,115.0,5.0,2.0,compute_bound,
2026-01-05 08:39:00,86.85065910237161,61.215979714548055,74.69197764502204,358.63002453244377,0.0,0.0,62.573937131083454,63.24699600001816,93.41070080821737,87.20390696121106,116.0,2.0,2.0,compute_bound,
2026-01-05 08:40:00,83.56161901425023,58.612673017748534,74.37961760574244,344.0145312842443,0.0,0.0,58.465430507262774,61.55729723005977,102.20900216655144,88.60278728401332,117.0,2.0,2.0,compute_bound,
2026-01-05 08:41:00,89.53818686571131,60.697318527679215,74.2306979750085,362.4207887117275,0.0,0.0,55.69513692190698,62.862811708988446,99.92680431084088,81.05322005995826,118.0,8.0,2.0,compute_bound,
2026-01-05 08:42:00,88.341535055074,61.96701474587506,74.10284874125814,359.7340605650333,0.0,0.0,55.01202017573141,60.7405969086845,72.2941507148467,68.73124989722324,119.0,2.0,2.0,compute_bound,
2026-01-05 08:43:00,87.90987654739166,61.88202165075476,73.88657422609984,351.20321737689477,0.0,0.0,51.698901611717055,59.25836317527104,43.675496334283864,71.18457962500594,120.0,8.0,2.0,compute_bound,
2026-01-05 08:44:00,85.42213759165189,59.930780616014175,74.55215300951753,348.91447191711023,0.0,0.0,54.70193404483879,57.619437864704345,56.310651540653986,68.86108711962275,121.0,6.0,2.0,compute_bound,
2026-01-05 08:45:00,88.38103786129408,57.382749527047395,74.75436760305304,353.58788193297124,1.0,0.0,49.11970278682316,59.170411499545075,64.96285027967485,74.04640516238142,122.0,2.0,2.0,compute_bound,
2026-01-05 08:46:00,82.7578970808902,60.41457420155124,74.46333057004452,342.9875429990755,0.0,0.0,54.90264459276896,58.56984694392022,55.649235008514204,66.34952733956247,123.0,2.0,2.0,compute_bound,
2026-01-05 08:47:00,84.13675702600348,59.957009670741684,74.79279456570733,361.8149707271808,0.0,0.0,50.562033844044024,62.090146655189756,52.1140837602699,59.22906944606415,124.0,5.0,2.0,compute_bound,
2026-01-05 08:48:00,84.7176055912246,62.06154941034479,74.49758580604973,347.4309275973042,0.0,0.0,49.21726787017742,62.347631977929595,50.416266783201955,58.96649195959084,125.0,4.0,2.0,compute_bound,
2026-01-05 08:49:00,89.14330427193005,57.695805851170746,74.76962366744509,357.22266962082455,0.0,0.0,53.653120486155814,60.58997931452187,68.47846762394093,74.96890340396587,126.0,5.0,2.0,compute_bound,
2026-01-05 08:50:00,87.34923747532281,56.9903643673076,74.60173667466158,362.1173025175769,0.0,0.0,53.22805231414299,59.80970662933724,65.01280522769873,69.0578915043472,127.0,3.0,2.0,compute_bound,
2026-01-05 08:51:00,90.24432604405912,57.27469341374994,74.89028708117054,372.5066232264237,0.0,0.0,50.32236135272744,60.510401935500454,84.65752290654602,70.31885940553053,128.0,4.0,2.0,compute_bound,
2026-01-05 08:52:00,95.2822098828488,59.80282463574502,75.51184432889592,375.0826951426005,0.0,0.0,45.917542536328156,64.18574768991937,96.12148225981824,58.25517124306974,129.0,5.0,2.0,compute_bound,
2026-01-05 08:53:00,92.71604804341627,58.59815790145609,75.47182480166822,377.6735786044568,0.0,0.0,50.02184764655253,64.54363074146187,106.55797008307509,64.30654575859204,130.0,3.0,2.0,compute_bound,thermal_runaway
2026-01-05 08:54:00,91.52727062596301,62.18653444608637,76.0004058562122,372.59084983179093,0.0,0.0,46.01717315569232,66.94755843252588,125.46909435448103,53.666975679079634,131.0,3.0,2.0,compute_bound,thermal_runaway
2026-01-05 08:55:00,89.38175329089098,59.66091942447464,76.3873123970333,362.20594374148004,0.0,0.0,40.236149138063155,68.74337625930653,129.0447612782761,51.74089342575711,132.0,4.0,2.0,compute_bound,thermal_runaway
2026-01-05 08:56:00,89.56129585701933,61.87422177811401,76.8799908528083,365.2770736107545,0.0,0.0,45.60456436146278,65.39758723920613,136.4298659205437,63.57602022786777,133.0,4.0,2.0,compute_bound,thermal_runaway
2026-01-05 08:57:00,90.58162490541152,61.06615794662817,77.53591239216499,367.2165138074154,0.0,0.0,52.788839584487945,65.25847387256509,123.89728449641599,56.84649959092508,134.0,2.0,2.0,compute_bound,thermal_runaway
2026-01-05 08:58:00,89.10924700409721,62.20631359875186,77.8549375429842,360.05237200299774,0.0,0.0,55.504056038942934,64.91881171345615,134.9204666367086,59.92643600499018,135.0,6.0,2.0,compute_bound,thermal_runaway
2026-01-05 08:59:00,87.1212845712812,64.50052590029577,77.83960291047515,360.0591396480533,0.0,0.0,56.59776332480109,65.12899361418616,152.5941642890776,58.24524854908978,136.0,5.0,2.0,compute_bound,thermal_runaway
2026-01-05 09:00:00,87.65077789553519,64.72935447297215,78.2358075951922,363.9459881295785,0.0,0.0,55.70252004086645,61.53040205680491,168.04296613790993,48.201176575364876,137.0,3.0,2.0,compute_bound,thermal_runaway
2026-01-05 09:01:00,85.81433905720328,63.383656458851235,78.56238672320005,346.23024789627846,0.0,0.0,56.79412834621148,59.708722881961066,151.6815103356043,61.230068620433364,138.0,5.0,2.0,compute_bound,thermal_runaway
2026-01-05 09:02:00,85.24600903949978,63.837090337555345,78.69633977903219,348.02780166383894,0.0,0.0,53.9555718775267,58.787878608478046,150.9208677769763,57.03551623072309,139.0,2.0,2.0,compute_bound,thermal_runaway
2026-01-05 09:03:00,85.9002893185385,59.48857072684238,78.65553443290152,349.8300007358726,0.0,0.0,51.79807425539627,61.322069547890095,153.39178572652602,59.11815450173246,140.0,7.0,2.0,compute_bound,thermal_runaway
2026-01-05 09:04:00,83.95070749248443,59.90027025658107,78.59383104849685,334.2317923411681,0.0,0.0,48.09096783379038,59.721140892221904,170.20846009130838,57.247663192681514,141.0,5.0,2.0,compute_bound,thermal_runaway
2026-01-05 09:05:00,85.72015472266347,60.303836279034364,79.30815273524743,357.20345290666967,0.0,0.0,47.33390238668177,62.75063455875089,170.66150566890695,49.80049535082415,142.0,5.0,2.0,compute_bound,thermal_runaway
2026-01-05 09:06:00,87.21112211653075,62.20503324243493,80.13232259144985,366.19863399841995,0.0,0.0,50.249487098827395,61.997934865947,154.17061869689837,54.514499078379615,143.0,7.0,2.0,compute_bound,thermal_runaway
2026-01-05 09:07:00,85.94544180439092,60.0950532650686,80.7040839694392,350.86081504513163,0.0,0.0,52.584091711547394,59.798080663654055,148.17849220862502,61.88224163198388,144.0,6.0,2.0,compute_bound,thermal_runaway
2026-01-05 09:08:00,89.28896915824001,58.492521973450735,81.05122667047986,361.27013858572724,0.0,0.0,55.266832812442686,56.89469111187139,151.46322996626319,51.92878057235764,145.0,5.0,2.0,compute_bound,thermal_runaway
2026-01-05 09:09:00,91.95971071695959,59.73243141416408,81.9611805511905,377.7032811036262,0.0,0.0,54.913742374337566,58.828506658593014,143.4348029300978,52.51455760494611,146.0,3.0,2.0,compute_bound,thermal_runaway
2026-01-05 09:10:00,88.78475844395133,61.77531394880623,82.68748248311483,357.4553230341046,0.0,0.0,48.734492696849024,54.92286310062932,131.87185228494118,50.33629766528799,147.0,6.0,2.0,compute_bound,thermal_runaway
2026-01-05 09:11:00,83.90583262870675,60.3265077779757,83.02569398531702,340.6605931036559,0.0,0.0,50.570913135922225,56.29457523771788,116.90120176150798,49.506152206973944,148.0,3.0,2.0,compute_bound,thermal_runaway
2026-01-05 09:12:00,83.92001936379104,57.70460078298133,83.3104103896258,342.8002509549236,0.0,0.0,56.173871165375225,56.18083481062171,138.06297092943018,38.23660629619262,149.0,5.0,2.0,compute_bound,thermal_runaway
2026-01-05 09:13:00,83.25642071297933,58.17458135153352,83.03304806632693,340.4986616581413,0.0,0.0,56.84833221636444,57.268713628380354,112.70179256701014,34.07172577614033,150.0,6.0,2.0,compute_bound,thermal_runaway
2026-01-05 09:14:00,78.53144658476646,61.0542922734817,82.93099946542532,318.7686025415474,0.0,0.0,52.40343331857377,57.8903628617506,112.32146554593486,44.5874514788443,151.0,3.0,2.0,compute_bound,thermal_runaway
2026-01-05 09:15:00,78.87481493534743,60.09109892098131,82.90909312391905,324.30538262189606,0.0,0.0,53.94056095432996,56.667601935628674,119.051064184636,64.49626065598471,152.0,3.0,2.0,compute_bound,thermal_runaway
2026-01-05 09:16:00,77.99828435147586,58.069000164002254,82.98025285480628,325.65719833685023,0.0,0.0,48.552597182877086,57.68223422781797,117.288386478738,72.8328900420239,153.0,2.0,2.0,compute_bound,thermal_runaway
2026-01-05 09:17:00,76.73379276723107,60.03606335880742,83.02984647822872,321.6769185452138,0.0,0.0,50.40895978806942,55.70152737006442,107.47174579220264,76.25444089479674,154.0,3.0,2.0,compute_bound,thermal_runaway
2026-01-05 09:18:00,76.48419436888759,60.161716218094,82.93493336573219,319.4539743527442,0.0,0.0,53.41076278668648,58.02861515829121,86.52670564667105,70.82499776033947,155.0,5.0,2.0,compute_bound,thermal_runaway
2026-01-05 09:19:00,71.10518884921434,60.26793146026556,82.98973440585249,302.2465221580813,0.0,0.0,50.22740946057898,55.034068576307654,68.58626740728631,54.58058851959533,156.0,3.0,2.0,compute_bound,thermal_runaway
2026-01-05 09:20:00,73.2853753997582,55.57083411454749,82.9255758065449,317.3704388087535,0.0,0.0,52.06223371847262,55.84684100393815,79.63016524554578,57.24013734654816,157.0,5.0,2.0,compute_bound,thermal_runaway
2026-01-05 09:21:00,73.14886958867966,56.70837173356064,83.18924884358177,308.4850915813065,0.0,0.0,53.36242219078704,57.99651630241455,75.48526722765338,49.49492539077511,158.0,6.0,2.0,compute_bound,thermal_runaway
2026-01-05 09:22:00,71.13066289726787,53.972790548848025,82.88050719174528,306.592810616119,0.0,0.0,56.163776908439736,58.68008376195307,52.41963387221473,44.00916828340779,159.0,5.0,2.0,compute_bound,thermal_runaway
2026-01-05 09:23:00,74.41211380696612,54.136352015767855,83.23750911822178,316.913498646855,0.0,0.0,59.87926615862514,60.11482600332231,82.62779794981455,34.76221696702226,160.0,7.0,2.0,compute_bound,thermal_runaway
2026-01-05 09:24:00,71.62305675584734,54.088608118674244,83.2554785522392,297.5091662697815,0.0,0.0,63.906041119050464,62.680080973349085,69.7684147500713,42.006791424491624,161.0,2.0,2.0,compute_bound,thermal_runaway
2026-01-05 09:25:00,72.25967841590148,53.13177278207743,83.76518281326744,304.32624557548445,0.0,0.0,58.76819952267471,61.546818951364166,74.50135576219736,42.72219158666215,162.0,2.0,2.0,compute_bound,thermal_runaway
2026-01-05 09:26:00,73.06705406856675,56.13899901412706,84.58543994137325,312.59595626219175,0.0,0.0,55.805441976974,59.4068993210942,69.01166701591114,44.21766888959693,163.0,3.0,2.0,compute_bound,thermal_runaway
2026-01-05 09:27:00,73.56449011986918,56.56012246546578,85.20600019180036,319.6479916049755,0.0,0.0,57.69126853280039,60.32842737874405,75.85390407574857,27.029405039816304,164.0,3.0,2.0,compute_bound,thermal_runaway
2026-01-05 09:28:00,77.95430673745928,55.49122508470214,85.78462601485083,321.4388625828673,0.0,0.0,59.41581518702887,64.25931634755096,56.940283530944406,30.957819727331344,165.0,3.0,2.0,compute_bound,thermal_runaway
2026-01-05 09:29:00,80.22477504046908,55.52316385435514,86.87898335937764,335.1464774875017,0.0,0.0,56.19148784846128,62.64085596949198,44.65984353447243,41.17435063503537,166.0,3.0,2.0,compute_bound,thermal_runaway
2026-01-05 09:30:00,78.86582200144723,57.202231520439184,87.60105927676742,323.60719451736117,0.0,0.0,59.50364147066262,63.04096280446378,74.97419247341722,25.382813784858868,167.0,3.0,2.0,compute_bound,thermal_runaway
2026-01-05 09:31:00,83.85608537360108,58.69668565890629,88.59587381232308,344.31768696039086,0.0,0.0,61.11399719030129,64.31633762323331,81.66287761675281,39.31650116674685,168.0,3.0,2.0,compute_bound,thermal_runaway
2026-01-05 09:32:00,80.83932710097066,57.78331940456004,89.49262015755627,335.86065409597296,0.0,0.0,58.646469929847385,63.31614471361195,93.57125728796441,48.093769048776174,169.0,6.0,2.0,compute_bound,thermal_runaway
2026-01-05 09:33:00,85.6123501579079,60.20292379039781,90.55724860247729,349.49006205246377,0.0,0.0,61.876361925924996,65.35560089751577,114.8515681089784,60.17602313877608,170.0,3.0,2.0,compute_bound,thermal_runaway
2026-01-05 09:34:00,82.0125059576622,58.84589875239741,90.77421620161962,324.7161453490913,0.0,0.0,58.940362469921205,65.78053939626908,91.93321806956952,55.73966538542799,171.0,3.0,2.0,compute_bound,thermal_runaway
2026-01-05 09:35:00,84.29579905163398,60.31506808330105,91.1490815152638,338.66669041229096,0.0,0.0,59.91650314039751,67.54321687703822,98.78816799006022,53.69874053787987,172.0,3.0,2.0,compute_bound,thermal_runaway
2026-01-05 09:36:00,84.33030478782456,62.066519762071614,92.1716719424129,346.32205875689976,0.0,0.0,62.396323165964276,64.4157886902187,102.86582131189247,54.774962290505314,173.0,6.0,2.0,compute_bound,thermal_runaway
2026-01-05 09:37:00,85.51141774805026,63.12720571774422,93.23809576893737,345.1025409047589,0.0,0.0,58.3886122527016,66.41812698366815,87.05386317559912,49.103567715561844,174.0,3.0,2.0,compute_bound,thermal_runaway
2026-01-05 09:38:00,87.95701824467037,59.1355990785994,94.45487203211214,350.35835375196893,0.0,0.0,58.01567672607553,64.7996870117497,86.90989772169658,55.28193318898422,175.0,4.0,2.0,compute_bound,thermal_runaway
2026-01-05 09:39:00,90.00204480354233,59.53035525868034,95.77251211437762,369.6890957029984,0.0,0.0,60.10968157937594,67.29176815606004,84.26597588791729,50.99065283173496,176.0,4.0,2.0,compute_bound,thermal_runaway
2026-01-05 09:40:00,83.73794825360001,61.37794244433375,96.12661670089794,338.47742106535276,0.0,0.0,56.97738858896446,68.47454029285984,79.31096927178717,56.50971404909267,177.0,4.0,2.0,compute_bound,thermal_runaway
2026-01-05 09:41:00,82.49095545539296,61.30223780661972,96.76517457313065,346.5601923963046,0.0,0.0,52.5915511226429,68.23546409107938,83.71047296714633,68.7218502216265,178.0,4.0,2.0,compute_bound,thermal_runaway
2026-01-05 09:42:00,77.78317654022905,61.04809369354053,97.32382991082997,327.08763038553934,0.0,0.0,52.4136988248165,65.96749124267212,90.23801867153415,61.97886923407606,179.0,7.0,2.0,compute_bound,thermal_runaway
2026-01-05 09:43:00,76.28960973221096,59.88032751341854,97.3910393416978,315.125736768445,0.0,0.0,54.052052123216754,66.03822383232443,105.26324723210003,50.35136878219299,180.0,2.0,2.0,compute_bound,thermal_runaway
2026-01-05 09:44:00,77.11617047413742,62.072844071329975,97.78488949774298,319.24101562076834,0.0,0.0,60.00735844814173,65.02191590380141,94.54039973725274,71.31460766008688,181.0,3.0,2.0,compute_bound,thermal_runaway
2026-01-05 09:45:00,75.19790851501749,63.479938001184735,97.9727528189425,309.79852786378285,0.0,0.0,60.07919409635771,62.38359565515486,105.26785643592262,66.46841298649679,182.0,3.0,2.0,compute_bound,thermal_runaway
2026-01-05 09:46:00,75.20122265104774,65.03558060021953,98.21749995594797,311.7120644895454,0.0,0.0,58.3542295944995,62.022934926458,103.88405431491825,51.7656105594715,183.0,3.0,2.0,compute_bound,thermal_runaway
2026-01-05 09:47:00,73.59336346314856,61.73845735971925,98.56660629642133,299.7473260728051,0.0,0.0,66.94173687092875,58.71315477337749,105.44935146752195,44.685907071044674,184.0,3.0,2.0,compute_bound,thermal_runaway
2026-01-05 09:48:00,74.50908613914521,60.33617287890736,98.99151866687998,313.0791156245253,0.0,74.0,61.87596234623069,61.89099752880457,120.39653629444189,32.20246677758131,185.0,3.0,2.0,compute_bound,thermal_runaway
2026-01-05 09:49:00,74.33077791610248,60.47002148661848,99.59454654887628,309.3521591958526,0.0,74.0,58.99403108200679,64.08147549609606,114.60462842463498,39.612958767809275,186.0,4.0,2.0,compute_bound,thermal_runaway
2026-01-05 09:50:00,72.43142669215462,60.477757136049185,100.04951593993894,292.37570134119767,0.0,48.0,53.2298728966276,62.03177967247196,109.81798393403638,45.67800217471937,187.0,4.0,2.0,compute_bound,thermal_runaway
2026-01-05 09:51:00,71.96047475007288,64.53722736493219,100.38244928605586,304.2858623171852,0.0,13.0,58.57287783064693,61.90360698772004,149.30587191622837,59.77108422156647,188.0,5.0,2.0,compute_bound,thermal_runaway
2026-01-05 09:52:00,73.70248883225469,62.66261765546115,101.13410107750774,305.4215700398209,0.0,63.0,50.651083286099315,60.56968179970985,146.24693872033652,38.620890493592476,189.0,5.0,2.0,compute_bound,thermal_runaway
2026-01-05 09:53:00,69.33543994754966,58.73783766548923,101.35199376635036,287.9210364691275,0.0,48.0,47.594942430697884,63.35653837860351,142.82393101018806,43.75600688747867,190.0,3.0,2.0,compute_bound,thermal_runaway
2026-01-05 09:54:00,69.74585744948521,61.89089222484305,101.88356949865856,298.3142747929936,0.0,63.0,53.82993266944947,64.54295961931004,129.53039834580613,39.786300118021096,191.0,4.0,2.0,compute_bound,thermal_runaway
2026-01-05 09:55:00,66.62529407583185,60.648934745599156,102.35532346453846,279.1850181246681,0.0,43.0,57.569270443298464,63.42034431153822,101.70225543724949,34.26132529198295,192.0,5.0,2.0,compute_bound,thermal_runaway
2026-01-05 09:56:00,67.36428016895762,62.92861101148942,102.90951387022346,292.2725741120446,0.0,63.0,54.95356602495997,60.83270820954876,90.00768988604231,36.50307388210847,193.0,2.0,2.0,compute_bound,thermal_runaway
2026-01-05 09:57:00,65.76899411773812,64.35057399547664,103.19026296074117,273.02405409323086,0.0,43.0,61.536028369199585,63.78111195340158,94.52728063926641,22.80057344951978,194.0,6.0,2.0,compute_bound,thermal_runaway
2026-01-05 09:58:00,67.15449415179681,59.80025161590701,104.09201525068153,288.1677040800847,0.0,74.0,59.834522186126065,65.98999201349523,77.22324149014705,17.278226677581614,195.0,4.0,2.0,compute_bound,thermal_runaway
2026-01-05 09:59:00,65.49927511839883,58.244687876343136,104.57091254712152,268.31890995411163,0.0,74.0,58.1146282477286,62.0444758219187,97.09810815337866,40.106131365218246,196.0,3.0,2.0,compute_bound,thermal_runaway
2026-01-05 10:00:00,65.57192346366662,59.33656002813712,105.01028416695323,273.83742013248866,0.0,48.0,59.80370763532742,62.270008364653044,90.94705937587393,27.60563681971624,197.0,3.0,2.0,compute_bound,thermal_runaway
2026-01-05 10:01:00,64.95197771731817,57.187126156011736,105.47993543808632,268.3096067663397,0.0,13.0,56.62287883232972,60.42468420846865,96.75585778409874,31.620690091777757,198.0,5.0,2.0,compute_bound,thermal_runaway
2026-01-05 10:02:00,63.647210507921116,61.53130319471362,105.8137013178505,269.47566008530043,1.0,43.0,56.366796508942365,62.299033752309434,109.56158250419415,40.49086835231769,199.0,3.0,2.0,compute_bound,thermal_runaway
2026-01-05 10:03:00,66.03233503551331,61.06326287610629,106.35313474184615,281.46291124619876,0.0,48.0,55.66868700118733,64.06118203695452,98.70366548754606,56.52671335318519,200.0,4.0,2.0,compute_bound,thermal_runaway
