timestamp,gpu_utilization,memory_utilization,gpu_temperature,power_consumption,ecc_errors,xid_errors,cpu_usage,ram_usage,network_throughput,disk_io,job_runtime,queue_length,active_processes,label,incident
2026-01-05 00:00:00,0.6480311564896848,7.162879095496535,38.0,60.38029141747856,0.0,0.0,7.018185035806631,24.957380575316012,7.376787900353171,4.121411057049186,0.0,1.0,0.0,idle,
2026-01-05 00:01:00,0.0,8.123452703997334,38.24434592657549,63.79371963924322,0.0,0.0,7.685873467170664,23.1357663322542,8.292116168973926,0.0,0.0,1.0,0.0,idle,
2026-01-05 00:02:00,0.0,6.943298998196393,37.85744740770873,61.806956665565664,0.0,0.0,11.668953391099642,22.428289953196117,11.057697270848529,0.0,0.0,0.0,0.0,idle,
2026-01-05 00:03:00,0.0,3.929750190759714,37.59076724248189,62.81290006504692,0.0,0.0,8.096398987402331,22.67409131053866,27.565012521159236,0.0,0.0,2.0,0.0,idle,
2026-01-05 00:04:00,0.0,4.038100640802759,37.62618044635705,56.97583480303445,0.0,0.0,10.246460526916264,22.81017188644449,27.516664011478923,0.0,0.0,0.0,0.0,idle,
2026-01-05 00:05:00,0.82750163560106,3.949457357338543,37.57715942755566,58.53132034952301,0.0,0.0,12.826163042748043,19.61316078922577,27.770942908228903,0.0,0.0,3.0,0.0,idle,
2026-01-05 00:06:00,0.0,8.288314530922417,37.25206903592427,51.375315717284536,0.0,0.0,15.416462082418164,22.50704146245538,4.421199813254996,0.0,0.0,1.0,0.0,idle,
2026-01-05 00:07:00,1.0305651275713417,1.315542130957275,37.44120920347094,73.75443205164183,0.0,0.0,15.653476115614152,21.002646577949275,8.09169198515,0.0,0.0,1.0,0.0,idle,
2026-01-05 00:08:00,5.293981184753065,3.71962299671247,37.29359341548894,68.97720141368248,0.0,0.0,14.492708479471865,21.436161229771464,22.705011945837303,0.0,0.0,2.0,0.0,idle,
2026-01-05 00:09:00,10.60177207668862,3.4926311449347462,38.30848171975249,104.0846065456906,0.0,0.0,12.744387033809534,19.67567430363199,2.4563853094792547,0.0,0.0,1.0,0.0,idle,
2026-01-05 00:10:00,8.521677763253148,4.679631240962174,38.72487641886296,82.23237549184925,0.0,0.0,14.934166137347836,20.256489056385185,0.18461161313243135,0.0,0.0,2.0,0.0,idle,
2026-01-05 00:11:00,5.672591746548268,8.535184547607098,38.6295358528285,78.0371695796256,0.0,0.0,11.20810975402556,23.406914739249917,0.0,0.0,0.0,0.0,0.0,idle,
2026-01-05 00:12:00,1.4370839376086546,7.9653446744102325,38.268244734205346,67.3396197408306,0.0,0.0,6.188041665585296,21.650443486598977,0.0,0.0,0.0,2.0,0.0,idle,
2026-01-05 00:13:00,4.944979903576182,8.33249336195187,38.134881805381056,78.11741847167794,0.0,0.0,9.369649944937821,24.15340226813114,0.0,0.0,0.0,3.0,0.0,idle,
2026-01-05 00:14:00,6.197466887607007,7.798677553961336,38.383165532240554,87.97197895423498,0.0,0.0,4.541134481951472,28.35857341940978,0.0,0.0,0.0,2.0,0.0,idle,
2026-01-05 00:15:00,4.684433747493039,12.339204636605803,38.46880750108129,60.00084339725589,0.0,0.0,11.714607733904208,27.367560148437605,0.0,0.0,0.0,1.0,0.0,idle,
2026-01-05 00:16:00,2.929202380162933,13.535222626658166,38.28364903528268,73.26638068615127,0.0,0.0,8.819072420410512,28.18306219901763,0.0,0.0,0.0,1.0,0.0,idle,
2026-01-05 00:17:00,2.1803700073701915,11.550527274556185,38.19227738772667,66.02121677750307,0.0,0.0,8.214909684705574,27.952474597659265,0.0,0.0,0.0,1.0,0.0,idle,
2026-01-05 00:18:00,2.759430413944104,12.057338061292294,38.11462192078599,61.95608511727337,0.0,0.0,8.484061260837489,25.142648443485857,8.730747996105158,0.0,0.0,2.0,0.0,idle,
2026-01-05 00:19:00,7.162348479700045,10.762080466735725,38.09832455500547,86.80378780311173,0.0,0.0,9.239478849415583,23.04630476743007,1.4504087505953693,0.0,0.0,2.0,0.0,idle,
2026-01-05 00:20:00,94.45252619025113,51.332104283882956,42.880205441327384,378.6994415289758,0.0,0.0,42.89574654895776,51.056024425949595,93.11261355189991,16.518421526388018,0.0,7.0,1.0,compute_bound,
2026-01-05 00:21:00,92.51071967287196,51.709099854096166,46.77964271114704,375.0304421568452,0.0,0.0,41.0673681847377,49.598533780139505,95.93804492081837,22.318309724283424,1.0,4.0,1.0,compute_bound,
2026-01-05 00:22:00,92.15251297239094,50.845404203030924,50.65650802673328,371.71340166097076,0.0,0.0,41.32226149658652,49.5745193043583,94.14122658228831,5.60398025852005,2.0,3.0,1.0,compute_bound,
2026-01-05 00:23:00,89.06337325650597,44.58232336351524,53.8261027421511,365.78459548482937,0.0,0.0,41.14006886061702,51.39361699821145,80.86421144483266,8.532754125721102,3.0,3.0,1.0,compute_bound,
2026-01-05 00:24:00,87.9386555539775,48.630877179569495,56.5526209974777,351.3272061300361,0.0,0.0,43.48164669164756,51.64743644621765,82.10954060672566,1.015680811483687,4.0,4.0,1.0,compute_bound,
2026-01-05 00:25:00,87.81934470646559,47.2515667091852,58.840559973520655,368.4130945111524,0.0,0.0,46.32297484661057,54.15550319308516,77.15447710741765,13.365697906811473,5.0,4.0,1.0,compute_bound,
2026-01-05 00:26:00,87.03764876374657,41.71150020272094,60.910511300822186,363.8122500684781,0.0,0.0,42.64723560931114,54.91065663816401,70.29681787390652,21.760465555534008,6.0,4.0,1.0,compute_bound,
2026-01-05 00:27:00,86.85448877497632,41.986119484913594,62.51704133391465,351.69635263707795,0.0,0.0,39.80950288747402,55.42456505156722,57.629357242089156,54.9542521923606,7.0,5.0,1.0,compute_bound,
2026-01-05 00:28:00,91.67306443553721,40.155691703505184,64.2838593764079,372.07796043542476,0.0,0.0,44.46732913783783,54.88058325670527,77.77293519786907,28.526051344768174,8.0,2.0,1.0,compute_bound,
2026-01-05 00:29:00,93.05365002654815,41.59785821985195,65.54766360374157,376.0272536387106,0.0,0.0,44.56012393746676,56.02439477173298,63.41678833475356,10.685704440169246,9.0,4.0,1.0,compute_bound,
2026-01-05 00:30:00,91.94968514786895,41.53588815992867,67.11784951998084,379.7505205501489,0.0,0.0,42.052534200172936,60.68886597645278,49.57136322869924,25.982612925298703,10.0,5.0,1.0,compute_bound,
2026-01-05 00:31:00,98.30136127720945,47.105981535579815,68.26710999262691,394.8867887473248,0.0,0.0,45.84537145426651,59.53234506551897,75.13277414584492,33.15284895543505,11.0,3.0,1.0,compute_bound,
2026-01-05 00:32:00,91.2173319370116,50.519284682982374,69.07396191928356,374.215742977441,0.0,0.0,48.92975269443288,55.86240016423086,107.01396449427064,33.525105885034634,12.0,2.0,1.0,compute_bound,
2026-01-05 00:33:00,90.18706152473774,51.198108353022604,70.13373725907175,369.917776875561,0.0,0.0,49.296204940539525,53.34753423612739,114.75333183798682,30.91275528279754,13.0,3.0,1.0,compute_bound,
2026-01-05 00:34:00,93.62760138717695,51.372639878199934,70.688810585715,382.555896890646,0.0,0.0,45.132630794565635,53.05396619432522,107.10650063205107,14.717461487286275,14.0,3.0,1.0,compute_bound,
2026-01-05 00:35:00,94.74050516548476,51.60327056196467,72.11393938656471,389.9238622364164,0.0,0.0,46.4000155190002,50.90546606567615,98.21114390524227,30.597940111419845,15.0,2.0,1.0,compute_bound,
2026-01-05 00:36:00,94.14758904971899,48.74313281206692,72.15206990154431,375.12095008323263,0.0,0.0,46.25039933563021,51.09479313197198,98.76519338557678,42.60699644164246,16.0,3.0,1.0,compute_bound,
2026-01-05 00:37:00,91.8006020062615,48.84836847057007,72.44457739695753,371.4542109321997,0.0,0.0,42.8027689652791,50.29338746312841,96.86547251898801,46.355170273007275,17.0,3.0,1.0,compute_bound,
2026-01-05 00:38:00,96.20676163503983,48.53964760440299,72.8489486284957,377.93173675751,0.0,0.0,42.730215292786,48.62030203433935,114.62878432933437,57.96756374779841,18.0,2.0,1.0,compute_bound,
2026-01-05 00:39:00,90.28012928950415,48.662382311678584,73.38743236939649,365.7378251279999,0.0,0.0,38.448036837812445,49.84763869307957,112.00695354445497,38.67090258705327,19.0,3.0,1.0,compute_bound,
2026-01-05 00:40:00,90.61851949149074,50.17000451543791,73.43884830544961,359.3533449983313,0.0,0.0,31.504654917048917,51.355583282184696,93.57413321814798,45.798700408162944,20.0,3.0,1.0,compute_bound,
2026-01-05 00:41:00,91.09185455202646,48.25992126693834,73.5727596811036,358.0210615579268,0.0,0.0,24.79157089136296,51.295505036004116,94.57633328054908,36.449137254446946,21.0,2.0,1.0,compute_bound,
2026-01-05 00:42:00,88.47915798672221,48.103577207347094,73.61438667977023,357.1283328409484,0.0,0.0,27.841367872834457,49.37534459669985,81.72258754014811,20.19091790747398,22.0,4.0,1.0,compute_bound,
2026-01-05 00:43:00,87.89589418776217,49.36766089064375,73.95233517823922,358.734426606365,0.0,0.0,35.097824988798855,53.47863694368653,127.20085996523676,8.682418058735486,23.0,3.0,1.0,compute_bound,
2026-01-05 00:44:00,91.89731869782537,47.26210548877475,74.06922823276507,361.26796020484306,0.0,0.0,37.916683295478514,50.77830890851577,115.80101519889371,10.304644573344383,24.0,3.0,1.0,compute_bound,
2026-01-05 00:45:00,90.83443499408892,49.819375912000254,74.94706425912209,374.82533625628184,0.0,0.0,34.579136386714,50.399340834348706,98.32121940184297,6.745876504167548,25.0,4.0,1.0,compute_bound,
2026-01-05 00:46:00,90.14302339562074,49.82680511417756,75.15231610258235,366.05216694759065,0.0,0.0,30.697436810886725,52.12711653733447,88.45687010426043,0.0,26.0,4.0,1.0,compute_bound,
2026-01-05 00:47:00,86.69037211744677,48.39658346414477,74.77039079610796,349.57429487096016,0.0,0.0,28.580155856487238,54.00819503512868,72.33788666520289,6.438041910521864,27.0,5.0,1.0,compute_bound,
2026-01-05 00:48:00,83.10790145162456,46.645943249735176,74.6227510984148,339.67566745428337,0.0,0.0,31.79954106540557,54.388400979093305,83.43288866674656,7.40299837317524,28.0,7.0,1.0,compute_bound,
2026-01-05 00:49:00,78.77686833341669,47.901766790704635,74.18186711402716,330.7375164431213,0.0,0.0,35.78593259492364,53.5714688284389,67.95201751891211,15.1209228127608,29.0,5.0,1.0,compute_bound,
2026-01-05 00:50:00,83.96935944744973,50.320811988015805,74.49299233084078,346.20052448908984,0.0,0.0,37.319147801684935,56.66911930828697,71.97919831981412,29.303155807234596,30.0,5.0,1.0,compute_bound,
2026-01-05 00:51:00,86.33697298523548,51.74620171122063,74.99723985465577,351.870041337154,0.0,0.0,37.2787085835416,51.31261295975815,81.0874789892588,27.464091539865997,31.0,4.0,1.0,compute_bound,
2026-01-05 00:52:00,87.91635492722398,52.68673202959488,74.39461744613102,358.78407999804597,0.0,0.0,36.96960146779244,50.88833724396663,76.60532487582955,24.342465503080454,32.0,5.0,1.0,compute_bound,
2026-01-05 00:53:00,88.63843530247128,50.75811169241926,74.24048697010682,364.73266841947265,0.0,0.0,35.44807063123114,50.38961035563669,77.11096250334049,18.757058831377122,33.0,4.0,1.0,compute_bound,
2026-01-05 00:54:00,89.91497573728726,49.329269909059825,74.35877125534664,364.4101965425355,0.0,0.0,33.363860094281875,51.06882550281935,79.41957680745874,30.6050233517536,34.0,4.0,1.0,compute_bound,
2026-01-05 00:55:00,90.72542554579346,46.310514155780375,74.75248398683368,361.64932169988515,0.0,0.0,35.007452026207055,51.333739623970715,67.43302546163585,32.2743641968499,35.0,3.0,1.0,compute_bound,
2026-01-05 00:56:00,93.66623127953447,46.311591550457,74.94667013320141,383.5051857171653,0.0,0.0,36.23941136430387,54.056779380316804,62.20993484564291,27.275323697980824,36.0,4.0,1.0,compute_bound,
2026-01-05 00:57:00,93.12563581271635,48.112130121249294,75.81797062201836,383.175667261988,0.0,0.0,37.32579908036869,57.13230414588763,92.1057352802853,42.69675329705256,37.0,2.0,1.0,compute_bound,
2026-01-05 00:58:00,88.52561261760329,46.52655767111139,75.706226082732,357.54787040814017,0.0,0.0,33.472695205028884,57.989331155896664,77.93744710580259,39.56131916591485,38.0,5.0,1.0,compute_bound,
2026-01-05 00:59:00,87.64356805908352,47.3015636651891,75.06881795301712,364.86397158102534,0.0,0.0,34.41390291768534,55.35980715785365,83.85932393039691,20.64654409822387,39.0,7.0,1.0,compute_bound,
2026-01-05 01:00:00,88.41137799972503,50.036307681381935,74.9397524452908,359.3845246263589,0.0,0.0,34.41150331357137,53.76417770305552,71.00868221356693,10.059396371356122,40.0,4.0,1.0,compute_bound,
2026-01-05 01:01:00,87.12270930976102,49.60082498235266,74.59147981562143,356.7035310254483,0.0,0.0,32.286764542904095,52.92435392424892,101.68768586304677,0.0,41.0,2.0,1.0,compute_bound,
2026-01-05 01:02:00,89.94084869833422,51.89434215530223,74.50392367118535,362.5376873641291,0.0,0.0,37.59125669853021,51.5174263135591,93.22494046554853,11.097460051814856,42.0,3.0,1.0,compute_bound,
2026-01-05 01:03:00,92.25492597660082,53.90733179413976,74.50403361491243,377.0227280575197,0.0,0.0,34.58732140336673,51.155044197458466,101.33570368403907,33.43556549021547,43.0,2.0,1.0,compute_bound,
2026-01-05 01:04:00,84.26496536394991,49.66193821444731,74.25516186615198,342.97591895734683,0.0,0.0,32.17844635539524,52.63613251833174,106.09739789783173,45.573689407615724,44.0,3.0,1.0,compute_bound,
2026-01-05 01:05:00,82.70467794296404,50.56490192953433,74.29082833023581,341.4653110298035,0.0,0.0,35.69185447150626,53.64065483886407,116.41296539568089,51.41673603872187,45.0,8.0,1.0,compute_bound,
2026-01-05 01:06:00,86.01840908027955,52.611941470646975,74.40635387626891,350.6989791930069,0.0,0.0,32.46966298779128,52.16784343432652,72.55431679795424,27.579379050207855,46.0,4.0,1.0,compute_bound,
2026-01-05 01:07:00,87.69251572141245,54.08816471869344,74.56547499317989,354.19628769938754,0.0,0.0,33.328015291916955,54.801248096442706,109.91761506325923,28.769356442166075,47.0,4.0,1.0,compute_bound,
2026-01-05 01:08:00,90.26239952464131,55.54121266246415,74.49245073669309,357.3361505335722,0.0,0.0,33.6355319753367,53.06655116780722,118.65675054743615,21.670815227610902,48.0,3.0,1.0,compute_bound,
2026-01-05 01:09:00,92.44185599337942,52.27536553630946,74.85606344265885,369.1243781051838,0.0,0.0,35.78246001189816,52.92755093041364,98.89976426042718,46.040621599601025,49.0,3.0,1.0,compute_bound,
2026-01-05 01:10:00,94.80782025541744,50.89013405270557,74.93848040007161,379.9512016892859,0.0,0.0,34.04753431542264,55.054074469811624,76.75886301430556,38.375020727253116,50.0,2.0,1.0,compute_bound,
2026-01-05 01:11:00,99.25372342183873,55.70517045515649,74.94560453972058,398.2427014475164,0.0,0.0,35.33083195301827,52.25274477293894,64.78882458174115,36.892764369276144,51.0,4.0,1.0,compute_bound,
2026-01-05 01:12:00,95.28876218397893,53.9688873785015,75.40623924884555,378.9375891954541,0.0,0.0,31.907640551930996,51.91665862477835,89.40675776868385,11.386006869589906,52.0,2.0,1.0,compute_bound,
2026-01-05 01:13:00,95.84092369993995,54.60096831962113,75.78688832634587,389.93235153972046,0.0,0.0,35.88584815714451,52.745327218512585,101.67293586460308,10.942777861840526,53.0,4.0,1.0,compute_bound,
2026-01-05 01:14:00,93.45576586580096,54.71190341978209,76.01336401688586,371.9607654736967,0.0,0.0,36.70266454165477,56.90458930383665,101.09830070848568,5.4038930088533625,54.0,5.0,1.0,compute_bound,
2026-01-05 01:15:00,95.29749198675331,51.725090686779254,76.04827873226176,382.7286470200396,0.0,0.0,38.766138137197515,56.168713455024715,110.63238255547876,6.854937762288156,55.0,5.0,1.0,compute_bound,
2026-01-05 01:16:00,95.24512679400267,48.14345212959547,75.9450273092094,380.97691381921055,0.0,0.0,42.16535956658379,57.08995212707486,140.31076344040522,7.28089866234793,56.0,2.0,1.0,compute_bound,
2026-01-05 01:17:00,95.90644309440972,44.30534607934556,76.31989112228993,383.31483916203365,0.0,0.0,41.18349375042518,53.91770980764588,116.86028302788327,2.122193977280709,57.0,4.0,1.0,compute_bound,
2026-01-05 01:18:00,97.8919678214877,44.41224720147113,76.71625800134034,396.65664062050973,0.0,0.0,40.017439738124246,52.41058467765946,119.72907015378576,1.2958515447457657,58.0,4.0,1.0,compute_bound,
2026-01-05 01:19:00,95.25333041317847,44.41438713058325,76.76293236795408,381.60604578294044,0.0,0.0,39.21284509468932,51.84662863090785,135.13635197397463,22.47396903996867,59.0,3.0,1.0,compute_bound,
2026-01-05 01:20:00,96.75848184082233,40.78011333982909,76.68770977670394,382.8847929309237,0.0,0.0,40.829719706112094,54.95901292562685,102.29361594842057,41.73500350405394,60.0,5.0,1.0,compute_bound,
2026-01-05 01:21:00,94.86245968493937,37.53660965394256,76.36963644164214,384.5847680959979,0.0,0.0,36.34843891071471,55.29291521646547,90.26675636327596,33.6556524535662,61.0,4.0,1.0,compute_bound,
2026-01-05 01:22:00,97.0415568741349,40.33461372728329,76.24938007314626,398.53342435826835,0.0,0.0,35.07323234566944,58.33961139805536,67.61254770327417,28.454275853449083,62.0,4.0,1.0,compute_bound,
2026-01-05 01:23:00,91.2537035605521,41.39687471388743,76.19816799079375,369.0629535145973,0.0,0.0,33.929916675054955,53.797411145373246,73.23529522414046,16.931608295754813,63.0,3.0,1.0,compute_bound,
2026-01-05 01:24:00,92.94749622889191,41.205214864280286,76.40952085938184,386.0065340269744,0.0,0.0,30.490959067922155,53.79475818373681,80.74878695080245,36.46729885756023,64.0,3.0,1.0,compute_bound,
2026-01-05 01:25:00,92.68938069321534,38.772212408398175,76.62647073205814,371.19437523843305,0.0,0.0,33.41942077379288,49.26783593143209,83.29922560163996,27.975208573180204,65.0,7.0,1.0,compute_bound,
2026-01-05 01:26:00,89.9827408751618,39.48637145857668,76.18360222660634,373.8866263913979,0.0,0.0,28.912923295203093,52.30341714975268,92.6507098073595,31.79004991234789,66.0,6.0,1.0,compute_bound,
2026-01-05 01:27:00,86.15862206995767,42.1567330580126,76.05530662219748,346.2936220667085,0.0,0.0,31.917569099369423,53.05075918166512,56.880606996704614,24.720555866402492,67.0,4.0,1.0,compute_bound,
2026-01-05 01:28:00,86.1086966068265,41.997892824116256,76.17883302764479,356.0348822295588,0.0,0.0,32.00907391758572,57.70107066771624,85.26988736543954,22.756288419329206,68.0,4.0,1.0,compute_bound,
2026-01-05 01:29:00,86.76362431758179,42.7434951254676,76.12185884445532,363.1953904768854,0.0,0.0,30.328001993566186,58.54426724955297,69.62568679133153,31.13426880411265,69.0,3.0,1.0,compute_bound,
2026-01-05 01:30:00,86.19461319155005,45.00571265701526,75.6708912263153,349.9220283856296,0.0,0.0,37.26931720269516,58.2190656160573,66.0270804564789,38.43317467709226,70.0,3.0,1.0,compute_bound,
2026-01-05 01:31:00,88.84634938342704,43.26379328877499,76.0858070571023,366.79372318278183,0.0,0.0,35.97883578959464,57.68992700909379,48.913580293831615,32.10917559703992,71.0,5.0,1.0,compute_bound,
2026-01-05 01:32:00,89.68501394163108,44.23524723475388,76.13447066105786,374.1839248709477,0.0,0.0,42.46010187705099,56.43509624258878,79.27993591713766,31.94087174353748,72.0,3.0,1.0,compute_bound,
2026-01-05 01:33:00,82.74062612839087,43.9268959279031,75.77573858797257,328.4773193985657,0.0,0.0,46.78127695970781,57.084261665586986,68.00061818302625,35.206379094464005,73.0,3.0,1.0,compute_bound,
2026-01-05 01:34:00,83.5018736876902,46.415409678691844,76.06413553356803,351.2446761525808,0.0,0.0,53.121096330515726,52.906058094806625,66.1572141852433,48.207881741671905,74.0,2.0,1.0,compute_bound,
2026-01-05 01:35:00,83.85705191530906,43.638552878501734,75.96186895012373,341.4488024154412,0.0,0.0,50.703769625640916,53.11981978498471,73.83643364635216,40.63596571279982,75.0,5.0,1.0,compute_bound,
2026-01-05 01:36:00,82.12373600470023,43.779545017755815,75.18429738447533,336.3055236223889,0.0,0.0,53.951577379298115,54.999747609203126,65.48354421653427,31.674958241947493,76.0,5.0,1.0,compute_bound,
2026-01-05 01:37:00,78.51714362688152,45.023388040720995,74.48178786797278,328.2786268726039,0.0,0.0,49.057950644935,55.211162866853485,63.835617181250726,28.864019132235953,77.0,3.0,1.0,compute_bound,
2026-01-05 01:38:00,79.26740709026217,45.14984132933794,73.9539717702701,329.7142478881046,0.0,0.0,56.687838187188575,55.25503976467525,66.58695240682084,37.65863301281939,78.0,3.0,1.0,compute_bound,
2026-01-05 01:39:00,83.90411781680176,44.91422668521645,73.55625887895927,344.42611409515473,0.0,0.0,56.03447916428334,60.51721342959383,50.29244518814421,43.91197132903791,79.0,6.0,1.0,compute_bound,
2026-01-05 01:40:00,82.49678095240202,49.45212218710046,73.29778189376911,339.1882719245729,0.0,0.0,51.21503522158808,62.771041217513854,55.93340060609651,51.35124864899534,80.0,2.0,1.0,compute_bound,
2026-01-05 01:41:00,81.59245551510806,49.71452321679273,73.53146483808311,337.4447959243184,0.0,0.0,44.57533235132583,63.30226899756006,44.40787433549079,34.76016874143909,81.0,3.0,1.0,compute_bound,
2026-01-05 01:42:00,81.00524502636742,49.774647092902356,73.55211192107024,333.41559164761634,0.0,0.0,47.1102677177815,58.41169276620698,49.93112642450821,36.596501109953834,82.0,3.0,1.0,compute_bound,
2026-01-05 01:43:00,84.26882029041944,48.110721919677005,73.59448854334401,346.98352185156216,0.0,0.0,45.28245154065398,61.14805537437941,66.30094123902474,33.00704005626401,83.0,4.0,1.0,compute_bound,
2026-01-05 01:44:00,81.68155523486993,46.1801625733802,73.0216822571664,335.6713189789706,0.0,0.0,42.2630709227067,60.64900891987985,43.531321283877574,51.34144307764976,84.0,5.0,1.0,compute_bound,
2026-01-05 01:45:00,86.07189340368,47.20913458344882,72.91772224264243,351.59302875531193,0.0,0.0,37.92883344077436,61.13169044226478,42.4720245105403,42.68557856431198,85.0,3.0,1.0,compute_bound,
2026-01-05 01:46:00,91.8746862030223,49.918532253017595,73.50578339620776,362.25289804632047,0.0,0.0,44.68012191681156,60.189842424514204,51.39147060156248,29.391374311282778,86.0,6.0,1.0,compute_bound,
2026-01-05 01:47:00,94.5337782716451,48.80547969390791,73.8169974212539,381.3537960480259,0.0,0.0,44.05191880447627,55.966568643960414,88.90554412969715,31.17657106003386,87.0,4.0,1.0,compute_bound,
2026-01-05 01:48:00,91.72106688319018,50.00192952854039,73.64600760080529,362.31254923506066,0.0,0.0,39.765294349978916,53.033984285991274,107.1217524690064,27.39928965407969,88.0,2.0,1.0,compute_bound,
2026-01-05 01:49:00,87.59213129564822,50.38903670514342,74.11953349904795,359.2885368340889,0.0,0.0,38.07369454134124,51.45311910195103,109.75762434682383,31.18706683052896,89.0,3.0,1.0,compute_bound,
2026-01-05 01:50:00,87.85749996371509,49.98162602046858,74.30103712372551,363.6702885822782,0.0,0.0,44.43699138768596,51.61390204729445,91.15420283591585,24.726197133199516,90.0,7.0,1.0,compute_bound,
2026-01-05 01:51:00,86.95795779168397,49.427061109130165,74.10913795925006,358.0005270486347,0.0,0.0,44.04162103239101,50.357543326616536,103.04168188613397,12.143127507819255,91.0,4.0,1.0,compute_bound,
2026-01-05 01:52:00,86.60708019730271,51.89051779340015,74.07927271111494,353.0581285702785,0.0,0.0,46.57693224603565,48.78904429349521,75.61395939097008,13.728655496500451,92.0,3.0,1.0,compute_bound,
2026-01-05 01:53:00,86.53117393032738,48.165059756180945,74.06872911715256,351.95786014076407,0.0,0.0,45.331755508498354,49.699652497552336,82.9440126815072,17.81785997136468,93.0,3.0,1.0,compute_bound,
2026-01-05 01:54:00,84.60436050921305,46.262219332394494,74.160709415447,346.5074852686359,0.0,0.0,50.220163263158966,48.47187343927077,96.42188959344125,13.588106527828234,94.0,4.0,1.0,compute_bound,
2026-01-05 01:55:00,85.0697845545742,47.53590111742677,73.92082542111983,344.7873264633795,0.0,0.0,48.53571137235827,49.67159312736317,91.79392574343149,18.196912867752054,95.0,2.0,1.0,compute_bound,
2026-01-05 01:56:00,88.27764047964048,49.87463168990321,73.77753404768993,360.4883052380374,0.0,0.0,51.72897440464083,50.29012352845078,66.9638045237862,20.34792782846729,96.0,3.0,1.0,compute_bound,
2026-01-05 01:57:00,89.47898981371527,51.72818265401757,73.95896147096465,371.0345577290731,0.0,0.0,47.68115274985077,50.433719881704455,66.74175896321927,31.570226028389946,97.0,3.0,1.0,compute_bound,
2026-01-05 01:58:00,91.20704075663153,52.50959687872533,74.32874325864007,387.0299473694767,0.0,0.0,50.70988178788943,48.997883843203304,68.29586982159827,26.955007319767844,98.0,3.0,1.0,compute_bound,
2026-01-05 01:59:00,88.46942932440531,52.2606143001188,74.31774196390295,357.76927894592785,0.0,0.0,42.30653415584116,48.41384662008558,107.67226841780433,26.59865583384584,99.0,5.0,1.0,compute_bound,
2026-01-05 02:00:00,92.15318398281575,51.55463478212918,74.47279222097617,381.97740024699544,0.0,0.0,37.182059586194526,52.04887326740376,123.38182108266855,32.26359154063329,100.0,5.0,1.0,compute_bound,
2026-01-05 02:01:00,90.12879430283905,51.75039958007349,74.92201720342004,363.9237624141882,0.0,0.0,42.39526956071555,47.452567033543666,86.2298892190505,23.87236383163667,101.0,4.0,1.0,compute_bound,
2026-01-05 02:02:00,86.39353884429876,47.633200905768994,74.70474724182799,351.83779629120096,0.0,0.0,45.66440488119808,46.951532849547355,99.67158271812862,24.65299405335832,102.0,5.0,1.0,compute_bound,
2026-01-05 02:03:00,86.7156364703163,45.70616015963467,74.90795598321301,350.03526532381295,0.0,0.0,46.71638384337551,49.04718382618823,110.29879940683313,15.86734083736133,103.0,3.0,1.0,compute_bound,
2026-01-05 02:04:00,88.50591155242269,46.72260469555899,74.72932930647819,356.6236926240513,0.0,0.0,47.233338579207405,48.20771775259646,110.64233729383903,27.334005296135544,104.0,5.0,1.0,compute_bound,
2026-01-05 02:05:00,85.47043724056404,49.49830098482352,75.0203606899952,351.05838155584763,0.0,0.0,43.671065191980105,47.834469860465084,122.64059163810305,10.375652882799027,105.0,2.0,1.0,compute_bound,
2026-01-05 02:06:00,87.3797234487399,46.21850375937203,75.30948813898615,364.62828700067786,0.0,0.0,40.509649910425196,51.358834946987386,83.05159600362754,26.331471845284888,106.0,3.0,1.0,compute_bound,
2026-01-05 02:07:00,86.64559627017947,43.28667985686089,74.81955075223149,355.6179634610007,0.0,0.0,42.891496378707885,51.48840475425872,95.1874658495811,21.084739170833338,107.0,4.0,1.0,compute_bound,
2026-01-05 02:08:00,85.14730052042027,43.657451711328875,74.68710922512706,360.49989452912814,0.0,0.0,42.60702013815739,53.2020819062888,96.07141434758016,23.09841569717733,108.0,4.0,1.0,compute_bound,
2026-01-05 02:09:00,87.16518123371567,43.816395295313505,75.03505994590301,358.20775317927786,0.0,0.0,38.97450813320665,51.36872910835105,81.12084608507092,31.73972204934953,109.0,5.0,1.0,compute_bound,
2026-01-05 02:10:00,85.00595277051184,40.413663938267625,74.94443348890286,337.84337479834824,0.0,0.0,39.77026756702948,52.96674680544401,83.87656999608703,12.793149074395352,110.0,3.0,1.0,compute_bound,
2026-01-05 02:11:00,89.20472757091656,40.496812971132144,74.61882235260991,356.21665220884177,0.0,0.0,36.41980277073902,55.3869429645937,88.10607253653578,14.326493338748088,111.0,3.0,1.0,compute_bound,
2026-01-05 02:12:00,86.16120282082547,41.39685179904006,75.3368181393,357.65716294946156,0.0,0.0,39.406981261526475,56.24901656184002,84.31292693516035,13.892116654681772,112.0,3.0,1.0,compute_bound,
2026-01-05 02:13:00,84.99138746736095,41.54889339641186,75.2361972346977,351.21606408284447,0.0,0.0,37.96409499453266,55.27751225676814,71.95855323822626,30.82446229615764,113.0,6.0,1.0,compute_bound,
2026-01-05 02:14:00,88.073283344078,44.18162447495735,75.22584874483765,363.46364360512695,0.0,0.0,35.23400041703395,56.87608142998589,69.0792159468367,29.373469562171774,114.0,2.0,1.0,compute_bound,
2026-01-05 02:15:00,84.79998749998784,44.31353467459028,75.17374708357835,354.3941897331222,0.0,0.0,36.96583513712397,52.821784811952945,103.34854058337288,38.136131383604635,115.0,2.0,1.0,compute_bound,
2026-01-05 02:16:00,83.87985059148346,41.44297795543249,75.38148952189982,351.9163437379984,0.0,0.0,36.481337674134465,53.74426902335019,90.9544557840631,33.40904794467137,116.0,5.0,1.0,compute_bound,
2026-01-05 02:17:00,87.35470690287755,40.17678819330188,74.88153370559574,358.1941613006684,0.0,0.0,37.59412431351781,53.341917554659176,101.2514019362896,48.06358278735989,117.0,4.0,1.0,compute_bound,
2026-01-05 02:18:00,89.72718399133956,41.2143770804764,75.11467797597564,373.1554725087152,0.0,0.0,41.00511938158205,54.34751091920138,92.32530918758891,66.74206977001612,118.0,4.0,1.0,compute_bound,
2026-01-05 02:19:00,89.68229507717503,39.314839549731516,75.46550367287922,357.7749146059202,1.0,0.0,44.98767929179236,58.91772986905663,78.96119037286343,75.43144268878132,119.0,5.0,1.0,compute_bound,
2026-01-05 02:20:00,86.48397766705989,44.29273537964569,75.7868336370299,354.54061877046325,0.0,0.0,41.95178268986624,56.24471169924806,55.163211677375855,59.05900940029473,120.0,3.0,1.0,compute_bound,
2026-01-05 02:21:00,85.3676712604571,43.67192170444935,75.35304939244608,353.8527462690395,0.0,0.0,38.924531792844554,55.54874326956255,58.1977696474913,49.35382252072891,121.0,2.0,1.0,compute_bound,
2026-01-05 02:22:00,91.73979851491076,43.978581282578226,75.27384588996411,362.3213155308888,0.0,0.0,40.204608928699024,54.0610491121919,52.85164319486532,55.664007131423816,122.0,3.0,1.0,compute_bound,
2026-01-05 02:23:00,86.62956825596518,45.65609828260074,74.8067667857757,351.82464748813317,0.0,0.0,37.27897359641998,53.396452139129785,47.760811512424524,46.304933741573585,123.0,3.0,1.0,compute_bound,
2026-01-05 02:24:00,85.27865492284566,47.793636182399744,74.51987874098556,347.29281290226464,0.0,0.0,36.42333349963274,50.62089875988667,51.641199293728924,49.58327161860497,124.0,6.0,1.0,compute_bound,
2026-01-05 02:25:00,84.19794224934627,45.43614083023585,74.37700734659408,348.60467207716204,0.0,0.0,34.42851155284712,52.41345748261688,55.18405111332553,37.31141514610452,125.0,3.0,1.0,compute_bound,
2026-01-05 02:26:00,82.97354493762984,47.59699436673811,74.15037820790293,345.6855842128035,0.0,0.0,34.42941816506672,54.69242336851911,62.75006308847072,46.28172679644156,126.0,4.0,1.0,compute_bound,
2026-01-05 02:27:00,86.11564888202089,46.237916903052636,74.18320084200606,354.0262621246983,0.0,0.0,35.164328368132416,56.6827698655034,66.87847486166342,43.355315954558094,127.0,3.0,1.0,compute_bound,
2026-01-05 02:28:00,82.24693313049916,49.534403200342524,74.48520385409284,345.74974013997456,0.0,0.0,33.39996459669428,56.568704536870804,57.78542842291465,52.270499045573885,128.0,4.0,1.0,compute_bound,
2026-01-05 02:29:00,80.8592387898019,49.030097932302034,74.02193284268435,332.80217306212734,0.0,0.0,40.380282172544234,57.54707962879133,83.54354083174681,51.624867677895324,129.0,3.0,1.0,compute_bound,
2026-01-05 02:30:00,79.5420600222382,46.07026849080126,73.76323532475578,328.19760400098363,0.0,0.0,35.544201244205304,56.94161741998567,101.23939512382665,72.16769020281612,130.0,3.0,1.0,compute_bound,
2026-01-05 02:31:00,84.88911558758221,44.462538064318075,73.82546794669815,346.1394345207587,0.0,0.0,36.91987389121472,55.41199025662986,106.49123834409608,38.47805003820186,131.0,4.0,1.0,compute_bound,
2026-01-05 02:32:00,82.20287494408531,46.8340698320542,73.61444719970899,337.79787949369853,0.0,0.0,39.01320716287562,57.59044004672217,121.0269206463741,38.802495647684644,132.0,2.0,1.0,compute_bound,
2026-01-05 02:33:00,84.31866184611891,44.92332536218658,73.5066041488242,344.8676347615298,0.0,0.0,35.582714779410004,56.220572129157304,112.1081650539899,53.33343521839675,133.0,4.0,1.0,compute_bound,
2026-01-05 02:34:00,87.67069232950438,42.92234799918285,73.58833063880684,360.68529169337376,0.0,0.0,30.444511911377255,55.42459419796388,111.86374633874766,70.50318017539934,134.0,4.0,1.0,compute_bound,
2026-01-05 02:35:00,90.46503823315241,47.109469323945135,73.95958517319148,366.15207178627355,0.0,0.0,32.02875621985494,56.833482710257144,123.93317367457105,64.67612894900859,135.0,3.0,1.0,compute_bound,
2026-01-05 02:36:00,88.573011381037,51.46199103979978,73.65190314659166,358.20128276535155,0.0,0.0,33.47433484354718,55.710128273079306,123.9576307898823,49.35220867997724,136.0,4.0,1.0,compute_bound,
2026-01-05 02:37:00,87.7413524548891,50.98086041387735,73.5541416863439,351.16014232787796,0.0,0.0,36.466442582148474,58.81478133401244,124.3363073422567,47.79951374265201,137.0,3.0,1.0,compute_bound,
2026-01-05 02:38:00,89.290513776545,50.16032590693517,73.51316979931188,349.95466603240277,0.0,0.0,37.70099036559778,58.48641486978961,142.02406167121904,43.683971309885344,138.0,3.0,1.0,compute_bound,
2026-01-05 02:39:00,87.70505656742183,49.33039406549003,73.8711600903793,354.5019184124036,1.0,0.0,39.3505215408444,62.8755560556291,132.98468939183147,32.94876800354001,139.0,4.0,1.0,compute_bound,
2026-01-05 02:40:00,91.43298999770795,48.867943607719425,74.15374391100384,365.27396607003476,0.0,0.0,46.07283211240475,60.6512330339564,123.14750838589694,24.638558445330435,140.0,5.0,1.0,compute_bound,
2026-01-05 02:41:00,91.10084613907478,48.01946249147001,74.25271057390029,369.3700782914138,0.0,0.0,43.656544517802274,58.266118384453364,114.75604635728234,11.827427802278834,141.0,3.0,1.0,compute_bound,
2026-01-05 02:42:00,88.24419307981867,45.18494328213658,74.75458207520505,359.65230581246277,0.0,0.0,44.517226454863504,57.23667234583666,107.3443883563073,8.365422447247258,142.0,3.0,1.0,compute_bound,
2026-01-05 02:43:00,88.67561938833254,47.38476332062103,74.69799850879922,359.73164595968433,0.0,0.0,40.85656868294005,56.326509512130514,103.57304389188452,10.609437770239555,143.0,5.0,1.0,compute_bound,
2026-01-05 02:44:00,88.51393852192379,48.232326806968786,74.48718063646122,362.5760391389368,0.0,0.0,37.37776264551881,58.27635439584759,98.52241507871872,16.281242618688285,144.0,4.0,1.0,compute_bound,
2026-01-05 02:45:00,90.69906943155657,44.8870239335679,74.55217343958131,367.12909279950185,0.0,0.0,37.04622902433699,58.97556270950074,94.24797618795805,0.14551485441104006,145.0,5.0,1.0,compute_bound,
2026-01-05 02:46:00,92.6238087065633,45.79177421288449,74.94647298623991,376.5176382576319,0.0,0.0,34.614725963860444,59.56422979428217,120.7317123581501,6.0574967100113035,146.0,2.0,1.0,compute_bound,
2026-01-05 02:47:00,94.3478505244738,44.6201202832425,75.05095661093351,389.15304216201747,0.0,0.0,35.50834491428428,60.12710480287893,120.23913409827371,2.082975245425441,147.0,5.0,1.0,compute_bound,
2026-01-05 02:48:00,96.10379203800497,45.971616663808625,75.90474548040578,388.55242655174186,0.0,0.0,29.69401494176442,58.79831193273674,120.47142394238433,10.017723844887747,148.0,4.0,1.0,compute_bound,
2026-01-05 02:49:00,6.856889429910498,6.576012915930927,71.71068070259913,85.31625547700358,0.0,0.0,0.0,32.18120397782407,25.456659819306616,0.0,0.0,1.0,0.0,idle,
2026-01-05 02:50:00,10.940159111686166,4.850877350685387,67.76832170692094,101.2910492954835,0.0,0.0,0.0,32.2020566219311,15.736397540957235,15.805989216646065,0.0,3.0,0.0,idle,
2026-01-05 02:51:00,10.268982350324539,4.373508592830987,64.79739711097069,92.35278622956712,0.0,0.0,0.0,30.46401138657817,8.65195532849136,7.837797705882907,0.0,1.0,0.0,idle,
2026-01-05 02:52:00,10.79121316947109,4.641395651846757,62.49386781199987,99.46783682324644,0.0,0.0,0.0,30.191773637241408,29.732495707161394,4.991440219797733,0.0,1.0,0.0,idle,
2026-01-05 02:53:00,11.7280868622132,6.976047579454976,60.354574701726825,104.3328941512715,0.0,0.0,3.949703241466783,31.458168390188774,38.829594124661,0.0,0.0,1.0,0.0,idle,
2026-01-05 02:54:00,9.875278883646649,6.596203305290912,57.82444704233706,96.75193901620746,0.0,0.0,7.186230479072025,28.637037458965917,59.307580059911295,3.468926581444303,0.0,2.0,0.0,idle,
2026-01-05 02:55:00,11.552579733716055,7.540233606366069,55.98275363547499,100.49344264984339,0.0,0.0,2.249041703077909,23.703797989725143,64.95674603385432,0.0,0.0,2.0,0.0,idle,
2026-01-05 02:56:00,11.310310748036922,8.901079892022834,54.53158230070225,101.48861365661658,0.0,0.0,4.907754715575895,23.80890009097475,29.89474413973471,9.964438260163647,0.0,4.0,0.0,idle,
2026-01-05 02:57:00,8.40694597593176,6.576104556536736,52.99403910954251,86.95601599726272,0.0,0.0,7.629455268638952,23.003408212200284,40.214922319120745,20.702858354314913,0.0,2.0,0.0,idle,
2026-01-05 02:58:00,10.016262690995841,0.7537265610916553,51.66699437352654,96.4109465083331,0.0,0.0,7.492864691165732,19.88809841931294,15.339902805647633,33.451236160307765,0.0,0.0,0.0,idle,
2026-01-05 02:59:00,4.233272650784762,2.4755075563958293,50.24554700410416,64.48935176596487,0.0,0.0,0.9482223545938604,15.124892025496475,0.0,47.50691082400184,0.0,3.0,0.0,idle,
2026-01-05 03:00:00,4.691947392521278,1.9272276014519658,48.83098867050245,75.66395667165433,0.0,0.0,0.8559808132211124,17.502618825989693,0.7043051963097389,28.623364529484732,0.0,0.0,0.0,idle,
2026-01-05 03:01:00,4.7104851556641405,0.0,48.46827408989364,87.89241382920332,0.0,0.0,1.1252754915079093,17.898861154600347,0.0,18.90969556120105,0.0,1.0,0.0,idle,
2026-01-05 03:02:00,1.2759511547505387,0.0,46.71369899131341,60.450032026212064,0.0,0.0,0.0,23.67109859108667,22.154888860909857,19.47858579802238,0.0,1.0,0.0,idle,
2026-01-05 03:03:00,1.2061781980298911,0.0,46.03877029236754,71.59636997234946,0.0,0.0,2.5245935270856714,23.280313954826447,15.089506500597626,9.784116285131697,0.0,4.0,0.0,idle,
2026-01-05 03:04:00,0.0,0.0,44.73610763506844,56.05170995616274,0.0,0.0,3.8002832957092583,25.426433387973237,5.372361757173709,0.0,0.0,2.0,0.0,idle,
2026-01-05 03:05:00,0.0,0.0,44.15387045848158,58.71834074723609,0.0,0.0,4.164653988245981,26.09379274778895,22.27310693844018,0.0,0.0,0.0,0.0,idle,
2026-01-05 03:06:00,0.0,0.0,43.58283717831177,54.531947303575,0.0,0.0,10.747155185735794,24.568978715608594,32.686469530121954,0.0,0.0,2.0,0.0,idle,
2026-01-05 03:07:00,88.79224911056288,36.377360744349986,47.41836426012992,359.96235043726233,0.0,0.0,46.15141732654707,52.910768533163086,133.93279446453462,20.097054468814534,0.0,4.0,1.0,compute_bound,
2026-01-05 03:08:00,91.1725358347602,37.20875966438072,50.89279292404491,371.51395451607834,0.0,0.0,46.77833212954593,50.60564574172084,114.300462910562,30.529874351776954,1.0,4.0,1.0,compute_bound,
2026-01-05 03:09:00,91.84292572028473,39.46427940820798,53.374032749092194,364.5003924510656,0.0,0.0,47.86688533129073,52.458072656240844,110.14755908280837,42.91996255833468,2.0,4.0,1.0,compute_bound,
2026-01-05 03:10:00,89.9769243455611,40.3319239652352,56.05679391860922,361.58485599164857,0.0,0.0,49.043549034021645,52.27988491414616,81.78261645753463,36.00430039024029,3.0,5.0,1.0,compute_bound,
2026-01-05 03:11:00,93.75739947986844,40.020311615130176,58.85673780101165,378.27468410330204,0.0,0.0,47.55598668247274,53.94854433329649,87.25989204481041,42.40249124239322,4.0,2.0,1.0,compute_bound,
2026-01-05 03:12:00,93.24965593624839,40.47259163118177,60.83253103934935,370.48397940470045,0.0,0.0,47.46168695363319,50.732551236968646,87.17278046356411,30.54216771000837,5.0,6.0,1.0,compute_bound,
2026-01-05 03:13:00,91.57002571567241,41.301489650000605,62.598470823106304,374.10267265503296,0.0,0.0,45.98793863512357,48.06341717767084,91.34416951525021,21.243892779181873,6.0,4.0,1.0,compute_bound,
2026-01-05 03:14:00,92.04042102567087,39.21553683149284,64.63298544465532,383.3398373419749,0.0,0.0,48.424824887205205,50.62355738798136,79.38263099224582,30.797336318609787,7.0,4.0,1.0,compute_bound,
2026-01-05 03:15:00,88.66686525537742,41.23109950176968,65.91845412912915,361.63293655605634,0.0,0.0,48.54202710671681,51.779130660748365,80.73527423244644,42.679052043603285,8.0,3.0,1.0,compute_bound,
2026-01-05 03:16:00,87.79300818754267,39.33014754481424,67.1005712933356,359.2530866986038,0.0,0.0,45.46963518344427,54.64748763369478,90.77201178845571,52.62398013007501,9.0,2.0,1.0,compute_bound,
2026-01-05 03:17:00,85.38830333345305,41.5239677990577,68.16909614800618,354.15633554191237,0.0,0.0,37.22644849884511,52.452264145242424,98.09040275267809,40.84962700066746,10.0,4.0,1.0,compute_bound,
2026-01-05 03:18:00,82.0299869450346,42.903642668943235,68.82472613887302,344.0568276436194,0.0,0.0,41.24785218408428,51.47888501452221,72.44671892980153,61.28018027965473,11.0,3.0,1.0,compute_bound,
2026-01-05 03:19:00,86.94252319272456,44.337106115153546,69.24759568418163,355.99416398452485,0.0,0.0,41.82828093369739,47.14879319096204,75.32004931732112,58.26112084099492,12.0,5.0,1.0,compute_bound,
2026-01-05 03:20:00,82.44421292229963,45.156585872356615,69.50883527850819,343.1157491649861,0.0,0.0,34.92368925100259,50.18290763761944,77.43605033662205,72.35504146117708,13.0,3.0,1.0,compute_bound,
2026-01-05 03:21:00,81.86966423886464,43.58067854622586,70.01418862881079,332.930636738168,0.0,0.0,40.82136449023584,49.50007340677706,92.2922628122038,48.782334232010754,14.0,6.0,1.0,compute_bound,
2026-01-05 03:22:00,88.33816010170571,43.968770493389364,70.6248064961081,354.95228115290143,0.0,0.0,42.46985966889621,49.32134733275594,89.56695446989686,72.79863327380824,15.0,2.0,1.0,compute_bound,
2026-01-05 03:23:00,91.40717219051758,45.78568922790502,71.77079743362576,370.865586002348,0.0,0.0,42.63370601199179,51.19628069734166,82.00676167908736,84.71744955010988,16.0,5.0,1.0,compute_bound,
2026-01-05 03:24:00,94.28623352363296,42.5442354780504,73.0736552217596,389.0928640944928,0.0,0.0,42.47252676831764,54.421449308836806,75.48478038186208,60.73696435672195,17.0,6.0,1.0,compute_bound,
2026-01-05 03:25:00,98.41199151241547,42.22481508192063,73.82406047462088,398.1987872143183,0.0,0.0,41.16140255638079,51.75782368841098,99.49089099165343,56.06286535132212,18.0,4.0,1.0,compute_bound,
2026-01-05 03:26:00,97.89621290024213,43.01152848581234,74.5476912289047,393.6190150023197,0.0,0.0,38.96603287971197,50.46698258175384,85.20613811730274,41.41317656264669,19.0,4.0,1.0,compute_bound,
2026-01-05 03:27:00,96.59594367884846,42.463907327305165,74.91503632387308,387.1413625767202,0.0,0.0,41.39120585346807,49.78060323571237,87.38115199378096,27.377761419847914,20.0,2.0,1.0,compute_bound,
2026-01-05 03:28:00,100.0,44.297384859920975,75.07276659840689,396.43679213732474,0.0,0.0,45.33263686791685,54.325716163843396,107.79424906084766,22.489935805086066,21.0,3.0,1.0,compute_bound,
2026-01-05 03:29:00,96.64822616735609,47.426709396345224,75.16373142203922,386.58647985096104,0.0,0.0,48.58642453079242,53.87004501572412,65.88709303799037,11.465399441898477,22.0,2.0,1.0,compute_bound,
2026-01-05 03:30:00,93.50354573542155,47.980262504923765,75.71939114033133,379.2530680182028,0.0,0.0,42.2738485517726,56.281821596702926,71.71947833051637,29.98905992105987,23.0,5.0,1.0,compute_bound,
2026-01-05 03:31:00,90.57368033818594,47.50511200268776,75.43046790265579,358.75856341189626,0.0,0.0,41.87741466456177,53.85119145668446,75.6315557091724,21.975350685194584,24.0,3.0,1.0,compute_bound,
2026-01-05 03:32:00,88.74707559658626,48.95165700762373,74.92398775964998,360.7928879767284,0.0,0.0,44.759252914114285,54.85151962595673,84.12975270879772,24.284565473483987,25.0,3.0,1.0,compute_bound,
2026-01-05 03:33:00,86.93516981047739,50.16382656705855,74.84406080643983,359.14441906217144,0.0,0.0,38.94974508444416,55.453427802882125,74.11224925626739,26.0234280591298,26.0,4.0,1.0,compute_bound,
2026-01-05 03:34:00,86.72039071064316,48.660659002280404,74.93901588823803,352.1148465180924,0.0,0.0,34.930056878640016,55.55612802381222,47.117217666533,8.68513245412905,27.0,4.0,1.0,compute_bound,
2026-01-05 03:35:00,84.4616692576146,47.90702768138021,74.46459926467637,332.9590432105237,0.0,0.0,31.30114434264787,55.376190760262276,45.13098660325969,11.83121920969139,28.0,5.0,1.0,compute_bound,
2026-01-05 03:36:00,83.49854242863753,49.568193784445405,74.06456976530887,342.8810293153511,0.0,0.0,31.177501098011277,54.7585736307079,27.77274554991014,11.248145101772792,29.0,2.0,1.0,compute_bound,
2026-01-05 03:37:00,86.4296328908867,46.39300426584462,74.03329355276614,347.77862081769905,0.0,0.0,33.86576310769751,56.25288583121483,61.56105793466372,0.0,30.0,3.0,1.0,compute_bound,
2026-01-05 03:38:00,86.61768616238892,44.01768283780931,74.11826450456066,359.23336381654286,0.0,0.0,36.43570160682089,54.82760773246508,88.06088789290378,0.0,31.0,6.0,1.0,compute_bound,
2026-01-05 03:39:00,86.24138537767602,47.464472141085096,74.37577836380004,359.2272178376776,0.0,0.0,36.021103497770056,58.479703268406155,104.10684683953423,15.186772735172756,32.0,2.0,1.0,compute_bound,
2026-01-05 03:40:00,90.10408331917318,47.292934506523935,74.16408430079464,364.30607506343034,0.0,0.0,33.86020032017585,62.601277417188626,89.44586832588949,12.453084380967606,33.0,5.0,1.0,compute_bound,
2026-01-05 03:41:00,85.10999856491446,44.84203160793619,73.44281722439426,342.65241037275166,0.0,0.0,37.58369295720671,64.45236523576568,78.296103851901,26.008943436093993,34.0,4.0,1.0,compute_bound,
2026-01-05 03:42:00,89.31877799374195,44.93284072946837,73.2687796775688,360.5195405434895,0.0,0.0,37.84255910088569,61.80455880813431,59.43602456208415,28.657554744800233,35.0,2.0,1.0,compute_bound,
2026-01-05 03:43:00,89.28355117871665,41.218756225639034,73.37217589424242,370.9243819770383,0.0,0.0,37.085936581910204,61.261699454668204,73.98702819462599,36.14782673179114,36.0,3.0,1.0,compute_bound,
2026-01-05 03:44:00,85.5759368770573,40.66915195263913,73.78665015867186,354.5654887263487,0.0,0.0,38.2901345715487,57.531241804443695,62.578079032943755,38.603697883230325,37.0,3.0,1.0,compute_bound,
2026-01-05 03:45:00,86.46411171847576,38.2161164184569,73.48849462544567,355.40100346902705,0.0,0.0,41.91555164912006,57.81435337392431,69.73388067460866,31.5305428759235,38.0,6.0,1.0,compute_bound,
2026-01-05 03:46:00,89.2343092055838,36.12229481765916,73.87620960154844,365.2506470325813,0.0,0.0,38.34153722013811,59.011257844231025,72.39821467512047,25.88265573803788,39.0,3.0,1.0,compute_bound,
2026-01-05 03:47:00,92.67185418699054,34.385965796584145,74.27649080765462,369.10344074306795,0.0,0.0,37.467830380878425,60.40085193011775,52.69361097028574,28.193931373789443,40.0,5.0,1.0,compute_bound,
2026-01-05 03:48:00,87.28934330680046,38.09794700336505,74.40001342251627,356.2780022719506,0.0,0.0,35.09198888378265,62.491682240580744,53.41370556893553,31.536143031160034,41.0,6.0,1.0,compute_bound,
2026-01-05 03:49:00,85.4246056934445,39.72987028086976,74.33840872397793,353.1649520126441,0.0,0.0,35.8467596308208,61.16082144339406,64.90028518311074,29.17685320163293,42.0,4.0,1.0,compute_bound,
2026-01-05 03:50:00,89.10919413779712,40.05475326987048,74.47186632682418,364.5263550352103,0.0,0.0,30.509011544253624,60.36024115977443,65.1663173974003,18.268583575690275,43.0,3.0,1.0,compute_bound,
2026-01-05 03:51:00,89.74910305742169,42.49085743510881,74.68601351959326,367.32566450781025,0.0,0.0,26.602391933021206,56.468978686147686,65.07903589391546,6.037757662671911,44.0,2.0,1.0,compute_bound,
2026-01-05 03:52:00,85.09474432277884,42.46591908549333,74.19327352614364,346.75743940510006,0.0,0.0,24.677463016191204,52.881096586116755,92.38490540856584,21.80196649667561,45.0,5.0,1.0,compute_bound,
2026-01-05 03:53:00,89.24193994032693,41.94696202755876,74.44199814505758,359.92510707730315,0.0,0.0,29.560621591451174,48.23513216866226,108.42912809994408,26.194993667469305,46.0,3.0,1.0,compute_bound,
2026-01-05 03:54:00,90.50478228328465,41.942079023712374,74.23346785193583,363.46971991610087,0.0,0.0,29.055877237223335,51.4778332394555,134.8210005212691,36.1804303766733,47.0,3.0,1.0,compute_bound,
2026-01-05 03:55:00,95.80680178691877,41.755058591144596,74.87427418618647,391.75866835542274,0.0,0.0,33.368177314348785,51.03825272992675,119.4185793627607,39.44382257943142,48.0,2.0,1.0,compute_bound,
2026-01-05 03:56:00,96.37891863593164,46.63724208090444,75.18042423815284,390.5678152987686,0.0,0.0,26.045377164295374,51.18285602328278,113.47104820022285,41.03264178689183,49.0,2.0,1.0,compute_bound,
2026-01-05 03:57:00,93.51205555389856,43.75061256682928,75.23401169700595,377.18767301460434,0.0,0.0,31.45274440772619,52.01438980405702,117.34833994750326,34.008913640871114,50.0,4.0,1.0,compute_bound,
2026-01-05 03:58:00,95.89065977270408,46.682508548483035,76.10844455084572,385.9342651747968,0.0,0.0,30.587701201718957,56.304900482521674,107.71476056095793,30.55174261965661,51.0,3.0,1.0,compute_bound,
2026-01-05 03:59:00,95.66806089529459,45.262882435918264,76.5218062609619,395.1509808666389,0.0,0.0,32.839369326250505,57.22966080753826,113.8032183701786,35.572128861818854,52.0,3.0,1.0,compute_bound,
2026-01-05 04:00:00,95.66306411447957,48.877549968556785,76.6991328307513,386.0463333164121,0.0,0.0,30.02673842083779,58.027436729865734,126.8014622294542,40.98672781265721,53.0,3.0,1.0,compute_bound,
2026-01-05 04:01:00,96.61243916477196,49.95759278774481,76.68361722697061,382.91151305628637,0.0,0.0,29.636482583117676,56.78507289677335,117.70716984256269,34.42660861228757,54.0,4.0,1.0,compute_bound,
2026-01-05 04:02:00,95.61457227049218,47.71625723782384,76.74627666191076,382.3515113757692,0.0,0.0,31.99744309387409,56.92796137813936,122.44772676100712,32.40972143277216,55.0,2.0,1.0,compute_bound,
2026-01-05 04:03:00,93.738925175838,49.27131854724639,76.45552437759315,383.5147164479581,0.0,0.0,33.55410944401692,55.694838512371376,99.99684744448909,22.743554123311306,56.0,2.0,1.0,compute_bound,
2026-01-05 04:04:00,89.87372582315167,48.31438931826952,76.47399768805302,372.01157405670347,0.0,0.0,30.640932108153073,54.55610502579687,92.7915705277952,17.540832751263572,57.0,4.0,1.0,compute_bound,
2026-01-05 04:05:00,93.15010401634319,46.36340657876572,76.26346676440345,373.45176707056237,0.0,0.0,35.33424432187356,53.56752934945184,73.65738861397674,9.410113303033885,58.0,5.0,1.0,compute_bound,
2026-01-05 04:06:00,88.57049181611413,45.760352194041545,76.28926746374628,363.00361450649086,0.0,0.0,40.77788177738614,55.46104255472833,66.13373633979575,0.0,59.0,4.0,1.0,compute_bound,
2026-01-05 04:07:00,86.27816649757406,45.55816483959378,76.50936178351171,356.9356286590898,0.0,0.0,40.89347733997331,55.451149224437664,57.36328908825869,4.784169625084019,60.0,3.0,1.0,compute_bound,
2026-01-05 04:08:00,86.67651733329443,46.79236600957117,75.83597251843614,359.8282770163457,0.0,0.0,37.83571989304464,59.19949521030849,74.44027879135088,7.246978231111285,61.0,5.0,1.0,compute_bound,
2026-01-05 04:09:00,88.70273539926481,43.352284091487974,76.06297912101279,366.2799725212898,0.0,0.0,35.51119346251289,58.82593445597049,74.76686154597112,33.607152240993216,62.0,3.0,1.0,compute_bound,
2026-01-05 04:10:00,86.22585027716008,48.313877003741624,76.00075679219802,351.05423925814557,0.0,0.0,34.59277690737849,61.03266577667471,81.05711780089338,33.06018693227543,63.0,2.0,1.0,compute_bound,
2026-01-05 04:11:00,86.85085269593728,47.08710806003337,76.173612482872,351.60525346009587,0.0,0.0,36.35867415598483,59.3701937764824,87.36509570907619,39.19695533628866,64.0,4.0,1.0,compute_bound,
2026-01-05 04:12:00,84.7828399617536,45.69086467201524,76.29177206109951,353.7312028370052,0.0,0.0,36.2183982608716,56.909747048711594,96.1396938141573,43.169325702351045,65.0,3.0,1.0,compute_bound,
2026-01-05 04:13:00,84.87325256340019,45.77485251798155,75.97125737230098,352.7376890962863,0.0,0.0,46.08720634798869,59.84689475191873,107.92727225520343,39.385352243662126,66.0,2.0,1.0,compute_bound,
2026-01-05 04:14:00,83.54062517882174,45.39275485276518,75.70643700219436,348.60579047985,0.0,0.0,45.47173129468064,61.748445416565005,95.35682659015336,41.68690273988125,67.0,3.0,1.0,compute_bound,
2026-01-05 04:15:00,87.77781221208667,41.7574008033925,75.47799493688943,362.1250757336209,0.0,0.0,40.4567462018417,59.535206398517595,70.0920296945957,43.87621133513893,68.0,6.0,1.0,compute_bound,
2026-01-05 04:16:00,89.16326312587363,44.55188375653512,75.29412400495883,357.08636234987335,0.0,0.0,40.30080356585923,57.22380832414989,55.47969424223032,50.32012690746486,69.0,3.0,1.0,compute_bound,
2026-01-05 04:17:00,92.1768756991617,44.150462228946196,75.2941186121038,374.9001963033412,0.0,0.0,45.36871213141441,58.112701436667194,47.79462031922512,45.586042454049355,70.0,4.0,1.0,compute_bound,
2026-01-05 04:18:00,95.70912797252184,45.28532816404671,75.80888452028951,384.57266481932083,0.0,0.0,47.36726481796068,58.043685081030205,16.9459834315157,47.97487625325175,71.0,5.0,1.0,compute_bound,
2026-01-05 04:19:00,92.05616553717041,44.16191815661276,75.83219797314939,375.41204988796966,0.0,0.0,44.95775894113087,57.23668475970827,32.35674383340615,34.23380654490163,72.0,5.0,1.0,compute_bound,
2026-01-05 04:20:00,92.47219236762707,42.00277839930972,75.49718283473614,367.1997462596202,0.0,0.0,44.91153160453923,57.68646610947296,43.55083062347464,54.610640243046056,73.0,6.0,1.0,compute_bound,
2026-01-05 04:21:00,87.73761631561372,44.51644825128291,76.09444104428216,371.13245606489016,0.0,0.0,45.11614993278817,55.04167439965132,58.72365608274314,47.07387694110264,74.0,5.0,1.0,compute_bound,
2026-01-05 04:22:00,87.01772860226417,45.758733719874634,76.06851896527544,367.11315914941,0.0,0.0,39.91463082910334,53.40685912572261,52.21229323485545,51.96350281743873,75.0,3.0,1.0,compute_bound,
2026-01-05 04:23:00,82.61023214501489,46.74611601608458,75.50815847580925,349.8607877648876,0.0,0.0,40.119837877613726,56.76295277705058,75.25795257905665,37.82349485271767,76.0,3.0,1.0,compute_bound,
2026-01-05 04:24:00,86.01278918026296,45.30586773191026,74.93171390746218,349.8137308615411,0.0,0.0,39.513108911600604,55.082737616772974,85.7413262153,37.8850824517448,77.0,3.0,1.0,compute_bound,
2026-01-05 04:25:00,83.91945755817181,44.33406405851447,74.59636184378135,338.0709364021184,0.0,0.0,38.877376719187886,55.63890372314423,80.25648183903735,26.82994554264488,78.0,5.0,1.0,compute_bound,
2026-01-05 04:26:00,83.47673929887608,41.523992700469556,74.45819757713407,343.086804662797,0.0,0.0,40.607529912153616,55.55185978620155,93.185885592509,28.88586794685238,79.0,3.0,1.0,compute_bound,
2026-01-05 04:27:00,81.84425410351884,41.9800616009957,74.0027408063157,348.2055829942436,0.0,0.0,37.77510627406086,56.2101708646182,63.86943809549136,34.23665423050275,80.0,4.0,1.0,compute_bound,
2026-01-05 04:28:00,84.01547642552946,42.903984312496505,74.04551950809238,341.77835413468426,0.0,0.0,38.72208766810993,53.01600225883849,64.42676207826139,41.46388933593647,81.0,4.0,1.0,compute_bound,
2026-01-05 04:29:00,84.61489154192158,44.58615894998766,74.00644005541176,345.11648918171255,0.0,0.0,40.5700198750842,54.554115924556314,76.45820455479355,47.6638400848751,82.0,3.0,1.0,compute_bound,
2026-01-05 04:30:00,88.01501456191995,47.053743456962415,74.02767983890392,360.11811906447986,0.0,0.0,39.75080721611348,53.952382028007634,66.31342929849959,34.913520202363756,83.0,4.0,1.0,compute_bound,
2026-01-05 04:31:00,94.44789386446715,46.15266600650723,74.07482304614093,383.67576810024246,0.0,0.0,34.70209169957796,53.62160433633698,36.58184619126574,47.55151578641552,84.0,5.0,1.0,compute_bound,
2026-01-05 04:32:00,92.64992660858508,47.22292394617478,74.52547393076293,372.55487260790846,0.0,0.0,38.05222946330849,53.26914972447398,35.354750525442995,26.689470493944764,85.0,4.0,1.0,compute_bound,
2026-01-05 04:33:00,92.11021278947283,47.86950045644162,75.19384082706385,379.6970210238349,0.0,0.0,31.205448558053273,54.9539530243904,44.101323154819774,20.744046100321906,86.0,3.0,1.0,compute_bound,
2026-01-05 04:34:00,87.39613730516602,48.84812477912571,75.32977252524107,352.8943136381833,0.0,0.0,23.873623351569762,49.6123249455691,70.68528132390676,27.83302622556007,87.0,4.0,1.0,compute_bound,
2026-01-05 04:35:00,88.11043880826944,47.68770867634302,75.144680683659,351.0232350625053,0.0,0.0,31.614667875229095,50.36630777248243,64.69810997002477,33.830352087622074,88.0,3.0,1.0,compute_bound,
2026-01-05 04:36:00,86.35042261214056,47.14591118085675,74.42387389840013,347.4115663975794,0.0,0.0,29.122020454397664,47.0470241826578,58.48896279988327,9.78991109103523,89.0,4.0,1.0,compute_bound,
2026-01-05 04:37:00,89.62102113828806,47.52476849955321,74.90144046760213,366.8512315142895,0.0,0.0,37.281040714285126,49.67431394504568,61.91251790764801,7.117643114044267,90.0,5.0,1.0,compute_bound,
2026-01-05 04:38:00,88.13611952194167,49.549039449706285,74.77984782915615,361.3424465839107,0.0,0.0,38.773567162235146,46.885987745938976,94.59426930200081,2.823910702203495,91.0,3.0,1.0,compute_bound,
2026-01-05 04:39:00,89.44909086141536,48.445918316370985,74.78105665968735,362.1771387211862,0.0,0.0,40.564495767637325,47.45272484201506,61.051918512214556,0.0,92.0,6.0,1.0,compute_bound,
2026-01-05 04:40:00,88.32175755607372,50.05215245399464,75.16596117913153,367.10233164245693,0.0,0.0,45.450062824175184,48.3617305871826,71.48945103392494,0.0,93.0,4.0,1.0,compute_bound,
2026-01-05 04:41:00,82.6037738742859,47.67314375377987,75.20142389011498,338.19297922374477,0.0,0.0,40.2724086081,49.62035148087286,105.94209599963817,0.0,94.0,3.0,1.0,compute_bound,
2026-01-05 04:42:00,82.73699273566749,43.53739289499318,75.37708335025313,343.12436778065063,0.0,0.0,43.30114636114516,52.78728642277747,106.6156111359487,0.0,95.0,3.0,1.0,compute_bound,
2026-01-05 04:43:00,81.35610818675738,45.663743378519214,75.12069234350932,333.50592607602675,0.0,0.0,41.80861536738395,55.22689942206116,110.81841479594874,0.0,96.0,3.0,1.0,compute_bound,
2026-01-05 04:44:00,81.91277724767065,46.82445330517694,74.68902835561482,338.73434866745686,0.0,0.0,32.3326228893519,57.987365602050815,113.56567078685971,0.0,97.0,6.0,1.0,compute_bound,
2026-01-05 04:45:00,84.36075871204206,47.805654401525956,74.6639352302347,336.80999417202446,0.0,0.0,34.012144665571746,54.80160241474507,100.07814204125904,0.0,98.0,4.0,1.0,compute_bound,
2026-01-05 04:46:00,85.54041567178672,41.61694683593119,74.937393587479,356.15806434190887,0.0,0.0,36.20227868922928,51.27913816262946,86.93901263818738,9.798490582643485,99.0,5.0,1.0,compute_bound,
2026-01-05 04:47:00,83.46582646166276,43.37542613003853,74.91122382251906,343.0096478459582,0.0,0.0,38.33502795498493,56.25183000328488,79.38991734951175,3.742887991750912,100.0,4.0,1.0,compute_bound,
2026-01-05 04:48:00,83.49295093577425,43.831658668049194,74.7110806866221,340.10947163870577,0.0,0.0,42.471350908465084,55.101675298512994,57.60209185294795,6.541815557240202,101.0,2.0,1.0,compute_bound,
2026-01-05 04:49:00,85.80657703445382,40.67421253445044,74.58171085401159,352.47853623070887,0.0,0.0,46.99303059656519,58.31631470461395,60.04056134529549,9.555001778702628,102.0,5.0,1.0,compute_bound,
2026-01-05 04:50:00,91.4765855346306,40.92141676693991,74.55432134387101,361.01606853245795,0.0,0.0,49.017684256398695,57.151900461280675,85.57914631602777,3.2969549618853975,103.0,4.0,1.0,compute_bound,
2026-01-05 04:51:00,87.84384626234362,44.31526848631053,74.8097327605336,365.6859008281464,0.0,0.0,43.43855007817,51.94599715883653,102.56027066430096,3.9813474600747547,104.0,3.0,1.0,compute_bound,
2026-01-05 04:52:00,91.40438445525108,46.10951836451044,74.91393720552522,373.6078176291992,0.0,0.0,44.75397550417473,53.80954169198986,94.37172219150234,6.892149344862926,105.0,4.0,1.0,compute_bound,
2026-01-05 04:53:00,93.51845115528292,44.395920528795735,75.13372142214324,373.2634385597468,0.0,0.0,39.55272997887644,56.77869537630442,88.53966364593029,4.953949688172418,106.0,4.0,1.0,compute_bound,
2026-01-05 04:54:00,93.73712024356868,46.40337086488633,75.64064823031642,378.80780363311607,0.0,0.0,38.3891939915767,55.69938043643832,94.29587089235324,5.062889033426089,107.0,4.0,1.0,compute_bound,
2026-01-05 04:55:00,95.95006437069766,46.60401525435763,75.6357579947727,386.59339625601217,0.0,0.0,39.21530644446917,53.52039488996218,94.9399574807515,12.92180913726093,108.0,6.0,1.0,compute_bound,
2026-01-05 04:56:00,90.9647073228861,44.11944537325549,75.97206150958165,363.8160865146608,0.0,0.0,41.604294926331484,55.77096630827498,98.48025359821003,25.242737476924262,109.0,2.0,1.0,compute_bound,
2026-01-05 04:57:00,85.6532304519937,43.58753570798733,75.49496109359026,339.3397869250449,0.0,0.0,39.73000629245153,57.846692891762245,101.46790308394557,40.424157311596765,110.0,4.0,1.0,compute_bound,
2026-01-05 04:58:00,87.1427848856283,44.61008271897944,75.2360135116307,358.51154641071133,0.0,0.0,40.89559684547351,59.28263637535103,71.91920490930853,36.987288521286246,111.0,3.0,1.0,compute_bound,
2026-01-05 04:59:00,91.5742077485569,43.65711108760726,74.95441031260773,372.10642139290337,0.0,0.0,40.700405286009556,59.57992416290837,57.808870388357875,14.295288600354375,112.0,5.0,1.0,compute_bound,
2026-01-05 05:00:00,92.15495451846989,43.049306694228555,74.4406610577734,377.0444798078124,0.0,0.0,38.679127986606034,55.23161722855831,54.19029170710659,28.298609495263996,113.0,4.0,1.0,compute_bound,
2026-01-05 05:01:00,93.88675315816728,42.305493295002925,74.63180409604554,380.5080097152374,0.0,0.0,41.90115502740813,54.95900375890997,42.32748224861476,22.41928749623338,114.0,3.0,1.0,compute_bound,
2026-01-05 05:02:00,93.8678341930038,47.73562568224781,75.14426183355144,380.24424737832726,0.0,0.0,46.64656842117471,54.812251006153375,43.90706067109909,33.184265875161316,115.0,2.0,1.0,compute_bound,
2026-01-05 05:03:00,86.41616372993107,45.43544765042768,75.02463636614097,353.2844423615528,0.0,0.0,41.51488348287873,54.127367797860046,43.36860092790832,22.27073145074199,116.0,4.0,1.0,compute_bound,
2026-01-05 05:04:00,85.4017139997406,44.493009271709525,75.02546217404786,354.6405312438999,0.0,0.0,40.90693769142647,52.3979008815492,45.68857806750992,13.353566502290992,117.0,3.0,1.0,compute_bound,
2026-01-05 05:05:00,82.79541449245485,46.499090263302556,74.9174230795028,344.74799929476615,0.0,0.0,41.373640243207056,51.25919586749749,29.20242386610905,9.878591277376838,118.0,7.0,1.0,compute_bound,
2026-01-05 05:06:00,87.41410136441729,43.190248200155004,75.07982354437353,353.5278594350464,0.0,0.0,44.936048763140704,51.67694056052081,0.46082890174629654,22.155377001399703,119.0,3.0,1.0,compute_bound,
2026-01-05 05:07:00,84.43919085779099,44.13449016627003,74.75790117889954,345.1312873128531,0.0,0.0,45.509283767879154,52.197176934424014,0.0,30.09248340288255,120.0,4.0,1.0,compute_bound,
2026-01-05 05:08:00,88.37432147933565,44.59732569214451,74.6832233588845,366.4040219260734,0.0,0.0,48.17977063436993,51.252706858281755,17.800695877460868,39.34735068496681,121.0,2.0,1.0,compute_bound,
2026-01-05 05:09:00,88.81274509375885,44.04101000526528,74.47940708158004,361.3131873549031,0.0,0.0,43.444875606284384,54.05867283488592,42.07076507535176,41.254673425312575,122.0,8.0,1.0,compute_bound,
2026-01-05 05:10:00,87.14022279377487,44.80200999806722,74.73715356785762,361.4200264018346,0.0,0.0,44.737361340565634,55.82220367025702,23.00830512237161,36.21213283056076,123.0,7.0,1.0,compute_bound,
2026-01-05 05:11:00,89.45703772422706,43.9734385687352,74.70030428764245,356.01657431712255,0.0,0.0,41.76798725620861,56.70217252791296,42.64187633007588,57.57392603215745,124.0,5.0,1.0,compute_bound,
2026-01-05 05:12:00,89.43221840351246,43.639555124910025,74.48968209896893,353.3830093956373,0.0,0.0,39.68652986782398,57.28005776335213,51.310816104519255,30.892016469839096,125.0,5.0,1.0,compute_bound,
2026-01-05 05:13:00,87.40623555736279,42.68046559906399,74.6850597209471,354.6688705945794,0.0,0.0,45.3313822553188,54.590864944924085,36.84856238902282,49.25486410160491,126.0,6.0,1.0,compute_bound,
2026-01-05 05:14:00,90.41469657463858,40.21825036057466,74.73207201702894,364.8703551172958,0.0,0.0,47.442508164047,58.64325545641265,18.476767140985928,54.048437497412564,127.0,3.0,1.0,compute_bound,
2026-01-05 05:15:00,86.4568956496116,39.85395378530294,74.66449864648621,355.24917281430777,0.0,0.0,49.96795398996043,55.60623363003697,34.270619721524,47.215088355606056,128.0,6.0,1.0,compute_bound,
2026-01-05 05:16:00,82.78765771852547,42.32176290613459,74.53046790044463,340.33297278999515,0.0,0.0,44.098685096380294,53.32265099791817,42.89008615719873,45.63619552732843,129.0,3.0,1.0,compute_bound,
2026-01-05 05:17:00,87.34612857849217,41.351432411308494,74.98627422391581,351.8223085753725,0.0,0.0,40.99965387645016,53.491699567833045,42.65960286559775,43.346951352385744,130.0,4.0,1.0,compute_bound,
2026-01-05 05:18:00,86.19340445499648,44.01866459465493,74.98564163300587,358.94830834436607,0.0,0.0,46.31370117471093,53.93685646952794,35.07899358619555,38.32847828744103,131.0,4.0,1.0,compute_bound,
2026-01-05 05:19:00,82.78270070609611,46.514932074201816,74.98812093821687,342.6662704235942,0.0,0.0,48.429270649387604,59.42717676880267,50.69679137563555,38.604923598403744,132.0,3.0,1.0,compute_bound,
2026-01-05 05:20:00,80.73945532188132,46.59028858752459,74.52600361487715,348.8612301535032,0.0,0.0,41.115016368712695,57.794202966200054,56.654464215777,48.54362911784719,133.0,4.0,1.0,compute_bound,
2026-01-05 05:21:00,80.11571456948562,45.36150968901098,74.18389033190411,328.1658019436885,0.0,0.0,39.24700981085952,56.451006426136104,54.504667591505566,44.551999686567825,134.0,2.0,1.0,compute_bound,
2026-01-05 05:22:00,78.16906329612135,47.67100456831795,73.94505939161384,333.3518729606869,0.0,0.0,36.5457979902195,59.04164592727471,78.42010969416411,39.78490754436782,135.0,3.0,1.0,compute_bound,
2026-01-05 05:23:00,82.51691975696573,48.90537576216062,73.47773954982976,331.4127432281172,0.0,0.0,34.287295895173465,56.698479494946504,106.30382146913776,33.947166036780615,136.0,5.0,1.0,compute_bound,
2026-01-05 05:24:00,87.375373582387,46.22141839742135,73.75053925355682,353.6562661004839,0.0,0.0,34.69588785903858,56.55312780431776,77.65321327581154,26.112678742889145,137.0,6.0,1.0,compute_bound,
2026-01-05 05:25:00,85.32005182705134,44.381719049038765,73.82504598778117,350.25182383265593,0.0,0.0,35.830884839421685,53.81547571237969,75.64390267264369,25.948599542497405,138.0,4.0,1.0,compute_bound,
2026-01-05 05:26:00,86.44967926105299,45.46701480387161,73.87507115704675,351.2952442014089,0.0,0.0,46.43332218456894,53.15310178810653,89.30504747081113,24.79080139305015,139.0,2.0,1.0,compute_bound,
2026-01-05 05:27:00,92.299846690863,47.28905015067377,74.3774421327775,373.6328152606572,0.0,0.0,42.43244478037123,52.31947591347326,119.79300302226136,32.674812380244404,140.0,3.0,1.0,compute_bound,
2026-01-05 05:28:00,93.33936633694677,48.76583113690328,74.63815176455428,380.87571661095285,0.0,0.0,46.89897314078802,52.99320405222741,125.7908518861534,17.40157656807802,141.0,4.0,1.0,compute_bound,
2026-01-05 05:29:00,95.3731201190183,50.607404816074606,75.17152326029831,389.70767913986856,0.0,0.0,44.61491680767737,53.37950964208446,120.4739746049913,24.578295403833938,142.0,4.0,1.0,compute_bound,
2026-01-05 05:30:00,90.3835440900032,47.36672853359372,74.99293003435409,368.1395634303459,0.0,0.0,46.858615006935196,50.14160799786421,91.42996876442903,35.211273470134486,143.0,3.0,1.0,compute_bound,
2026-01-05 05:31:00,89.51490830063408,45.859445756702044,74.72835435399838,362.220446879396,0.0,0.0,47.52605926919676,49.710363305592224,109.52671021331474,29.23031469087897,144.0,4.0,1.0,compute_bound,
2026-01-05 05:32:00,88.9970618276868,40.732077087893984,75.44416760789419,358.14929947737363,0.0,0.0,45.378712364364006,49.73778439164722,106.03518348130858,34.657789131704625,145.0,5.0,1.0,compute_bound,
2026-01-05 05:33:00,87.838634552552,42.01471042857203,75.61595980607288,361.95073992315304,0.0,0.0,46.27021416127077,52.60223136790581,94.18090433482455,40.47990736870318,146.0,3.0,1.0,compute_bound,
2026-01-05 05:34:00,90.95637987881662,42.32193095835544,75.46976824938749,371.19919919417913,0.0,0.0,43.64395409822121,51.37736495568096,118.84050823022677,38.776364287319645,147.0,5.0,1.0,compute_bound,
2026-01-05 05:35:00,90.73864956631292,42.24371219426618,75.18018627839098,359.60093397653316,0.0,0.0,42.206573118218245,50.11235373759365,107.81944325712584,28.224008164487316,148.0,5.0,1.0,compute_bound,
2026-01-05 05:36:00,85.11010518254866,43.21978285679361,75.02028705693036,350.070040907277,0.0,0.0,36.9535044606515,51.203148924768726,131.18872231315527,34.71867504552435,149.0,3.0,1.0,compute_bound,
2026-01-05 05:37:00,88.8866123129602,43.24283479544195,75.00449474391777,363.3213077508377,0.0,0.0,37.75227282684234,52.74771393364933,97.67975531615511,59.93469058969167,150.0,4.0,1.0,compute_bound,
2026-01-05 05:38:00,90.88591498861325,44.79230870579261,75.04698918783728,360.3185555807037,0.0,0.0,34.68491417164753,51.52846952981931,87.85901476354972,54.72339412251194,151.0,5.0,1.0,compute_bound,
2026-01-05 05:39:00,91.9071669687705,45.916180881249765,75.05346188936387,369.80435722429684,0.0,0.0,35.575835130629926,54.6900192884378,103.8719167045856,53.190189852401765,152.0,4.0,1.0,compute_bound,
2026-01-05 05:40:00,90.0295903177934,45.3379847293474,75.12363562261106,366.08916984671765,0.0,0.0,34.222753154295475,53.58641410698653,83.26932972765955,43.580970348647995,153.0,3.0,1.0,compute_bound,
2026-01-05 05:41:00,88.11943184378829,47.061154465767906,75.16548503100428,362.22600731672935,0.0,0.0,34.4767934041535,50.71600962734392,64.03637496783534,56.56747758768208,154.0,2.0,1.0,compute_bound,
2026-01-05 05:42:00,86.88149408403468,48.406375510417334,75.63811191387032,355.826941441169,0.0,0.0,33.61723345256588,53.100814674436975,72.0453133615518,46.18106146792731,155.0,8.0,1.0,compute_bound,
2026-01-05 05:43:00,88.07005296179312,46.6197029860421,75.60893383456133,348.42066614044705,0.0,0.0,29.07699762721856,53.540403802356806,71.43391464238728,46.91632799540882,156.0,4.0,1.0,compute_bound,
2026-01-05 05:44:00,88.00332914669754,46.12895482361166,75.81931148406656,362.6510493795935,0.0,0.0,29.485866702977866,53.564382446588866,81.55313100095171,43.33751393394719,157.0,4.0,1.0,compute_bound,
2026-01-05 05:45:00,88.37859547899558,46.69359633900699,75.81545846863226,362.5364860146764,0.0,0.0,33.02039142309172,52.009492552778546,78.27358942642027,41.17490837539343,158.0,6.0,1.0,compute_bound,
2026-01-05 05:46:00,88.5331005762502,48.583355390542906,75.87186964771517,360.94334978201226,0.0,0.0,34.622317604022946,50.67792838636772,70.99156695650848,38.52254152297793,159.0,3.0,1.0,compute_bound,
2026-01-05 05:47:00,89.16086700869599,49.67471871580155,76.16640291222981,359.91573072310064,0.0,0.0,38.3642518387936,50.73933594499856,95.80666007765147,27.0177121065674,160.0,3.0,1.0,compute_bound,
2026-01-05 05:48:00,85.43908106978132,45.489642379643925,75.87104706970469,353.18026149261,0.0,0.0,39.755520095049555,48.734501375696404,122.23995834971795,29.842721818421218,161.0,5.0,1.0,compute_bound,
2026-01-05 05:49:00,80.52767772254676,42.62463223166904,75.7773212916169,331.3769964256071,0.0,0.0,35.21412987872512,52.057652152855276,105.31795096280975,38.91735819155164,162.0,3.0,1.0,compute_bound,
2026-01-05 05:50:00,86.51261075165351,41.73249024009271,75.57368847458949,367.6068111877046,0.0,0.0,36.213010109114364,51.88182066363728,103.06785226779462,53.33516027929102,163.0,5.0,1.0,compute_bound,
2026-01-05 05:51:00,87.44467444074128,41.34397125209026,75.80149169553067,355.5013928158798,0.0,0.0,38.92392726120953,51.07487187401027,104.45139149771043,51.4445112798053,164.0,4.0,1.0,compute_bound,
2026-01-05 05:52:00,89.94317007294522,41.957417176546876,75.87082719703069,368.3374325879109,0.0,0.0,40.65945867657582,50.950843895311515,124.88827454123452,40.75817770890963,165.0,6.0,1.0,compute_bound,
2026-01-05 05:53:00,86.89174484531712,42.90951018594557,76.16975491487752,361.90096370373834,0.0,0.0,38.29384819209777,52.737988101966025,122.03318568940631,36.2094091168373,166.0,3.0,1.0,compute_bound,
2026-01-05 05:54:00,83.21947496184865,42.59212798361943,75.73246403010255,335.9663626821638,0.0,0.0,40.36003884490181,52.64950093225025,109.05418820549833,38.444303154267345,167.0,4.0,1.0,compute_bound,
2026-01-05 05:55:00,81.68044687530823,44.29187394062321,75.56636492968347,334.69764562324326,0.0,0.0,39.966614177562285,53.39286586346419,123.3829808059887,36.09588863146237,168.0,3.0,1.0,compute_bound,
2026-01-05 05:56:00,74.12856711737628,42.88312791647762,74.70990259015458,308.8766851296917,0.0,0.0,39.01141091224918,54.31033039564205,94.40526212995235,31.91044818276425,169.0,3.0,1.0,compute_bound,
2026-01-05 05:57:00,73.9809479856655,42.01715112668526,73.62198842564796,308.6938091007018,0.0,0.0,36.81603303300158,56.227006631786736,84.67553195313401,34.68058029133983,170.0,4.0,1.0,compute_bound,
2026-01-05 05:58:00,76.91772739038944,44.66617951673763,72.92792124175347,326.01401613529487,0.0,0.0,36.547977046653315,57.97120504932249,73.46280560630547,21.807149036026857,171.0,5.0,1.0,compute_bound,
2026-01-05 05:59:00,79.48564331077606,47.73628730159838,72.90464229374507,325.07678737689,1.0,0.0,38.83003035738001,59.09067451646307,84.9321400086095,23.81624753406311,172.0,3.0,1.0,compute_bound,
2026-01-05 06:00:00,77.10451761704358,48.30505793723841,72.61467385047563,320.40071986369134,0.0,0.0,39.8976559947725,59.76245259602952,82.73793540468333,27.30563532836078,173.0,6.0,1.0,compute_bound,
2026-01-05 06:01:00,85.42095345566729,49.270028005155154,72.76150557162106,343.1049168203155,0.0,0.0,38.71905283011157,61.57890433560386,88.14482623369541,15.8731517898854,174.0,5.0,1.0,compute_bound,
2026-01-05 06:02:00,86.7166717267713,50.87640883398382,73.05152393301927,352.48601248591405,0.0,0.0,44.76688502831581,58.280046886534066,100.61734740601382,18.850893973070455,175.0,3.0,1.0,compute_bound,
2026-01-05 06:03:00,88.65113353311062,51.50514935623626,73.07921305638783,363.928430842011,0.0,0.0,45.5455465576476,55.58527295560795,98.44415441566262,27.69088487002164,176.0,6.0,1.0,compute_bound,
2026-01-05 06:04:00,89.08609679251843,51.400854707788085,73.70292550581136,359.75547989227147,0.0,0.0,44.94879915742286,58.92801982377104,84.4254863878077,39.21159142785713,177.0,2.0,1.0,compute_bound,
2026-01-05 06:05:00,90.89699961080927,52.68518023351862,74.06404286118436,360.8575445209193,0.0,0.0,47.10463538028358,59.26041147579879,85.71939538500102,44.55082624600172,178.0,4.0,1.0,compute_bound,
2026-01-05 06:06:00,90.16558791969427,49.056321248941224,74.04863986653272,365.85121167170325,0.0,0.0,40.28956532141635,60.28945176233983,66.81427614793287,48.989226993695866,179.0,3.0,1.0,compute_bound,
2026-01-05 06:07:00,85.67904982744014,46.430543819901146,73.87432592065053,341.6554754833297,0.0,0.0,43.540436693182784,57.40425913471865,64.4153636447572,36.563347707323615,180.0,4.0,1.0,compute_bound,
2026-01-05 06:08:00,87.57909375740239,45.41228665242476,73.85367377143277,356.82325687011416,0.0,0.0,42.42753107345277,55.618458704096334,99.7798166432101,31.137399857051804,181.0,6.0,1.0,compute_bound,
2026-01-05 06:09:00,86.7455038192055,45.05411427893544,74.02330417857405,352.7963616462577,0.0,0.0,46.64910926267067,57.603054759192666,86.51334353840528,11.395322334771095,182.0,2.0,1.0,compute_bound,
2026-01-05 06:10:00,89.53278495156208,45.39805832607437,74.21011472018161,368.0983425305106,0.0,0.0,49.949346971557475,55.572406077935305,89.21059857669064,5.033063341429312,183.0,4.0,1.0,compute_bound,
2026-01-05 06:11:00,91.03069158167584,45.63445821058527,74.44090533096983,371.46847977442377,0.0,0.0,53.81416369370105,58.64628090802758,81.22278770564951,15.107515196385,184.0,2.0,1.0,compute_bound,
2026-01-05 06:12:00,94.141803434087,47.502394428684845,75.13136055751667,375.42685061046717,0.0,0.0,52.9059263583863,56.60662009428536,67.68777671012165,5.037273670097342,185.0,3.0,1.0,compute_bound,
2026-01-05 06:13:00,92.36816853335607,49.35347159978212,75.15212582023369,379.69020554723363,0.0,0.0,50.47399903180506,57.22867718017942,52.43719776889553,0.0,186.0,5.0,1.0,compute_bound,
2026-01-05 06:14:00,89.76325969854419,46.89198788463797,75.33335571568949,359.12737119370206,0.0,0.0,52.002151147953214,58.04436288377114,71.69640436064164,14.459178833408945,187.0,3.0,1.0,compute_bound,
2026-01-05 06:15:00,90.69620531128646,44.7528784193795,75.09568651869398,362.29568561398986,0.0,0.0,49.38721415893077,59.347655361669396,74.5029233314614,18.105341285056582,188.0,4.0,1.0,compute_bound,
2026-01-05 06:16:00,87.81455585886906,44.221243247566846,75.23794281510881,364.6645350870658,0.0,0.0,49.92254079116348,58.15380625852596,49.801927289507546,0.0,189.0,4.0,1.0,compute_bound,
2026-01-05 06:17:00,86.06010804405986,41.19373533046954,74.88312977085968,351.0838411247353,0.0,0.0,51.474933619568496,55.439826664094376,65.11765020999351,10.26470381180907,190.0,4.0,1.0,compute_bound,
2026-01-05 06:18:00,87.34261546440734,43.405850916525935,74.58801119422341,349.7850601224383,0.0,0.0,48.92129559038633,57.18571529957821,56.60664943686248,13.03964985797089,191.0,3.0,1.0,compute_bound,
2026-01-05 06:19:00,84.53593454155245,40.757585948277324,74.7505019339715,346.2346734249616,1.0,0.0,43.42238981402328,56.38907619542376,68.52213402900365,8.63143013042096,192.0,4.0,1.0,compute_bound,
2026-01-05 06:20:00,84.9549033341211,44.25982902038444,75.46280892317334,350.1868861481491,0.0,0.0,42.58720245764732,56.180801647451254,56.91456643313171,0.0,193.0,2.0,1.0,compute_bound,
2026-01-05 06:21:00,90.24778263548944,43.81948997137423,74.8682269928462,363.5248905378621,0.0,0.0,43.411647458740774,58.362403887157264,55.72678215380563,2.662655646171295,194.0,5.0,1.0,compute_bound,
2026-01-05 06:22:00,90.57580779668825,42.78297728946401,74.72401811203507,367.8404465097644,0.0,0.0,43.718672674616265,56.78975080772314,76.77799650613234,9.863203357983547,195.0,6.0,1.0,compute_bound,
2026-01-05 06:23:00,86.83622593573546,42.21218869266375,74.98125574379367,355.33585927515605,0.0,0.0,41.31170879746445,54.88208508537922,68.95463785853192,17.878812912918253,196.0,3.0,1.0,compute_bound,
2026-01-05 06:24:00,86.72257761494652,42.59384068575269,74.87328698156703,352.4332456892775,0.0,0.0,41.262579950228364,50.34677753715158,83.93373899125939,45.68820096379706,197.0,3.0,1.0,compute_bound,
2026-01-05 06:25:00,86.33488871622822,42.26237522284781,74.93796104572124,357.8695864383891,0.0,0.0,43.83853304099857,49.18073055752211,100.93029691570656,45.01571434563228,198.0,2.0,1.0,compute_bound,
2026-01-05 06:26:00,86.05852343226717,42.27292018528878,74.7443235055021,354.2382516439999,0.0,0.0,46.26196563931356,47.63280596773917,128.95288387725867,71.01458392375639,199.0,4.0,1.0,compute_bound,
2026-01-05 06:27:00,86.73475438541524,44.61953668050708,74.60443242805276,355.7106922213254,0.0,0.0,43.91002008675813,49.26741912890436,131.99476754371207,63.93567555992074,200.0,4.0,1.0,compute_bound,
2026-01-05 06:28:00,88.9266443722358,43.863619366835934,74.61864762703816,371.794678793811,0.0,0.0,48.87247123079683,48.92354519481063,121.50621752581439,59.65379775564844,201.0,3.0,1.0,compute_bound,
2026-01-05 06:29:00,86.70470721953019,38.78991493853964,74.713645667877,358.56125309416706,0.0,0.0,49.187604865961816,50.64978828022388,97.83004967938184,43.549863803258475,202.0,2.0,1.0,compute_bound,
2026-01-05 06:30:00,87.34598782017416,37.035768427428366,74.20548838220076,358.143468688087,0.0,0.0,46.40931225637566,55.148746029273845,90.86891661447645,44.462896653995585,203.0,4.0,1.0,compute_bound,
2026-01-05 06:31:00,83.63416210875071,40.57438137098288,74.453563690641,339.6459458544546,0.0,0.0,35.575698359789726,56.139538947329044,83.56536356701696,36.8357820071275,204.0,7.0,1.0,compute_bound,
2026-01-05 06:32:00,83.09472715757683,39.30520758223749,74.87441660368269,347.2686790338626,0.0,0.0,36.42648693779029,52.73173012989661,92.66791206472377,41.80203085955877,205.0,2.0,1.0,compute_bound,
2026-01-05 06:33:00,79.98637115052442,41.57870099230635,74.3164570204009,328.5420922442984,0.0,0.0,34.6451108523003,52.17484333084171,59.804256258272375,49.91810127784201,206.0,5.0,1.0,compute_bound,
2026-01-05 06:34:00,82.0022757085911,40.14021372807849,73.84086788477683,336.2060490937525,0.0,0.0,34.500390246189355,49.70932672731669,61.42170423463477,60.441957034368606,207.0,5.0,1.0,compute_bound,
2026-01-05 06:35:00,86.023471699659,40.1102537062774,74.1478619582603,351.9950031246218,0.0,0.0,36.06276862766636,51.557475513819625,78.23123330749196,66.2673031463045,208.0,6.0,1.0,compute_bound,
2026-01-05 06:36:00,84.60151329456001,40.602661643439504,73.78640033703093,348.5266774051454,0.0,0.0,34.898187915699225,53.400201293484116,89.8985727562932,69.97321767381486,209.0,5.0,1.0,compute_bound,
2026-01-05 06:37:00,81.64719646494851,42.361297263191304,73.56403931303834,338.43678769101484,0.0,0.0,30.978998645573633,54.55732647519046,84.96458100643059,67.43911877233191,210.0,6.0,1.0,compute_bound,
2026-01-05 06:38:00,80.88332829538743,44.34275025583412,73.10007444532414,332.79474129732466,0.0,0.0,33.96421376156346,59.422855988448035,96.30225710795192,70.70131373821941,211.0,2.0,1.0,compute_bound,
2026-01-05 06:39:00,81.00951463513074,48.78910173613083,72.80725744509486,337.7054485087603,0.0,0.0,34.937799638745844,59.132859872340454,89.68151093094455,73.51965952363888,212.0,4.0,1.0,compute_bound,
2026-01-05 06:40:00,81.41243464819345,49.34780665850991,72.6523721836857,338.4853120508949,0.0,0.0,27.375803872993718,61.50004552768649,87.49826193769667,56.65715374452325,213.0,4.0,1.0,compute_bound,
2026-01-05 06:41:00,78.18449936015404,49.872263249638166,72.30498103838787,313.69190439187383,0.0,0.0,29.20246363821912,60.95214654107675,73.16142047795165,30.352892885957665,214.0,5.0,1.0,compute_bound,
2026-01-05 06:42:00,80.87625347654856,49.54196402531196,72.22042162199371,327.81685744454944,0.0,0.0,31.69179830917441,58.830044550708806,89.84742971076481,23.878388622201214,215.0,8.0,1.0,compute_bound,
2026-01-05 06:43:00,84.24147273284565,50.52386007172406,72.17991427571197,343.97652621270163,0.0,0.0,37.09471187984033,57.485660216883275,95.37628416938404,36.83152631427668,216.0,5.0,1.0,compute_bound,
2026-01-05 06:44:00,82.17494909994852,46.723475040940464,72.32321135764613,344.16353805032537,0.0,0.0,34.5736004609469,57.00347929682767,88.40249982421003,35.404019506250584,217.0,6.0,1.0,compute_bound,
2026-01-05 06:45:00,85.24234527425197,50.668594144299824,72.44160827799284,355.23253762863754,0.0,0.0,38.31107558686035,55.533034694672416,80.51009127727566,36.32415206636161,218.0,4.0,1.0,compute_bound,
2026-01-05 06:46:00,88.67004126983886,48.68375352979929,72.96036627698967,361.1558228839366,0.0,0.0,44.3697086453094,56.8137883994285,68.96917123909334,33.2843889615795,219.0,4.0,1.0,compute_bound,
2026-01-05 06:47:00,90.18599316599396,47.34410041247028,73.20646994614744,368.33785252223856,0.0,0.0,45.09009052510708,57.937637112826565,83.6864533347987,33.891985635419786,220.0,5.0,1.0,compute_bound,
2026-01-05 06:48:00,90.86791629973544,50.59291510540461,73.68258940404796,369.5137344514827,0.0,0.0,40.22576975075687,56.02307279781588,88.6887208023746,34.29848773190803,221.0,6.0,1.0,compute_bound,
2026-01-05 06:49:00,91.28166206179591,49.637220288146366,73.819705494049,374.37478867117835,0.0,0.0,36.86623857917222,56.63990927309915,119.35478213118773,26.726685887456217,222.0,5.0,1.0,compute_bound,
2026-01-05 06:50:00,91.18560678612978,50.267475735596854,74.10904445184855,365.80515935786434,0.0,0.0,38.65995154712794,55.60734768659917,112.48024738178152,22.239630322350497,223.0,3.0,1.0,compute_bound,
2026-01-05 06:51:00,88.87129010008537,50.58212808184129,74.16725744568764,362.5817055780456,0.0,0.0,38.99666349171514,52.63098508133298,80.18044635785975,38.53088535996666,224.0,5.0,1.0,compute_bound,
2026-01-05 06:52:00,85.16481077919337,48.94423367464051,74.0851950861555,353.33847349184026,0.0,0.0,43.5786951468174,50.00625007921498,96.1108357476637,57.330272971382215,225.0,4.0,1.0,compute_bound,
2026-01-05 06:53:00,88.29985078563865,46.69430901183735,74.39504015161847,358.2681004200763,0.0,0.0,35.461835898033954,47.554767395971375,74.15047662414156,63.44034142650786,226.0,5.0,1.0,compute_bound,
2026-01-05 06:54:00,88.33269014864244,46.211284562660346,74.36817239654002,353.69922668226604,0.0,0.0,36.88222216489825,49.20501007032723,89.84424889712223,50.363552108221114,227.0,3.0,1.0,compute_bound,
2026-01-05 06:55:00,89.48873545224404,46.04945622002167,75.04753083471752,366.87294535427577,0.0,0.0,34.260103722728076,49.82525592196657,64.48982980085648,45.4759575126271,228.0,2.0,1.0,compute_bound,
2026-01-05 06:56:00,88.22250914158344,47.10105510646087,74.71390613085072,357.4399192948265,0.0,0.0,38.06015866596459,49.56064725670459,63.35943802730294,21.778610775113094,229.0,5.0,1.0,compute_bound,
2026-01-05 06:57:00,86.43952133068674,47.21995214251286,74.5173994519309,359.421004468745,0.0,0.0,41.13766509958008,53.79133893383687,54.26089333552734,28.797757950865854,230.0,3.0,1.0,compute_bound,
2026-01-05 06:58:00,85.08156413845703,47.157500277809625,74.77579753786159,350.4880221641308,0.0,0.0,38.97842450946965,52.80363353837178,68.54291908607777,39.69226758556695,231.0,3.0,1.0,compute_bound,
2026-01-05 06:59:00,86.40917361622706,45.181706655493784,74.72607826412288,363.05111168310117,0.0,0.0,38.273220028340745,53.731466365290075,86.21892219857237,26.374514182739993,232.0,4.0,1.0,compute_bound,
2026-01-05 07:00:00,88.37280724826373,45.619265222751544,75.20993452207446,359.3570477287106,0.0,0.0,42.44124447894043,55.1144480735217,97.10999742371344,31.286789814020093,233.0,3.0,1.0,compute_bound,
2026-01-05 07:01:00,88.20655750727443,48.497527197829726,74.84297764671862,355.56588303161163,0.0,0.0,44.257929500370125,55.51654553629041,109.39814366870426,28.443059056158255,234.0,4.0,1.0,compute_bound,
2026-01-05 07:02:00,89.45918681940526,47.37760634916389,75.23071455623716,372.5489768405163,0.0,0.0,45.12086868720976,53.31028493153513,116.65649358899384,35.5428780522731,235.0,4.0,1.0,compute_bound,
2026-01-05 07:03:00,92.35304050002063,49.1148536985921,75.50981436815283,371.92674061757583,0.0,0.0,48.803431225257945,55.78563321809854,112.63488264863301,31.3535628540922,236.0,3.0,1.0,compute_bound,
2026-01-05 07:04:00,93.56110567367682,48.58241262558111,75.87837059009259,374.6008008069386,0.0,0.0,49.53756250031289,59.556337734071214,100.95137945681716,28.59026772465981,237.0,4.0,1.0,compute_bound,
2026-01-05 07:05:00,92.77482857281831,50.05583903626464,76.33871582170347,375.67126709118986,1.0,0.0,47.57893535150615,61.68215055299784,88.60125574808649,9.657014758342868,238.0,4.0,1.0,compute_bound,
2026-01-05 07:06:00,5.17569179420262,7.672682975179235,72.25047662407479,80.23396212978889,0.0,0.0,15.479758698683815,30.92433486041309,32.480329204676856,0.0,0.0,1.0,0.0,idle,
2026-01-05 07:07:00,4.572409208064924,5.843319424640678,68.77126690163163,77.69649175406984,0.0,0.0,12.969568310311445,28.616833860100975,44.99542147503576,0.0,0.0,4.0,0.0,idle,
2026-01-05 07:08:00,5.3656850033279335,6.478497236743027,65.36626712559938,79.4732506046976,0.0,0.0,9.650536323935894,28.580512860560617,32.15631654391832,0.0,0.0,0.0,0.0,idle,
2026-01-05 07:09:00,5.048850344351584,5.897312483179821,62.65007058050601,82.00911312885003,0.0,0.0,11.91992435053012,29.57328325415497,15.557459757152277,0.0,0.0,1.0,0.0,idle,
2026-01-05 07:10:00,4.91506442520902,2.8397608977699837,60.37049546902801,77.35823892538181,0.0,0.0,13.538596839994076,23.798887734134087,41.795799042640446,0.0,0.0,2.0,0.0,idle,
2026-01-05 07:11:00,6.281742981379914,3.190703520907901,58.25044705818185,81.16300547053791,0.0,0.0,11.041033772501146,24.721820179392207,51.561626357724045,0.0,0.0,1.0,0.0,idle,
2026-01-05 07:12:00,4.799926547213939,4.18970937111521,55.891113307204726,72.57016266750033,0.0,0.0,12.110548824238968,27.905690615606417,53.08032778415865,0.0,0.0,2.0,0.0,idle,
2026-01-05 07:13:00,7.762693297780698,4.527478450366081,54.26906153521981,82.08834268257684,0.0,0.0,8.854774240316791,25.855667809875378,34.421419389439684,0.0,0.0,1.0,0.0,idle,
2026-01-05 07:14:00,7.402069218717323,0.16399809490405737,52.67667528289192,84.03518870129584,0.0,0.0,7.314035975367165,23.248339548729486,18.09888834683471,0.34053809968332827,0.0,2.0,0.0,idle,
2026-01-05 07:15:00,8.75747313020687,1.199798395237492,50.8740818320148,91.94099721013461,0.0,0.0,7.428477227102726,21.536522680034246,20.879026063008148,0.0,0.0,5.0,0.0,idle,
2026-01-05 07:16:00,8.146540919454717,1.7658275315883882,50.04592581234733,88.15456029823383,0.0,0.0,10.906308703840903,21.837142519379547,0.0,0.0,0.0,0.0,0.0,idle,
2026-01-05 07:17:00,6.291032759160259,0.8700488845745671,48.81192619650696,75.87107223003672,0.0,0.0,6.5340467302869705,22.285046997462203,0.0,0.0,0.0,0.0,0.0,idle,
2026-01-05 07:18:00,7.436375692392244,0.0,47.75925637106743,80.47000155064907,0.0,0.0,8.79969505967934,21.484007609687964,0.0,0.0,0.0,4.0,0.0,idle,
2026-01-05 07:19:00,5.577008512903271,1.9712193374077582,47.20698713228487,82.8695966568731,0.0,0.0,13.406256651591772,22.907464204316632,0.0,0.0,0.0,1.0,0.0,idle,
2026-01-05 07:20:00,4.66823561081275,3.1373401152273344,46.1805678289733,70.97503032793524,0.0,0.0,12.406649392945013,25.539304166597546,0.0,0.0,0.0,4.0,0.0,idle,
2026-01-05 07:21:00,1.6582824194519898,4.6625451758077965,45.10371097912894,66.63704100362052,0.0,0.0,12.362847137015704,24.799325878966048,0.0,0.0,0.0,2.0,0.0,idle,
2026-01-05 07:22:00,6.443339175118029,7.18305525592398,44.551253420343535,87.84410682458696,0.0,0.0,13.574984122770395,22.270049000785136,0.0,0.0,0.0,5.0,0.0,idle,
2026-01-05 07:23:00,9.729745343526996,8.185888957665927,43.7883916863848,89.88419514541656,0.0,0.0,14.356308032629501,23.42252637462887,1.1397427964507685,0.0,0.0,2.0,0.0,idle,
2026-01-05 07:24:00,8.893943515165272,7.798813816472976,43.56944727662848,93.10823070586618,0.0,0.0,14.677882546939262,23.285353634259916,19.753487389441087,12.62876913690127,0.0,4.0,0.0,idle,
2026-01-05 07:25:00,8.897579329469984,6.592621545941639,43.34213214877655,90.947987331414,0.0,0.0,16.650897120108844,21.663393895428555,10.43227707888617,8.331028323479181,0.0,1.0,0.0,idle,
2026-01-05 07:26:00,8.733839035376137,8.125954731504793,43.12976891669243,92.18710556301461,0.0,0.0,13.015115506946309,23.102337715911336,0.0,8.992696737551945,0.0,0.0,0.0,idle,
2026-01-05 07:27:00,11.67049626551417,6.940702392800765,43.384441515196805,102.14209296478863,0.0,0.0,16.491842158304753,19.78075423821317,0.0,11.614009153671194,0.0,0.0,0.0,idle,
2026-01-05 07:28:00,38.6981756222123,39.35274853537797,44.940292866524544,192.39276103101034,0.0,0.0,46.56799711367144,44.10060114150104,837.3007357264554,30.110677845071578,0.0,5.0,3.0,network_bound,
2026-01-05 07:29:00,31.932561683728405,39.37485137585899,45.72067404635243,167.99117790004894,0.0,0.0,42.69785075889809,42.79851933473181,832.2508019503891,40.52897205818762,1.0,3.0,3.0,network_bound,
2026-01-05 07:30:00,28.579195627998764,43.21918656102826,46.02053647696709,155.30309102004162,0.0,0.0,43.192617697064364,44.0544611750879,836.9521323392495,48.79537962840997,2.0,4.0,3.0,network_bound,
2026-01-05 07:31:00,32.936038498720805,43.40434327471111,46.34288999896706,175.15584675614474,0.0,0.0,44.04099676600838,45.920134849086956,867.3258823988135,41.247358236009646,3.0,3.0,3.0,network_bound,
2026-01-05 07:32:00,33.86013217340745,44.85799972403265,47.09719864620504,169.1836593440025,0.0,0.0,46.124590171370066,44.725138569324706,843.5016421261506,43.56186389476838,4.0,3.0,3.0,network_bound,
2026-01-05 07:33:00,34.65023029750161,42.980886861832104,47.755780091371825,180.659016227196,0.0,0.0,43.143745426100686,44.872176676851616,840.5988153468033,60.63256056850411,5.0,3.0,3.0,network_bound,
2026-01-05 07:34:00,36.23963697689152,42.582115940826014,48.95431555401306,185.0528641440417,0.0,0.0,40.097827068391624,46.9417083846382,854.1762915173391,59.28154187754218,6.0,3.0,3.0,network_bound,
2026-01-05 07:35:00,40.63035375449951,44.8538881203291,49.38925843136331,199.2325118148336,0.0,0.0,35.5952781894197,48.0528080276292,831.789411126495,52.829880727720926,7.0,4.0,3.0,network_bound,
2026-01-05 07:36:00,37.46389840094959,44.79432397211413,49.92631593126471,184.70190195424644,0.0,0.0,39.32031554441722,47.21847207377816,844.6936466364325,59.986089351660205,8.0,5.0,3.0,network_bound,
2026-01-05 07:37:00,33.891825031306446,48.963465023905314,50.17432213941405,180.3669470672455,0.0,0.0,38.42140348140825,44.927179899066836,846.0558777128468,58.26305056676763,9.0,4.0,3.0,network_bound,
2026-01-05 07:38:00,33.933826332534906,47.461354383169045,50.609270452545836,177.4380408696656,0.0,0.0,36.547378384095914,46.935775840807075,838.2245978879071,57.896414244315466,10.0,2.0,3.0,network_bound,
2026-01-05 07:39:00,30.190574480479377,44.04513616271743,50.65166342027457,158.88683691295194,0.0,0.0,35.840453027225834,48.706009080283046,854.5815761372065,55.54039669877165,11.0,2.0,3.0,network_bound,
2026-01-05 07:40:00,31.13461870791448,43.00503097298564,50.39500894206852,160.167327675833,0.0,0.0,37.155217014376554,49.75014189475899,862.5127020594872,52.08783296762835,12.0,2.0,3.0,network_bound,
2026-01-05 07:41:00,28.731448592683254,42.23418831165441,50.769095515252594,158.24573423647269,0.0,0.0,35.5008770702622,50.11606452244383,855.6581128282263,48.274903710558156,13.0,7.0,3.0,network_bound,
2026-01-05 07:42:00,27.957656679289116,43.79080667843497,50.5888439140004,156.8585614649639,0.0,0.0,38.1054384627101,50.40620854619158,859.9167912746465,34.89016058486233,14.0,3.0,3.0,network_bound,
2026-01-05 07:43:00,25.795053661225033,43.30851274524845,50.43774420884909,148.18783647928197,0.0,0.0,38.09673475902403,49.745633773609846,835.0467808920855,40.01026653744469,15.0,3.0,3.0,network_bound,
2026-01-05 07:44:00,22.448470321152506,43.66083712816868,50.14698119575321,135.99502477918927,0.0,0.0,32.689927818774606,45.638031911862555,837.0368635524214,30.119393053225245,16.0,5.0,3.0,network_bound,
2026-01-05 07:45:00,23.440530420341535,41.17206179972404,49.61966845894666,145.606642766343,0.0,0.0,30.666881771304585,46.6646974544627,855.7253966188151,43.8588812607541,17.0,5.0,3.0,network_bound,
2026-01-05 07:46:00,21.985235466418946,44.474221838568766,49.11656267526042,125.94779232573916,0.0,0.0,38.408055257015924,48.724202345190875,840.255720830982,59.51383889309305,18.0,2.0,3.0,network_bound,
2026-01-05 07:47:00,18.594832680483684,42.777628270356324,48.615050235253555,126.948846409576,0.0,0.0,35.24045757527123,46.05321972946788,855.339031146687,65.46524862140271,19.0,3.0,3.0,network_bound,
2026-01-05 07:48:00,24.28125181796127,38.78366394688655,48.292027615324756,143.67565726362096,0.0,0.0,36.15593949846276,46.643055396092045,856.1837674732545,52.884973079785695,20.0,4.0,3.0,network_bound,
2026-01-05 07:49:00,25.98115213977887,35.19476501785919,48.491201363645175,149.99357984716792,0.0,0.0,35.674761639839616,45.75451798352176,829.8348636514702,51.74545018732826,21.0,5.0,3.0,network_bound,
2026-01-05 07:50:00,22.447624731958168,35.70828526316439,48.03112448792286,146.1117385612488,0.0,0.0,33.54353340951112,44.30290172163063,831.4326450208155,40.22542293627335,22.0,5.0,3.0,network_bound,
2026-01-05 07:51:00,21.154104391364875,37.80683941769854,47.70530223120883,132.88229288117873,0.0,0.0,38.383747192235184,44.58664698006761,824.0986696355166,38.63114692693089,23.0,3.0,3.0,network_bound,
2026-01-05 07:52:00,21.676221363266073,37.44066100428693,47.19611077469887,129.40793797292275,0.0,0.0,35.18431862694401,46.8001783981279,809.6761907542859,39.976293377095104,24.0,5.0,3.0,network_bound,
2026-01-05 07:53:00,21.681426525757278,40.3259691559931,46.997855239182584,128.53247626726048,0.0,0.0,37.5358537968741,50.059987192129384,826.6938683077453,50.49331376667642,25.0,8.0,3.0,network_bound,
2026-01-05 07:54:00,21.92704477023345,36.641566120492115,47.095452221907024,129.79849167081227,0.0,0.0,37.060851795256966,48.58071008527813,810.3331752969873,61.15690946672731,26.0,2.0,3.0,network_bound,
2026-01-05 07:55:00,28.340640571332486,36.76701050694284,47.24762451633461,167.62400989719896,0.0,0.0,31.709977885348895,49.92219641412357,801.0992887057357,54.897586924619404,27.0,2.0,3.0,network_bound,
2026-01-05 07:56:00,23.649820148197477,38.39810355971723,47.23846529270787,141.33742173573847,0.0,0.0,27.410304838393003,49.224117377975944,826.6170517585707,49.36596938190254,28.0,4.0,3.0,network_bound,
2026-01-05 07:57:00,24.70771195768847,38.28183022342829,47.46339940697759,144.8499791509017,0.0,0.0,26.545113944285085,51.81600718285626,815.2103430764746,34.78706161875938,29.0,5.0,3.0,network_bound,
2026-01-05 07:58:00,23.210535525321017,34.16522200760022,47.69382800780055,135.36221411807296,0.0,0.0,24.962974044152205,52.31880477175749,842.1423080688686,38.82391493171076,30.0,3.0,3.0,network_bound,
2026-01-05 07:59:00,23.88930694863335,34.725108819782406,47.68262136393979,138.90645429692995,0.0,0.0,24.293614646794293,49.75152136149387,848.3712110756795,56.47477950332649,31.0,3.0,3.0,network_bound,
2026-01-05 08:00:00,26.80839151379929,39.71040552883918,47.499882676307905,153.43763295621818,0.0,0.0,23.47350192824669,51.54513449958194,852.9902649749756,48.74474753865994,32.0,3.0,3.0,network_bound,
2026-01-05 08:01:00,24.206119793616747,38.853116763226076,47.08697456315282,144.19852692873118,0.0,0.0,20.60552217141662,52.95921672451318,832.8272294350766,47.28072270914652,33.0,7.0,3.0,network_bound,
2026-01-05 08:02:00,23.093802735140653,37.330563086757614,46.7595935864521,135.46815396368987,0.0,0.0,20.486636775657757,50.724228861902375,845.1143766713474,29.60670500165194,34.0,4.0,3.0,network_bound,
2026-01-05 08:03:00,23.361177338474352,36.95706026933202,46.844057880722374,145.5483148915187,0.0,0.0,22.908209381234983,48.01400737512021,874.1350545257869,43.389019965127616,35.0,3.0,3.0,network_bound,
2026-01-05 08:04:00,24.59349737933981,36.801407711130565,47.04160604585289,142.8565778471412,0.0,0.0,25.104052792892254,50.21696588320006,871.5826878709951,29.90397893096891,36.0,5.0,3.0,network_bound,
2026-01-05 08:05:00,23.860742628635933,41.312432168394345,47.26414720202071,142.8513004308948,0.0,0.0,26.452498574169425,48.60912989836425,884.4292104286186,38.47024364953431,37.0,4.0,3.0,network_bound,
2026-01-05 08:06:00,24.422229053823965,40.11946530141569,47.685105782660784,156.08879219240626,0.0,0.0,26.774125538188514,49.99745810120089,869.0249627839778,30.31561573567153,38.0,3.0,3.0,network_bound,
2026-01-05 08:07:00,29.57282606027142,36.75340281662552,47.8350184451074,157.59320910037684,0.0,0.0,30.181426244211806,50.26757301851882,854.4287974155245,56.47508708266014,39.0,3.0,3.0,network_bound,
2026-01-05 08:08:00,29.314915734776157,38.29409787143357,48.00661321175671,161.93277368584157,0.0,0.0,31.670715458553534,50.836539120458426,832.7251820904377,55.76954744526982,40.0,4.0,3.0,network_bound,
2026-01-05 08:09:00,27.50876723217101,37.542719974938436,48.01316028677516,148.66301980464095,0.0,0.0,29.315832654444517,49.183908549601114,826.9193113299715,57.31279141416869,41.0,3.0,3.0,network_bound,
2026-01-05 08:10:00,27.890324060761518,36.965190312509414,47.95230297028941,156.20504520048928,0.0,0.0,30.068544770793803,49.72394769503535,833.7558683436623,59.12946551688287,42.0,3.0,3.0,network_bound,
2026-01-05 08:11:00,27.13582419066685,37.03005232563497,48.16895361239524,153.31248345970462,0.0,0.0,29.8489275543883,47.10650572191194,843.0507309177075,67.05695352206209,43.0,4.0,3.0,network_bound,
2026-01-05 08:12:00,29.272556608583514,36.97855653353299,48.34280578510083,169.80662676238114,0.0,0.0,35.188068845473666,48.49726210753642,836.3586042408348,43.54950837501064,44.0,3.0,3.0,network_bound,
2026-01-05 08:13:00,32.4810852851545,34.819494807691356,48.70957910835283,162.25239271952535,0.0,0.0,31.72310800200399,49.498142374718384,831.0357807481569,35.57190662242566,45.0,3.0,3.0,network_bound,
2026-01-05 08:14:00,34.52843813816678,35.773880164462206,48.77725736337347,180.79897437254584,0.0,0.0,32.66577863066943,49.280850011110616,822.0894297114819,33.90714676750545,46.0,3.0,3.0,network_bound,
2026-01-05 08:15:00,35.21512804643839,35.64519453515098,49.28426470429138,181.3014024379786,0.0,0.0,32.60107497946246,49.321501184639814,842.1881095870139,39.418025370603424,47.0,4.0,3.0,network_bound,
2026-01-05 08:16:00,30.739777423992244,34.81805971434673,49.14997641668649,167.00327920837293,0.0,0.0,37.49553092354587,49.401239699149144,828.8575376858234,44.89149321467409,48.0,2.0,3.0,network_bound,
2026-01-05 08:17:00,25.023172843778692,35.25722061588514,48.66774868484792,144.07478882592508,0.0,0.0,36.430659662916895,50.202859771401606,861.2795138039858,54.21471839102537,49.0,3.0,3.0,network_bound,
2026-01-05 08:18:00,24.278532451936442,32.293281291403545,48.493054009632516,153.28032447491492,0.0,0.0,37.14959421192504,49.10974467136294,852.2815445233753,46.05979416684427,50.0,8.0,3.0,network_bound,
2026-01-05 08:19:00,22.908118599480915,33.39637239109588,49.0266153522943,135.44520967134412,0.0,0.0,40.96217087767035,51.52980155672873,844.5455529966724,48.238076012392774,51.0,3.0,3.0,network_bound,
2026-01-05 08:20:00,22.132632092862007,38.46901258245489,48.6029309832333,134.88251994429552,0.0,0.0,40.38891939953054,50.871066932754836,852.6384823000294,43.092328496610094,52.0,3.0,3.0,network_bound,
2026-01-05 08:21:00,19.913670905483443,41.786488049512336,48.71351941977475,127.90084714685618,0.0,0.0,37.552908567742925,49.34395958833543,854.5910794410204,40.27620061108445,53.0,9.0,3.0,network_bound,
2026-01-05 08:22:00,18.288451337737534,41.91265731606086,48.30289753908733,116.04830568192214,0.0,0.0,36.7681138806321,49.10272769356564,866.438756766817,27.876466412907106,54.0,2.0,3.0,network_bound,
2026-01-05 08:23:00,20.93673623850214,41.07013436005228,47.9701128342664,127.98170555097641,0.0,0.0,42.61916496398024,51.21273035406571,845.9636118227924,26.667707385137245,55.0,3.0,3.0,network_bound,
2026-01-05 08:24:00,21.26500186948425,44.018691160980886,47.664407372089,127.18924936572769,0.0,0.0,41.091616116491544,50.47325293383671,861.5320392522055,37.581891997276244,56.0,5.0,3.0,network_bound,
2026-01-05 08:25:00,23.11678084066824,44.68447921054095,47.393453921089346,138.5314984128928,0.0,0.0,42.09350756859993,50.64139766549729,886.618207717198,42.88386850438345,57.0,2.0,3.0,network_bound,
2026-01-05 08:26:00,23.828212826150583,41.95838158570057,47.23841721875213,143.82440027688457,0.0,0.0,35.62451839170538,51.84595987679022,893.6086477566295,42.165912068590885,58.0,4.0,3.0,network_bound,
2026-01-05 08:27:00,20.732343739739402,46.05105658963615,46.7840933821433,123.96997541832391,0.0,0.0,33.85509340707628,53.72666842858052,870.4751716679426,31.53369274602374,59.0,6.0,3.0,network_bound,
2026-01-05 08:28:00,22.947479773055278,42.62766959023695,46.83634971678678,155.65415720305586,0.0,0.0,34.69284247798044,53.544291185602965,873.8532824321214,19.157890085072417,60.0,3.0,3.0,network_bound,
2026-01-05 08:29:00,26.089538573853975,40.227216213608585,47.27413825050446,144.97924141517115,0.0,0.0,29.996857285355723,54.81518169529626,887.2299125694722,23.279887870909878,61.0,4.0,3.0,network_bound,
2026-01-05 08:30:00,25.64070779195501,40.5033050672728,47.289271414409576,147.06774347320678,0.0,0.0,38.50812926597506,55.4193625167684,871.1517667785174,15.442156753057064,62.0,6.0,3.0,network_bound,
2026-01-05 08:31:00,23.6673708626573,35.93960657746193,47.670953280578374,148.38685458864543,1.0,0.0,35.44305098968832,54.91303018619162,892.4271301224938,0.0,63.0,7.0,3.0,network_bound,
2026-01-05 08:32:00,25.325099432746082,37.433682404645815,47.31206751613829,137.07785851238035,0.0,0.0,37.53543302695011,55.14805736928934,885.5263353138346,4.763539494849326,64.0,5.0,3.0,network_bound,
2026-01-05 08:33:00,26.08593354107779,35.485294055445294,47.33475289211729,143.83866739441845,0.0,0.0,31.840010252090032,55.32888095136724,895.9383432597222,0.0,65.0,4.0,3.0,network_bound,
2026-01-05 08:34:00,31.330441345793872,32.85159687754322,47.64593177069871,160.15277699158844,0.0,0.0,27.792410635488338,52.339541324741546,893.0815267564648,11.082739076420307,66.0,3.0,3.0,network_bound,
2026-01-05 08:35:00,31.61259089787049,33.52940114094372,47.79716218556018,169.57444968757125,0.0,0.0,29.104570236461488,54.95325335587218,887.9207197972449,14.867112156787838,67.0,5.0,3.0,network_bound,
2026-01-05 08:36:00,29.363570550092344,32.60577904901669,47.95519984539331,157.47908984138837,0.0,0.0,31.66549484639652,56.744820282662495,866.7293012650604,20.99575640145258,68.0,2.0,3.0,network_bound,
2026-01-05 08:37:00,23.197793523159664,31.797568809165814,47.56739083673728,148.35238883642145,0.0,0.0,26.392293258313522,57.84814175746859,858.4943966774593,27.153407791601317,69.0,3.0,3.0,network_bound,
2026-01-05 08:38:00,25.161993834801038,31.173084242215957,47.73958227342395,141.2442924515579,0.0,0.0,28.52654902590105,58.7039142444798,845.8695124544565,21.41140491877126,70.0,3.0,3.0,network_bound,
2026-01-05 08:39:00,27.807854693785558,29.728712698332963,47.719430663077105,148.54984859637278,0.0,0.0,28.79374241522152,58.14729773151673,841.8945974202404,11.011383664657878,71.0,5.0,3.0,network_bound,
2026-01-05 08:40:00,27.291932399701043,31.448462827221416,47.80173352368566,139.39741612265956,0.0,0.0,33.31125612206731,57.7383157919677,857.0484662181099,3.3475056622398043,72.0,6.0,3.0,network_bound,
2026-01-05 08:41:00,26.557160695723994,32.853193562818475,48.014362860143706,149.84155132222372,0.0,0.0,41.39836423580743,56.960572975392026,851.5511967904314,20.012908677300704,73.0,3.0,3.0,network_bound,
2026-01-05 08:42:00,27.381749907133166,32.959595591794965,48.25444101229025,155.22151764652335,0.0,0.0,38.007311419071506,54.444886921508626,889.264627390919,20.741854432564516,74.0,3.0,3.0,network_bound,
2026-01-05 08:43:00,26.16540641001246,31.36835953437735,48.06149871683951,155.6104271699551,0.0,0.0,39.24870099502153,53.85528763393924,893.1403258108079,31.80278943194837,75.0,3.0,3.0,network_bound,
2026-01-05 08:44:00,29.1026318547848,33.50447117310213,48.42383497311113,152.9046872008185,0.0,0.0,41.271996943891644,50.02596818725876,894.3421617194161,7.101221601896135,76.0,3.0,3.0,network_bound,
2026-01-05 08:45:00,27.959684211645712,32.82725711286096,48.644556170243284,152.7646507114901,0.0,0.0,34.200475171836075,51.751959268195804,894.0215650276559,19.50835176747065,77.0,4.0,3.0,network_bound,
2026-01-05 08:46:00,27.960675090562056,32.079554221555995,48.8200265653837,158.17768732306968,0.0,0.0,35.27443141174399,53.5259407764727,901.1370777909145,27.210835299823533,78.0,5.0,3.0,network_bound,
2026-01-05 08:47:00,31.712290877330318,35.832527695845165,49.03427181804794,163.301136669889,0.0,0.0,38.48041224219587,53.08538646601395,910.7841313589199,17.85486779746884,79.0,6.0,3.0,network_bound,
2026-01-05 08:48:00,29.83826295790897,35.08419504420952,49.33050488661891,166.79774686124492,0.0,0.0,35.23800653703086,48.37075336768295,901.0615457291158,29.249253879656038,80.0,3.0,3.0,network_bound,
2026-01-05 08:49:00,31.030778611849925,37.51945940187568,49.46164244623795,153.31369554377508,0.0,0.0,36.60045986698631,47.1551199702453,882.4827296537212,26.67624124552363,81.0,2.0,3.0,network_bound,
2026-01-05 08:50:00,26.898352240482456,38.67357261566875,49.86693525974798,153.8017277364135,0.0,0.0,36.610007771510965,46.33697253505963,870.560453341858,48.555470984963506,82.0,4.0,3.0,network_bound,
2026-01-05 08:51:00,24.743171440708586,35.432402219924015,49.65091852366249,145.50670493618838,0.0,0.0,33.30166069704858,46.839859746776625,883.8549243072187,36.259402876580744,83.0,3.0,3.0,network_bound,
2026-01-05 08:52:00,23.12525657622657,31.450983088776834,49.18766224281483,134.57694929260308,0.0,0.0,36.06027324193742,47.215336668233654,847.4536366889333,32.435861497769025,84.0,6.0,3.0,network_bound,
2026-01-05 08:53:00,23.102253447871078,29.433595808006903,48.663764989878366,130.483806052169,0.0,0.0,33.772969408545706,47.65552009386415,845.375037169279,47.640705240175244,85.0,6.0,3.0,network_bound,
2026-01-05 08:54:00,25.080211931890386,31.394321950022377,48.295250185687024,140.0778280093072,0.0,0.0,34.62002720425085,48.27893583075933,841.1958633410633,43.96464824980969,86.0,2.0,3.0,network_bound,
2026-01-05 08:55:00,23.87970323811923,35.2380204403568,48.56194698240863,137.95532416327592,0.0,0.0,33.44429369241886,46.84115520388795,854.5389685500111,43.36905592899525,87.0,3.0,3.0,network_bound,
2026-01-05 08:56:00,22.141691745469295,35.42465300991402,48.5729772977166,139.5287402957534,0.0,0.0,32.310775045914276,46.99065004007604,881.6426909959399,30.642722850758897,88.0,3.0,3.0,network_bound,
2026-01-05 08:57:00,23.314155436707196,36.185469237986915,48.41840740708277,138.16297535473745,0.0,0.0,35.24602041528524,51.79894172625768,854.7894210512123,29.720120994961597,89.0,4.0,3.0,network_bound,
2026-01-05 08:58:00,20.757795821368642,37.558675241196745,48.36452826910327,136.25544504088106,0.0,0.0,31.9010830016134,52.94569178951276,866.0763246409621,31.21851023726733,90.0,3.0,3.0,network_bound,
2026-01-05 08:59:00,20.604950397368363,37.34903036100934,48.22633101549227,128.59469340638023,0.0,0.0,35.868741437347104,53.85049617187858,852.5577494641494,41.999813675446205,91.0,4.0,3.0,network_bound,
2026-01-05 09:00:00,18.35328630503617,34.19562534139116,48.14675627026596,126.42124801857932,0.0,0.0,38.74234959788649,53.80449125052527,856.6201164276811,35.3848621289782,92.0,3.0,3.0,network_bound,
2026-01-05 09:01:00,16.76830774808502,36.15739396357014,47.385173690513845,116.85894199795607,0.0,0.0,41.420821109688035,54.59804372350478,855.6084356493313,25.5897675284806,93.0,4.0,3.0,network_bound,
2026-01-05 09:02:00,15.642478993555239,34.645198414387174,47.2450234384361,110.30535403026174,0.0,0.0,44.56568539378876,50.97467227339822,867.9708179022397,40.51721918476378,94.0,3.0,3.0,network_bound,
2026-01-05 09:03:00,12.92052800934505,31.364681004398175,47.30485559091038,107.43384484213195,0.0,0.0,40.416721432865565,50.90721957686896,863.3592631047889,41.06261795723436,95.0,4.0,3.0,network_bound,
2026-01-05 09:04:00,17.496057484113365,34.277085423247435,47.038710265976526,114.03812306684777,0.0,0.0,40.65212633123788,47.68875793298926,874.6965760352032,38.905231936520366,96.0,6.0,3.0,network_bound,
2026-01-05 09:05:00,18.594486838788214,33.70343295649029,47.34191960619142,125.37102558508603,0.0,0.0,36.170291740928455,47.85622734438253,888.2810185009099,21.424303064090758,97.0,6.0,3.0,network_bound,
2026-01-05 09:06:00,20.92950220522185,34.30829183134755,47.58977534192997,127.19334942707997,0.0,0.0,41.07106644563479,45.39406665747692,890.2166920651212,38.033055380222166,98.0,5.0,3.0,network_bound,
2026-01-05 09:07:00,21.48136561162149,37.91175246982575,47.07344226121683,136.92554654665875,0.0,0.0,38.22185112971139,49.07777594548472,876.7935187585409,41.25932203003292,99.0,5.0,3.0,network_bound,
2026-01-05 09:08:00,24.43263577309834,38.48903282230194,47.22426287593186,150.54028185624603,0.0,0.0,35.43317771495808,47.00481666468566,879.0670545976188,29.76277214416381,100.0,3.0,3.0,network_bound,
2026-01-05 09:09:00,21.9903053942476,36.67500154642282,47.22061884628028,133.54856304874804,0.0,0.0,35.92112174349399,47.235863955368345,865.9535254934224,16.68341747725917,101.0,3.0,3.0,network_bound,
2026-01-05 09:10:00,27.34483330647101,38.303276406190484,47.32646644242386,154.6964630040725,0.0,0.0,37.87767168499046,51.09325388225444,871.975469626778,14.014652781869044,102.0,3.0,3.0,network_bound,
2026-01-05 09:11:00,28.980300630723764,39.52413203582596,47.68074455806934,155.13159476328104,0.0,0.0,34.089717069581596,53.99910347115773,863.6879780649841,16.246214825783618,103.0,6.0,3.0,network_bound,
2026-01-05 09:12:00,28.750040971629772,36.02063396506465,48.06685332944693,160.35643694032018,0.0,0.0,37.62289659923716,52.126743991633255,876.0646715778676,14.831109019641765,104.0,3.0,3.0,network_bound,
2026-01-05 09:13:00,23.04259402943699,35.652935444984244,48.08213365923239,142.89967073563648,0.0,0.0,31.227332147106768,51.619579430683245,857.9725275983789,11.76846438271914,105.0,7.0,3.0,network_bound,
2026-01-05 09:14:00,21.27735754108395,36.479120522103734,47.72821001764202,128.20201882803238,0.0,0.0,27.464307093940075,50.80796293114008,866.8421269991339,12.554910403747467,106.0,2.0,3.0,network_bound,
2026-01-05 09:15:00,22.93246411757528,37.7153617581184,47.80549791952595,136.7066760851,0.0,0.0,26.11627116345236,53.76083905420645,873.7181157093783,23.70778629371417,107.0,3.0,3.0,network_bound,
2026-01-05 09:16:00,24.314571159343142,35.65215356181652,47.76709545090951,148.4336378766858,0.0,0.0,26.583989855948026,55.37339394981642,865.8699431654458,23.913969196693284,108.0,4.0,3.0,network_bound,
2026-01-05 09:17:00,25.5668458368282,37.96227852648108,47.57408475017339,149.58635557737813,0.0,0.0,27.51020011664879,54.81776832501649,827.4405934677275,16.536061924010866,109.0,4.0,3.0,network_bound,
2026-01-05 09:18:00,24.09924930964878,40.59109398525999,47.87121591185765,145.36141749858737,1.0,0.0,28.39498374592642,53.3258351829117,834.770453261266,13.264124428230181,110.0,5.0,3.0,network_bound,
2026-01-05 09:19:00,27.199268961914097,41.04809719425535,47.89920151694238,154.3430140089552,0.0,0.0,29.047040050552184,51.790818431988114,842.5553344796625,20.462925258825056,111.0,2.0,3.0,network_bound,
2026-01-05 09:20:00,0.0,7.465296570891786,47.20493646836077,66.63430805431919,0.0,0.0,0.0,27.85849113200405,0.0,1.9123932803752979,0.0,4.0,0.0,idle,
2026-01-05 09:21:00,0.0,4.156380396523719,46.38490985380229,56.64566150124954,0.0,0.0,2.184673152920772,27.094125991629845,0.0,0.0,0.0,3.0,0.0,idle,
2026-01-05 09:22:00,0.0,4.871664123963123,45.44041272357738,56.39339761204469,0.0,0.0,2.1336401712203905,25.921584168478052,0.0,7.074099888445278,0.0,2.0,0.0,idle,
2026-01-05 09:23:00,0.0,3.438907535293392,43.88874721007573,50.0,0.0,0.0,5.503131879366952,27.95269694563163,0.0,1.416938072921457,0.0,0.0,0.0,idle,
2026-01-05 09:24:00,0.0,8.43012645868026,43.26219198058711,66.00193052123495,0.0,0.0,3.572043379512155,24.7008020834547,0.0,0.0,0.0,3.0,0.0,idle,
2026-01-05 09:25:00,0.0,4.166205075110129,42.72219158067054,57.54114395476513,0.0,0.0,6.363408829376226,22.44437756442587,0.0,0.0,0.0,5.0,0.0,idle,
2026-01-05 09:26:00,0.0,4.427575936061799,41.90142093843201,58.5579299594498,0.0,0.0,10.790173355888747,26.48468801694262,0.0,1.83086134350025,0.0,2.0,0.0,idle,
2026-01-05 09:27:00,0.0,4.003753433733314,41.63717516909698,57.59714781558148,0.0,0.0,13.476511504246004,26.272817803046834,0.0,7.707109822456481,0.0,0.0,0.0,idle,
2026-01-05 09:28:00,40.89237221986272,93.78378381581084,42.94839453399924,192.5089243092208,0.0,0.0,40.278163642491,69.26084506286146,60.16773420017971,79.76957673947813,0.0,5.0,1.0,memory_bound,
2026-01-05 09:29:00,41.0808507054162,91.69827106843736,44.34656801441792,192.54251425249447,0.0,0.0,38.23354757598324,66.14458924866663,78.4510579204046,68.17113811304561,1.0,3.0,1.0,memory_bound,
2026-01-05 09:30:00,40.67602264503801,95.12430121731882,45.46693355099106,201.2243974895929,0.0,0.0,41.79656126352215,67.78713745677163,64.3292363583144,66.47841706970104,2.0,2.0,1.0,memory_bound,
2026-01-05 09:31:00,42.02658767285721,92.79984384189275,46.66905449718782,202.30167265917288,0.0,0.0,44.59387363864881,69.59512848738399,44.14023022926516,70.93010969964254,3.0,6.0,1.0,memory_bound,
2026-01-05 09:32:00,43.096459846887484,90.04203635916531,48.00205243462826,205.81440283557086,0.0,0.0,45.073388581111246,68.81839780292395,46.35469475311592,65.25421668957924,4.0,3.0,1.0,memory_bound,
2026-01-05 09:33:00,46.543954798406624,89.76780740517864,48.847101565193164,222.16561101910864,0.0,0.0,37.97232833578359,71.20426271662491,60.69281210178902,69.36096502121678,5.0,4.0,1.0,memory_bound,
2026-01-05 09:34:00,50.30221310566498,87.3865241284781,50.21040892731167,221.8718051874363,0.0,0.0,33.37536666854039,70.00423041537994,77.66893100142406,84.86490742774983,6.0,6.0,1.0,memory_bound,
2026-01-05 09:35:00,51.18311483550252,86.6028880018355,51.64912506554701,249.80912709450064,0.0,0.0,29.660451653076514,71.29768208028352,96.60431215131304,93.94195893278716,7.0,5.0,1.0,memory_bound,
2026-01-05 09:36:00,53.82420622391304,84.74005921927493,53.01512974936212,247.7988102495321,0.0,0.0,34.33149603077577,71.67274406502959,99.67703103053172,64.42587369926753,8.0,2.0,1.0,memory_bound,
2026-01-05 09:37:00,55.831839048811986,82.7429096783229,53.70522945502746,251.32411737964938,0.0,0.0,35.105801188983385,73.89960613029564,116.290734900617,75.59088952495459,9.0,4.0,1.0,memory_bound,
2026-01-05 09:38:00,53.519894356717145,87.67019214589573,54.424809656637265,233.96187705909537,0.0,0.0,32.64792211170402,70.93745392000322,122.78311205824991,79.5816171966449,10.0,3.0,1.0,memory_bound,
2026-01-05 09:39:00,48.807163615690214,85.23411877593301,54.914743686645366,228.1462347149993,0.0,0.0,32.57033279068437,70.34639710758421,111.04897389590494,67.44101988484738,11.0,3.0,1.0,memory_bound,
2026-01-05 09:40:00,47.35760125969551,84.23492586258801,55.03889579327372,222.28479188464442,0.0,0.0,34.74400786291414,69.65150673336429,113.3587930986588,65.23251257952894,12.0,2.0,1.0,memory_bound,
2026-01-05 09:41:00,50.82882290833958,89.48045739693406,54.98363682375875,228.5925191395026,0.0,0.0,38.34373857366082,68.54485053086205,100.02494844834891,68.15293708878549,13.0,3.0,1.0,memory_bound,
2026-01-05 09:42:00,51.49512435983381,89.2044042433728,55.676803024404904,235.92181803684852,0.0,0.0,33.42505302794478,69.17626255811636,104.4785068987319,66.0804667025873,14.0,7.0,1.0,memory_bound,
2026-01-05 09:43:00,55.160131091296876,88.58274399700638,56.136461780640246,248.94943023559628,0.0,0.0,28.330341137604044,70.22393112043062,108.93502521172806,66.71382098492128,15.0,2.0,1.0,memory_bound,
2026-01-05 09:44:00,49.892154840783526,86.14897528920172,56.50582517787515,234.67489945039017,0.0,0.0,28.611312810980877,72.37011732386095,107.89203982834037,59.71490280795305,16.0,6.0,1.0,memory_bound,
2026-01-05 09:45:00,53.42599427731951,90.45676900810216,56.80958742927449,243.16821373089687,0.0,0.0,27.81775224168089,74.5826914161922,112.28974401377948,63.7597224956328,17.0,7.0,1.0,memory_bound,
2026-01-05 09:46:00,52.164141933123894,93.75315474934949,57.26259684070986,238.80381346229356,0.0,0.0,28.05666312585539,71.17885228974377,104.38044916189773,56.60830796516337,18.0,2.0,1.0,memory_bound,
2026-01-05 09:47:00,54.376920030308945,93.32892942420781,57.919330869513985,240.44142113671697,0.0,0.0,27.87801529570768,74.12421279270339,100.15715084319082,51.91059840856144,19.0,3.0,1.0,memory_bound,
2026-01-05 09:48:00,52.57550424468705,93.12128000175811,58.19345416698298,241.66535171436155,0.0,0.0,30.66175418038,73.58107635261592,99.21652909469748,38.41320035628639,20.0,3.0,1.0,memory_bound,
2026-01-05 09:49:00,51.31375605096919,90.87026727715512,58.73866057251433,232.72631639539324,0.0,0.0,32.046751375670496,72.33610658829934,97.19938996043577,33.58778009053316,21.0,4.0,1.0,memory_bound,
2026-01-05 09:50:00,47.02456295522882,92.63695335563783,58.0675688730796,210.8920423344557,0.0,0.0,28.91835712216258,72.97259863831235,75.91181025631046,36.91617211859379,22.0,3.0,1.0,memory_bound,
2026-01-05 09:51:00,45.574582398975444,94.97082162611434,58.11196919742591,218.97847421381175,0.0,0.0,27.880638252983385,75.86950821420267,56.81700039503403,51.35254837793803,23.0,4.0,1.0,memory_bound,
2026-01-05 09:52:00,46.074169156116966,96.55516339875979,57.96965053229567,226.44720461100022,0.0,0.0,30.123427701753116,74.76354665280209,34.49173149619405,67.23195228046609,24.0,2.0,1.0,memory_bound,
2026-01-05 09:53:00,43.18519663464262,95.60419551492029,57.41914484803649,201.05151716626062,0.0,0.0,32.58163601353553,73.99790110862654,40.17986347221759,67.55804889440363,25.0,3.0,1.0,memory_bound,
2026-01-05 09:54:00,47.45954435061613,94.944405447008,57.85885194112335,224.89403431261238,0.0,0.0,32.156558286196706,72.3900136611533,58.02846283637497,58.56511800387338,26.0,4.0,1.0,memory_bound,
2026-01-05 09:55:00,50.0494793115228,90.75086099654985,57.78084499968813,229.71279375626347,0.0,0.0,30.162375239790546,71.38353205815011,61.39047458894309,52.35341840060604,27.0,4.0,1.0,memory_bound,
2026-01-05 09:56:00,47.778063889526265,90.2567420954469,57.68561888757035,225.50288408757513,0.0,0.0,29.77536646792489,71.61298607340092,72.90677800494291,71.46002060145082,28.0,3.0,1.0,memory_bound,
2026-01-05 09:57:00,46.694703416603865,94.76620740897376,57.75020284227626,224.89361230074968,0.0,0.0,33.05448837738721,69.70138153128454,49.97798283804452,66.23430435582696,29.0,5.0,1.0,memory_bound,
2026-01-05 09:58:00,46.8427191558156,90.75133637159732,57.51364730596458,223.1390523446442,0.0,0.0,31.162428389799015,72.27807653081506,92.62873502926132,52.72960299827095,30.0,5.0,1.0,memory_bound,
2026-01-05 09:59:00,43.95097483827532,90.10262128170484,57.44532868959381,206.03682008405943,0.0,0.0,37.0329865263793,73.95080721747819,81.89944947464042,31.72181841816649,31.0,4.0,1.0,memory_bound,
2026-01-05 10:00:00,47.74788298816716,94.6764562031905,57.832625922955394,225.80397989854032,0.0,0.0,34.44666301404125,68.5239442261456,72.6720450554274,42.91805402794557,32.0,3.0,1.0,memory_bound,
2026-01-05 10:01:00,48.25890429840406,96.07208142008709,57.865809840165106,220.47525427719287,0.0,0.0,31.944014829484278,68.93321276235599,106.0901579513789,30.86012643598466,33.0,4.0,1.0,memory_bound,
2026-01-05 10:02:00,48.64051988045643,96.94809577070754,57.87396498557477,223.81608352324605,0.0,0.0,32.10956654165069,71.29750755128754,102.37119043561349,43.343903160411735,34.0,3.0,1.0,memory_bound,
2026-01-05 10:03:00,44.30311611044208,96.00236824054224,57.61715979282476,205.21468589913272,0.0,0.0,26.490858913995574,70.93315016868142,110.15002830843447,39.79365822348308,35.0,7.0,1.0,memory_bound,
2026-01-05 10:04:00,44.58745690387549,97.77333151551807,57.609876189800694,208.41174344606725,0.0,0.0,32.79259312377704,67.15570501128258,136.77751242965954,25.763128646099915,36.0,4.0,1.0,memory_bound,
2026-01-05 10:05:00,44.0752257032299,95.46842418713351,57.75034305005059,213.90626656162726,0.0,0.0,34.29058329766324,68.39716917649523,134.33872450454854,34.52974356669435,37.0,5.0,1.0,memory_bound,
2026-01-05 10:06:00,40.69802550318193,95.63983159932121,57.31558873937809,200.76293264102566,0.0,0.0,31.737264971831312,68.56833898386877,120.62643014255579,39.66572450066754,38.0,6.0,1.0,memory_bound,
2026-01-05 10:07:00,42.29558569238411,95.39092844896439,57.43165956544786,209.4780822566223,0.0,0.0,31.759349585787497,66.9596829428868,110.10566952914635,31.80030111352424,39.0,5.0,1.0,memory_bound,
2026-01-05 10:08:00,43.43499706720628,91.50239391320281,57.318709448527635,209.55146575944855,0.0,0.0,28.513624598608615,63.0613318116627,101.50696805801765,38.49749098823442,40.0,4.0,1.0,memory_bound,
2026-01-05 10:09:00,45.48920528762542,94.08733209122478,57.70276840432186,215.126733544354,0.0,0.0,33.722124716673534,67.47096136445774,123.12912994515787,60.59640724973079,41.0,4.0,1.0,memory_bound,
2026-01-05 10:10:00,47.534765156004646,96.65745100491186,57.87370447858327,214.85990789225357,0.0,0.0,28.557264624581876,68.75587944315413,123.23842362773777,91.04085096682415,42.0,8.0,1.0,memory_bound,
2026-01-05 10:11:00,48.558015763935344,94.11769143759422,57.730129475813115,215.37306257161728,0.0,0.0,28.270194401976212,64.74614219790001,124.10834427623355,82.59391996924606,43.0,3.0,1.0,memory_bound,
2026-01-05 10:12:00,49.44814302530121,91.00240115466347,57.79335483764509,232.7613929745901,0.0,0.0,27.13175634147293,65.20737026871195,114.4815680929163,77.23719946837309,44.0,2.0,1.0,memory_bound,
2026-01-05 10:13:00,49.148383829884835,90.13973952664891,57.661525420224116,228.70783651292092,0.0,0.0,30.423759623140686,65.72663373199077,80.18261160521347,77.26257842362253,45.0,2.0,1.0,memory_bound,
2026-01-05 10:14:00,47.72702770736966,91.65977934717233,57.744161413565344,219.49619585258245,0.0,0.0,31.051232221229675,66.0720296455982,69.15377087651449,66.50248080024048,46.0,3.0,1.0,memory_bound,
2026-01-05 10:15:00,50.50235255700888,91.56914568859507,58.01464651075658,228.5228958795688,0.0,0.0,32.59265097725455,67.3010141239199,89.51227544378446,68.09859017287559,47.0,2.0,1.0,memory_bound,
2026-01-05 10:16:00,51.276407463560304,95.52854827372178,58.25622721628397,224.80290469207102,0.0,0.0,31.15531716644473,66.37242561848268,77.14975251985165,69.9921905702636,48.0,4.0,1.0,memory_bound,
2026-01-05 10:17:00,51.11407691914957,96.522454358216,58.58840684000647,231.11266265057318,0.0,0.0,34.189227976446944,69.11445960705214,73.18946524028095,75.52520684848423,49.0,6.0,1.0,memory_bound,
2026-01-05 10:18:00,47.56656716633522,99.90785238679446,58.11070584393248,218.63964422888145,0.0,0.0,27.786311382715496,66.28602816457277,70.20357547426296,67.09120021768624,50.0,3.0,1.0,memory_bound,
2026-01-05 10:19:00,49.90320988023089,99.45288060651738,58.27219814124639,232.31640488850275,0.0,0.0,29.02010383564381,66.00633897523417,75.27944924635474,65.3942896119784,51.0,3.0,1.0,memory_bound,
2026-01-05 10:20:00,48.1958134189854,100.0,58.43401686972259,227.68962236165933,0.0,0.0,31.920570070296193,67.31538488952552,87.32815661993921,62.96924700989011,52.0,6.0,1.0,memory_bound,
2026-01-05 10:21:00,46.87608465530288,100.0,58.473447039932886,229.49193997756026,0.0,0.0,36.50991691365382,66.71497776191487,75.71793917664445,53.808556213192496,53.0,5.0,1.0,memory_bound,
2026-01-05 10:22:00,47.111267480958084,100.0,58.3275435255277,224.5212378131927,0.0,0.0,37.543565965710656,69.03549461124457,79.175945555854,71.39223713034116,54.0,6.0,1.0,memory_bound,
2026-01-05 10:23:00,51.29757544847452,100.0,58.275227051276296,228.8207993880522,0.0,0.0,33.39113484104908,69.7714912676398,62.369067445689375,68.34165151883347,55.0,2.0,1.0,memory_bound,
2026-01-05 10:24:00,48.72759263352509,99.2995677303993,57.926384949093254,225.63434103875275,0.0,0.0,33.70195162089555,68.67853398294517,81.73064215783775,61.077354132641744,56.0,6.0,1.0,memory_bound,
2026-01-05 10:25:00,47.28690442652954,100.0,57.06142901928693,207.45654181896262,0.0,0.0,36.46568869192678,68.71483203465306,91.93624791403782,65.23645471900115,57.0,3.0,1.0,memory_bound,
2026-01-05 10:26:00,51.85679709124502,100.0,57.53337327900837,231.48747134977916,0.0,0.0,33.975449673390614,68.79573964168034,90.88414699073095,68.10517489204074,58.0,4.0,1.0,memory_bound,
2026-01-05 10:27:00,50.57711060816456,100.0,57.502942427574844,229.80091873768524,0.0,0.0,32.19724791453415,70.0677095637712,78.57592803073511,62.3111125975788,59.0,3.0,1.0,memory_bound,
2026-01-05 10:28:00,49.51600093906286,99.22772413456975,57.35722118156204,225.52328821082654,0.0,0.0,32.87628382172349,69.49445289671068,89.18024773505589,53.73817204678273,60.0,2.0,1.0,memory_bound,
2026-01-05 10:29:00,45.99594485474521,97.164000902024,57.267069269481674,208.68980162816646,0.0,0.0,37.93672280472866,71.63271068932939,83.94139148518157,43.44655941413397,61.0,2.0,1.0,memory_bound,
2026-01-05 10:30:00,47.38337323014757,97.4153373459597,57.2668289236097,226.0269708583472,0.0,0.0,35.14620681387948,72.06691480497116,94.20041021400064,41.20079267367955,62.0,4.0,1.0,memory_bound,
2026-01-05 10:31:00,45.14748573258609,98.26475322163841,57.14354095094862,211.38004883806528,0.0,0.0,36.41913164430553,71.06874377277613,92.34592826345204,34.886567353183004,63.0,4.0,1.0,memory_bound,
2026-01-05 10:32:00,44.07486553236644,95.87663886716633,57.01952841503591,214.22267584633417,0.0,0.0,41.72446215864967,70.41220904685646,64.57687794594648,31.911928018311524,64.0,4.0,1.0,memory_bound,
2026-01-05 10:33:00,46.98877471763478,95.95437759713448,57.29686665038533,220.15275592301546,0.0,0.0,41.83273182133121,71.07331752874076,71.38785752845595,17.708610769432532,65.0,3.0,1.0,memory_bound,
2026-01-05 10:34:00,46.62599635083975,91.92858558635285,57.18873802133084,212.18029559420597,0.0,0.0,41.87957844446578,71.75061570921523,78.6102711925311,27.54878104346485,66.0,6.0,1.0,memory_bound,
2026-01-05 10:35:00,45.21610867021918,94.77301288158313,57.079039102670116,209.4385582788759,0.0,0.0,41.44789762060753,73.76518023412966,67.22118043324552,33.89927147923066,67.0,4.0,1.0,memory_bound,
2026-01-05 10:36:00,43.53616661965436,97.54712071539646,57.109710870443095,211.4128046774364,0.0,0.0,39.11125402788845,72.61113186156793,77.25467514767011,34.5934127726542,68.0,5.0,1.0,memory_bound,
2026-01-05 10:37:00,45.14473320811601,97.29497343144838,56.910044446059054,207.69747342577088,0.0,0.0,31.28210305539164,73.00828393539598,55.73350337049618,41.78894288739698,69.0,3.0,1.0,memory_bound,
2026-01-05 10:38:00,45.68406947703404,94.66810217689373,56.37539765007281,213.775719958546,0.0,0.0,30.991078017635637,72.19251664831242,64.26515013022268,26.409599908524974,70.0,3.0,1.0,memory_bound,
2026-01-05 10:39:00,43.04331305274765,92.04271721949532,56.26653771754399,200.89858415047576,0.0,0.0,34.23290046556918,66.92242334260362,56.046432748916885,39.75090296025767,71.0,4.0,1.0,memory_bound,
2026-01-05 10:40:00,43.110031044358664,96.32575520520041,55.81291649804115,203.2233631161551,0.0,0.0,31.999656972709918,71.35130932513425,72.66772623087581,54.85015096961456,72.0,2.0,1.0,memory_bound,
2026-01-05 10:41:00,44.33599240778619,94.09241722674255,55.48663962003961,198.08744679793136,0.0,0.0,32.59161011419303,70.4218266108685,71.70990455622756,43.40408467815325,73.0,6.0,1.0,memory_bound,
2026-01-05 10:42:00,39.12623327998197,93.56591337893761,54.84077219221622,198.48334478661815,0.0,0.0,36.1593621868832,68.0727081873821,85.00745583542115,32.13054647961621,74.0,4.0,1.0,memory_bound,
2026-01-05 10:43:00,43.122391047850115,91.47076887035487,55.20982692372353,209.09581780607442,0.0,0.0,32.76459429246116,66.68916579496408,70.56977332080706,44.73718173874333,75.0,2.0,1.0,memory_bound,
2026-01-05 10:44:00,41.72941887227212,94.62518897745059,55.50033369058891,205.53895732287796,0.0,0.0,32.616597087254554,64.20758495418265,50.78150523302321,50.05766212971521,76.0,3.0,1.0,memory_bound,
2026-01-05 10:45:00,46.25112040886643,98.30331162194678,55.38026223276897,207.78447179527683,0.0,0.0,33.956722214951824,63.273265523788425,88.89241374009094,64.59234218508006,77.0,3.0,1.0,memory_bound,
2026-01-05 10:46:00,43.728938374210344,96.13033134464686,55.66762873970589,212.4902096360702,0.0,0.0,33.56011754752271,61.52731092287589,63.71892334871586,72.72130279609266,78.0,5.0,1.0,memory_bound,
2026-01-05 10:47:00,42.7160230713503,96.87752118420224,55.39116994800222,204.88115185401136,0.0,0.0,35.67739824027139,59.52029917747184,63.64650350428751,62.804623999913545,79.0,2.0,1.0,memory_bound,
2026-01-05 10:48:00,41.52062467845394,95.35425381812789,55.86548790516977,202.78069205150146,0.0,0.0,36.706553394321105,60.631148144680544,88.0815885494199,78.5690830499831,80.0,3.0,1.0,memory_bound,
2026-01-05 10:49:00,44.24870467962009,95.96665281071157,55.83278426011518,204.1962161763209,0.0,0.0,34.6987849766394,62.86201041655192,85.60734541643775,79.30901532877805,81.0,4.0,1.0,memory_bound,
2026-01-05 10:50:00,43.96430444285109,97.05756707559314,56.26539822669175,211.4713650079134,0.0,0.0,33.8620166979391,63.04678501378855,87.41503427193763,72.87666035829132,82.0,4.0,1.0,memory_bound,
2026-01-05 10:51:00,39.301964787848874,95.38915547931829,55.3638758995845,188.95713724491543,0.0,0.0,30.773100322086446,64.99666487920324,80.83103391369865,80.54663762324208,83.0,2.0,1.0,memory_bound,
2026-01-05 10:52:00,40.05131322696691,95.80881246011343,55.346122863156836,194.37179003359313,0.0,0.0,28.489533040077394,67.08758307193547,66.25594443601811,75.74316885865377,84.0,4.0,1.0,memory_bound,
2026-01-05 10:53:00,39.762528377061244,94.42772156712351,55.264961604166636,196.6789389822168,0.0,0.0,29.638547268148976,68.31894387325141,76.3638248143319,58.894719105766775,85.0,5.0,1.0,memory_bound,
2026-01-05 10:54:00,43.83184065043523,91.9532034373645,55.61577762842071,210.22977295740804,0.0,0.0,26.90275364404199,64.87552426558658,102.38960678746385,50.00635919062619,86.0,2.0,1.0,memory_bound,
2026-01-05 10:55:00,42.08205880762804,93.13209275888138,56.1262594752395,203.56423717970196,0.0,0.0,31.000526707362148,67.04467532925356,100.26225669273433,66.21098917185978,87.0,3.0,1.0,memory_bound,
2026-01-05 10:56:00,39.76369129579542,93.38395689677822,56.1591270646451,193.32213079915257,0.0,0.0,32.37876093222964,67.67546902998795,103.69216255318216,75.6368795032468,88.0,4.0,1.0,memory_bound,
2026-01-05 10:57:00,41.01942619747135,91.71633343269474,56.10301136358582,202.35554326672494,0.0,0.0,30.282324010570814,70.29973976238513,108.43484740465388,74.88054047625468,89.0,5.0,1.0,memory_bound,
2026-01-05 10:58:00,43.79211315672866,91.6759762609468,55.9587706304635,208.60202713874494,0.0,0.0,29.689449044300975,67.08725552717341,110.8038961404576,76.16011409918706,90.0,2.0,1.0,memory_bound,
2026-01-05 10:59:00,41.96676334863432,93.24752527725609,55.52280001186383,201.9516346250129,0.0,0.0,29.75005931122965,68.4298588395748,109.9234919489181,79.39591969303477,91.0,5.0,1.0,memory_bound,
2026-01-05 11:00:00,39.41280919530679,93.34428254313647,55.182919489548716,195.18857202124983,0.0,0.0,28.5053074056274,68.57198276171874,117.60053585520428,46.31282234920635,92.0,4.0,1.0,memory_bound,
2026-01-05 11:01:00,40.7322627776123,93.91941282320838,54.95064267545068,193.76946960247386,0.0,0.0,28.21358479420215,72.07228516593342,111.09775423981885,48.38083927962918,93.0,4.0,1.0,memory_bound,
2026-01-05 11:02:00,45.867044098215196,95.47363369829694,55.12836221732708,208.39635546436327,0.0,0.0,27.49392681114773,72.85282904284769,109.89814171149342,50.62543887456012,94.0,6.0,1.0,memory_bound,
2026-01-05 11:03:00,44.16757920942923,95.98552928199919,55.160644499607905,208.69963767093455,0.0,0.0,27.028337693909013,69.8792281253516,123.42390618738469,43.65449074837349,95.0,4.0,1.0,memory_bound,
2026-01-05 11:04:00,46.47188780620343,97.70011749857179,55.50171234336154,223.11620917742167,0.0,0.0,29.410290275985002,70.10337935770718,137.20462833548441,45.70156147160236,96.0,3.0,1.0,memory_bound,
2026-01-05 11:05:00,51.62159007841807,95.28954863296825,56.280008276066404,237.4260270588943,0.0,0.0,33.19262430053716,68.22767409671233,137.0636435546235,54.84317594635253,97.0,5.0,1.0,memory_bound,
2026-01-05 11:06:00,47.52640498922043,93.45016870488747,56.46524089277806,221.042699879189,0.0,0.0,33.9851919797542,69.49169289552967,152.36392441380517,43.3123747598714,98.0,4.0,1.0,memory_bound,
2026-01-05 11:07:00,50.107673152878384,95.84608736092197,56.81787614305722,233.16009218536917,0.0,0.0,32.620767922146996,67.79348135813666,136.7692971404383,45.06512022442689,99.0,5.0,1.0,memory_bound,
2026-01-05 11:08:00,52.37494449814842,99.08429639881864,57.01675753679872,234.52238689467856,0.0,0.0,33.73388173125543,67.9622426133161,141.90906874368616,52.71362728430362,100.0,2.0,1.0,memory_bound,
2026-01-05 11:09:00,51.41720685737825,100.0,57.164795231992684,231.5808893201718,0.0,0.0,37.028126131612574,67.06307368658226,128.72699282107703,53.17215345800233,101.0,4.0,1.0,memory_bound,
2026-01-05 11:10:00,52.290522778561915,95.47350459356065,57.322607501767685,236.76010909261254,0.0,0.0,32.5277405040132,64.68557262454044,113.40275094532933,43.14138852587894,102.0,3.0,1.0,memory_bound,
2026-01-05 11:11:00,51.41888012810836,96.29208486845205,57.88026148807927,240.20821026080986,0.0,0.0,32.85006749043422,62.13468885401074,118.2756055874764,37.66865399642978,103.0,4.0,1.0,memory_bound,
2026-01-05 11:12:00,47.64535542175189,94.11628783062903,57.7556370629878,227.25544728062874,0.0,0.0,30.92022506651331,63.82427199395892,98.29058353201222,32.37551978230671,104.0,3.0,1.0,memory_bound,
2026-01-05 11:13:00,50.436359183326935,96.2217079783849,57.83324211008785,222.77909552151016,0.0,0.0,25.052386232522835,65.96558421102715,86.29761687221112,26.03433694963725,105.0,4.0,1.0,memory_bound,
2026-01-05 11:14:00,47.65132951439849,98.59592985982027,57.60674433192392,213.67878053435544,0.0,0.0,30.104952100587642,69.02142188123584,101.57248054110696,39.09937606332161,106.0,5.0,1.0,memory_bound,
2026-01-05 11:15:00,49.19667356924522,100.0,57.77712270673832,230.96982627274545,0.0,0.0,28.830049350707274,69.240982539736,93.64132668369017,40.149282703464436,107.0,3.0,1.0,memory_bound,
2026-01-05 11:16:00,52.604837222225186,100.0,57.86417423141561,238.75704785956614,0.0,0.0,34.297978688522726,66.37358187370297,95.225006467612,25.995329794701178,108.0,3.0,1.0,memory_bound,
2026-01-05 11:17:00,54.24128855418881,99.96251048536082,58.42942580234942,250.04990965093992,0.0,0.0,30.49098879364941,66.3565885542766,56.036838241770084,39.80141596277335,109.0,3.0,1.0,memory_bound,
2026-01-05 11:18:00,55.26680858386746,98.9211664410109,58.20800933382399,246.37621054940087,0.0,0.0,33.41523792487581,66.74867671908272,64.81950856746073,50.28051952976644,110.0,4.0,1.0,memory_bound,
2026-01-05 11:19:00,55.85259807002825,100.0,58.46692150538997,241.569555423301,0.0,0.0,34.34824694534706,64.83079893026695,60.50843051112272,52.61566474878621,111.0,5.0,1.0,memory_bound,
2026-01-05 11:20:00,52.71732293429951,100.0,58.596471380034224,231.87899738678013,0.0,0.0,35.34265189955801,68.50473139436596,90.90996015833875,56.20731126930948,112.0,3.0,1.0,memory_bound,
2026-01-05 11:21:00,52.74754590104106,100.0,58.896151977212675,239.78973540847963,0.0,0.0,33.89831449421121,68.0832570073387,97.02143335670473,41.69874518245565,113.0,3.0,1.0,memory_bound,
2026-01-05 11:22:00,55.469155783405796,99.58340318739117,59.17216775828444,256.80363816276986,0.0,0.0,31.01197171641652,64.02200058160953,93.22032927266417,49.90843542164369,114.0,4.0,1.0,memory_bound,
2026-01-05 11:23:00,52.86933168148216,98.29276137670817,59.546428880161905,241.54055088240622,0.0,0.0,36.1450661247926,65.38284335652608,98.36365500610827,45.024219853589415,115.0,5.0,1.0,memory_bound,
2026-01-05 11:24:00,55.98510697758812,98.36942894652987,59.705217018430595,251.4447871467806,0.0,0.0,35.48209979480292,64.74566258334843,82.22569871726284,52.249243736593144,116.0,5.0,1.0,memory_bound,
2026-01-05 11:25:00,54.528878619378375,98.70427967120281,59.92256753736956,246.58751200905684,0.0,0.0,36.59492287474112,63.75857193556813,70.25104757110175,56.31028865592488,117.0,4.0,1.0,memory_bound,
2026-01-05 11:26:00,52.975242924991925,98.45233015016296,59.94026634229123,241.287562561437,0.0,0.0,37.06339846225198,64.32748683762713,62.65770065984807,34.67916379425236,118.0,4.0,1.0,memory_bound,
2026-01-05 11:27:00,52.86152130633782,96.83641534648162,60.073623165621136,240.31093952904286,0.0,0.0,34.09816427100359,63.19212595450793,67.38889247807074,30.42675405607644,119.0,3.0,1.0,memory_bound,
2026-01-05 11:28:00,53.95278731746175,95.58679596119207,59.93367857617782,246.81005617760925,0.0,0.0,33.51076237995892,60.0729060262876,65.73262521990472,38.502709974022906,120.0,4.0,1.0,memory_bound,
2026-01-05 11:29:00,51.06395332629536,95.24369314986544,59.948329882051034,237.32500422607973,0.0,0.0,37.737390503806374,59.2017023759104,88.51460403936781,39.27098649070638,121.0,4.0,1.0,memory_bound,
2026-01-05 11:30:00,48.98614118751047,95.48896594787502,59.687146778511554,218.91204762430553,1.0,0.0,36.5403517281871,59.79505241884881,98.59128694047573,34.42782567215962,122.0,3.0,1.0,memory_bound,
2026-01-05 11:31:00,49.79423720454341,97.28611764089287,59.99796866216419,228.29513362791585,0.0,0.0,33.37052186172347,62.13332992449339,88.42471457116918,28.64148123723703,123.0,6.0,1.0,memory_bound,
2026-01-05 11:32:00,45.285750154405115,99.32613178581667,59.78262025633728,214.9895522866989,0.0,0.0,35.51863959990995,64.8539498400275,110.79770969209764,29.69733071982311,124.0,2.0,1.0,memory_bound,
2026-01-05 11:33:00,44.48587572599968,96.14045266548229,59.175794584038755,208.75785576352283,0.0,0.0,32.05177496547795,64.71703616416879,101.3875846619511,42.67293297679083,125.0,3.0,1.0,memory_bound,
2026-01-05 11:34:00,39.26755147297114,97.00149060673976,58.47485538443938,202.4301562335564,0.0,0.0,31.609496562938137,66.43639551464871,105.50445034174163,50.804983788088606,126.0,4.0,1.0,memory_bound,
2026-01-05 11:35:00,41.60373248068083,97.56887997175083,57.916837512527124,205.9469959680895,0.0,0.0,30.76496203076456,68.68712253978427,107.11937968125703,49.77314718325415,127.0,6.0,1.0,memory_bound,
2026-01-05 11:36:00,43.690836934263814,97.49898037995166,57.69872398424332,214.64722019624014,0.0,0.0,32.88055394735048,70.71671913490927,95.85621355942922,48.84740271704052,128.0,6.0,1.0,memory_bound,
2026-01-05 11:37:00,46.79274814377258,95.20564267851996,57.29486497801478,221.0734348021339,0.0,0.0,29.928122972672252,71.1667373641127,86.53185072615827,56.34555978290271,129.0,8.0,1.0,memory_bound,
2026-01-05 11:38:00,41.998474154719645,92.6154271912309,56.83979940906285,197.34390782320716,0.0,0.0,30.06134332141484,72.9740073932223,88.387686180031,48.4478042533431,130.0,6.0,1.0,memory_bound,
2026-01-05 11:39:00,45.849428919047554,94.32635662339575,56.74218289053723,216.316733603882,0.0,0.0,28.320724854514097,72.97447464438625,93.12692171528201,24.211754271565212,131.0,2.0,1.0,memory_bound,
2026-01-05 11:40:00,42.74630406416277,96.2635209184431,56.56688386144207,198.7997415117787,0.0,0.0,27.140766206657588,69.78688284866277,93.83658809723292,27.490805387504327,132.0,3.0,1.0,memory_bound,
2026-01-05 11:41:00,41.33277857868626,95.51472274163663,56.102024616179634,197.90543051749103,0.0,0.0,28.988816200228875,72.40896176310454,69.21507225166644,24.077016137382778,133.0,3.0,1.0,memory_bound,
2026-01-05 11:42:00,40.50573991623168,94.72958042629068,56.369710381133665,198.17577145635522,0.0,0.0,29.348145307723176,71.45902420508658,83.96075607495962,43.18587418893577,134.0,5.0,1.0,memory_bound,
2026-01-05 11:43:00,44.84905590141755,96.17400946087744,56.58851950813727,204.93040536483363,0.0,0.0,31.208569200506236,76.29056807078126,77.78642454215492,38.183143786981866,135.0,3.0,1.0,memory_bound,
2026-01-05 11:44:00,40.437938956434586,96.48604148824707,56.31113063845398,188.72811881299978,0.0,0.0,28.408096835945642,74.6428808983057,89.96633755412566,61.867173208519866,136.0,4.0,1.0,memory_bound,
2026-01-05 11:45:00,40.113318839135765,95.46487109457279,56.47324691194034,200.4217434756376,0.0,0.0,31.307196122176933,73.24330930096929,75.50137236948004,57.667682310828354,137.0,4.0,1.0,memory_bound,
2026-01-05 11:46:00,40.638168648353805,98.57238688634634,55.84765182786657,194.14882094845032,0.0,0.0,31.15433013360213,75.12870875053844,84.63207208275517,75.18131065284945,138.0,4.0,1.0,memory_bound,
2026-01-05 11:47:00,43.84226848079279,97.20864091598766,55.67913889776726,209.73518939942093,0.0,0.0,28.315959651036703,72.94510662846065,93.81974478861588,72.363028785672,139.0,2.0,1.0,memory_bound,
2026-01-05 11:48:00,45.91295716105617,93.71039646255015,55.842751865872636,220.92528507319275,0.0,0.0,27.765400880543563,71.5286290311546,62.972105165812415,92.68054757804147,140.0,5.0,1.0,memory_bound,
2026-01-05 11:49:00,48.93566485747701,93.22660181336761,55.61956295052608,221.78281733210122,0.0,0.0,25.078387738218026,72.80474840298045,77.08413976257461,95.81934141646566,141.0,4.0,1.0,memory_bound,
2026-01-05 11:50:00,53.2670593340519,93.78849552085806,56.01064924730991,239.31034167465228,0.0,0.0,29.361410174732057,70.667930130277,65.67259334659397,95.99315684491782,142.0,3.0,1.0,memory_bound,
2026-01-05 11:51:00,47.363660404218564,92.48733108847291,55.69199689502291,219.5232265076372,0.0,0.0,28.29340633942866,68.33338125737885,53.53800809591055,86.5850805971659,143.0,4.0,1.0,memory_bound,
2026-01-05 11:52:00,48.6004692620538,93.93383515844222,56.045531950204186,223.621104919827,0.0,0.0,30.34995727478021,68.84941788562134,35.44908916526956,84.8802094900533,144.0,5.0,1.0,memory_bound,
2026-01-05 11:53:00,51.536189216417796,94.82027330724355,56.56368362337601,228.45513424924343,0.0,0.0,34.742472175699014,68.56071889593598,41.93391330330155,84.1862252138786,145.0,3.0,1.0,memory_bound,
2026-01-05 11:54:00,47.94854633801677,93.94469859985213,57.01587581678338,226.81793297657188,0.0,0.0,32.43890641949446,68.37990970937804,47.635331705948246,78.78473476867333,146.0,3.0,1.0,memory_bound,
2026-01-05 11:55:00,52.56750701594143,99.38894316743225,57.31718975925315,239.56736922153314,0.0,0.0,30.53290176056376,68.03834811646745,52.42779777386277,85.65226751555106,147.0,4.0,1.0,memory_bound,
2026-01-05 11:56:00,49.0782510282458,98.84414615732976,57.43845820459212,217.03236361005958,0.0,0.0,33.15985156567009,69.53863539528477,55.94452764198271,99.62404282028798,148.0,6.0,1.0,memory_bound,
2026-01-05 11:57:00,48.24843617081842,100.0,57.835475146185715,237.89503398111637,0.0,0.0,33.863089066778194,69.05026851542877,43.07949053760379,95.40375309156306,149.0,4.0,1.0,memory_bound,
2026-01-05 11:58:00,46.22735042169936,100.0,58.00443687155432,220.88038243530428,0.0,0.0,29.90880349287982,68.33772982485401,67.70761189490527,76.62228686094664,150.0,6.0,1.0,memory_bound,
2026-01-05 11:59:00,47.11155567426052,99.4886300109255,58.048291029089995,211.81924117265345,0.0,0.0,22.476861074573144,70.40733078359898,64.23963936703865,77.42363616021255,151.0,5.0,1.0,memory_bound,
