timestamp,gpu_utilization,memory_utilization,gpu_temperature,power_consumption,ecc_errors,xid_errors,cpu_usage,ram_usage,network_throughput,disk_io,job_runtime,queue_length,active_processes,label,incident
2026-01-05 00:00:00,0.13988124814635172,9.691386779069738,38.0,62.93687042395106,0.0,0.0,2.5724953076756476,31.163306371253636,8.55050338435344,2.5891053740109844,0.0,1.0,0.0,idle,
2026-01-05 00:01:00,1.0761660433978006,8.856003266721295,38.10890900175123,62.379177450031115,0.0,0.0,0.0,35.616611331377904,50.05579766610345,10.868568250579061,0.0,0.0,0.0,idle,
2026-01-05 00:02:00,3.103982473291989,8.193160582015729,38.07754635471655,69.83217120972483,0.0,0.0,2.4740863884505115,34.96754892481074,53.10223722894516,13.018958396321196,0.0,1.0,0.0,idle,
2026-01-05 00:03:00,0.0,7.986645996100855,37.77214854483758,61.210861861906004,0.0,0.0,5.318521673294594,36.59231869991171,42.727560505889635,10.485821633866895,0.0,0.0,0.0,idle,
2026-01-05 00:04:00,0.0,10.368798676048801,37.69258192271272,59.21251201008272,0.0,0.0,5.305190035172913,33.1557439809091,46.08859799281738,9.111924706934586,0.0,2.0,0.0,idle,
2026-01-05 00:05:00,1.1443626637661088,10.679771188557254,37.70809299994452,64.67133269559457,0.0,0.0,2.220320514224624,30.533347671279973,40.272318692194474,10.592000119662316,0.0,0.0,0.0,idle,
2026-01-05 00:06:00,1.521580417805875,13.034386644295465,37.53487407763234,58.372918620444366,0.0,0.0,0.0,31.53739410087705,57.294863216621195,11.713033094433284,0.0,1.0,0.0,idle,
2026-01-05 00:07:00,3.670976942921475,10.040408992442533,37.835480711397864,63.80837417494062,0.0,0.0,0.0,30.10152177225807,48.1409398034584,0.0,0.0,3.0,0.0,idle,
2026-01-05 00:08:00,3.0333103700666753,10.285802637628626,37.628458486760366,66.9297148188514,0.0,0.0,0.0,30.489847084884943,29.198912676268225,12.397127495931201,0.0,2.0,0.0,idle,
2026-01-05 00:09:00,3.220828398643624,10.861170893318915,37.68551946018904,72.55279482426928,0.0,0.0,0.0,32.04462112310369,56.66992533639834,4.661676801119654,0.0,1.0,0.0,idle,
2026-01-05 00:10:00,2.5760121024298206,11.756105716879397,38.01380961035045,69.97830403295242,0.0,0.0,0.0,32.00390764319414,77.88492401207321,0.0,0.0,1.0,0.0,idle,
2026-01-05 00:11:00,4.282501973386616,13.570232730062186,38.0607514778703,78.1783670794099,0.0,0.0,0.0,34.11620201786285,40.09199844950676,0.0,0.0,4.0,0.0,idle,
2026-01-05 00:12:00,0.0,13.059478972556022,37.893487129908316,63.8362339100278,0.0,0.0,0.0,35.916877635263376,32.92931917901575,0.0,0.0,3.0,0.0,idle,
2026-01-05 00:13:00,0.0,10.46532468630341,37.84784087458132,65.9595381286439,0.0,0.0,0.0,35.83097733642818,15.664432580646134,0.1933430266760694,0.0,2.0,0.0,idle,
2026-01-05 00:14:00,0.0,10.721494706639668,37.95408339443899,67.15202105870551,0.0,0.0,0.0,33.80631303735383,5.399151712825744,1.0205653923305222,0.0,4.0,0.0,idle,
2026-01-05 00:15:00,0.0,12.862778931072306,37.68668758700322,68.0327973221037,0.0,0.0,0.0,31.029512699572507,0.0,0.0,0.0,1.0,0.0,idle,
2026-01-05 00:16:00,0.0,9.719465236817165,37.732977352545355,50.791275426826154,0.0,0.0,0.0,32.222613493680214,0.0,0.0,0.0,1.0,0.0,idle,
2026-01-05 00:17:00,0.0,8.616212855680738,37.665325451527515,65.28910419101335,0.0,0.0,0.0,35.061799658652475,0.0,0.0,0.0,1.0,0.0,idle,
2026-01-05 00:18:00,0.0,8.874041191529413,37.655422379907705,55.344606765635184,0.0,0.0,0.0,33.03641472122298,0.0,0.0,0.0,0.0,0.0,idle,
2026-01-05 00:19:00,0.0,10.176717721150654,37.65208950193861,57.14020397203574,0.0,0.0,0.0,34.40821888310907,0.0,0.0,0.0,0.0,0.0,idle,
2026-01-05 00:20:00,0.0,13.220515297337808,37.55659879081801,65.19902251799985,0.0,0.0,0.0,30.947437293644494,0.0,0.0,0.0,2.0,0.0,idle,
2026-01-05 00:21:00,0.05348589918759117,14.902749001505853,37.73413592989086,62.29238394336481,0.0,0.0,0.0,29.599747041567586,0.0,0.0,0.0,3.0,0.0,idle,
2026-01-05 00:22:00,0.0,14.29754769087484,37.58781036993686,64.10641420182705,0.0,0.0,0.0,31.238018577945525,0.0,0.0,0.0,2.0,0.0,idle,
2026-01-05 00:23:00,0.0,13.66100830994302,37.68202586366932,57.30692521758885,0.0,0.0,0.0,32.28305689945846,0.0,0.0,0.0,0.0,0.0,idle,
2026-01-05 00:24:00,0.0,9.485202305428823,37.84956400292574,67.8270971226551,0.0,0.0,0.0,32.01648630947313,0.0,0.0,0.0,2.0,0.0,idle,
2026-01-05 00:25:00,0.0,8.637875535432533,37.40312125725492,52.04793991250141,0.0,0.0,0.0,33.19246404022014,0.0,0.9818957751924562,0.0,2.0,0.0,idle,
2026-01-05 00:26:00,0.0,8.22471581267354,37.56958407823856,66.79363991070106,0.0,0.0,0.0,33.172912309510686,0.0,0.4346611225230639,0.0,1.0,0.0,idle,
2026-01-05 00:27:00,94.17958657634016,51.398503088402954,42.8366897531816,385.05043322832506,0.0,0.0,51.7088990265869,52.7938854169132,122.32454909405709,25.874671519218644,0.0,3.0,2.0,compute_bound,
2026-01-05 00:28:00,96.57470851753925,51.312031825132316,46.88211230858219,388.83051855238006,0.0,0.0,50.33944541466194,51.504581103837225,106.16680249231642,19.457345888216754,1.0,4.0,2.0,compute_bound,
2026-01-05 00:29:00,100.0,48.620096045829065,51.07974578867983,397.4605623523013,0.0,0.0,46.086616451377026,55.03126577554143,90.93004403852139,0.9314988056199169,2.0,5.0,2.0,compute_bound,
2026-01-05 00:30:00,100.0,46.40883636413092,54.18353913762243,399.36861247993266,0.0,0.0,50.13162757455628,53.07751923132912,80.45644911109112,0.0,3.0,3.0,2.0,compute_bound,
2026-01-05 00:31:00,100.0,50.488155755764375,57.498599035894884,394.7955654484879,0.0,0.0,47.46193282120543,51.532057156708404,67.53768612560286,4.314553052568211,4.0,3.0,2.0,compute_bound,
2026-01-05 00:32:00,100.0,49.95513733450802,60.21329035697048,400.72142404514443,0.0,0.0,54.41163315440289,52.152490309755514,57.17545111409933,9.284330075410752,5.0,4.0,2.0,compute_bound,
2026-01-05 00:33:00,97.4651124933154,51.43286445577579,62.31649922800556,385.97349229034893,0.0,0.0,54.59060393726684,52.38006378769829,56.01447544829206,16.59636710882522,6.0,6.0,2.0,compute_bound,
2026-01-05 00:34:00,95.22698720907407,50.260423653692264,64.00437193870506,389.2345410447212,0.0,0.0,54.635820075462206,54.07188386951146,99.75647360553162,26.721027834530926,7.0,5.0,2.0,compute_bound,
2026-01-05 00:35:00,93.45331013114895,49.2975293230527,65.80067919314048,376.0863461651027,0.0,0.0,52.19004232748128,51.45701055160571,108.17159647358955,46.422381600621165,8.0,4.0,2.0,compute_bound,
2026-01-05 00:36:00,93.00614689098637,52.10536200228692,66.86438604842945,378.61757002342887,0.0,0.0,55.5127465124975,50.40850256414223,114.47726614215173,41.826826638484086,9.0,4.0,2.0,compute_bound,
2026-01-05 00:37:00,90.46936195084301,53.77279136466962,68.11424227977105,368.07339126215965,0.0,0.0,58.05571285130477,50.85301673379189,108.06997295961885,52.348455659653496,10.0,3.0,2.0,compute_bound,
2026-01-05 00:38:00,93.61172697775625,55.62210463923231,69.16575158646219,382.2438694646657,0.0,0.0,56.188473635606165,49.46890562787267,94.67840982504846,51.83377260992833,11.0,3.0,2.0,compute_bound,
2026-01-05 00:39:00,93.59759391980847,52.06938738357643,70.33879959833769,366.8683431195072,0.0,0.0,52.253819627066285,47.040777367374744,102.06590897958425,47.18105209807513,12.0,6.0,2.0,compute_bound,
2026-01-05 00:40:00,93.28793866455189,53.21502375462658,71.08573596291117,374.15671653043586,0.0,0.0,53.9018118448602,50.556871161246676,117.80529537072547,28.23969210906951,13.0,4.0,2.0,compute_bound,
2026-01-05 00:41:00,92.54227049913719,55.56287577386664,71.8764641070405,368.7933670975453,0.0,0.0,56.95158609339033,47.556307788467805,125.72148393531731,39.69311658747381,14.0,2.0,2.0,compute_bound,
2026-01-05 00:42:00,96.11981652558663,57.778563430224,73.18658300588619,398.43042545472997,0.0,0.0,60.766624999450634,47.54484402092587,131.6623307714587,30.826369816918337,15.0,4.0,2.0,compute_bound,
2026-01-05 00:43:00,96.92110121798692,58.00339638549138,74.00754249149487,391.14838869510095,0.0,0.0,60.33709514292125,46.07615442775614,101.31346795408776,20.65984679437038,16.0,4.0,2.0,compute_bound,
2026-01-05 00:44:00,97.55316799019624,57.68376641204195,74.76641693478517,403.6498049496439,0.0,0.0,57.69171602707115,46.27029672360072,87.07385000873897,30.590041785025864,17.0,3.0,2.0,compute_bound,
2026-01-05 00:45:00,94.7380635069744,56.89343122076986,75.48140258568272,394.5676839102073,0.0,0.0,58.71913426007802,46.471043381942735,106.4932768658489,34.49003977407654,18.0,6.0,2.0,compute_bound,
2026-01-05 00:46:00,95.61783821089739,60.45087798421481,75.85670902418981,375.7670937919421,0.0,0.0,61.866965340546514,50.65590512527407,90.1537000322705,40.58374199526354,19.0,3.0,2.0,compute_bound,
2026-01-05 00:47:00,92.89216732335711,58.763822788226356,76.06869086291587,377.6688449144747,0.0,0.0,60.09101093132619,53.31320950447207,102.50788948445842,31.397494286269957,20.0,2.0,2.0,compute_bound,
2026-01-05 00:48:00,92.05196312540193,55.83584022826186,76.34851546051142,373.1377414136214,0.0,0.0,60.11173540657738,53.55395374379605,89.49285710344972,40.185546599986715,21.0,3.0,2.0,compute_bound,
2026-01-05 00:49:00,93.41581778739052,52.031445116747655,76.3532649997821,366.6904031457455,0.0,0.0,61.69030656180097,52.59697891769205,64.74908987465116,40.43028903655562,22.0,2.0,2.0,compute_bound,
2026-01-05 00:50:00,89.1741095532789,50.782521367450215,76.09155717479916,359.9562770009054,0.0,0.0,60.91724617478402,54.36714879861679,62.508428054732725,43.6509902006238,23.0,6.0,2.0,compute_bound,
2026-01-05 00:51:00,90.23114130276734,45.089686001759276,76.16790672121734,364.1706776261419,0.0,0.0,64.43580822455785,57.2096601974191,69.1624951025773,43.818221165981804,24.0,4.0,2.0,compute_bound,
2026-01-05 00:52:00,90.88462224404533,46.238153068107636,76.13155865651852,363.95146189138467,0.0,0.0,58.37845531252922,58.084751062491286,120.5256103227898,43.245251445239056,25.0,2.0,2.0,compute_bound,
2026-01-05 00:53:00,90.88274814803434,46.02660614322829,76.18852033313213,375.9492531700568,0.0,0.0,56.86407790000615,56.90856940302061,125.29869043680647,24.769433089433228,26.0,5.0,2.0,compute_bound,
2026-01-05 00:54:00,90.06702731617467,44.874122946509694,76.03628377114504,367.67213425825435,0.0,0.0,59.969425743890525,57.975657463523135,125.32018197233339,0.0,27.0,3.0,2.0,compute_bound,
2026-01-05 00:55:00,88.57518381320284,47.1157380812951,75.97606910355857,359.8508544019919,0.0,0.0,60.371590458805265,54.90963703121257,125.0614029583655,0.0,28.0,7.0,2.0,compute_bound,
2026-01-05 00:56:00,90.29528976362526,46.183276862643936,76.16787682316425,380.03695039822315,0.0,0.0,62.5240878450468,51.222521227739534,112.06361693333257,0.0,29.0,6.0,2.0,compute_bound,
2026-01-05 00:57:00,93.18682251479535,49.211529545590196,76.13764693996022,371.05334041728764,0.0,0.0,65.47711660531934,48.03040077719887,117.88562951591776,4.01573560213728,30.0,4.0,2.0,compute_bound,
2026-01-05 00:58:00,94.44840640764302,48.82892187523993,76.52032804883912,381.55790437198556,0.0,0.0,63.78571492344335,50.26402461576213,126.32810869229931,0.0,31.0,3.0,2.0,compute_bound,
2026-01-05 00:59:00,93.88454266533202,50.78242144570318,76.33863659758669,371.58151411974404,0.0,0.0,64.28434191631757,49.94477901806351,114.04845606173113,0.0,32.0,5.0,2.0,compute_bound,
2026-01-05 01:00:00,93.41601889064496,52.4323789532864,76.43452970818856,371.25654787884895,0.0,0.0,62.22077395852653,49.23199002051739,127.90420002784727,0.0,33.0,6.0,2.0,compute_bound,
2026-01-05 01:01:00,94.34932922697017,51.89035768659134,76.50097551181351,376.3487319766691,0.0,0.0,61.61250389461675,47.641074671772174,113.50071379329921,0.0,34.0,4.0,2.0,compute_bound,
2026-01-05 01:02:00,93.6084403883658,50.76153654122901,76.48207368654415,371.3524166417229,0.0,0.0,59.62608239733435,48.956626699253,116.27649969569734,0.0,35.0,3.0,2.0,compute_bound,
2026-01-05 01:03:00,94.90019808681961,48.56433234064311,76.56175890021228,390.88491328138076,0.0,0.0,61.769807420753466,50.929878743319904,101.10143802408348,0.0,36.0,3.0,2.0,compute_bound,
2026-01-05 01:04:00,98.32224665808305,52.768384014682546,76.74726446470272,393.5420926006141,0.0,0.0,65.21477440625327,49.94287624552076,120.53460336766622,3.087908321616702,37.0,5.0,2.0,compute_bound,
2026-01-05 01:05:00,93.28498084230864,53.029041377242805,76.57202060453683,373.067986719794,0.0,0.0,66.26423636553784,50.72464010125676,78.48867085924903,11.250838680210991,38.0,3.0,2.0,compute_bound,
2026-01-05 01:06:00,94.90810064200012,54.95518485760716,76.61783324542513,382.8379654441256,0.0,0.0,64.13286018690121,49.781628844408736,78.6957598231767,2.722053040079519,39.0,3.0,2.0,compute_bound,
2026-01-05 01:07:00,94.86575218862063,51.44062851061058,76.71172236677117,380.04288633117227,0.0,0.0,61.81965729348625,51.524139890341914,67.27052915725677,0.8585923174309507,40.0,2.0,2.0,compute_bound,
2026-01-05 01:08:00,92.59931072277283,50.33472456228759,76.69021552150872,368.0404128056032,0.0,0.0,58.782285078132034,52.562262748484535,56.320216815362066,0.0,41.0,2.0,2.0,compute_bound,
2026-01-05 01:09:00,95.14942294424945,46.695111092522964,76.86247833063054,376.0997708775352,0.0,0.0,53.37434379253122,51.76098970645038,81.80910348309459,0.0,42.0,3.0,2.0,compute_bound,
2026-01-05 01:10:00,98.40322994085547,48.4164704694881,77.20249324699283,401.89043767053033,0.0,0.0,51.37289306864429,52.21601560428341,91.86971372133767,7.079986718279674,43.0,3.0,2.0,compute_bound,
2026-01-05 01:11:00,100.0,49.72671415284826,77.19865218452463,390.52811509027987,0.0,0.0,52.23321282704324,53.76088142247831,62.98328657921032,8.17799264836648,44.0,3.0,2.0,compute_bound,
2026-01-05 01:12:00,100.0,49.96814608156873,77.65579420291283,403.01249016061377,0.0,0.0,50.52411455804633,52.45537690515513,74.51587689435533,15.954772700777207,45.0,2.0,2.0,compute_bound,
2026-01-05 01:13:00,95.19022367267134,50.631310194430434,77.41987625580069,392.8687433283547,0.0,0.0,52.91368701014229,48.055153332161794,79.50131054807073,17.603273084137253,46.0,10.0,2.0,compute_bound,
2026-01-05 01:14:00,90.05528947981789,49.43920826324189,76.76351028428668,368.0480670693432,0.0,0.0,52.614094123101516,46.669293466677324,71.94179236858798,19.34351467120713,47.0,4.0,2.0,compute_bound,
2026-01-05 01:15:00,91.16284544363901,50.82143533365825,76.17440984937538,360.40919447424216,0.0,0.0,55.77986066440326,48.50118510961972,83.40627368555786,11.628453467895248,48.0,3.0,2.0,compute_bound,
2026-01-05 01:16:00,94.61000443499253,52.75701891764979,76.75611859365877,381.95610741004447,0.0,0.0,52.47016819138217,52.912038394740556,96.27829279263612,8.361249922801033,49.0,3.0,2.0,compute_bound,
2026-01-05 01:17:00,92.05977310518216,49.115580099986765,76.74265712997526,372.6811107560795,0.0,0.0,52.92465325422388,49.76122246033418,128.8557909838779,14.824432826374313,50.0,5.0,2.0,compute_bound,
2026-01-05 01:18:00,90.85093764962397,47.91314578153526,76.6561425436897,361.2378946826621,0.0,0.0,54.64918492413823,49.09409404280926,92.2280930533681,13.912638808489987,51.0,5.0,2.0,compute_bound,
2026-01-05 01:19:00,94.44876692929039,52.06350951731885,76.88645040570049,372.5577228612043,0.0,0.0,50.28893406894773,51.175801034985916,96.51567229113454,3.5295260199842744,52.0,3.0,2.0,compute_bound,
2026-01-05 01:20:00,94.69621553572308,54.805874678284006,77.23145622596333,378.82819043433307,0.0,0.0,51.836951662362665,49.79997876323284,88.3217837601086,0.0,53.0,4.0,2.0,compute_bound,
2026-01-05 01:21:00,97.15391126848488,55.089496375179934,77.37661377283605,395.39171877717024,0.0,0.0,50.962469429739286,49.64478331985859,114.7570881009791,0.0,54.0,2.0,2.0,compute_bound,
2026-01-05 01:22:00,99.62840057598152,60.4812139609066,77.32413548103035,395.9022661205225,0.0,0.0,55.597183900378184,48.45746549075188,109.17363995391871,0.0,55.0,3.0,2.0,compute_bound,
2026-01-05 01:23:00,98.77355659704158,61.13875423389239,77.49694714190699,392.8707597997381,0.0,0.0,58.04357756288258,50.172728955810214,125.9281811552504,0.0,56.0,7.0,2.0,compute_bound,
2026-01-05 01:24:00,96.6659162637783,59.14269369969493,77.86162038992647,390.7249767498859,0.0,0.0,55.55178178707172,50.81169187959189,127.29479959502034,0.0,57.0,6.0,2.0,compute_bound,
2026-01-05 01:25:00,96.14134848770755,56.64855618321337,78.0356802747881,389.9992136976455,0.0,0.0,58.555903213869485,51.01156856275053,146.61841127737603,0.0,58.0,5.0,2.0,compute_bound,
2026-01-05 01:26:00,98.95864839331554,55.62966430294426,78.09573627821692,397.3193240544215,0.0,0.0,62.430710627470525,56.02078629253874,149.43572863351554,0.0,59.0,5.0,2.0,compute_bound,
2026-01-05 01:27:00,100.0,57.2035422269899,78.16863335825946,396.8894039146094,0.0,0.0,62.44260418998164,58.744189380503066,136.73185556123852,0.0,60.0,3.0,2.0,compute_bound,
2026-01-05 01:28:00,100.0,55.682698941373786,77.94278990646954,398.7725815077469,0.0,0.0,58.4775429397808,58.367958741281825,128.94261204129316,0.0,61.0,2.0,2.0,compute_bound,
2026-01-05 01:29:00,98.88132021862582,55.28409110672142,78.53401939769832,404.4553373167512,0.0,0.0,58.679279062778996,57.56104708002369,126.27147013176058,17.279855359154656,62.0,6.0,2.0,compute_bound,
2026-01-05 01:30:00,99.37591519682512,57.45519515787852,78.66711390752529,399.4053831339517,0.0,0.0,63.80663824871837,55.46060938802089,111.95023089317709,8.475224382499814,63.0,7.0,2.0,compute_bound,
2026-01-05 01:31:00,100.0,59.84486743026557,78.46467969262247,397.1961005954775,0.0,0.0,57.39746842108896,56.18740359505313,105.42122961555684,7.9238244577203965,64.0,4.0,2.0,compute_bound,
2026-01-05 01:32:00,100.0,60.36775491901958,78.96412836190086,401.9210410845369,0.0,0.0,57.648493378313184,54.74872317625494,106.33520383675673,23.852927173958356,65.0,6.0,2.0,compute_bound,
2026-01-05 01:33:00,100.0,61.325286189019714,78.96052089601461,407.71624214585074,0.0,0.0,57.82999449358819,54.279138366712345,106.57250854433423,33.242732324606905,66.0,2.0,2.0,compute_bound,
2026-01-05 01:34:00,96.28475547767728,58.422835495518406,78.78712514630803,384.98628996948867,1.0,0.0,62.994333203627335,54.18160915056127,99.37967561449712,20.167896842115148,67.0,6.0,2.0,compute_bound,
2026-01-05 01:35:00,95.4012337507754,60.34460237476388,79.1437825730301,387.8755025192509,0.0,0.0,64.2920274381727,52.51566131683787,113.12227397161507,15.595462482120231,68.0,2.0,2.0,compute_bound,
2026-01-05 01:36:00,95.02499279380744,59.82722096066151,78.84561247578031,384.94814246224666,0.0,0.0,60.39941633927025,50.59766184040856,119.1850406740222,6.22514524121139,69.0,5.0,2.0,compute_bound,
2026-01-05 01:37:00,92.94832137471228,60.32038787126727,78.73286523373719,379.4072611836192,0.0,0.0,53.287048247940895,48.13804797338414,87.46262675424647,12.830974327589406,70.0,3.0,2.0,compute_bound,
2026-01-05 01:38:00,96.05457670631705,57.85033536543231,78.77027720035109,379.26948741075137,0.0,0.0,57.74889846789596,49.37338965347786,83.11555700584063,4.413201006202925,71.0,4.0,2.0,compute_bound,
2026-01-05 01:39:00,97.59795180772059,54.641677542191076,78.35742073056777,404.1426529033385,0.0,0.0,58.940946143137964,48.736736578743624,88.8682904369338,1.2009296911551068,72.0,3.0,2.0,compute_bound,
2026-01-05 01:40:00,99.36496394549717,50.89576190755511,78.4124219523353,391.8237246849427,0.0,0.0,61.46874580704004,49.82296725608725,97.02448194476268,15.992455251178097,73.0,3.0,2.0,compute_bound,
2026-01-05 01:41:00,100.0,52.58687990556147,78.55930457118795,395.294995983856,0.0,0.0,60.431693540488475,50.02085683647427,91.92750618091034,6.0078518030511106,74.0,5.0,2.0,compute_bound,
2026-01-05 01:42:00,100.0,55.41782711546077,78.83780053015307,395.2657093316183,0.0,0.0,63.578001132960466,49.648841723011095,76.42844216066555,10.5559481255074,75.0,3.0,2.0,compute_bound,
2026-01-05 01:43:00,96.72776176174524,54.8426144903407,79.10559753860841,393.99897304347246,1.0,0.0,54.977960441928666,48.698576369896045,96.54112007277476,9.963149267587243,76.0,8.0,2.0,compute_bound,
2026-01-05 01:44:00,96.94895624321471,57.02663369061307,79.10276146322391,394.9711255087778,0.0,0.0,56.396166452671785,49.66294548970946,101.26855669432067,12.3095501149378,77.0,3.0,2.0,compute_bound,
2026-01-05 01:45:00,99.20669442993966,53.48229934297355,79.33191154817318,401.7980972166463,0.0,0.0,54.660606862988054,47.47202430593313,125.02340255923185,9.632665912138066,78.0,3.0,2.0,compute_bound,
2026-01-05 01:46:00,97.11123132643554,54.1979286923142,79.51093351535972,390.01359799772774,0.0,0.0,56.56531487243036,47.66895860066905,128.90526026911076,0.0,79.0,3.0,2.0,compute_bound,
2026-01-05 01:47:00,97.21807268634473,52.14661684567118,79.64558488691041,394.67034568182817,0.0,0.0,60.11379097833878,48.1387419529072,120.10282879287071,1.9298961698007169,80.0,4.0,2.0,compute_bound,
2026-01-05 01:48:00,95.84859286670827,53.759923609154,79.32989543366179,386.2074858033213,0.0,0.0,65.27024017178027,51.29890280916202,104.22742428549321,0.0,81.0,4.0,2.0,compute_bound,
2026-01-05 01:49:00,93.02067813556488,52.45562609009986,79.12724989572858,371.6167363125418,1.0,0.0,59.21767216716182,54.25297322434138,72.5919207847709,0.3923498958728153,82.0,4.0,2.0,compute_bound,
2026-01-05 01:50:00,92.7418624862665,53.82553562087729,78.90653914390332,368.7887145068635,0.0,0.0,59.79834415560752,53.59681867332009,73.88749633971975,1.5618934089589551,83.0,3.0,2.0,compute_bound,
2026-01-05 01:51:00,92.55969419373672,57.82203914685548,78.85438996223617,372.21511490902714,0.0,0.0,61.282641788226094,56.16736220558388,66.02533105314944,4.374946142536814,84.0,3.0,2.0,compute_bound,
2026-01-05 01:52:00,93.15817348719702,55.643820067368466,78.67984855506997,378.5545522749106,0.0,0.0,63.18483257216633,54.4123971048203,48.52882307195225,2.562062109556063,85.0,3.0,2.0,compute_bound,
2026-01-05 01:53:00,92.40582772208106,53.02964908268104,78.28074324470404,375.7516284417698,0.0,0.0,60.584639059231016,52.74766324457965,50.40234700080053,15.71560968878211,86.0,5.0,2.0,compute_bound,
2026-01-05 01:54:00,90.68283005194327,52.688493386660646,78.43088188431419,369.0958866754057,0.0,0.0,61.27406803406713,49.21253839225005,65.78501531587865,0.0,87.0,3.0,2.0,compute_bound,
2026-01-05 01:55:00,89.56017054123704,55.24462198878733,77.86207236178015,357.8601572108589,0.0,0.0,66.50034677972528,47.72876550804084,59.17889347458761,0.0,88.0,3.0,2.0,compute_bound,
2026-01-05 01:56:00,89.89611839971627,57.44601241560113,77.21854488557311,355.3715374443909,1.0,0.0,63.03747176202078,51.415217042964485,63.579000589545984,0.0,89.0,2.0,2.0,compute_bound,
2026-01-05 01:57:00,88.34835949818678,56.90869474785651,77.18238068135983,354.1334376311279,0.0,0.0,63.371332251223755,53.00074558323879,49.76730103894127,0.0,90.0,3.0,2.0,compute_bound,
2026-01-05 01:58:00,92.33627064959448,54.00767016828713,76.74818229331571,368.82710863526887,0.0,0.0,64.43394011695977,51.88680577560021,69.4838114570096,1.651403575503121,91.0,4.0,2.0,compute_bound,
2026-01-05 01:59:00,91.16368299910273,52.56114513010798,77.08211665092982,366.4891817511428,0.0,0.0,67.030450195535,50.361947325253034,84.9786085266036,6.665071631875669,92.0,2.0,2.0,compute_bound,
2026-01-05 02:00:00,87.74658023926422,52.84920390388814,76.32615419461567,353.3117152931122,0.0,0.0,64.44857666679813,53.813730636842834,87.91795885884598,19.046673796883574,93.0,2.0,2.0,compute_bound,
2026-01-05 02:01:00,90.77928799882442,51.8482685632279,76.40113037428745,368.1675839218646,0.0,0.0,64.51829196211224,52.738825909345316,85.88821715993866,30.460346653423024,94.0,3.0,2.0,compute_bound,
2026-01-05 02:02:00,95.74788457730135,56.154632170547224,76.41125770074245,382.30874613978295,0.0,0.0,63.31854050895657,50.48712979249135,87.89078198653472,34.691236117732714,95.0,4.0,2.0,compute_bound,
2026-01-05 02:03:00,94.31046621366033,56.62643333036032,76.70477429765087,388.5055585855612,0.0,0.0,63.4412386674598,50.159458394946924,117.72009893602151,55.33958352681593,96.0,2.0,2.0,compute_bound,
2026-01-05 02:04:00,97.0562196198488,57.86436467680968,76.38152151763948,388.56705907533825,0.0,0.0,60.8451700417221,49.95080446688039,121.32077406357034,53.65484444000001,97.0,2.0,2.0,compute_bound,
2026-01-05 02:05:00,96.01807408607206,56.77747709786369,76.57294307905315,377.34105694528216,0.0,0.0,61.48781097660425,45.145715443245074,99.23856448497095,58.48465826621478,98.0,3.0,2.0,compute_bound,
2026-01-05 02:06:00,95.96590719911914,57.61670944530487,76.42536030241885,383.2693155647212,0.0,0.0,58.32685141563345,45.76129458811293,113.42118117837872,70.86883988321678,99.0,4.0,2.0,compute_bound,
2026-01-05 02:07:00,98.8814612210834,55.22563569983525,76.99291980750557,393.7640519113099,0.0,0.0,53.550765889396864,49.53628082704492,86.4472692323379,67.61033016807475,100.0,4.0,2.0,compute_bound,
2026-01-05 02:08:00,100.0,54.42321758626309,77.29037488754038,402.20942216877006,0.0,0.0,56.69850061890968,49.06795531875496,74.54983544336908,50.855336485805864,101.0,4.0,2.0,compute_bound,
2026-01-05 02:09:00,100.0,57.19522918379414,77.5189065403566,406.5460296655982,0.0,0.0,55.446331859443546,47.22752532205098,68.94462436767324,54.298671129112776,102.0,2.0,2.0,compute_bound,
2026-01-05 02:10:00,98.67453242997074,57.68955980392605,77.7937799009108,390.9622674544511,0.0,0.0,57.14115879082824,49.77909730298493,73.41587351285214,47.63979064665652,103.0,3.0,2.0,compute_bound,
2026-01-05 02:11:00,100.0,58.103571636541155,77.96319911549165,402.3726789628653,0.0,0.0,54.2011531747328,47.63941424622368,87.25989377522197,43.00858831544596,104.0,3.0,2.0,compute_bound,
2026-01-05 02:12:00,100.0,56.35615038725155,78.27248520848443,400.4097208669207,0.0,0.0,52.143122446480916,49.54605615109034,53.21756145427672,25.549102620355477,105.0,3.0,2.0,compute_bound,
2026-01-05 02:13:00,100.0,53.4123449573184,78.56113262715121,401.0247514752942,0.0,0.0,53.06643633103693,49.348103185086316,42.07490472477106,35.61678233943177,106.0,3.0,2.0,compute_bound,
2026-01-05 02:14:00,100.0,54.152232347512246,78.70995661689992,401.29049806003843,0.0,0.0,57.179615344721064,46.00234279895408,48.39451520298142,38.8691271429286,107.0,3.0,2.0,compute_bound,
2026-01-05 02:15:00,98.79064761638165,51.822024500333136,78.6264011114783,390.1956033740387,0.0,0.0,58.513445582289314,47.616225647588195,46.434716434596,25.014031373371083,108.0,5.0,2.0,compute_bound,
2026-01-05 02:16:00,98.73884095628468,49.76480724110641,78.61072227379009,397.5752380794789,0.0,0.0,59.50249040291733,45.65994992513781,51.91370891370132,26.881595633767553,109.0,4.0,2.0,compute_bound,
2026-01-05 02:17:00,95.45980045091176,51.17349738999394,78.97477010141343,397.1949973087452,0.0,0.0,61.115047157313214,44.489966342638944,77.9384390434032,7.130089351171062,110.0,5.0,2.0,compute_bound,
2026-01-05 02:18:00,91.59044685614774,49.24077567704111,78.51600642782638,367.6973222596489,0.0,0.0,59.734233763176746,40.566784392097276,82.99912152350812,0.0,111.0,3.0,2.0,compute_bound,
2026-01-05 02:19:00,89.79762956767765,54.661831516205844,77.4464725359143,356.2091584287331,0.0,0.0,54.04964239015872,39.556787572599816,99.24827570222477,0.0,112.0,6.0,2.0,compute_bound,
2026-01-05 02:20:00,85.39207680613441,51.501153654490736,76.90121245573401,348.15690662342524,0.0,0.0,53.07990018151585,41.1912983232926,82.04614858541063,0.0,113.0,5.0,2.0,compute_bound,
2026-01-05 02:21:00,85.98446576266323,53.19207495393943,76.37469894640509,359.8968491919623,0.0,0.0,55.97489857498038,41.22624209171755,86.49577255601287,0.0,114.0,4.0,2.0,compute_bound,
2026-01-05 02:22:00,94.12298032658174,50.41986189368854,76.67784038352792,381.3563047774118,0.0,0.0,59.54453099138915,42.30436248757661,85.2195348226284,0.0,115.0,8.0,2.0,compute_bound,
2026-01-05 02:23:00,94.1538003504135,52.54825594312247,76.63385667629072,378.83684001879885,0.0,0.0,59.07821407311104,38.982829078568976,104.93872012474964,0.0,116.0,3.0,2.0,compute_bound,
2026-01-05 02:24:00,96.3710355536985,53.64251787914825,76.75519335212448,395.63347391583244,0.0,0.0,57.70908715375041,41.5885348693325,86.51837487902107,0.0,117.0,8.0,2.0,compute_bound,
2026-01-05 02:25:00,99.65934482284949,54.453216085283515,76.78542743345389,388.43928641440573,0.0,0.0,58.18066998700893,44.80421407173655,94.19513752490326,9.254675642241956,118.0,7.0,2.0,compute_bound,
2026-01-05 02:26:00,100.0,54.99311811123377,77.22314308777028,398.92842331360833,0.0,0.0,53.550321065913934,45.69318768216654,98.6965437835983,34.36098935775839,119.0,4.0,2.0,compute_bound,
2026-01-05 02:27:00,100.0,53.56482662410771,77.78497343925889,394.18727259170913,0.0,0.0,51.93701631399806,47.03603895076488,91.8166304265538,28.2914580351024,120.0,3.0,2.0,compute_bound,
2026-01-05 02:28:00,99.3470517558497,55.07870213795847,78.05676528597645,395.3845181711021,0.0,0.0,57.01774025557175,49.79123836128578,76.73782008464069,0.0,121.0,4.0,2.0,compute_bound,
2026-01-05 02:29:00,99.32954661757657,54.28438205144649,78.50777878021222,401.2487135689968,0.0,0.0,59.2158943757842,47.92877194390443,81.09581010209831,11.215568072182576,122.0,4.0,2.0,compute_bound,
2026-01-05 02:30:00,93.54876019282723,57.648741200809226,78.11392336604412,378.33344957741963,0.0,0.0,57.475711309121515,48.5546680932244,88.05692603548349,8.540719319992947,123.0,4.0,2.0,compute_bound,
2026-01-05 02:31:00,91.7564774037997,54.73829575239252,77.91139429607901,377.03593946123175,0.0,0.0,56.08045491970918,47.82505728063206,106.06515556108465,26.535356084181103,124.0,4.0,2.0,compute_bound,
2026-01-05 02:32:00,89.64207685490027,53.597394147110336,77.58090022670962,364.2657026937411,0.0,0.0,53.56300384832723,45.87238380979879,112.34174593352884,3.739035621493535,125.0,3.0,2.0,compute_bound,
2026-01-05 02:33:00,91.08585474026454,53.528425533423935,77.51256348437958,369.20251481153065,0.0,0.0,53.119439650123944,46.7353043151029,88.69139761433556,0.0,126.0,5.0,2.0,compute_bound,
2026-01-05 02:34:00,92.27339154178739,53.52427627112174,77.1549388206341,363.27347369674567,0.0,0.0,56.89629960228397,45.90469291900144,93.83811957182742,0.0,127.0,3.0,2.0,compute_bound,
2026-01-05 02:35:00,93.21824857602358,54.8093982712322,77.15199813376852,377.6075090510933,0.0,0.0,57.90527573783168,48.424577861580204,120.0361546826922,0.0,128.0,5.0,2.0,compute_bound,
2026-01-05 02:36:00,94.37646264288134,49.41676238322509,77.5527060813911,389.15328639175834,0.0,0.0,59.46275467257961,50.361927996425926,109.22075513607552,0.0,129.0,5.0,2.0,compute_bound,
2026-01-05 02:37:00,95.23990434038097,49.655463761867374,77.6448903440422,383.06739323586066,0.0,0.0,60.032483142524285,50.120268659280825,115.02263088427407,5.982632121340174,130.0,3.0,2.0,compute_bound,
2026-01-05 02:38:00,95.92428759497011,52.268913083788135,77.84206600610523,381.3716261297751,0.0,0.0,60.79224436322551,50.650812618249766,101.48179301818419,8.89241883878882,131.0,5.0,2.0,compute_bound,
2026-01-05 02:39:00,94.14678526704262,51.5233247640751,77.8730024869711,377.1177049022134,0.0,0.0,58.92976532044412,50.5048357698851,97.31558642250472,14.445499171469688,132.0,3.0,2.0,compute_bound,
2026-01-05 02:40:00,92.9121279810246,49.93101013443975,77.8321173613236,379.4690999830418,0.0,0.0,63.04866531491566,49.496250189236505,85.85942113170023,28.201492600696476,133.0,5.0,2.0,compute_bound,
2026-01-05 02:41:00,91.19960063376135,51.46538662282158,77.53231572282328,372.65173329303764,0.0,0.0,60.8492432754598,50.01385380848941,108.57454144062194,29.903992807671976,134.0,5.0,2.0,compute_bound,
2026-01-05 02:42:00,91.96622422472794,49.93430485312025,77.54485716209788,371.9493949110093,0.0,0.0,56.80545962332956,51.539578709746785,116.98886619193665,14.869248454330869,135.0,3.0,2.0,compute_bound,
2026-01-05 02:43:00,93.20140533146889,49.74949343356774,77.41314777048261,370.22737303861794,0.0,0.0,57.65310804666254,45.20457159095072,108.79813604100308,27.715673337698775,136.0,6.0,2.0,compute_bound,
2026-01-05 02:44:00,89.05273250098949,45.93222258229437,77.5764563513947,357.339768513619,0.0,0.0,57.081777134768345,43.32186677182126,110.22624423162912,27.14486483305173,137.0,3.0,2.0,compute_bound,
2026-01-05 02:45:00,89.54150516729308,48.12696658552428,76.97802383926091,358.1806855745703,0.0,0.0,58.13741615133655,46.051399462499745,99.05741355902285,36.28159984660571,138.0,4.0,2.0,compute_bound,
2026-01-05 02:46:00,91.83587744553654,48.046698006127805,77.01191455055472,371.18336176130293,0.0,0.0,57.83618508621995,46.255595846544935,110.05391941926082,42.70397696752571,139.0,6.0,2.0,compute_bound,
2026-01-05 02:47:00,92.34513951637405,48.42262004828548,76.93798868829656,368.72558598894904,0.0,0.0,58.68946336350229,47.39610242367306,104.15653254547101,35.43153480554808,140.0,6.0,2.0,compute_bound,
2026-01-05 02:48:00,91.38997404832246,51.19922754574194,76.7128488110764,364.2651069116834,0.0,0.0,59.777631385767755,47.075307560023404,93.57846539850364,31.069897317144687,141.0,3.0,2.0,compute_bound,
2026-01-05 02:49:00,92.95909318264464,51.38803009223846,76.67091888177184,377.4870150673848,0.0,0.0,60.22431361487931,46.51989904551968,94.79342511394013,29.443008059698464,142.0,2.0,2.0,compute_bound,
2026-01-05 02:50:00,91.72717935365975,52.771200331211105,76.88034754060055,375.49784685745107,0.0,0.0,57.16660495951498,45.69576531168117,106.28887691743259,24.22476623149926,143.0,3.0,2.0,compute_bound,
2026-01-05 02:51:00,94.29949898131774,52.11906573938241,76.91642905046105,381.8111226849391,0.0,0.0,58.83131036277516,47.05086246389892,124.62881700003152,12.05910505132736,144.0,2.0,2.0,compute_bound,
2026-01-05 02:52:00,93.30142567318276,55.375734257376905,76.58630908367692,367.6601656275227,0.0,0.0,56.93705356570515,49.453068731035685,124.74257814824824,7.8180301002166175,145.0,3.0,2.0,compute_bound,
2026-01-05 02:53:00,91.66612450636502,53.038628504461855,76.44691289676865,375.5561789035808,0.0,0.0,58.47165641705801,50.00187064228447,110.99047695308369,0.0,146.0,2.0,2.0,compute_bound,
2026-01-05 02:54:00,94.21524758784531,54.14923864508316,76.3899243224148,380.97177703103597,0.0,0.0,56.12558014118699,50.567451786020875,123.78887779801558,12.002293038527315,147.0,2.0,2.0,compute_bound,
2026-01-05 02:55:00,95.71718583724346,56.17635089823541,76.99790578811046,377.2179446198511,0.0,0.0,56.36503423030474,52.69560235790337,123.96712085040011,11.174391755622336,148.0,2.0,2.0,compute_bound,
2026-01-05 02:56:00,97.78236140284919,55.81340301983642,77.15950129954813,403.5510600709106,0.0,0.0,55.84264731820117,53.13071519294382,121.97132454232039,15.605042048057244,149.0,5.0,2.0,compute_bound,
2026-01-05 02:57:00,97.00375636469347,53.819496540299426,77.38494431248546,392.83397168415075,0.0,0.0,57.379120505317395,52.67790993827933,114.92874853090615,24.09457913628352,150.0,5.0,2.0,compute_bound,
2026-01-05 02:58:00,100.0,55.28671451560325,77.26178694750661,387.0977992703971,0.0,0.0,61.42326825605871,54.047337258276755,128.30634051496526,11.158103674204407,151.0,5.0,2.0,compute_bound,
2026-01-05 02:59:00,97.53118995909014,57.62277426138085,77.02759204373082,397.7166608497753,0.0,0.0,59.95119844365316,52.3612307721355,103.5290393331269,1.2278314383199422,152.0,4.0,2.0,compute_bound,
2026-01-05 03:00:00,95.66105407425654,55.535519262227446,77.32950611310747,390.5899331641691,0.0,0.0,61.582731084774814,52.21316379634008,114.01155229105383,12.591205388826891,153.0,4.0,2.0,compute_bound,
2026-01-05 03:01:00,95.29767824458213,58.339475455481654,77.43554129338833,378.55815230983313,0.0,0.0,62.323054996391356,53.093489113297174,113.9116811064057,29.37798363451693,154.0,2.0,2.0,compute_bound,
2026-01-05 03:02:00,96.06990351292201,57.58846703952992,77.63000023603368,390.28317278175575,0.0,0.0,62.36337141290002,52.827177999503874,93.39338872318231,40.99345092344301,155.0,5.0,2.0,compute_bound,
2026-01-05 03:03:00,98.52509963813527,57.64449740499319,78.22234535824218,396.61995601949326,0.0,0.0,64.20305044880844,51.34363259316631,129.54442359718095,35.67724134813683,156.0,3.0,2.0,compute_bound,
2026-01-05 03:04:00,100.0,57.6432796082631,78.55258866898008,400.81093465300296,0.0,0.0,63.59710658988875,53.44656204552106,124.92118490231573,35.99930719634105,157.0,2.0,2.0,compute_bound,
2026-01-05 03:05:00,98.74221003993881,60.119993436461236,79.03223649311919,396.0813052409815,0.0,0.0,63.391757751480746,50.35845917481499,140.08320209775766,28.581988796300795,158.0,5.0,2.0,compute_bound,
2026-01-05 03:06:00,95.97206991611674,58.178488131119686,79.27649924229073,389.289062440834,0.0,0.0,63.25396525284728,48.81166819456945,138.91142742795122,13.916827470438022,159.0,3.0,2.0,compute_bound,
2026-01-05 03:07:00,98.86391946225328,59.00807499387406,79.04922667483797,394.0001907435757,0.0,0.0,64.64594301192794,48.18590263502081,139.77899947383833,17.237462209093337,160.0,4.0,2.0,compute_bound,
2026-01-05 03:08:00,98.42801597648376,55.55717577197532,79.24163113324136,390.93808550834854,0.0,0.0,61.89423966919378,46.63793491708721,147.88211544233138,34.32272590434263,161.0,3.0,2.0,compute_bound,
2026-01-05 03:09:00,95.64881338582077,55.9189634073438,79.36354033531227,381.48192326811414,0.0,0.0,61.18601315636803,51.3603178186293,124.25926701097663,37.03464636452512,162.0,5.0,2.0,compute_bound,
2026-01-05 03:10:00,94.60303336151804,55.22179156529647,79.10854946742664,375.6898371343225,0.0,0.0,57.98787393519482,51.45053962311248,120.9410994054371,41.20187012534654,163.0,8.0,2.0,compute_bound,
2026-01-05 03:11:00,96.77828240241195,56.553798446904345,78.95864371899182,383.5494594902993,0.0,0.0,61.52754006838122,48.7203177624031,129.00883829496945,24.42534519622584,164.0,4.0,2.0,compute_bound,
2026-01-05 03:12:00,97.92608307998594,56.13177439598296,78.87461143800924,391.8603557810052,0.0,0.0,61.70554181639825,51.425445358880594,129.4532894715186,28.38845305543093,165.0,2.0,2.0,compute_bound,
2026-01-05 03:13:00,100.0,54.328054045369406,79.28898204859912,398.08085976371143,0.0,0.0,63.824178695919635,50.776983127292205,139.25769437459883,9.19015423731453,166.0,3.0,2.0,compute_bound,
2026-01-05 03:14:00,99.0335735601591,55.618221938575054,79.52405429631297,398.87647030567183,0.0,0.0,55.741102268200024,53.30328670893329,138.7317277828524,16.91169669800973,167.0,4.0,2.0,compute_bound,
2026-01-05 03:15:00,99.74055690094393,54.43149967644441,79.50132919848946,404.70668159125,0.0,0.0,59.05737532366904,49.619983059602475,150.43164897692054,21.86977525869657,168.0,7.0,2.0,compute_bound,
2026-01-05 03:16:00,94.75589641425523,56.30824412974775,79.33134284215066,380.47600773747564,0.0,0.0,61.682877584056,50.79786746387144,128.16268904843258,20.170554605956674,169.0,4.0,2.0,compute_bound,
2026-01-05 03:17:00,97.33492988579488,52.90969407231163,79.41560620327355,394.3355163444705,0.0,0.0,57.55778747452785,51.83857373862787,135.24144285456777,19.9510069312457,170.0,5.0,2.0,compute_bound,
2026-01-05 03:18:00,98.79425603196043,53.46748188988996,79.24068546445943,394.23940586187956,0.0,0.0,60.18377085623402,56.1225307947104,123.17916160945597,21.148027088011805,171.0,2.0,2.0,compute_bound,
2026-01-05 03:19:00,100.0,56.280050423315345,79.57151550538295,394.7592246867874,0.0,0.0,57.84677243005073,55.99875243946277,121.09849637140904,27.3352184272955,172.0,4.0,2.0,compute_bound,
2026-01-05 03:20:00,99.43124274869992,59.02022605359188,79.40892226925081,396.5235356260851,0.0,0.0,55.55367477095592,51.934382273901065,162.9257482404647,29.482212607042573,173.0,5.0,2.0,compute_bound,
2026-01-05 03:21:00,98.92216798950054,57.79561068692229,79.32801641349585,396.800509779781,0.0,0.0,60.32880842403297,53.94499592064883,174.75027934986247,43.05660166769371,174.0,4.0,2.0,compute_bound,
2026-01-05 03:22:00,94.54661930484434,57.61032389959376,79.1381645890249,385.57271177387105,0.0,0.0,56.62246998049953,50.87917074341152,148.35455904317658,51.529418761960216,175.0,5.0,2.0,compute_bound,
2026-01-05 03:23:00,94.36388111176038,58.667186626060804,79.30831615807169,382.6635017180612,0.0,0.0,56.064590293123466,51.35759872129475,142.521212748753,50.05895593153815,176.0,5.0,2.0,compute_bound,
2026-01-05 03:24:00,93.76003776170283,55.9818132312704,79.23590545375868,373.2769802608493,0.0,0.0,57.04167242172709,51.42456878083461,135.39572599655102,41.17213592416431,177.0,3.0,2.0,compute_bound,
2026-01-05 03:25:00,96.10085068223503,55.58558566503246,79.3246680002587,385.0551409401752,0.0,0.0,55.12738829403821,51.019620246271074,128.80335368532545,51.39529379097189,178.0,9.0,2.0,compute_bound,
2026-01-05 03:26:00,96.8368716213916,57.759534767030885,78.86530904183343,386.7580197610885,0.0,0.0,56.734781138491236,51.20859509821757,157.15732512517542,38.46639229621752,179.0,6.0,2.0,compute_bound,
2026-01-05 03:27:00,97.75653411564461,55.43701398165328,78.96082532774435,390.6369970793121,0.0,0.0,56.41389932405083,52.05832001993727,172.76112074823772,31.877386668174026,180.0,5.0,2.0,compute_bound,
2026-01-05 03:28:00,96.74491879378446,56.39503243206268,78.85497355202445,391.2673287556125,0.0,0.0,52.82786593912199,51.2085922849274,162.4549479847526,17.682690821961756,181.0,5.0,2.0,compute_bound,
2026-01-05 03:29:00,96.27688819798101,56.07939396190587,78.92966843287822,384.84659676462775,0.0,0.0,54.15870760998804,52.03293416238672,144.92228981533572,28.316826592995163,182.0,2.0,2.0,compute_bound,
2026-01-05 03:30:00,97.39756359070168,55.28991739053816,78.76593557145469,384.40524290706014,0.0,0.0,57.761775844876205,50.90177982563995,145.9295063885926,27.767394949714863,183.0,5.0,2.0,compute_bound,
2026-01-05 03:31:00,98.04382780779864,51.13424928133372,78.62299081300725,398.1863690788073,0.0,0.0,53.077061089425165,51.871065910269145,125.53275429057219,19.634286676256625,184.0,2.0,2.0,compute_bound,
2026-01-05 03:32:00,97.92324319283266,50.921336212518376,78.71805494455361,402.88432740710294,0.0,0.0,52.55966101376344,57.16892371186051,93.5530242202505,21.17291862471307,185.0,5.0,2.0,compute_bound,
2026-01-05 03:33:00,100.0,46.94640455893258,79.02527927130153,402.14464909340256,0.0,0.0,57.56982059802332,53.103588708570626,119.1740944556003,29.551620360572116,186.0,5.0,2.0,compute_bound,
2026-01-05 03:34:00,99.7720191345189,43.56004588008291,79.19447592847061,403.059808086597,0.0,0.0,60.755152579858056,52.77072839974367,111.35923177777266,22.225998834216643,187.0,7.0,2.0,compute_bound,
2026-01-05 03:35:00,98.53801618086541,44.78543223325409,78.82486688896138,388.90855232672493,0.0,0.0,60.99785257797288,48.90882683688298,106.9699367253275,16.17991305145805,188.0,7.0,2.0,compute_bound,
2026-01-05 03:36:00,96.93135219065351,46.31206624278995,78.84980084629525,385.3625911358354,0.0,0.0,60.04586995101096,51.67122223021369,113.49832713065966,6.76106621286069,189.0,3.0,2.0,compute_bound,
2026-01-05 03:37:00,93.86550498917921,44.649378188513246,78.12867931862897,370.6533889534905,0.0,0.0,62.31499153158535,51.45195456540649,108.42230019524806,14.6293792600479,190.0,8.0,2.0,compute_bound,
2026-01-05 03:38:00,93.80394585725318,42.748279857240504,78.05918236131485,378.04116214561503,0.0,0.0,62.2457139348067,51.57419673752453,141.43567583383535,0.0,191.0,3.0,2.0,compute_bound,
2026-01-05 03:39:00,96.83211985712154,46.20983565868062,77.91856384940039,380.2710384265853,0.0,0.0,54.38652165472143,52.82093056242139,135.25561159864367,4.161205918304368,192.0,3.0,2.0,compute_bound,
2026-01-05 03:40:00,94.71554115279164,48.60772295169024,78.19578773134829,380.22858091693854,0.0,0.0,53.076385867841374,54.98859235047817,137.37557295811334,14.635774110933554,193.0,5.0,2.0,compute_bound,
2026-01-05 03:41:00,94.48265778994626,50.62134011634964,78.13130365579845,379.75340003716457,0.0,0.0,57.15690474434558,54.54662395008261,122.09456839190469,15.243450191343229,194.0,3.0,2.0,compute_bound,
2026-01-05 03:42:00,93.59638271507453,52.42694296412154,77.96846183941751,373.8833613831844,0.0,0.0,48.90176769859815,51.894295628896984,86.58821820783531,25.89054311212413,195.0,3.0,2.0,compute_bound,
2026-01-05 03:43:00,97.03700336220957,55.82021746730587,78.03168138578299,386.23617710181344,0.0,0.0,46.92191182265643,50.4072751109617,82.27536872612271,17.816477910169436,196.0,3.0,2.0,compute_bound,
2026-01-05 03:44:00,97.7468908579762,52.1066176039876,78.47573012290938,395.44428800378364,0.0,0.0,47.487731398562666,51.16615488241734,95.68417095528702,0.0,197.0,5.0,2.0,compute_bound,
2026-01-05 03:45:00,100.0,57.23305476612479,78.94305986332859,398.5838646676402,0.0,0.0,45.27899002678224,51.5834951511481,117.60088452748244,13.468481373641055,198.0,3.0,2.0,compute_bound,
2026-01-05 03:46:00,98.53373983678246,59.16665974642301,79.03804611879868,402.28919042499217,0.0,0.0,41.94388300842697,54.0374658027074,102.5078684253242,5.61005302560601,199.0,7.0,2.0,compute_bound,
2026-01-05 03:47:00,92.6984750286807,56.40081687356915,79.07055754561988,369.96904221451314,0.0,0.0,42.91868091454502,53.53124316263324,80.71044501055275,11.321406625257987,200.0,5.0,2.0,compute_bound,
2026-01-05 03:48:00,95.53009477772925,55.809163573883076,78.64021112477424,384.9860590451021,0.0,0.0,46.639185130656436,57.570742426867795,68.01415115995032,24.025638403979478,201.0,3.0,2.0,compute_bound,
2026-01-05 03:49:00,97.48146599545946,55.74103979617196,78.79140390422977,390.26958998534866,0.0,0.0,50.22105943095814,55.25938617437394,91.89652582434371,16.71678700505099,202.0,4.0,2.0,compute_bound,
2026-01-05 03:50:00,0.0,12.850458217459028,73.35777542936485,57.33220594846419,0.0,0.0,0.0,36.75631746897887,0.0,5.776526357153951,0.0,1.0,0.0,idle,
2026-01-05 03:51:00,0.0,13.08838337708777,68.82176111700537,56.93355134112859,0.0,0.0,0.0,37.73740837323103,8.37373738034305,3.8682094751434497,0.0,1.0,0.0,idle,
2026-01-05 03:52:00,0.7983359027463929,14.371824119984407,65.5810789062382,68.50498957827755,0.0,0.0,0.0,37.05281188439463,18.507678524702733,0.0,0.0,1.0,0.0,idle,
2026-01-05 03:53:00,0.0,13.285010511030602,62.164703772920184,65.01553892647243,0.0,0.0,0.0,33.776898536955585,0.0,0.0,0.0,1.0,0.0,idle,
2026-01-05 03:54:00,6.242173574627214,15.834740603589582,59.58705582682404,79.68217137033447,0.0,0.0,0.0,34.16078391342137,0.0,5.703923578117994,0.0,1.0,0.0,idle,
2026-01-05 03:55:00,3.5279950425809363,16.25468435553083,57.78359828223039,71.65814998960059,0.0,0.0,0.0,34.083745257076615,0.0,23.41772761365852,0.0,4.0,0.0,idle,
2026-01-05 03:56:00,4.273800158297049,13.81442513028082,55.898261807122374,72.27290718772423,0.0,0.0,0.0,33.947368117353115,0.0,7.183275147294493,0.0,0.0,0.0,idle,
2026-01-05 03:57:00,5.163340376885837,12.103683536979414,54.10286898101701,76.03332983008598,0.0,0.0,0.0,35.974842468982736,0.0,0.0,0.0,1.0,0.0,idle,
2026-01-05 03:58:00,11.475874318630005,11.193704373276287,52.720060201408046,97.17568998040718,0.0,0.0,4.5739555985175375,34.53316139339818,0.028175181122030324,0.0,0.0,2.0,0.0,idle,
2026-01-05 03:59:00,14.676721679159279,9.31843650462308,51.8688234957276,118.81492245899155,0.0,0.0,7.3391131089003645,34.2574186260399,7.303110780732739,0.0,0.0,1.0,0.0,idle,
2026-01-05 04:00:00,14.260417086005827,7.391468957796918,51.17535140048643,113.22676070799625,0.0,0.0,7.541641764925562,33.384917280589846,20.948234047855404,0.0,0.0,1.0,0.0,idle,
2026-01-05 04:01:00,10.489849844314621,7.791005388927467,49.76627077057156,92.3410267876009,0.0,0.0,6.345892529375417,32.88547527118272,36.51408988338942,0.0,0.0,1.0,0.0,idle,
2026-01-05 04:02:00,10.739115111217691,9.159830504901054,48.540818723737715,97.12831795318095,0.0,0.0,5.63354657531376,30.3958719292616,27.573609359025276,0.0,0.0,0.0,0.0,idle,
2026-01-05 04:03:00,10.568821446827398,7.8271713451365885,47.709764582825436,91.30137999631965,0.0,0.0,3.5410599988060274,27.95932796355146,36.33644499250637,0.0,0.0,2.0,0.0,idle,
2026-01-05 04:04:00,3.5171728423481325,9.104479327708818,46.71795996010425,73.11333690137779,0.0,0.0,8.703878573343403,27.99661314377904,27.379303595049663,0.0,0.0,3.0,0.0,idle,
2026-01-05 04:05:00,2.8013523458684633,9.409820217436103,45.82059963244915,75.47447002432989,0.0,0.0,6.036621663624872,29.391636010267607,12.244140794573092,0.0,0.0,1.0,0.0,idle,
2026-01-05 04:06:00,3.7256424714106395,12.272359481998883,45.26389203485643,76.35284151536455,0.0,0.0,1.7968123260371516,28.807810215488644,0.0,0.0,0.0,1.0,0.0,idle,
2026-01-05 04:07:00,1.115178936156775,10.876106602149656,44.45868617405892,65.85021135583735,0.0,0.0,0.0,26.624072705237126,0.0,0.0,0.0,2.0,0.0,idle,
2026-01-05 04:08:00,1.9585085706454546,11.767530248591239,43.815838925606705,67.08583484650241,0.0,0.0,0.0,25.917051861639415,0.0,0.0,0.0,2.0,0.0,idle,
2026-01-05 04:09:00,3.0174371103068096,10.285219894473247,43.00345486542322,68.8348286768822,0.0,0.0,0.0,29.721025971675004,0.0,0.0,0.0,2.0,0.0,idle,
2026-01-05 04:10:00,1.3792497716334298,6.541349297867376,42.26219324766974,61.010754928269264,0.0,0.0,0.0,30.533824096739593,0.0,15.35917418780183,0.0,2.0,0.0,idle,
2026-01-05 04:11:00,4.630730125849227,4.509336255235635,41.96745187845235,74.5555822159601,0.0,0.0,0.0,27.35666008694676,0.0,8.021557183764067,0.0,1.0,0.0,idle,
2026-01-05 04:12:00,3.7694278037562587,7.511388083285393,41.73960548060003,74.0807859547968,0.0,0.0,0.0,26.3587907141285,0.0,13.515347089774501,0.0,3.0,0.0,idle,
2026-01-05 04:13:00,2.9828294533190864,8.577515839117673,41.127442245769245,62.95014483204686,0.0,0.0,0.0,23.083082008979936,0.0,26.035892516624948,0.0,2.0,0.0,idle,
2026-01-05 04:14:00,5.3176885270472285,11.79228666151787,41.22632325209833,82.11177213542832,0.0,0.0,0.0,23.0797685650844,0.0,5.698991017618553,0.0,2.0,0.0,idle,
2026-01-05 04:15:00,5.4975078385398986,14.72170711414184,41.49613597728374,90.61861919781578,0.0,0.0,0.0,24.678482433987185,0.0,19.600888592832554,0.0,2.0,0.0,idle,
2026-01-05 04:16:00,0.0,15.453401517299195,41.15156798899976,60.36423606699685,0.0,0.0,0.0,24.2693626141969,0.0,20.71861767437771,0.0,2.0,0.0,idle,
2026-01-05 04:17:00,0.0,19.01733457506944,40.93166713087329,57.986409457281354,0.0,0.0,1.7651339936312518,23.83838382648811,0.0,22.798318495091863,0.0,1.0,0.0,idle,
2026-01-05 04:18:00,0.0,15.42849988766034,40.33823639587152,62.9434934187541,0.0,0.0,4.268281517581305,23.671687935178067,0.0,19.34126361164916,0.0,3.0,0.0,idle,
2026-01-05 04:19:00,0.0,13.735881801736456,40.156749305991575,58.173518210842325,0.0,0.0,7.102586166330948,23.975507952626813,0.0,8.006151944492085,0.0,2.0,0.0,idle,
2026-01-05 04:20:00,0.0,14.133216311622494,40.12724104923275,67.00933863821541,0.0,0.0,9.18696435136067,22.905947270394023,6.655838526590994,7.6512548538146685,0.0,2.0,0.0,idle,
2026-01-05 04:21:00,0.0,13.004352813426738,39.649722866127966,55.23549223301603,0.0,0.0,7.427378078312331,23.94906177664389,0.0,0.6434151689088705,0.0,2.0,0.0,idle,
2026-01-05 04:22:00,0.0,13.532387972489405,39.310026293502666,58.62483629034956,0.0,0.0,11.62797644349719,24.068051175526264,19.401253362789706,0.0,0.0,4.0,0.0,idle,
2026-01-05 04:23:00,0.0,11.664690601176556,38.72863622615961,62.455170029080044,0.0,0.0,10.57906907963832,23.029477190609263,15.287856918170336,0.0,0.0,3.0,0.0,idle,
2026-01-05 04:24:00,0.0,9.053818545480862,38.51695257505489,50.0,0.0,0.0,10.274778222223642,21.687920913278212,0.0,3.4487994232970185,0.0,2.0,0.0,idle,
2026-01-05 04:25:00,0.0,7.735954490864336,38.20826004211774,64.44074503615181,0.0,0.0,10.270213933147256,20.939089415460707,0.0,0.0,0.0,2.0,0.0,idle,
2026-01-05 04:26:00,0.0,7.691531378461246,38.23492418352298,55.361414639319925,0.0,0.0,7.750957735467991,21.94594451631456,0.0,0.0,0.0,2.0,0.0,idle,
2026-01-05 04:27:00,0.0,8.188231422825773,38.3093752503142,58.29745661544861,0.0,0.0,11.991030282015753,21.525653379359426,0.0,0.0,0.0,1.0,0.0,idle,
2026-01-05 04:28:00,0.0,7.248855377491735,38.16000934101323,60.21979454396668,0.0,0.0,9.993264236832639,23.69849670218325,0.5203496781047505,0.0,0.0,3.0,0.0,idle,
2026-01-05 04:29:00,0.0,5.488096663982393,38.35312202141112,63.66766498267268,0.0,0.0,10.658043124465955,22.647873738308725,3.1342925938619928,0.0,0.0,3.0,0.0,idle,
2026-01-05 04:30:00,0.0,6.654818186841565,38.31470608357404,58.053225802795694,0.0,0.0,10.344312059279538,26.703138038215943,27.847264564832624,0.0,0.0,4.0,0.0,idle,
2026-01-05 04:31:00,0.0,3.695159925599178,38.044158871529554,59.41093638645536,0.0,0.0,10.082690991251596,30.05088479614205,45.744111765528515,0.0,0.0,1.0,0.0,idle,
2026-01-05 04:32:00,0.0,3.831813772431425,37.62772229673824,51.702910241370766,0.0,0.0,11.780580346916842,30.301065666539305,50.03204437274385,0.0,0.0,0.0,0.0,idle,
2026-01-05 04:33:00,0.0,4.596386696094406,38.07123917099682,62.720179054508726,0.0,0.0,11.397997090971192,29.33051427457888,31.654180079976737,0.0,0.0,2.0,0.0,idle,
2026-01-05 04:34:00,0.0,0.7993556960768569,38.219473879080574,53.26776236044374,0.0,0.0,6.772328721045621,32.47628950665228,70.58725904394132,0.0,0.0,5.0,0.0,idle,
2026-01-05 04:35:00,0.0,3.978699414338971,38.029303486198145,69.53699371042346,0.0,0.0,9.90051215004714,29.509187046231336,27.162545753430663,0.10145321881425629,0.0,3.0,0.0,idle,
2026-01-05 04:36:00,25.703606077432642,82.17240417055834,39.41674600692534,152.73533223630199,0.0,0.0,49.09105716234292,81.48443727294226,95.52997740023,89.90471668596248,0.0,4.0,2.0,memory_bound,
2026-01-05 04:37:00,22.416813632877343,82.18250176328146,40.03356733893416,135.42645241918288,0.0,0.0,48.12141697674035,80.66120309689627,87.66700452410797,100.05057189615302,1.0,9.0,2.0,memory_bound,
2026-01-05 04:38:00,25.929326375940796,84.12169864963033,41.52650454467837,159.4582089055523,0.0,0.0,47.050777426514934,81.88269946432817,90.30717457976239,100.73731399216764,2.0,3.0,2.0,memory_bound,
2026-01-05 04:39:00,22.02195407414478,83.17925403324566,41.99157685779436,137.115451426569,0.0,0.0,43.3925833369973,78.82105293095502,66.34143953744832,127.27212040811338,3.0,5.0,2.0,memory_bound,
2026-01-05 04:40:00,23.828991779899752,82.6987011786414,42.42388877502239,140.73125376294408,0.0,0.0,43.19114455868082,80.98990691030006,96.41500672282159,116.60622886574723,4.0,2.0,2.0,memory_bound,
2026-01-05 04:41:00,28.169764525019705,83.40275204912538,43.210585431174046,154.96685825501316,0.0,0.0,41.209443949895096,81.54299509303853,77.30292173280273,134.36160932089246,5.0,4.0,2.0,memory_bound,
2026-01-05 04:42:00,28.84528904940168,81.03864699356886,43.895089213406486,158.83624732801857,0.0,0.0,42.85924896118694,82.95199025771451,112.58412909664202,134.08126861477254,6.0,3.0,2.0,memory_bound,
2026-01-05 04:43:00,28.06804058340473,81.56941179492102,44.32930496414885,150.67772318496824,0.0,0.0,41.8304748185658,83.52362170853594,119.09596345312889,124.84090970308594,7.0,2.0,2.0,memory_bound,
2026-01-05 04:44:00,23.29214052015298,82.58368666455306,44.91247153099447,135.91688996224656,0.0,0.0,42.995084490875314,81.6592169519796,118.16165230202637,112.00249967919696,8.0,6.0,2.0,memory_bound,
2026-01-05 04:45:00,20.72855855175458,82.87869630228808,44.96096081133415,132.23392289764323,0.0,0.0,47.814357185074506,81.83455726461978,141.10487972004887,114.41248352736784,9.0,6.0,2.0,memory_bound,
2026-01-05 04:46:00,24.869330414439027,81.6373958358083,45.36114721978567,139.31729522079968,0.0,0.0,51.66344918880971,83.74208279228598,160.45841334328685,102.09966517317315,10.0,2.0,2.0,memory_bound,
2026-01-05 04:47:00,26.784691481635722,80.30718553216585,45.78306819209892,146.93713986023872,0.0,0.0,51.72164445838017,84.06638168060985,121.44896436033945,77.76180701043879,11.0,3.0,2.0,memory_bound,
2026-01-05 04:48:00,25.51184763472431,81.6001526217406,45.666438605851994,147.39373942738195,0.0,0.0,46.57285513521765,82.28114192876811,96.27596170597666,77.30827275334329,12.0,5.0,2.0,memory_bound,
2026-01-05 04:49:00,27.00646235693835,84.48490897740915,46.19339857953466,150.16794853912242,0.0,0.0,46.473252123298636,82.74508630081972,98.99464057925883,75.38342139176181,13.0,2.0,2.0,memory_bound,
2026-01-05 04:50:00,28.772622817414213,83.28598632935014,46.94630195038998,166.80169270714907,0.0,0.0,48.26834333672432,77.22798304166477,92.83707855274737,86.51139145615959,14.0,2.0,2.0,memory_bound,
2026-01-05 04:51:00,30.60432380528008,83.44331403669679,47.206466861359914,162.37551159727147,0.0,0.0,46.99895682259431,77.67631670699089,79.55458064821161,96.2559968799518,15.0,4.0,2.0,memory_bound,
2026-01-05 04:52:00,29.83919613091722,88.92419930440865,47.78952137814869,173.2707541877846,0.0,0.0,42.52265152063177,79.07742665541966,87.51989771370931,105.21382226691436,16.0,5.0,2.0,memory_bound,
2026-01-05 04:53:00,29.119298595375806,90.54624663721944,47.456157684756974,154.3987327300529,0.0,0.0,46.190721468525794,79.12030539359654,73.98985613302659,96.81851461040456,17.0,3.0,2.0,memory_bound,
2026-01-05 04:54:00,27.876941014766356,89.15830257965173,47.17976986282374,148.0142017039053,0.0,0.0,44.23988038741704,81.80599896099719,70.69510323933383,72.74447350769306,18.0,3.0,2.0,memory_bound,
2026-01-05 04:55:00,29.048341923221322,88.67296484503896,47.95798661631505,158.80026043074994,0.0,0.0,42.340038005562924,81.19510765594345,106.99071744450072,73.97809974677088,19.0,3.0,2.0,memory_bound,
2026-01-05 04:56:00,32.263604042983054,89.90928705303857,48.51392915983789,161.99653000166106,0.0,0.0,39.53550494915041,79.08092186613531,125.42661272134578,62.54071549837866,20.0,6.0,2.0,memory_bound,
2026-01-05 04:57:00,34.604433247367396,91.9904701108672,48.90957778624335,184.22786051139428,0.0,0.0,42.08136985024142,78.49154617073499,132.17034283728,65.82195754591613,21.0,4.0,2.0,memory_bound,
2026-01-05 04:58:00,33.318645690440654,88.51645791783272,49.7283032701145,170.08872498841987,0.0,0.0,38.15932598783547,77.29505219444025,146.0416780281687,75.28451031406823,22.0,2.0,2.0,memory_bound,
2026-01-05 04:59:00,32.4021722935869,88.393294473171,49.94038080976293,167.73348628278677,0.0,0.0,36.590556384384236,75.32365062553264,149.96033007832108,81.12589949503369,23.0,7.0,2.0,memory_bound,
2026-01-05 05:00:00,36.853974573108204,91.83788225782703,50.739401342881074,184.5812696818476,0.0,0.0,42.22788364421893,78.24737115053266,150.19726174161116,87.87915647108004,24.0,5.0,2.0,memory_bound,
2026-01-05 05:01:00,35.61760086622924,91.28454637857463,50.95808376745644,178.71111137554874,0.0,0.0,41.7375166989901,77.50511381572555,154.67579047460563,79.39270167407147,25.0,2.0,2.0,memory_bound,
2026-01-05 05:02:00,33.98068276018588,89.50153712790684,51.389068245888026,176.91474415284475,0.0,0.0,46.525834178827026,78.95663547304774,121.43103032123393,85.6134275044107,26.0,3.0,2.0,memory_bound,
2026-01-05 05:03:00,30.370730523125964,90.74147625495719,51.22197626348789,172.0286300619142,0.0,0.0,42.70970927902877,80.7011024037704,104.53700513147112,103.4638396492334,27.0,4.0,2.0,memory_bound,
2026-01-05 05:04:00,34.22790083955651,88.67982400320803,51.174875822749456,174.46533680737278,0.0,0.0,40.721930428853796,79.75151992847151,98.60120895657731,92.16556272426509,28.0,4.0,2.0,memory_bound,
2026-01-05 05:05:00,34.97597526030381,86.01050416674504,50.65248604992575,174.49369260115543,0.0,0.0,35.54461071110958,76.08598552881874,112.16691821520395,75.9260939004412,29.0,4.0,2.0,memory_bound,
2026-01-05 05:06:00,35.34121183792309,86.9933294734394,50.921037461810805,177.6628933592831,0.0,0.0,34.088404790373396,74.42456415955101,128.84545871846493,68.49900237985212,30.0,3.0,2.0,memory_bound,
2026-01-05 05:07:00,34.034562115710266,85.80514392449234,51.407778649927735,170.34135014276356,0.0,0.0,39.51848704748721,77.9886002488431,104.28393691890626,87.43893854497645,31.0,6.0,2.0,memory_bound,
2026-01-05 05:08:00,34.17197031112154,82.32178989591841,51.589077730106716,166.6961543158747,0.0,0.0,41.00121349971259,81.37644424689339,103.86502567287297,94.52305721281304,32.0,4.0,2.0,memory_bound,
2026-01-05 05:09:00,35.891222301660946,83.16853690113749,51.949424851601535,182.99665317212728,0.0,0.0,41.11091713364408,77.88789158033562,94.32309424606751,81.37545251766562,33.0,6.0,2.0,memory_bound,
2026-01-05 05:10:00,33.32899824604664,84.1388861168446,51.53225360336191,176.63923719886176,0.0,0.0,40.808771010417544,78.60480703984148,86.30281915844769,86.20930962504022,34.0,4.0,2.0,memory_bound,
2026-01-05 05:11:00,32.289428477582646,81.51403388792927,51.754746697087896,168.92814417171482,0.0,0.0,40.67933475681252,78.61465542306232,76.19631134643701,101.31268237798653,35.0,5.0,2.0,memory_bound,
2026-01-05 05:12:00,34.84777412631679,84.13907590212176,51.90463449086041,180.41057874260363,0.0,0.0,39.817656008726594,77.17463095897901,87.25255274618806,90.64718764119925,36.0,4.0,2.0,memory_bound,
2026-01-05 05:13:00,36.29727647136416,84.75200211066453,51.915025916884304,178.8724469748808,0.0,0.0,40.49285299781924,79.73378755480341,71.27805414360002,80.59475939415925,37.0,2.0,2.0,memory_bound,
2026-01-05 05:14:00,32.711570189760934,85.50875197656117,51.84438671112877,168.32365005601517,0.0,0.0,37.07311131442928,79.99180420553007,60.737509628096134,89.69046595273976,38.0,2.0,2.0,memory_bound,
2026-01-05 05:15:00,33.687518756216654,82.56948592223772,52.111675932041514,176.76569024882653,0.0,0.0,39.45141655740285,78.79595719070441,18.339818635683685,96.33458699775586,39.0,4.0,2.0,memory_bound,
2026-01-05 05:16:00,29.686149947035055,82.68545809521062,51.29943253514357,157.8487042543828,0.0,0.0,42.51756017926999,78.35295844300009,33.06788231228055,91.6600556887892,40.0,4.0,2.0,memory_bound,
2026-01-05 05:17:00,26.233698435888268,87.94637071012099,51.346619199268375,144.90523126693864,0.0,0.0,42.70494115300578,81.35659493178828,43.44612618649974,80.8250547984835,41.0,5.0,2.0,memory_bound,
2026-01-05 05:18:00,29.232980154923442,88.49550918014224,50.76415589932855,162.98682897215986,0.0,0.0,42.80583481124613,81.94178555232567,47.83558665822166,91.76189855513249,42.0,4.0,2.0,memory_bound,
2026-01-05 05:19:00,32.648935313630986,90.72207529668493,50.720204438407634,169.28036792816255,1.0,0.0,46.73218399545403,83.21732708428306,44.469608678689355,89.30278261669312,43.0,3.0,2.0,memory_bound,
2026-01-05 05:20:00,31.36071792344043,90.85381426031611,50.89575896887224,166.940009270605,0.0,0.0,46.83097808226422,79.66352853241615,65.0770745904367,80.84074675236245,44.0,7.0,2.0,memory_bound,
2026-01-05 05:21:00,33.68837335539367,92.89073661740119,51.15895892143263,175.65100954201063,0.0,0.0,50.93512694285176,82.29581514857371,88.26983355781658,70.36188799589151,45.0,3.0,2.0,memory_bound,
2026-01-05 05:22:00,32.91787048935353,95.98067593473746,51.30531074762017,179.5947811115322,0.0,0.0,52.52390779194248,79.63857462939035,67.48858006708332,86.5390938204404,46.0,5.0,2.0,memory_bound,
2026-01-05 05:23:00,31.87665690696853,96.81530104421854,51.39474390637243,170.8397468474462,0.0,0.0,48.078984880943736,79.83615316330696,69.08002018530767,90.78054149811265,47.0,5.0,2.0,memory_bound,
2026-01-05 05:24:00,30.036708288809056,96.61830410878403,51.33770682671926,165.83238414919268,0.0,0.0,42.47121863007856,78.70972812365245,63.524101186300754,91.76097628836722,48.0,4.0,2.0,memory_bound,
2026-01-05 05:25:00,31.598798515110172,96.75150468882865,51.5131807723615,166.8192298297584,0.0,0.0,45.954015474344665,79.9716491555455,86.2628598671103,95.88355194291515,49.0,4.0,2.0,memory_bound,
2026-01-05 05:26:00,31.209787666169085,95.72499311461752,51.49780126090939,168.62697521034107,0.0,0.0,48.66743685167113,79.09561549709473,97.80866919827777,96.98844904358413,50.0,2.0,2.0,memory_bound,
2026-01-05 05:27:00,35.27558013214161,94.74489065554505,51.93239429802783,183.45443517946404,0.0,0.0,49.14616201796204,78.7583870556738,79.73540745452934,108.37444620786476,51.0,3.0,2.0,memory_bound,
2026-01-05 05:28:00,36.502023842784574,95.34595723671012,51.907695841472396,191.7272969771958,0.0,0.0,52.134125652582796,79.92397506765931,71.22869461163464,78.35168509602755,52.0,4.0,2.0,memory_bound,
2026-01-05 05:29:00,34.8978612249425,96.00728064426767,51.88215432865223,180.52935242189247,0.0,0.0,49.03914029478145,78.94186644779872,50.53543211913514,67.77765670952313,53.0,5.0,2.0,memory_bound,
2026-01-05 05:30:00,36.16941548016241,93.05478621613209,52.092564857394784,177.47081240622828,0.0,0.0,52.3225423754071,77.76426754877633,59.34584217596909,80.43530312726053,54.0,4.0,2.0,memory_bound,
2026-01-05 05:31:00,34.80088507244556,93.63627864121463,52.00598808967059,175.80885053342274,0.0,0.0,49.20490148952936,80.34243356317235,69.78819051371326,73.71843638924261,55.0,3.0,2.0,memory_bound,
2026-01-05 05:32:00,39.921502968484404,92.26299338640267,52.222737655217124,193.50891335128455,0.0,0.0,41.70720084120663,79.61997834325912,63.96749146632638,56.902499371676875,56.0,2.0,2.0,memory_bound,
2026-01-05 05:33:00,39.22534022102036,92.61702895988509,52.95958830825104,191.3175756895252,0.0,0.0,41.91249318173134,81.88056574244337,72.21877611516163,62.23226700293064,57.0,6.0,2.0,memory_bound,
2026-01-05 05:34:00,40.102114736323514,89.64615066761677,52.863322816354,192.69664209198913,0.0,0.0,47.176973080649105,81.72637467259442,105.7064121799383,59.09894755653008,58.0,4.0,2.0,memory_bound,
2026-01-05 05:35:00,40.36554219253101,90.23458522252682,53.45373018605233,192.93674565260056,0.0,0.0,46.70979202276642,77.34131569159791,105.41846716138058,77.45158616860326,59.0,3.0,2.0,memory_bound,
2026-01-05 05:36:00,40.5062373974567,90.1293689779701,53.68166588368954,198.14262809341233,0.0,0.0,47.79198373871993,75.16945064351286,98.16769563455468,64.79090851689611,60.0,5.0,2.0,memory_bound,
2026-01-05 05:37:00,40.048519805588704,90.62852792484925,53.769435641659335,194.1405694938244,0.0,0.0,48.320610822651986,79.42095374587646,89.62834412864643,87.19589231744608,61.0,4.0,2.0,memory_bound,
2026-01-05 05:38:00,43.74627253811229,91.15184202530658,54.31285044751933,197.65752646198808,0.0,0.0,45.96430831691565,80.9068066792188,86.81768876633595,100.32217995668084,62.0,6.0,2.0,memory_bound,
2026-01-05 05:39:00,40.913735704682125,91.66177377657303,54.25809775030038,202.93184381304667,0.0,0.0,43.77975735530319,80.30007648038982,94.35155999254843,97.02306876093817,63.0,3.0,2.0,memory_bound,
2026-01-05 05:40:00,43.79093188333476,92.1013894482729,54.20481822969504,199.44799874341524,0.0,0.0,45.097203642127575,77.62667636468376,97.12877023338811,105.88492561129662,64.0,3.0,2.0,memory_bound,
2026-01-05 05:41:00,47.75157955142926,91.95667545068103,54.61031175101129,221.1327372171874,0.0,0.0,46.26880682852912,78.58754275534221,97.08903991909243,90.55809983345748,65.0,3.0,2.0,memory_bound,
2026-01-05 05:42:00,46.08038217873698,91.6150256353335,55.16472081648979,213.6928284428006,0.0,0.0,50.19408353557631,78.5348042608361,97.96400530587643,77.66851939340317,66.0,3.0,2.0,memory_bound,
2026-01-05 05:43:00,43.916224986514074,86.95528107295563,55.17705128578884,201.92272070370348,0.0,0.0,47.62336442198456,80.28081437462143,122.01566150180345,91.59352159499748,67.0,3.0,2.0,memory_bound,
2026-01-05 05:44:00,37.20624843890446,88.35905704879279,55.073287732904895,182.69454080003035,0.0,0.0,48.70637213429727,82.01616353149427,105.06570199075674,109.14436447787216,68.0,4.0,2.0,memory_bound,
2026-01-05 05:45:00,34.84093614729535,87.24361063216712,54.597385528395456,176.39835992609298,0.0,0.0,47.679668766518006,80.06508114886218,99.51941159067589,111.0939357419845,69.0,4.0,2.0,memory_bound,
2026-01-05 05:46:00,36.44139545684693,87.08294804420632,54.2675127421956,183.9588728523789,0.0,0.0,48.79368616179021,81.12958360489752,107.48509161965674,106.05194905057516,70.0,4.0,2.0,memory_bound,
2026-01-05 05:47:00,35.33238931261466,83.54678087106272,54.411573157035136,182.1632462255451,0.0,0.0,50.84797766870412,78.9085873829722,86.21016854265142,98.10872101342513,71.0,5.0,2.0,memory_bound,
2026-01-05 05:48:00,35.57837745050398,83.71273846109503,53.87315042168489,173.84482079576745,0.0,0.0,52.88712845454825,78.74828370254673,65.34293151679935,95.85458258176702,72.0,4.0,2.0,memory_bound,
2026-01-05 05:49:00,37.292865444460595,85.10712870269418,53.68212881107184,193.28753050341916,0.0,0.0,54.221492342286425,81.82722174257849,55.52603336996344,109.2030191626633,73.0,5.0,2.0,memory_bound,
2026-01-05 05:50:00,34.90309146707088,88.33948903561414,53.96159760194701,177.93100224151843,0.0,0.0,53.76746486613527,81.13476043548239,69.06733280090495,109.92891488171541,74.0,2.0,2.0,memory_bound,
2026-01-05 05:51:00,33.87554091253101,87.51753277600582,54.02911290833293,178.80168078126786,0.0,0.0,50.75526481213105,80.33135285739803,53.144051642929625,96.92798533827659,75.0,4.0,2.0,memory_bound,
2026-01-05 05:52:00,33.078271585214544,85.82035800324762,53.70317137795284,172.3348364538638,0.0,0.0,46.762088542661715,80.81062424507745,75.197988926578,90.32520701550018,76.0,5.0,2.0,memory_bound,
2026-01-05 05:53:00,34.67416171966284,88.56293861769652,53.08343960655693,169.19511679669444,0.0,0.0,43.92608639772009,80.25057192810306,98.88636612159237,82.00853184469122,77.0,2.0,2.0,memory_bound,
2026-01-05 05:54:00,32.399365213746734,87.53661024448122,53.105463422226165,164.46332539433106,0.0,0.0,44.00538846094702,80.31462209962552,97.81445356737798,93.60587844319105,78.0,3.0,2.0,memory_bound,
2026-01-05 05:55:00,34.03030399200525,89.54782922923566,52.850794803637044,178.50615798317213,0.0,0.0,42.76866651885017,77.36458219947937,91.01023091942555,86.88255991109547,79.0,3.0,2.0,memory_bound,
2026-01-05 05:56:00,34.48386762878473,89.78586685616347,52.64856668565147,179.15860374807744,0.0,0.0,39.583758452677756,75.69426663939595,97.11636518065811,68.26075683456102,80.0,3.0,2.0,memory_bound,
2026-01-05 05:57:00,30.545412304213485,88.96566321829559,52.2266350046004,155.99759210704264,0.0,0.0,46.322021306549715,79.18099172547159,105.83258553848506,73.46356579323626,81.0,5.0,2.0,memory_bound,
2026-01-05 05:58:00,31.705362512419217,87.6369847742118,51.71966957027377,171.1620689033198,0.0,0.0,45.40902030442727,80.60911029403525,77.47341364559304,76.5812222299935,82.0,6.0,2.0,memory_bound,
2026-01-05 05:59:00,31.565887342853188,89.00483476333875,51.705320580693495,164.6963832361739,0.0,0.0,46.07658799598392,79.61601004826129,78.71591488031635,79.78184331553712,83.0,6.0,2.0,memory_bound,
2026-01-05 06:00:00,28.31514571951422,85.8624433448288,51.17820532215062,152.08319293001583,0.0,0.0,48.83049011445422,77.39772906292987,111.55336287992101,76.5102745856874,84.0,2.0,2.0,memory_bound,
2026-01-05 06:01:00,26.331690766202136,85.41539264848551,51.21135934627976,151.3194173062929,0.0,0.0,46.158777582541795,76.20680505407249,82.5697459856951,74.05581724133798,85.0,4.0,2.0,memory_bound,
2026-01-05 06:02:00,21.29588866658449,87.94517086774034,50.68964266354282,131.69340398248912,0.0,0.0,48.99992315652001,75.8473529541318,66.49708813987658,77.73945516715355,86.0,4.0,2.0,memory_bound,
2026-01-05 06:03:00,25.074375946050843,88.56198229431347,49.94747783649428,141.19485316249794,0.0,0.0,55.09727124126651,75.31841094707843,76.37998413467736,72.70805013035039,87.0,4.0,2.0,memory_bound,
2026-01-05 06:04:00,26.41940709608756,89.67699091756064,50.058597285444705,150.7104044994148,0.0,0.0,49.24073338500558,75.18231083492729,67.40742926057636,56.57560183377697,88.0,5.0,2.0,memory_bound,
2026-01-05 06:05:00,28.757456747543017,87.14339291124952,49.78402631049682,151.0544112379353,0.0,0.0,49.170462910633084,74.70977993112503,73.2075698250238,66.88885023509249,89.0,4.0,2.0,memory_bound,
2026-01-05 06:06:00,28.03395265651683,86.21085693335937,50.209317082156105,152.77604007515677,0.0,0.0,45.77230431605152,72.8903290584897,75.13735487753348,74.1510910932223,90.0,5.0,2.0,memory_bound,
2026-01-05 06:07:00,28.626806267721822,88.6642996270816,49.846312113097206,150.23982099065793,0.0,0.0,49.07187275154649,76.39217812027728,108.5199128985583,70.00556123370028,91.0,4.0,2.0,memory_bound,
2026-01-05 06:08:00,30.70705776425707,86.97644431578979,50.100791766285106,169.63459751433817,0.0,0.0,51.05818762198921,77.78806215308718,92.07143985871346,76.18771213832412,92.0,6.0,2.0,memory_bound,
2026-01-05 06:09:00,36.291810906259705,85.43984588647764,50.31105053220442,184.52101574591424,0.0,0.0,50.23080803915853,76.87297802829222,110.92367730409177,61.99889355180417,93.0,6.0,2.0,memory_bound,
2026-01-05 06:10:00,37.036510721012576,86.05835475383367,50.53117313891648,186.8200535692683,0.0,0.0,42.30799491391936,82.24065005801863,112.25598025175677,58.92751133088881,94.0,4.0,2.0,memory_bound,
2026-01-05 06:11:00,32.9704969183185,89.00631063451686,50.62536918468253,172.9470259163183,0.0,0.0,40.887045088609426,80.54355350133893,101.67446307117936,57.084592122366004,95.0,4.0,2.0,memory_bound,
2026-01-05 06:12:00,28.796314378852625,86.10161772657818,50.352207895149675,156.6609159255803,0.0,0.0,36.80073740077868,84.63594520795662,120.30120866416978,62.081193344021,96.0,3.0,2.0,memory_bound,
2026-01-05 06:13:00,28.30357732707043,89.1047302331538,50.8148502499247,159.0799838387215,0.0,0.0,37.74967645964842,84.38022276624177,118.95229429726155,78.64834351870526,97.0,3.0,2.0,memory_bound,
2026-01-05 06:14:00,24.423261187518097,89.86447261552512,50.489304745466235,148.92983006071563,0.0,0.0,45.49797368172121,84.97046230667372,108.01767353962285,94.59726933803081,98.0,7.0,2.0,memory_bound,
2026-01-05 06:15:00,22.438785850548737,84.4425444019366,49.95380505895389,141.8309185108804,0.0,0.0,45.5048953277886,82.78919569550031,97.88194372592001,101.21203253097052,99.0,2.0,2.0,memory_bound,
2026-01-05 06:16:00,25.122522244093012,84.45424137465072,49.699293803292115,146.667909090798,0.0,0.0,44.72459621776572,80.66476831265484,84.74516178336242,94.46933878219626,100.0,3.0,2.0,memory_bound,
2026-01-05 06:17:00,26.18700356033321,85.89687206732565,49.51195125764228,141.0855161655266,0.0,0.0,46.05873786351094,82.22457333227898,86.72280221966959,77.40106010934613,101.0,4.0,2.0,memory_bound,
2026-01-05 06:18:00,22.242216679167782,87.71016273025147,49.13104404575765,136.28450855013455,0.0,0.0,50.795470223508715,81.67408822522225,87.72037413683263,74.56060678264762,102.0,4.0,2.0,memory_bound,
2026-01-05 06:19:00,22.11902376572053,89.04355314925385,49.102411052804165,139.00045350906782,0.0,0.0,48.08644574407256,84.22229848923176,87.39009848754672,85.12415553906703,103.0,5.0,2.0,memory_bound,
2026-01-05 06:20:00,20.3429526761729,89.19807069690904,48.58430268050942,127.66820774324695,0.0,0.0,53.064573165151344,85.19938018241218,76.74259400862158,82.62352554707978,104.0,2.0,2.0,memory_bound,
2026-01-05 06:21:00,23.449374065933185,88.65467786022727,48.71377943454666,128.8287605391559,0.0,0.0,48.324869790070494,80.73640566724093,80.60923486908115,79.54637516799245,105.0,4.0,2.0,memory_bound,
2026-01-05 06:22:00,23.765511699286897,89.43050952360136,48.328560617097416,143.41433193496522,0.0,0.0,51.76387366104648,84.28528517967935,96.33645407725722,86.06529383458872,106.0,4.0,2.0,memory_bound,
2026-01-05 06:23:00,28.018959874154056,90.00092849425103,48.60848652193748,143.16375451636316,0.0,0.0,48.99088481537949,84.13642827967455,124.74514725335143,88.26727072409047,107.0,3.0,2.0,memory_bound,
2026-01-05 06:24:00,31.709144369187918,90.05453499465888,48.58483530801267,166.04795703251693,0.0,0.0,46.22463168592732,83.50661259267366,127.91741367052785,74.7448986015826,108.0,4.0,2.0,memory_bound,
2026-01-05 06:25:00,34.564992393537665,91.05889587332501,49.249799087393185,181.6771333902099,0.0,0.0,48.82716485772867,83.01859429951823,123.68997862289714,69.5420284963305,109.0,4.0,2.0,memory_bound,
2026-01-05 06:26:00,36.298898556435304,91.75535011080588,49.74294766228502,187.46429419042806,0.0,0.0,50.11989685246837,81.99428479416335,118.80828135505206,86.83928257367427,110.0,3.0,2.0,memory_bound,
2026-01-05 06:27:00,43.16137657033585,89.3032563485395,50.458788947186854,204.9025504633159,0.0,0.0,47.52842944374555,80.09848841626167,96.3533905504097,84.36998752527093,111.0,4.0,2.0,memory_bound,
2026-01-05 06:28:00,37.65067820452204,90.47574609119845,50.89171434246679,193.1552834073052,0.0,0.0,48.05867537841067,82.60931145690544,84.31532758523129,77.8369391198913,112.0,3.0,2.0,memory_bound,
2026-01-05 06:29:00,37.240791622748034,89.5635690410183,51.02411593736109,189.38748845460384,0.0,0.0,43.1999120941835,80.89630682920443,76.65327337255016,71.23011866538863,113.0,2.0,2.0,memory_bound,
2026-01-05 06:30:00,36.42012365722412,91.68960816972333,51.08046108430532,187.03560803640576,0.0,0.0,42.79969135149403,82.27108558606669,99.0645566890312,77.92321983645766,114.0,3.0,2.0,memory_bound,
2026-01-05 06:31:00,41.25704858693054,89.25324605922208,51.2413216099653,198.77164677019258,0.0,0.0,42.98384671467806,81.25577963899846,73.94626960189427,74.36369525126243,115.0,3.0,2.0,memory_bound,
2026-01-05 06:32:00,40.78255103266976,85.6187694899336,52.171336437545754,205.81713203504032,0.0,0.0,40.118782268430564,84.12247322246199,62.40310557811941,91.28687440126579,116.0,4.0,2.0,memory_bound,
2026-01-05 06:33:00,36.84755946478514,86.65027151549447,52.16455285088921,183.81155644268864,0.0,0.0,41.75199282204158,81.76181779426182,61.03482273635153,98.65005307710956,117.0,5.0,2.0,memory_bound,
2026-01-05 06:34:00,38.62644357310873,85.43395299882677,52.758040354116595,191.86493978677166,0.0,0.0,45.479176594230054,80.77457453668701,64.81015644714617,94.3618052469548,118.0,4.0,2.0,memory_bound,
2026-01-05 06:35:00,37.16600321076145,84.92464728938886,52.4405936886949,182.4813962209921,0.0,0.0,43.85419694626672,82.24320389557552,58.36180065798618,101.28521738967214,119.0,5.0,2.0,memory_bound,
2026-01-05 06:36:00,36.05327238841927,85.45924527142738,52.801265014976224,173.43797139212384,0.0,0.0,45.38947339054737,84.49000156197546,61.51891771691014,102.1760194456653,120.0,3.0,2.0,memory_bound,
2026-01-05 06:37:00,34.7772021475459,84.5108761129765,52.9460622148719,178.46988318869128,0.0,0.0,44.40584084041607,83.22751517244505,57.26508191369667,96.55930008564312,121.0,6.0,2.0,memory_bound,
2026-01-05 06:38:00,33.02798306874163,83.1165201636926,53.00808702797778,172.13171899384983,0.0,0.0,40.22323100371308,79.78621179353303,26.261594459179108,91.20122145219707,122.0,3.0,2.0,memory_bound,
2026-01-05 06:39:00,33.00474617125015,84.18876230267466,52.73235404018363,175.3996362078503,0.0,0.0,32.895934095162325,80.30340351437778,18.244541036091974,83.85129305066842,123.0,3.0,2.0,memory_bound,
2026-01-05 06:40:00,31.96202150269048,81.98606136925326,52.65593839517033,160.98592082797683,0.0,0.0,37.411935222911985,79.24183896103895,29.6474908786917,75.49060181182756,124.0,5.0,2.0,memory_bound,
2026-01-05 06:41:00,30.740230427012463,86.55832126261032,52.43673528657354,167.83268463825408,0.0,0.0,40.74577126667697,78.93932825289912,23.282514468907976,64.9832993978722,125.0,2.0,2.0,memory_bound,
2026-01-05 06:42:00,31.10826975721489,86.98793457137344,52.51142830640858,166.0642383408007,0.0,0.0,42.71778328349632,79.74365021476248,54.082714154354285,75.0347091357169,126.0,4.0,2.0,memory_bound,
2026-01-05 06:43:00,31.309834590792438,89.0774145046052,52.22287378721824,163.2591014604443,0.0,0.0,40.55691999766048,80.13139665890223,47.77169263121465,73.39865249828595,127.0,4.0,2.0,memory_bound,
2026-01-05 06:44:00,29.528137732873503,88.7283770991456,52.00832372492736,162.18691826385307,0.0,0.0,39.01392648737954,79.51693138415826,83.64757443387768,74.99397877328536,128.0,3.0,2.0,memory_bound,
2026-01-05 06:45:00,29.85104398164152,90.42514884284722,51.60927905538338,164.14926610765067,0.0,0.0,36.72122092389097,79.43892424752381,72.77524923348831,77.42203371391102,129.0,3.0,2.0,memory_bound,
2026-01-05 06:46:00,25.929800202652487,89.39872266116438,51.29298773915135,143.18977636451257,0.0,0.0,36.47377727760088,77.24909928921691,69.613711833049,69.93430555410401,130.0,4.0,2.0,memory_bound,
2026-01-05 06:47:00,27.359432723324485,89.42441476623178,51.074530559193484,159.83796129989378,0.0,0.0,35.596354532629526,77.44594612810317,89.08817282028394,77.80063462727745,131.0,4.0,2.0,memory_bound,
2026-01-05 06:48:00,30.41743141836745,88.6306335468632,50.47464412457313,168.62077528105743,0.0,0.0,42.232783042854386,79.51264178367133,99.04502923378563,78.00679641413717,132.0,8.0,2.0,memory_bound,
2026-01-05 06:49:00,33.44769024184902,87.618560483705,50.64652608519851,179.72342685005898,0.0,0.0,41.61394956265907,77.04635679032393,114.45093115602269,84.65467422604753,133.0,4.0,2.0,memory_bound,
2026-01-05 06:50:00,29.55299654970726,89.61618278728176,50.38092452210148,167.29874813776635,0.0,0.0,46.670796921678686,77.73439032725796,108.87054062925273,79.61363860330225,134.0,6.0,2.0,memory_bound,
2026-01-05 06:51:00,29.62590926202374,91.42100110983156,50.22974274713783,162.50345701687442,0.0,0.0,43.44393822722021,79.39673546163614,105.69144891608465,77.57774249433207,135.0,3.0,2.0,memory_bound,
2026-01-05 06:52:00,32.55396144502029,93.2989041543007,50.57562763106145,174.9510239673734,0.0,0.0,41.876487115005084,79.42713246983536,104.5937518822322,87.0247469106425,136.0,2.0,2.0,memory_bound,
2026-01-05 06:53:00,36.640793353808995,93.31620844793942,50.85978080311745,183.69036310506212,0.0,0.0,42.978692907847766,81.381485755867,100.2032428496561,82.65945137930858,137.0,5.0,2.0,memory_bound,
2026-01-05 06:54:00,35.27003604188647,92.14308555026956,50.898557723316074,177.46021564129745,0.0,0.0,43.205550728013584,79.55800250954952,121.59471955761123,82.55920003531078,138.0,4.0,2.0,memory_bound,
2026-01-05 06:55:00,33.3981029784711,89.54728079843548,51.65440124357545,174.19009939704756,0.0,0.0,41.263294036393354,83.84750946143875,123.7805125939676,77.05578092746853,139.0,3.0,2.0,memory_bound,
2026-01-05 06:56:00,37.0161336528953,90.0073583053035,52.14029774847227,184.50112029972647,0.0,0.0,42.53444658678676,79.95374480072796,113.72976008608659,96.45952279133732,140.0,4.0,2.0,memory_bound,
2026-01-05 06:57:00,37.382255817835485,92.17569804356131,52.797843712916155,197.35108551433058,0.0,0.0,44.97777366817067,81.73472434477766,128.49084928394637,81.11491432938806,141.0,5.0,2.0,memory_bound,
2026-01-05 06:58:00,33.4788001709913,91.1047066409621,52.628493436277694,172.0576913762932,0.0,0.0,43.80484750228743,79.34059856792734,146.08122272714974,85.55849209935147,142.0,6.0,2.0,memory_bound,
2026-01-05 06:59:00,34.650974704707515,88.95590961342306,51.78872807753572,163.73296143506127,0.0,0.0,44.659812235146205,82.73648250763246,141.41486220374304,90.82894439669245,143.0,4.0,2.0,memory_bound,
2026-01-05 07:00:00,30.283744892390732,90.24475885654721,51.17210767825938,163.84726241081637,0.0,0.0,44.43273749442572,81.42783799775293,132.1177502412777,78.37662521930699,144.0,6.0,2.0,memory_bound,
2026-01-05 07:01:00,31.466442051151457,89.08613871771878,50.83248177219885,161.4092432834738,0.0,0.0,44.44313565853589,81.19428847118785,127.82970502939611,90.32624149650194,145.0,4.0,2.0,memory_bound,
2026-01-05 07:02:00,29.86759208253405,90.7886249557455,50.8035852757906,161.11879442522545,0.0,0.0,42.77538272295936,79.16725790806966,111.52816769557481,78.66677970871389,146.0,2.0,2.0,memory_bound,
2026-01-05 07:03:00,27.23200705190411,91.23280248662925,50.60522572448543,157.57518508874645,0.0,0.0,46.447390484100936,75.34950802096886,128.85548450159038,77.72292337865902,147.0,5.0,2.0,memory_bound,
2026-01-05 07:04:00,34.4231705745386,91.07496072104975,51.341036905245254,185.34786720548868,0.0,0.0,47.20020706908754,72.8268482383408,140.19852828197918,85.16826039257157,148.0,5.0,2.0,memory_bound,
2026-01-05 07:05:00,34.91468212876799,88.3488469819599,51.49101824931261,174.07033066632235,0.0,0.0,46.46161116432145,76.12806970804587,142.96813928927236,70.58325648884778,149.0,3.0,2.0,memory_bound,
2026-01-05 07:06:00,36.271872036150626,90.45228891730365,51.34430878452218,184.66789414762775,0.0,0.0,43.66838885741607,78.20882935713261,121.99815786161258,81.8380475613908,150.0,4.0,2.0,memory_bound,
2026-01-05 07:07:00,36.58272951040866,89.96237316671412,51.39888483338086,183.05001381174657,0.0,0.0,44.61427394327402,78.95465740804431,118.02286763218669,96.03499576413404,151.0,4.0,2.0,memory_bound,
2026-01-05 07:08:00,35.052429852165275,83.55081807179852,51.43042411098858,183.91863952356363,0.0,0.0,49.834446442118,80.84549735716887,116.76464003368304,85.07121583684795,152.0,6.0,2.0,memory_bound,
2026-01-05 07:09:00,33.53275732567838,83.74071708041916,51.59334584159032,167.79323647987053,0.0,0.0,46.291206615861356,80.4946936067645,122.50258344540404,105.22710616639846,153.0,4.0,2.0,memory_bound,
2026-01-05 07:10:00,35.186042166218094,83.46893680876816,52.24217920752485,192.68127958365164,0.0,0.0,48.555143593089646,81.32124218173664,102.56291179143052,102.66994221761317,154.0,4.0,2.0,memory_bound,
2026-01-05 07:11:00,32.76206074846308,85.17639654709217,51.92083391272369,163.4286172694181,0.0,0.0,49.71259772977441,82.79176938469635,80.46517625603188,90.0703584569494,155.0,5.0,2.0,memory_bound,
2026-01-05 07:12:00,33.1908105950435,85.50242142036481,51.91884882173827,165.62966830959667,0.0,0.0,50.65037489929521,79.40778629212022,77.398886408476,89.18380114190805,156.0,4.0,2.0,memory_bound,
2026-01-05 07:13:00,37.25924006585912,84.25902048778661,52.172893706990436,181.12615228834179,0.0,0.0,51.25948342318991,79.0871606927129,70.23966922182456,95.35005781004836,157.0,7.0,2.0,memory_bound,
2026-01-05 07:14:00,37.67334225508816,85.9694725819592,52.20650703317433,183.9642333710238,0.0,0.0,48.271366191465326,78.47989553501739,66.98367095712331,109.18944902028696,158.0,2.0,2.0,memory_bound,
2026-01-05 07:15:00,39.64610928891818,84.81908940528989,52.34622846171518,195.53299854072162,0.0,0.0,51.7233550530692,73.61836107374833,81.85232318175318,94.08557131683791,159.0,7.0,2.0,memory_bound,
2026-01-05 07:16:00,38.55439890397962,87.39573277990682,52.395646855227554,189.01592063934964,0.0,0.0,47.40975732418329,75.10831359922071,87.13081619986417,74.48449518347351,160.0,4.0,2.0,memory_bound,
2026-01-05 07:17:00,40.598029270726464,85.95534459321426,52.818845496967604,197.7741686545146,0.0,0.0,42.790974810496316,77.21476921201261,111.48244309846172,101.43275539359215,161.0,6.0,2.0,memory_bound,
2026-01-05 07:18:00,38.396733569245555,88.81103088852079,52.97069163279494,184.74326739102077,0.0,0.0,46.174072541132894,80.41205440563554,114.86188439297379,102.03142058772865,162.0,3.0,2.0,memory_bound,
2026-01-05 07:19:00,35.70431410657429,90.21855506124272,53.02054762840238,181.40957575187755,0.0,0.0,46.68150140989346,83.58879545542173,122.08805156234868,106.12406092275845,163.0,4.0,2.0,memory_bound,
2026-01-05 07:20:00,38.744890744983415,90.09581012696728,52.60163831995178,181.91272241892494,0.0,0.0,46.16203398883234,83.00737305001468,116.10322192187766,112.39733955920883,164.0,3.0,2.0,memory_bound,
2026-01-05 07:21:00,9.769985889991696,12.826118180832351,50.98336891109797,88.46237078900761,0.0,0.0,5.889100199971653,36.4732474458298,18.241038758013246,33.61267543262522,0.0,2.0,0.0,idle,
2026-01-05 07:22:00,11.460790175398758,13.246047943233778,49.73014816955598,102.78437892447384,0.0,0.0,5.332943326029255,32.20236712351614,12.862992691591515,32.60582438561896,0.0,2.0,0.0,idle,
2026-01-05 07:23:00,11.354597371458985,14.355590194338603,49.129157933437845,104.35704779752352,0.0,0.0,4.476538851562216,33.93984594663845,0.0,14.337297316835993,0.0,1.0,0.0,idle,
2026-01-05 07:24:00,7.048235319038525,13.30211838014003,48.456163568844765,83.36583288189102,0.0,0.0,9.71537446839071,31.78559596715484,0.0,12.4125671664996,0.0,1.0,0.0,idle,
2026-01-05 07:25:00,6.208095638607676,13.849829500966083,47.714722504943865,81.93231601205649,0.0,0.0,9.724017392955375,31.40463368896576,2.353515730975019,0.0,0.0,3.0,0.0,idle,
2026-01-05 07:26:00,5.774547587975856,13.910197539814067,46.9064265074495,75.29928890502008,0.0,0.0,5.121562507961242,33.05268829660547,0.0,0.0,0.0,3.0,0.0,idle,
2026-01-05 07:27:00,6.1101806081675285,17.13475255509517,45.652511360690156,79.3012358462022,0.0,0.0,4.530992042826464,33.542158327763055,0.0,0.0,0.0,3.0,0.0,idle,
2026-01-05 07:28:00,3.14437032548823,13.2706164010836,44.5587659485505,65.77423784044925,0.0,0.0,3.4498582118637398,33.173482620085906,0.0,0.0,0.0,3.0,0.0,idle,
2026-01-05 07:29:00,4.638845917911998,12.674440987913606,44.091133168173144,74.44730080112153,0.0,0.0,0.0,33.67813961811962,0.0,0.0,0.0,2.0,0.0,idle,
2026-01-05 07:30:00,1.56094211961303,10.41312634770166,42.80249995527475,54.93576372176141,0.0,0.0,3.2527321818561856,31.9884566613243,0.0,0.0,0.0,1.0,0.0,idle,
2026-01-05 07:31:00,0.2155758534143567,12.960024535912469,42.02172030467283,53.68245914096884,0.0,0.0,3.0991937189610175,30.400134909388488,0.0,0.0,0.0,2.0,0.0,idle,
2026-01-05 07:32:00,0.0,9.215777604189618,41.078664764530316,52.85719868111654,0.0,0.0,0.0,27.4948055627695,0.0,0.0,0.0,2.0,0.0,idle,
2026-01-05 07:33:00,1.194101901615681,9.921255821269408,40.639247440912314,72.6204065554195,0.0,0.0,0.0,27.924155573412587,6.030484258651082,0.0,0.0,4.0,0.0,idle,
2026-01-05 07:34:00,1.4142827308846821,9.193359775232038,40.44678612755077,57.80989556627584,0.0,0.0,0.0,27.036470611902207,31.147646396219262,0.0,0.0,2.0,0.0,idle,
2026-01-05 07:35:00,4.142722244448282,7.42948565120399,40.15645727064838,75.87288622543906,0.0,0.0,0.0,27.764670839161475,17.76813417853193,0.0,0.0,3.0,0.0,idle,
2026-01-05 07:36:00,6.2202847116538384,7.573618879638252,40.229554081551136,77.31261561231227,0.0,0.0,0.0,26.548429525291,29.10749108813046,2.3429710510204527,0.0,0.0,0.0,idle,
2026-01-05 07:37:00,5.2233726340940985,6.990251861531084,40.138262458116955,81.16883720254042,0.0,0.0,0.0,27.01159277427956,25.739303837895417,7.834292384728915,0.0,3.0,0.0,idle,
2026-01-05 07:38:00,6.778100188700461,6.051727174725414,40.105746920641806,79.3677623235461,0.0,0.0,1.2859843259298502,30.04453435682744,28.55364116110563,20.97277401185247,0.0,2.0,0.0,idle,
2026-01-05 07:39:00,9.09403502465172,4.555333059167612,40.300362682303614,95.04711118278331,0.0,0.0,2.1003691822876536,32.204286971843,33.06252757574738,16.745901874561646,0.0,3.0,0.0,idle,
2026-01-05 07:40:00,6.923131928392435,3.735752052142576,40.57560181162153,85.88685636909833,0.0,0.0,0.0,33.57395148254157,22.97486839392016,9.774431070466866,0.0,2.0,0.0,idle,
2026-01-05 07:41:00,5.6296659823151,0.9585864767710834,40.30081916785686,66.60732125589365,0.0,0.0,0.0,30.192091307610333,17.51332908401257,0.0,0.0,3.0,0.0,idle,
2026-01-05 07:42:00,7.851688691798349,0.23576143501853508,39.7774588072892,85.4207418841749,0.0,0.0,0.0,28.979344815632366,7.7138629804863985,0.0,0.0,0.0,0.0,idle,
2026-01-05 07:43:00,2.041117310953432,2.9223609971551534,39.367367646399344,67.75792476072989,0.0,0.0,0.0,29.127985636663656,0.0,0.0,0.0,3.0,0.0,idle,
2026-01-05 07:44:00,0.83684833715083,2.5025230835683985,39.82653837397383,69.81266372736083,0.0,0.0,0.0,28.31511713529922,0.0,0.0,0.0,2.0,0.0,idle,
2026-01-05 07:45:00,0.0,1.8983222251218095,39.83845314965609,63.27892196750299,0.0,0.0,0.0,29.0270892177328,10.156179054581942,0.0,0.0,4.0,0.0,idle,
2026-01-05 07:46:00,1.7782427496105448,1.8772483681021628,39.507143413199564,73.98851605631705,0.0,0.0,3.3748282436390276,30.685756829174633,0.0,0.0,0.0,5.0,0.0,idle,
2026-01-05 07:47:00,1.1547774450368435,5.799293210157243,39.07208206012075,57.21162928624758,0.0,0.0,6.452832085796767,32.20842937926619,0.0,0.0,0.0,1.0,0.0,idle,
2026-01-05 07:48:00,4.116555455100367,7.921479034442789,39.4065039371438,82.76493861583315,0.0,0.0,13.079793158968354,29.97613787911715,5.433111476168083,0.0,0.0,4.0,0.0,idle,
2026-01-05 07:49:00,5.571675817354218,3.6492985550797403,39.49961881965677,70.2554908949623,0.0,0.0,10.973938574195682,30.022802517725143,37.603351209704684,0.0,0.0,3.0,0.0,idle,
2026-01-05 07:50:00,3.926242447464205,4.617171200776357,39.67898120533798,73.70924948265838,0.0,0.0,11.03522768603709,28.99486858665925,59.96762506829658,17.061245171493667,0.0,3.0,0.0,idle,
2026-01-05 07:51:00,1.7473705037639453,5.182381858064897,39.63672629198555,76.68464987263857,0.0,0.0,8.63727459415722,26.80792673685216,51.70984418085833,10.360117621605033,0.0,2.0,0.0,idle,
2026-01-05 07:52:00,3.387663356506848,4.307421553052606,39.47292801378526,75.24433532632064,0.0,0.0,7.666114458963285,26.012644202860514,52.2004704342195,14.417788775652479,0.0,0.0,0.0,idle,
2026-01-05 07:53:00,5.2424890889884,5.472455059514788,39.46007529420193,75.49499261085087,0.0,0.0,10.732948792473675,27.520714227551355,62.26487269426883,15.046363321349585,0.0,1.0,0.0,idle,
2026-01-05 07:54:00,2.1341223828820977,8.178642942371939,39.4146138103553,68.11290377665104,0.0,0.0,10.10790383292657,28.039736009997867,40.08093031487594,0.0,0.0,3.0,0.0,idle,
2026-01-05 07:55:00,2.7806359812858084,9.424729507564974,39.44802525018485,72.33639676885426,0.0,0.0,9.282214937335404,30.4495183719476,34.85323210903121,4.526111316354793,0.0,1.0,0.0,idle,
2026-01-05 07:56:00,2.278985032214101,8.209514507686771,39.03583615721668,58.95868172730617,0.0,0.0,9.814065098604978,29.816677735383884,42.396888921511774,0.0,0.0,3.0,0.0,idle,
2026-01-05 07:57:00,0.13815075049476133,9.035696520144432,38.58492150850511,51.139139361409846,0.0,0.0,9.618568780887609,32.264522988143355,20.000790949393746,1.7870155436505284,0.0,2.0,0.0,idle,
2026-01-05 07:58:00,0.8745846658807862,6.303432787950756,38.47870286257302,62.40944258691391,0.0,0.0,5.176757893656825,31.636744992031193,42.39282078710737,2.872029554967481,0.0,1.0,0.0,idle,
2026-01-05 07:59:00,0.06424624295950321,8.328810583625314,38.22093831616044,55.95041685735,0.0,0.0,3.7636629835682953,27.499933074297637,20.98198435387542,11.045819126455436,0.0,2.0,0.0,idle,
2026-01-05 08:00:00,0.0,6.63845717575058,38.062213132107765,62.25534746062824,0.0,0.0,3.3051724930550788,28.560747122528806,22.000683334148516,1.2186842236498632,0.0,1.0,0.0,idle,
2026-01-05 08:01:00,2.1039881673563383,7.8763810385470165,38.12422500483503,70.7392100626281,0.0,0.0,0.0,31.150256370304895,25.830196539699102,0.0,0.0,2.0,0.0,idle,
2026-01-05 08:02:00,1.3377569206758269,8.92192100935041,37.892449536459225,62.0865633617607,0.0,0.0,0.1714131413681308,29.195975867786693,6.580543411199725,0.0,0.0,2.0,0.0,idle,
2026-01-05 08:03:00,1.2672308934211123,6.196600921168124,37.91596930579449,54.932076541080626,0.0,0.0,1.9860293239197295,31.058985178709015,3.662416720435467,0.0,0.0,4.0,0.0,idle,
2026-01-05 08:04:00,0.0,6.408857081770574,37.98737391586595,64.40960534442772,0.0,0.0,0.0,30.738019894330684,0.0,0.0,0.0,0.0,0.0,idle,
2026-01-05 08:05:00,1.488181456683809,5.629871171071489,37.98550355792438,60.33622071244042,0.0,0.0,0.0,30.181296849643658,0.0,0.0,0.0,1.0,0.0,idle,
2026-01-05 08:06:00,5.020941106710887,7.274797067263926,38.10109460222232,83.78949546858682,0.0,0.0,0.1712844542367744,29.733607182467402,0.0,8.082392748274968,0.0,3.0,0.0,idle,
2026-01-05 08:07:00,3.238844005507476,5.027450113260595,38.245642199387355,73.03494685932706,0.0,0.0,4.6367111259162455,29.05113476054913,0.0,3.2209197679313735,0.0,3.0,0.0,idle,
2026-01-05 08:08:00,5.612419622223816,8.244565935021074,38.50518330985675,82.07961464757501,0.0,0.0,4.7531711590988595,29.331026338070977,0.0,2.7009979187317206,0.0,0.0,0.0,idle,
2026-01-05 08:09:00,3.665906363461864,8.584828124925778,39.1458026641404,84.09639720371925,0.0,0.0,5.866588898916274,31.386307646009325,0.0,10.95235077718039,0.0,3.0,0.0,idle,
2026-01-05 08:10:00,5.888852700363855,7.050224885924712,39.42373053256561,89.76054152887752,0.0,0.0,5.937247532655327,28.731608270097304,0.0,7.970272910597194,0.0,3.0,0.0,idle,
2026-01-05 08:11:00,4.823380311338982,8.306632751703402,39.18356556718771,84.29556264792411,0.0,0.0,4.788927817749322,25.86069314945236,0.0,3.0335606456128956,0.0,1.0,0.0,idle,
2026-01-05 08:12:00,33.83975637442521,82.87785394978253,40.52894517908738,175.9314780794394,0.0,0.0,42.05265883197009,75.03215086741803,90.35667506058894,71.87884453006605,0.0,3.0,3.0,memory_bound,
2026-01-05 08:13:00,34.40772580310872,85.41740307701977,41.929595820631555,170.89487438316573,0.0,0.0,40.5881742230131,78.42693494089876,101.3889232851237,70.50465058724419,1.0,3.0,3.0,memory_bound,
2026-01-05 08:14:00,33.82803864719945,80.68099729893025,43.299128311135846,182.7057083538697,0.0,0.0,45.64340702326925,78.76897664807788,74.78851412211478,77.50792146663933,2.0,3.0,3.0,memory_bound,
2026-01-05 08:15:00,32.849419013630246,79.4004286260018,44.38737705773939,184.14999632053278,0.0,0.0,48.46851553233915,78.67024759542511,67.58071548522192,71.43074244937088,3.0,5.0,3.0,memory_bound,
2026-01-05 08:16:00,31.417294568757896,80.34817850918891,45.67904078158291,170.32687898256907,0.0,0.0,45.751571458287586,77.19529989049707,110.76761267009812,84.41791862834444,4.0,6.0,3.0,memory_bound,
2026-01-05 08:17:00,34.240683241583575,82.76494065928561,46.26820427389028,177.68317326427194,0.0,0.0,41.23202253856515,79.77733158247908,85.89065494626739,85.84987484761774,5.0,6.0,3.0,memory_bound,
2026-01-05 08:18:00,33.41915217628697,83.21027965708397,47.0397245135493,173.5310961060913,0.0,0.0,35.82340609593179,77.6018033110213,88.82520599169915,99.18969698462553,6.0,3.0,3.0,memory_bound,
2026-01-05 08:19:00,37.86211360520144,82.8506754890972,47.64470193629342,182.77163695841122,0.0,0.0,35.68214431389853,75.16781440336449,94.62350107838132,99.42338290791724,7.0,3.0,3.0,memory_bound,
2026-01-05 08:20:00,34.68719202220699,85.85768308969419,48.12899111369111,183.4637017905716,0.0,0.0,32.85325751234411,79.19453437230102,85.70523973867729,103.84032233421493,8.0,4.0,3.0,memory_bound,
2026-01-05 08:21:00,34.0049063818621,83.82262497540611,48.48179903516592,169.29692128017552,0.0,0.0,32.583001391609926,78.65279178195543,77.98653568025446,106.92107392005991,9.0,3.0,3.0,memory_bound,
2026-01-05 08:22:00,37.00282338511268,82.66210960966053,48.523030850078825,188.89759131131368,0.0,0.0,33.75190456111435,78.41940531256483,72.2783423192362,102.60091665904642,10.0,2.0,3.0,memory_bound,
2026-01-05 08:23:00,34.83371768800309,83.28566692568782,48.99287042796617,187.6154320858467,0.0,0.0,32.73175613769037,75.98327894882499,77.67236518152392,76.73310587233598,11.0,7.0,3.0,memory_bound,
2026-01-05 08:24:00,37.96505213912623,84.02331554142931,49.815137387298506,197.62908954831678,0.0,0.0,37.22565695223607,74.96185272902999,94.46160319428132,61.76357842075484,12.0,3.0,3.0,memory_bound,
2026-01-05 08:25:00,34.016263701995314,84.67843252504204,50.017185192652505,175.6790520493596,0.0,0.0,37.980363580656395,75.40931007651612,108.18749324438949,67.08027209459617,13.0,3.0,3.0,memory_bound,
2026-01-05 08:26:00,37.56977065026914,85.34578532470292,50.628457642528524,185.4428620307587,0.0,0.0,44.14034232668712,73.63284656603503,97.04169973897842,69.28947564582549,14.0,2.0,3.0,memory_bound,
2026-01-05 08:27:00,41.04105001115175,85.49623448673825,51.06550494984504,198.94480823381093,0.0,0.0,44.20094044512652,73.89789040239549,90.02530996870232,58.93403744413729,15.0,3.0,3.0,memory_bound,
2026-01-05 08:28:00,40.29221019378691,89.16793227648738,51.43171294892696,196.74995610419904,0.0,0.0,43.37189294029212,74.35499191598288,98.26383895691276,72.66400592123468,16.0,5.0,3.0,memory_bound,
2026-01-05 08:29:00,41.50314591760477,86.13208561528269,51.77526609249394,198.98387420680749,0.0,0.0,40.081451354910364,74.90717537686002,92.46682333344378,59.89990218197291,17.0,6.0,3.0,memory_bound,
2026-01-05 08:30:00,37.02570235918993,87.11973609930337,51.8009223039976,189.59519989473642,0.0,0.0,31.976306685601937,75.37776926014261,89.07787513626694,67.9574560406936,18.0,2.0,3.0,memory_bound,
2026-01-05 08:31:00,33.42828702567515,89.03154703295203,51.47032067876491,174.8923904452523,0.0,0.0,34.45689486036364,76.13695739869128,89.90965133962725,75.24408348621212,19.0,2.0,3.0,memory_bound,
2026-01-05 08:32:00,34.86453687849016,82.82024702153325,51.109714467628805,175.09345643623612,0.0,0.0,32.42518431400128,78.75457042913307,65.19301206148172,77.79658257426138,20.0,3.0,3.0,memory_bound,
2026-01-05 08:33:00,39.84209205432887,78.50346323709728,51.2540271077759,182.43664680754927,0.0,0.0,31.00668442280941,78.33941447136054,82.38976025724882,71.12973491326763,21.0,3.0,3.0,memory_bound,
2026-01-05 08:34:00,41.99736694963032,78.77285932707088,51.796179510863766,205.41860456635246,0.0,0.0,34.12454452576037,77.8804058260253,81.2925073757891,80.40874003249098,22.0,3.0,3.0,memory_bound,
2026-01-05 08:35:00,38.69923305274909,76.8941700273071,51.86217814613167,188.25834496026852,0.0,0.0,33.6983630743765,78.99892878212863,76.61022325071218,79.62061913216237,23.0,6.0,3.0,memory_bound,
2026-01-05 08:36:00,35.61982084517937,80.38857978909219,52.01682116876162,182.10415026598534,0.0,0.0,37.3332060714972,78.06223117714255,61.0974841214249,87.98231150042886,24.0,5.0,3.0,memory_bound,
2026-01-05 08:37:00,34.821749435572116,79.51225208073889,52.03886184038661,173.4333919675891,0.0,0.0,42.333133242016146,78.23360218295139,65.34341004139759,79.0801746111076,25.0,3.0,3.0,memory_bound,
2026-01-05 08:38:00,32.188608538430486,78.13829275642684,52.044080202865054,161.63613784473216,0.0,0.0,42.93510743465965,81.53443497232799,57.2710093928765,81.16039526069993,26.0,3.0,3.0,memory_bound,
2026-01-05 08:39:00,36.10716079487123,79.32525730169884,51.653983098191055,175.14910862426402,0.0,0.0,44.4449032539254,80.82126130837167,37.30144211713742,82.82643485290578,27.0,3.0,3.0,memory_bound,
2026-01-05 08:40:00,35.79519812838263,75.6834622743318,51.72119074434049,184.9296916137514,0.0,0.0,45.382883864350724,82.5656902371539,37.15125959983282,89.06106911182067,28.0,4.0,3.0,memory_bound,
2026-01-05 08:41:00,33.59392024945289,78.4168885514845,51.54147708488841,169.16545754416953,0.0,0.0,43.115427802079104,86.99518551544658,17.851639264723048,93.54330346473095,29.0,6.0,3.0,memory_bound,
2026-01-05 08:42:00,30.27124333035486,82.31703252599388,51.28664434709617,156.77731344929285,0.0,0.0,42.70040695063531,86.370742840249,33.06582568090017,96.87221450326103,30.0,3.0,3.0,memory_bound,
2026-01-05 08:43:00,30.403290245973466,81.91155414768667,50.99869115137955,163.08804497962268,0.0,0.0,46.02872718436041,85.18701195487763,43.70989753630651,106.35075571568217,31.0,4.0,3.0,memory_bound,
2026-01-05 08:44:00,27.810175082800786,85.0969860966243,50.844370687643455,152.90166476620885,0.0,0.0,46.85765804722104,86.46459878777516,68.38014254703363,99.58701785860679,32.0,4.0,3.0,memory_bound,
2026-01-05 08:45:00,31.794560523677745,86.59612172021056,50.457501231283,160.3194710502815,0.0,0.0,48.34905538993494,86.70932638268862,67.4135103282473,94.82711288600547,33.0,3.0,3.0,memory_bound,
2026-01-05 08:46:00,31.13134857018062,84.6120796906204,50.352542401305435,167.65597706467042,0.0,0.0,43.581548978358384,84.41890562052536,84.29552519032482,96.26557970907628,34.0,3.0,3.0,memory_bound,
2026-01-05 08:47:00,28.75740604855144,82.2515541399015,50.35036235243427,164.39881614880497,0.0,0.0,45.61060218676274,84.13521957826238,70.52880225729241,68.17555346942163,35.0,6.0,3.0,memory_bound,
2026-01-05 08:48:00,27.744841527281192,82.86040901714236,50.21164871474394,151.99820552160986,0.0,0.0,43.616609473685116,85.89894491355963,88.42167449326614,57.59885375976973,36.0,5.0,3.0,memory_bound,
2026-01-05 08:49:00,29.80607893100802,84.67602165210793,49.87417958099241,160.47199621169224,0.0,0.0,40.65090713641303,85.3938549002988,76.64449899054652,76.64805307795685,37.0,3.0,3.0,memory_bound,
2026-01-05 08:50:00,32.87858460216688,86.19291567493939,50.476808917846434,176.64921775993636,0.0,0.0,40.42658068766035,83.44656970344654,88.1713805999342,80.58526783535186,38.0,3.0,3.0,memory_bound,
2026-01-05 08:51:00,32.41601011859205,87.51407747522177,50.192263104858164,163.40338604266842,0.0,0.0,48.52685329406469,84.13747624017799,90.3572358801839,89.34677665183806,39.0,7.0,3.0,memory_bound,
2026-01-05 08:52:00,33.33000849021533,86.49052625265513,50.452790023954854,176.51490117398376,0.0,0.0,46.21743436084352,85.09021783758425,65.10349383287371,92.69520420629946,40.0,3.0,3.0,memory_bound,
2026-01-05 08:53:00,32.30325977937403,88.39816577147434,50.65029013999559,168.70616517637438,0.0,0.0,41.32311459372347,86.28472656894873,81.00093809397104,84.10439578125077,41.0,4.0,3.0,memory_bound,
2026-01-05 08:54:00,32.39266473705443,90.2889121127527,50.51266972899037,175.0560002095847,0.0,0.0,41.476311058719986,85.54540464785478,50.62125137327446,72.04396519469007,42.0,2.0,3.0,memory_bound,
2026-01-05 08:55:00,32.42158974491706,89.0291706328901,50.41450699193159,174.82338475363235,0.0,0.0,44.017036753705774,84.3842257107812,38.11055066721255,79.49280656126246,43.0,4.0,3.0,memory_bound,
2026-01-05 08:56:00,30.997385959953483,86.88605229877133,50.40376615683776,169.77448214436598,0.0,0.0,47.42083055667912,84.04350837691041,35.65877766427201,91.2153645323875,44.0,4.0,3.0,memory_bound,
2026-01-05 08:57:00,32.75739279607332,89.7469630164285,50.48573357196366,166.94017415912347,0.0,0.0,43.24646151152609,81.87300596444321,59.0736792563157,80.27399735096698,45.0,3.0,3.0,memory_bound,
2026-01-05 08:58:00,32.845804414207855,91.72473940643854,50.61424690995521,174.6723036682328,0.0,0.0,43.90978368793685,81.20155900159972,88.44600450981504,73.12497102112884,46.0,2.0,3.0,memory_bound,
2026-01-05 08:59:00,33.49443962034277,92.1782242242967,50.61314161295459,177.70942773508744,0.0,0.0,47.0916677213007,83.76970579533759,108.77985158584275,72.81565853855346,47.0,4.0,3.0,memory_bound,
2026-01-05 09:00:00,38.08012320017487,92.07650495397898,51.13323855729933,192.2590567918152,0.0,0.0,51.68989654567345,82.31211695628588,108.69910507752255,59.90107953848474,48.0,4.0,3.0,memory_bound,
2026-01-05 09:01:00,38.226195472464646,94.62776135288667,51.509044124342566,194.80657297533307,0.0,0.0,54.46901586301484,82.6072792977275,93.82401016047365,58.322595181645475,49.0,4.0,3.0,memory_bound,
2026-01-05 09:02:00,35.78824529634103,92.35784266091937,51.83680830849379,186.14193803174456,0.0,0.0,53.650656629542965,83.64342445399997,105.71927698076455,65.78588787835122,50.0,4.0,3.0,memory_bound,
2026-01-05 09:03:00,39.26091253739542,91.49298282103678,52.20569175676758,198.6084359770224,0.0,0.0,50.849017336933585,80.07138299140817,108.38521758657741,65.39538208312712,51.0,4.0,3.0,memory_bound,
2026-01-05 09:04:00,37.69679554895045,93.634020155066,52.013635385683365,183.46910723306513,0.0,0.0,54.11241573915868,78.86311347549702,93.50270931058354,77.89576660800248,52.0,7.0,3.0,memory_bound,
2026-01-05 09:05:00,36.48955022132334,88.69354108655843,52.36191636249676,180.2217109481841,0.0,0.0,54.45670956496003,81.73213230837295,78.06813432368959,68.63125202502425,53.0,5.0,3.0,memory_bound,
2026-01-05 09:06:00,37.65728707256969,88.87767071922418,52.352967685132604,191.76225946518787,0.0,0.0,52.06554617706173,78.69186926361077,101.43250957253014,91.79398093494368,54.0,5.0,3.0,memory_bound,
2026-01-05 09:07:00,32.75695808753557,89.17261379013303,52.44053541949625,159.78553329710442,0.0,0.0,52.74460797055063,80.72886722335626,85.08055628815012,105.56031387813076,55.0,3.0,3.0,memory_bound,
2026-01-05 09:08:00,33.85718075892947,88.59511100973012,52.42614702017624,180.69516293786293,0.0,0.0,48.819433730520835,79.55245399344571,72.48382493624787,81.41247592203067,56.0,7.0,3.0,memory_bound,
2026-01-05 09:09:00,35.24069162501131,88.16712866038692,52.6251698390218,184.23071322337518,0.0,0.0,55.742822904301704,77.14826539635479,101.11630013037032,78.98001138887881,57.0,6.0,3.0,memory_bound,
2026-01-05 09:10:00,35.07311315723146,89.19560936125455,52.5191882190222,178.70833722219055,0.0,0.0,57.09536017017381,75.79434555115547,86.328628519291,74.76989710768389,58.0,5.0,3.0,memory_bound,
2026-01-05 09:11:00,35.01288715119087,87.63947354326042,52.71523336615705,178.7320917684118,0.0,0.0,55.94554563182997,76.06544920229936,90.16552663099017,63.63105392119816,59.0,3.0,3.0,memory_bound,
2026-01-05 09:12:00,6.395434306336981,10.352335929430136,51.14849445946541,85.94010483991381,0.0,0.0,14.912286484270616,25.252411248311876,29.485524576311317,0.0,0.0,3.0,0.0,idle,
2026-01-05 09:13:00,5.1117204466141635,12.210641342328985,49.58114206603819,81.26267143452056,0.0,0.0,10.173848603000216,26.278695869241027,8.59346217455883,7.054201747872554,0.0,4.0,0.0,idle,
2026-01-05 09:14:00,8.16457370260475,13.423699286531445,48.5859455196754,81.06512559996347,0.0,0.0,10.467864525895244,27.564181333803194,0.0,7.459770509369768,0.0,1.0,0.0,idle,
2026-01-05 09:15:00,5.965810392778185,13.840613770113642,47.622938138921135,79.28020747416286,0.0,0.0,15.26403615673761,31.803408971969795,0.0,17.61334963623095,0.0,2.0,0.0,idle,
2026-01-05 09:16:00,5.9438791097248975,12.200454983308937,46.31536794074061,80.70380617943846,0.0,0.0,13.257404000340657,26.847573030609933,0.0,16.671283380118613,0.0,3.0,0.0,idle,
2026-01-05 09:17:00,2.0497003015105206,13.035727213908112,45.62570710646355,71.36535983354636,1.0,0.0,4.417134958490073,29.25123924519023,5.320025870579498,26.93036453268143,0.0,4.0,0.0,idle,
2026-01-05 09:18:00,1.600300209509761,13.204838994411478,44.48579331614336,61.809920325204935,0.0,0.0,11.049500850160282,29.126042835089756,13.507163645112069,21.46964723209732,0.0,1.0,0.0,idle,
2026-01-05 09:19:00,0.0,7.535818917048667,43.617376315568904,61.45367419961601,0.0,0.0,6.138679277492858,27.848565932267363,23.740425664848146,0.0,0.0,3.0,0.0,idle,
2026-01-05 09:20:00,0.0,10.006286562784556,42.472786974785855,61.310367678193174,0.0,0.0,9.388964473323455,23.27701688155912,45.98683546971797,0.0,0.0,1.0,0.0,idle,
2026-01-05 09:21:00,0.0,10.000094844223995,41.575365181357796,54.611751162281735,0.0,0.0,6.822301343512021,24.14417948380597,41.9675936544129,0.0,0.0,2.0,0.0,idle,
2026-01-05 09:22:00,0.0,8.763171576587823,41.34603874637556,75.36841543592308,0.0,0.0,5.545836385168451,25.611674252896503,53.58523422328556,10.909680589578647,0.0,1.0,0.0,idle,
2026-01-05 09:23:00,0.39793781447693044,11.566115128159232,40.798554719368894,65.67371538884633,0.0,0.0,0.0,25.287023367820883,30.348240251390926,10.738945770928986,0.0,2.0,0.0,idle,
2026-01-05 09:24:00,4.807610576582693,13.010806729299865,40.88197702059683,73.34813413663647,0.0,0.0,0.0,28.14031949676008,19.301811625945618,0.0,0.0,2.0,0.0,idle,
2026-01-05 09:25:00,3.4218900355238486,10.307735244092703,40.79833965719777,75.40297428832349,0.0,0.0,0.0,27.85648092535821,20.96422864972592,0.0,0.0,4.0,0.0,idle,
2026-01-05 09:26:00,3.430845016101634,9.124032882857353,40.69403939528968,67.7418297547119,0.0,0.0,0.00010422978711277509,28.534036301683777,11.52933057484198,0.0,0.0,0.0,0.0,idle,
2026-01-05 09:27:00,3.400242986717867,8.592574007977237,40.27004955274721,70.52964515395107,0.0,0.0,0.0,24.863969352946775,10.766799997758026,1.723837629995424,0.0,0.0,0.0,idle,
2026-01-05 09:28:00,4.545878337015583,11.545523757919707,40.04415106712547,74.9696088948656,0.0,0.0,0.0,27.011989540390417,22.335585153844963,11.880351430842163,0.0,0.0,0.0,idle,
2026-01-05 09:29:00,4.200191422076372,13.097659973563974,40.21350556139291,80.93688341351115,0.0,0.0,0.5945791149417801,29.671845169430348,31.66778667496115,9.600606881111762,0.0,3.0,0.0,idle,
2026-01-05 09:30:00,2.3350106162725326,11.411600571299166,40.08711878363011,72.50528335535026,0.0,0.0,6.156659597608329,29.159597238828667,39.02270086106397,0.0,0.0,1.0,0.0,idle,
2026-01-05 09:31:00,1.4986414360970168,11.081791167034437,39.956614491259,64.30413901678601,0.0,0.0,6.958575773716326,31.37252988797685,37.504525988022024,0.0,0.0,7.0,0.0,idle,
2026-01-05 09:32:00,0.7843776072543537,13.64963059838233,39.67310521833834,50.57087472327866,0.0,0.0,4.776861857500515,30.083010553989823,25.48523208179022,0.0,0.0,1.0,0.0,idle,
2026-01-05 09:33:00,0.0,14.758220653281208,38.9080470844783,61.00018964902681,0.0,0.0,6.802358668204927,33.22742548186741,27.32197948209382,0.0,0.0,2.0,0.0,idle,
2026-01-05 09:34:00,0.0,15.250117435916657,38.558302601490524,55.970193806759255,0.0,0.0,14.582598148070211,30.536439003839302,23.07797054202253,0.0,0.0,3.0,0.0,idle,
2026-01-05 09:35:00,0.0,16.769746353294106,38.064614009748624,50.0,0.0,0.0,14.905432739173037,30.301157154453314,40.992902883101515,0.0,0.0,1.0,0.0,idle,
2026-01-05 09:36:00,0.0,15.50536031350519,37.80396492617152,55.714339442021,0.0,0.0,12.914305035515941,28.776957730574114,47.48819365226141,0.0,0.0,2.0,0.0,idle,
2026-01-05 09:37:00,0.0,15.510949851261138,37.75546509959574,60.40667282936886,0.0,0.0,9.885993360488431,25.133020855602744,33.06086691312651,0.0,0.0,1.0,0.0,idle,
2026-01-05 09:38:00,0.0,14.475670951279536,37.78775705701657,66.09245115902817,0.0,0.0,10.005748272279146,26.276944462205897,41.76649423585138,0.0,0.0,2.0,0.0,idle,
2026-01-05 09:39:00,0.0,13.73334740405599,37.86792386983751,61.791365971379946,0.0,0.0,8.217850826146911,27.3234823905102,46.538601920949624,0.0,0.0,5.0,0.0,idle,
2026-01-05 09:40:00,0.0,12.787732297651276,37.7942982162788,61.46436734613513,0.0,0.0,5.862963440374543,28.106880950940333,19.92055609479914,0.0,0.0,1.0,0.0,idle,
2026-01-05 09:41:00,0.0,11.066371728690992,38.31062215332983,61.141817922504046,0.0,0.0,9.364495800429818,33.056621413820416,5.386242112532518,0.0,0.0,0.0,0.0,idle,
2026-01-05 09:42:00,0.0,6.457460461327168,38.10560368902303,60.04134019422937,0.0,0.0,3.0151817792250597,35.19791129044905,0.0,0.0,0.0,1.0,0.0,idle,
2026-01-05 09:43:00,0.0,4.663354140208176,38.09989334785474,56.84658591111551,0.0,0.0,0.7205132613457201,35.906417959616554,0.0,0.0,0.0,1.0,0.0,idle,
2026-01-05 09:44:00,0.0,2.7264275941604126,38.38568789075249,60.74849000774605,0.0,0.0,0.11761754043337991,37.64649154776525,0.0,0.0,0.0,1.0,0.0,idle,
2026-01-05 09:45:00,0.0,2.866744474540285,38.48927588454718,66.16767509454904,0.0,0.0,0.0,37.03141297496873,0.0,0.0,0.0,2.0,0.0,idle,
2026-01-05 09:46:00,0.0,4.260340508467776,38.550636211447895,61.376563806095454,0.0,0.0,0.0,33.380319113724994,0.0,0.0,0.0,1.0,0.0,idle,
2026-01-05 09:47:00,0.2542103757661519,5.680105108960097,38.619329877547116,57.11022140112817,0.0,0.0,3.70487051729288,31.18883992778605,0.0,0.0,0.0,1.0,0.0,idle,
2026-01-05 09:48:00,0.0,9.424293840789131,38.7023095449971,75.37980535523124,0.0,0.0,5.586732538325881,34.59469791272091,0.0,0.0,0.0,3.0,0.0,idle,
2026-01-05 09:49:00,0.3617519915477173,11.583324636272446,38.29970383852383,66.04794020734485,0.0,0.0,4.5275206002109085,36.90323307331021,0.0,0.0,0.0,1.0,0.0,idle,
2026-01-05 09:50:00,0.0,11.03634509644776,38.22241733503238,59.233863676194,0.0,0.0,5.841243725688813,30.119292651087335,0.0,0.0,0.0,4.0,0.0,idle,
2026-01-05 09:51:00,2.644314950374559,13.25556511655793,38.537639857903926,70.500697169215,0.0,0.0,4.875137574382804,30.14277505255388,0.0,0.0,0.0,1.0,0.0,idle,
2026-01-05 09:52:00,4.014501739873628,15.343030256337716,38.47520232103314,72.47674588130197,0.0,0.0,0.0,26.860788319379296,0.0,0.0,0.0,2.0,0.0,idle,
2026-01-05 09:53:00,4.9731692779138,13.838266625815784,39.05979643317081,82.23623751018927,0.0,0.0,0.0,26.33345702609348,0.0,0.0,0.0,1.0,0.0,idle,
2026-01-05 09:54:00,4.5269738632178464,13.020106374087021,39.385790381471566,76.5386849989663,0.0,0.0,0.0,26.403433022190445,0.0,0.0,0.0,1.0,0.0,idle,
2026-01-05 09:55:00,5.933537360657749,14.202670008350742,39.16526592125481,77.16759066018611,0.0,0.0,0.0,28.084520549989104,0.0,0.0,0.0,2.0,0.0,idle,
2026-01-05 09:56:00,3.482228561701889,10.666710094050881,38.82813085993688,76.12818144536831,0.0,0.0,0.0,28.60971449633474,0.0,0.0,0.0,1.0,0.0,idle,
2026-01-05 09:57:00,2.2832430233324246,9.736222736802558,38.6638084778249,66.63088573989957,0.0,0.0,0.0,29.951179050732563,5.608656482538505,0.0,0.0,1.0,0.0,idle,
2026-01-05 09:58:00,3.5907876569960178,4.790290415315437,38.72599236094346,64.50132607776689,0.0,0.0,0.26236218393753985,27.8216332532486,16.352843094688758,4.257233191282417,0.0,0.0,0.0,idle,
2026-01-05 09:59:00,4.262492266611216,5.8400360626932475,39.18394917184632,65.42265740449218,0.0,0.0,0.0,26.46354485661446,21.242452966720453,8.250857793001176,0.0,0.0,0.0,idle,
2026-01-05 10:00:00,5.6046128325544355,6.450127660229882,39.222647219427564,80.24259774203438,0.0,0.0,0.0,27.27866202530525,3.395623764212173,9.991297982441095,0.0,1.0,0.0,idle,
2026-01-05 10:01:00,5.5522798264970525,1.6933519769041023,39.847138906546235,78.07478921551476,0.0,0.0,0.0,29.16515900055239,0.0,6.469872217165536,0.0,2.0,0.0,idle,
2026-01-05 10:02:00,4.433328570611534,3.424568827852176,39.57412858376169,71.82491447020315,0.0,0.0,4.284715953304882,28.588462645836064,2.1504890767778875,25.19306958834685,0.0,1.0,0.0,idle,
2026-01-05 10:03:00,5.069427278861122,4.9907462929029665,39.4025326258132,86.39558671127809,0.0,0.0,0.8263418567628604,31.74367811191627,0.0,27.399758718081106,0.0,4.0,0.0,idle,
2026-01-05 10:04:00,2.162753720809734,3.1337484959652286,39.392729594287765,66.5594463192139,0.0,0.0,11.282699883465376,31.983802395573612,6.831031812339175,19.94497220169118,0.0,4.0,0.0,idle,
2026-01-05 10:05:00,4.661109249887377,2.441062964159932,39.25319561754093,72.73280713956312,0.0,0.0,11.32310566166025,28.745790524797833,7.267196956603617,10.305608759681018,0.0,0.0,0.0,idle,
2026-01-05 10:06:00,0.4572695068919178,1.8865469408177242,39.02675698410025,61.16792608509299,0.0,0.0,14.356202304646946,29.384953802949067,29.178940036044285,0.0,0.0,3.0,0.0,idle,
2026-01-05 10:07:00,3.280414452450599,5.1511869348602355,38.86206961032336,79.0386703953621,0.0,0.0,13.024329216288422,31.717111350212424,15.022925399364633,1.7210663198980822,0.0,4.0,0.0,idle,
2026-01-05 10:08:00,4.125633450008239,5.927915594791221,39.15703184929929,74.70522352444408,0.0,0.0,14.0323788891018,33.63454468454742,48.660849461811885,0.0,0.0,3.0,0.0,idle,
2026-01-05 10:09:00,30.32233935400835,81.20743399790416,40.57523808100173,166.66188450071144,0.0,0.0,53.48288441932078,82.47853231078763,142.2108160815255,84.60283339689232,0.0,5.0,3.0,memory_bound,
2026-01-05 10:10:00,28.392209771085042,84.26527007077077,41.550066826561036,161.12422465343363,0.0,0.0,52.010441803779074,89.3285921714174,149.84411103636089,77.4467968850369,1.0,3.0,3.0,memory_bound,
2026-01-05 10:11:00,30.24250631996093,85.55383164631343,42.582279936282326,153.21473746795286,0.0,0.0,56.40673234341332,88.09456394735156,146.98482914282837,80.12307780465922,2.0,6.0,3.0,memory_bound,
2026-01-05 10:12:00,27.820433317431718,86.75704653263055,43.63988576713705,150.08057017826576,0.0,0.0,53.11427000505948,89.52215497340481,149.5617544840711,85.79936945355246,3.0,5.0,3.0,memory_bound,
2026-01-05 10:13:00,26.84147491077004,86.99606785029887,44.22576978341372,148.01763272454417,0.0,0.0,55.89002285219833,89.52022021695593,148.2626520454284,82.22379341569243,4.0,3.0,3.0,memory_bound,
2026-01-05 10:14:00,29.77727576723146,85.7570533043502,45.102738870143774,158.0584396972556,0.0,0.0,54.74965689575659,86.18221874247966,141.5483285503828,88.52210538881634,5.0,6.0,3.0,memory_bound,
2026-01-05 10:15:00,32.68200971175204,87.94872465887188,45.97928348805859,166.3993652917986,0.0,0.0,50.0219827606286,84.20972185607738,119.94195896365162,67.39818824430117,6.0,3.0,3.0,memory_bound,
2026-01-05 10:16:00,33.926282235238446,88.17148698320086,46.73229833485361,184.2873892158876,0.0,0.0,47.84389926472771,86.773482852395,127.33244165423267,75.82496299737738,7.0,6.0,3.0,memory_bound,
2026-01-05 10:17:00,36.08531700266708,88.97645883198844,47.53974371344704,173.33642971078928,0.0,0.0,48.85994671457948,85.16837080478562,110.32356584910879,72.31319624985363,8.0,3.0,3.0,memory_bound,
2026-01-05 10:18:00,36.409901471470036,90.5258959710759,48.32447840398469,181.6033239077315,0.0,0.0,46.394431601310664,82.70971699791443,116.19608404406321,71.18597279460188,9.0,4.0,3.0,memory_bound,
2026-01-05 10:19:00,35.789107219559526,92.50069621987262,48.80655458199144,180.06758380082746,0.0,0.0,42.33593974478493,82.65505926151442,111.91002786427586,69.91189445008476,10.0,4.0,3.0,memory_bound,
2026-01-05 10:20:00,38.23321901444811,94.01265269155985,49.29735612293414,192.9777671814782,0.0,0.0,44.44127126715353,82.88638034313655,110.06533262540695,66.87781828780842,11.0,3.0,3.0,memory_bound,
2026-01-05 10:21:00,39.560329387701785,94.73102302808327,49.48191898695165,190.32289141619225,0.0,0.0,40.47498627574248,82.16599119479329,116.34991838799208,71.96826633923077,12.0,2.0,3.0,memory_bound,
2026-01-05 10:22:00,36.5137598730326,92.63289827687964,50.03297515578712,190.5312298846653,0.0,0.0,38.39306512147813,80.62217115032509,125.37025300196868,60.93559790313937,13.0,4.0,3.0,memory_bound,
2026-01-05 10:23:00,39.05737884411348,95.68136917733175,50.47756107476018,195.60067110280474,0.0,0.0,33.34902447472359,78.49316557110765,125.87556817025107,75.12876063211374,14.0,2.0,3.0,memory_bound,
2026-01-05 10:24:00,38.84527764843213,94.88485614579736,51.20270373255081,197.53085429986788,0.0,0.0,34.02387925841952,76.28442711954844,137.53688594321312,77.73552160621729,15.0,3.0,3.0,memory_bound,
2026-01-05 10:25:00,38.49341379100103,90.81117329755008,51.13659782023062,184.59395254134503,0.0,0.0,38.13442181416753,76.28754398329961,164.4946642694362,88.94312730872639,16.0,3.0,3.0,memory_bound,
2026-01-05 10:26:00,36.633308135438426,89.41756048022081,51.30002646196544,183.02431170106922,0.0,0.0,36.99713105173358,74.23615822407078,147.0690610949912,88.9732361116869,17.0,4.0,3.0,memory_bound,
2026-01-05 10:27:00,28.657266814847492,87.36019919845886,50.966138933622524,156.0756430643584,0.0,0.0,39.776048806187774,76.05316334673383,141.74074792485985,75.05304062200199,18.0,5.0,3.0,memory_bound,
2026-01-05 10:28:00,28.651764449987024,86.8797591796767,50.70062353045721,154.88625527511434,0.0,0.0,40.43012558539151,75.30980441376876,151.29018886759994,76.31528933842563,19.0,4.0,3.0,memory_bound,
2026-01-05 10:29:00,28.451539424065945,85.96572778674235,50.51217921538879,161.97029069158336,0.0,0.0,41.952115258213915,77.8519910987881,149.0829852095217,83.17260454003821,20.0,2.0,3.0,memory_bound,
2026-01-05 10:30:00,32.421238054796014,85.49681767684466,50.49179126389308,171.851712419794,0.0,0.0,42.010990347291504,79.47399312516453,176.7211340253692,88.84702305207026,21.0,2.0,3.0,memory_bound,
2026-01-05 10:31:00,29.99397472330766,83.20565222975293,50.64198762127877,160.9224497837245,0.0,0.0,43.699821820306134,80.90060527656539,184.56283308718548,92.48906393953071,22.0,4.0,3.0,memory_bound,
2026-01-05 10:32:00,36.941775081754564,85.48910518106806,51.11326831575,181.6566784968254,0.0,0.0,45.23398522204628,80.70182372410913,160.94274953948877,101.81759442575046,23.0,3.0,3.0,memory_bound,
2026-01-05 10:33:00,36.05420523793564,83.86572293984614,51.16066480642537,185.64943677006906,0.0,0.0,42.07290619748468,81.88318968096672,171.9423721504649,80.81023254808704,24.0,6.0,3.0,memory_bound,
2026-01-05 10:34:00,35.942311150588566,86.24868406714339,51.202692692903256,185.15170097572667,0.0,0.0,39.755269644835195,81.75223411835368,188.98325813828657,93.43397097115364,25.0,4.0,3.0,memory_bound,
2026-01-05 10:35:00,37.17441739539012,86.41424753112348,51.238022972461906,180.8940172800908,0.0,0.0,42.1569433030984,79.85058673754608,171.2780604785744,94.69035684750625,26.0,4.0,3.0,memory_bound,
2026-01-05 10:36:00,35.65884286122168,86.51943978944512,51.315374525672645,185.7190941137476,0.0,0.0,43.79167513398706,78.2053568852103,161.09397803029793,95.12040803372548,27.0,5.0,3.0,memory_bound,
2026-01-05 10:37:00,35.04510034373925,85.03218250972542,51.606537530976624,184.9094710362371,0.0,0.0,39.68475544496827,78.73364813931711,166.39150884217946,112.62487077061418,28.0,2.0,3.0,memory_bound,
2026-01-05 10:38:00,35.66681249254965,86.4294324658864,51.41583242651455,177.24800088681084,0.0,0.0,40.97132569443077,77.87327105563178,150.1871205266524,126.54949623242823,29.0,2.0,3.0,memory_bound,
2026-01-05 10:39:00,34.2073932288107,82.53868345014345,51.0544335133789,169.7375838209945,0.0,0.0,41.57832730484567,77.11604706908021,152.5124340966508,142.42320817642155,30.0,5.0,3.0,memory_bound,
2026-01-05 10:40:00,34.99897557888006,82.65374183041996,51.28602926728084,182.31293842683203,0.0,0.0,42.167503522580134,79.09429139840661,134.47021510447263,116.28402584573747,31.0,5.0,3.0,memory_bound,
2026-01-05 10:41:00,38.91139760954395,84.64357499587423,51.60661533831657,193.17351770380273,0.0,0.0,43.46384361042971,79.64838504554685,114.00270759330078,109.24985759333782,32.0,3.0,3.0,memory_bound,
2026-01-05 10:42:00,36.45838516524234,86.24561740937905,51.55079698615189,179.6939423990335,0.0,0.0,49.09134843373532,77.67529367957367,111.93143758803093,95.8519032655996,33.0,3.0,3.0,memory_bound,
2026-01-05 10:43:00,31.92083530140243,86.67829044295385,51.55974125683602,170.48120098655903,1.0,0.0,48.343171183172416,76.77536547014033,105.4203888675797,106.81582833474204,34.0,6.0,3.0,memory_bound,
2026-01-05 10:44:00,33.09013845513482,81.34639831599812,51.53311091248554,177.08369290849475,0.0,0.0,46.018447873712645,76.3356806715598,101.96932710261211,96.37030681568054,35.0,3.0,3.0,memory_bound,
2026-01-05 10:45:00,29.299975077513455,81.75691872046525,51.34163647990794,156.75144414547023,0.0,0.0,49.11707744161909,73.52002508549688,70.89178518164623,108.76509498387443,36.0,3.0,3.0,memory_bound,
2026-01-05 10:46:00,28.290633969724226,86.20006218387039,50.991801960778425,155.21226417893106,0.0,0.0,48.91248349081516,75.14690303906465,87.15434317089824,91.37581774617037,37.0,3.0,3.0,memory_bound,
2026-01-05 10:47:00,27.807989894661258,87.73009392707242,50.76660301119772,150.55323310436265,0.0,0.0,43.53636433578703,75.39872755317674,85.4987401432597,85.4654067385223,38.0,5.0,3.0,memory_bound,
2026-01-05 10:48:00,28.282478450489172,87.12813513707682,50.32912809728525,158.37048254079062,0.0,0.0,47.257485402448424,76.4750057018763,107.70521459092049,84.49304970938202,39.0,3.0,3.0,memory_bound,
2026-01-05 10:49:00,29.55134334830656,88.56569504020956,49.93934592514845,157.47585101573677,0.0,0.0,48.494786369198785,76.88424169912433,127.27776528812728,78.37281463695898,40.0,3.0,3.0,memory_bound,
2026-01-05 10:50:00,34.45547530527204,89.35240123351842,50.11387082429881,166.73049822866645,0.0,0.0,47.80579417706777,73.7830767587358,126.37973042578571,74.6263630976754,41.0,4.0,3.0,memory_bound,
2026-01-05 10:51:00,35.82594534705997,89.14245512803265,50.725379899910706,182.50410955185126,0.0,0.0,44.46731346649065,77.25653447696602,129.659403726807,75.65314430204008,42.0,7.0,3.0,memory_bound,
2026-01-05 10:52:00,35.56295259653301,89.84186178758776,51.08536728616157,181.14545104120072,0.0,0.0,39.478903573179515,76.5021120443737,107.60309880344676,91.90272611928967,43.0,3.0,3.0,memory_bound,
2026-01-05 10:53:00,32.207764742222096,89.69105868472259,51.22195965826335,175.59454020733367,0.0,0.0,44.75843434813845,76.32553228835698,96.02416799926823,100.52969664484628,44.0,3.0,3.0,memory_bound,
2026-01-05 10:54:00,34.170143640004426,91.11029299752201,51.29355208038107,174.7679267125254,0.0,0.0,46.48737929713643,79.92618675851077,72.78874945331387,91.31077704183598,45.0,3.0,3.0,memory_bound,
2026-01-05 10:55:00,33.30649512189353,88.99113529776622,51.59488466655895,172.6281759186754,0.0,0.0,39.7425620126555,77.40510456525568,60.68123708923742,86.78277223582235,46.0,3.0,3.0,memory_bound,
2026-01-05 10:56:00,37.24018057585435,89.83508759078987,52.120938197713755,190.59042938147658,0.0,0.0,36.81600716824426,75.49570876801633,74.6178446250974,82.84228830076324,47.0,5.0,3.0,memory_bound,
2026-01-05 10:57:00,35.92024062735862,86.63067511108004,52.51684280660822,179.4510925741994,0.0,0.0,42.052870451538055,74.81092309955262,87.82649575483244,88.7019355461073,48.0,4.0,3.0,memory_bound,
2026-01-05 10:58:00,39.84925463149853,83.85503224024903,52.97751221254367,194.52430917920418,0.0,0.0,37.82502715101504,72.24683144295572,89.74844033355714,89.82654330594315,49.0,3.0,3.0,memory_bound,
2026-01-05 10:59:00,38.396214713318415,82.95007144778018,52.701418939398344,185.4095405040509,0.0,0.0,43.17329135867914,71.42996660833681,86.19123227927123,101.40243479956344,50.0,6.0,3.0,memory_bound,
2026-01-05 11:00:00,37.300732430103075,82.13211907346809,52.79952202813755,195.03620359841491,0.0,0.0,37.56756545152006,74.06235055301859,104.36228759128959,94.67290134944484,51.0,5.0,3.0,memory_bound,
2026-01-05 11:01:00,37.72624162418199,84.49977765082025,52.661129845305815,184.57164033245078,0.0,0.0,39.216884394617885,69.80385368938776,104.7646141090579,85.80043392012905,52.0,8.0,3.0,memory_bound,
2026-01-05 11:02:00,41.85303225142311,85.9057239063789,53.13088989203436,194.73945177926555,0.0,0.0,38.01655812525593,71.16009674947608,88.77406373619577,89.32761868079538,53.0,3.0,3.0,memory_bound,
2026-01-05 11:03:00,39.03449551610076,84.76565847731699,53.24077594932065,187.67557127563825,0.0,0.0,40.73402658798967,70.95576525174855,72.47010474348912,111.7755953561926,54.0,5.0,3.0,memory_bound,
2026-01-05 11:04:00,36.070156949558886,84.45337180090586,53.42698855699602,187.43305702925213,0.0,0.0,35.44974763483276,73.68941538193121,80.2946802141758,109.4611397788643,55.0,4.0,3.0,memory_bound,
2026-01-05 11:05:00,36.00999672298991,82.89362691733739,53.24941770523109,192.63008810265245,0.0,0.0,41.17260499423314,71.87324680879314,59.47182994910381,96.90390497291125,56.0,4.0,3.0,memory_bound,
2026-01-05 11:06:00,36.07509597809962,84.40789159785587,53.27853930462101,180.4905600704352,1.0,0.0,42.817506293205945,72.02901127726648,45.66059224070928,83.14072415368128,57.0,4.0,3.0,memory_bound,
2026-01-05 11:07:00,34.60625231966986,85.05688096664774,53.56732087573144,183.64007993342818,0.0,0.0,46.56310407654382,73.50438145125167,47.36006740485343,80.77658427027552,58.0,5.0,3.0,memory_bound,
2026-01-05 11:08:00,34.29005591733475,87.64773026642804,53.68741820126696,171.04296553378927,0.0,0.0,43.985857848918236,75.01932456942876,64.64903136154834,71.85170977671326,59.0,2.0,3.0,memory_bound,
2026-01-05 11:09:00,28.98367749399263,89.84965354586724,52.98171775381089,146.44314841800545,0.0,0.0,42.11224375160778,74.6356239034592,49.91978682994587,68.32491610795223,60.0,5.0,3.0,memory_bound,
2026-01-05 11:10:00,29.789377869006472,91.07440827116032,52.7703993714559,159.46008170621812,0.0,0.0,38.2113152982624,73.63264964310316,79.94699244361638,66.50673638178382,61.0,4.0,3.0,memory_bound,
2026-01-05 11:11:00,32.95579237770372,94.48944049522282,52.68609304993767,171.66428833908452,0.0,0.0,37.46853286161294,75.28821725688867,62.71400563479495,66.84433855520822,62.0,4.0,3.0,memory_bound,
2026-01-05 11:12:00,33.46833961987966,94.97012744680927,52.37158732830038,171.34917153106716,0.0,0.0,34.6752785416407,79.33330566961597,63.46588863129973,60.39025116717277,63.0,4.0,3.0,memory_bound,
2026-01-05 11:13:00,36.191908263105674,91.75275402053288,51.98920086312451,183.29217881726078,0.0,0.0,30.732410645197294,73.44145062764642,79.13804280599064,72.09635679624981,64.0,3.0,3.0,memory_bound,
2026-01-05 11:14:00,31.46360019967669,92.27637061986734,51.72018940045921,165.58767812972974,0.0,0.0,36.761410724371636,74.31105919621585,86.89623234458652,70.55956959930242,65.0,3.0,3.0,memory_bound,
2026-01-05 11:15:00,37.0397034414139,92.89180260045663,52.219212619691014,188.04236557537862,0.0,0.0,41.03732371504289,75.10804822176385,90.69617750985822,79.47548296445207,66.0,6.0,3.0,memory_bound,
2026-01-05 11:16:00,35.2584019079786,92.8159917337903,52.15364642546251,176.93205166128703,0.0,0.0,36.34124631411879,74.32830011028074,115.33340492008574,84.83669592456133,67.0,4.0,3.0,memory_bound,
2026-01-05 11:17:00,36.23362687852953,90.80523654823887,52.265741620795495,181.4219838370282,0.0,0.0,40.61656695125532,71.97650594150372,96.16984209559493,86.52391110497807,68.0,3.0,3.0,memory_bound,
2026-01-05 11:18:00,39.29962206701486,90.74722438633135,52.65376225425373,201.21765858610624,0.0,0.0,42.89201881134992,68.65078773579883,75.78281858421366,76.59611154679715,69.0,5.0,3.0,memory_bound,
2026-01-05 11:19:00,38.833196733944064,92.60828870834882,52.69994776421327,193.8729378854237,0.0,0.0,47.531604466656134,68.06568562784712,75.03658889461295,86.68958926946931,70.0,4.0,3.0,memory_bound,
2026-01-05 11:20:00,32.37708382918039,91.61216751442265,53.11074039894409,181.95365133200394,0.0,0.0,43.28886949996817,68.54253706576921,52.78957742713317,98.33344277088993,71.0,4.0,3.0,memory_bound,
2026-01-05 11:21:00,31.359226509345344,92.91305292833808,52.9362968042021,167.11941839622708,0.0,0.0,41.795128866337954,71.59898731187828,53.30070085002146,105.12469298080197,72.0,3.0,3.0,memory_bound,
2026-01-05 11:22:00,25.658309019840424,92.45649939603474,52.14410657722449,141.25543814897927,0.0,0.0,44.541785446774036,72.58759414428052,62.8367258747987,107.68880558392419,73.0,4.0,3.0,memory_bound,
2026-01-05 11:23:00,26.785955438575197,89.84333537561872,51.95675794996123,150.8750986217159,0.0,0.0,44.56605904075293,73.80923435078796,68.73078383085895,97.9539474139438,74.0,5.0,3.0,memory_bound,
2026-01-05 11:24:00,25.520086964473624,88.3787523109244,51.662611392494775,144.77940705887386,0.0,0.0,45.04466947677517,76.12117274492458,92.31029473327747,89.90130614357213,75.0,2.0,3.0,memory_bound,
2026-01-05 11:25:00,27.446771341050198,87.23618791114886,51.51688648232256,154.68756480720552,0.0,0.0,45.046258565051936,73.17365337520187,79.57389076261313,82.08321364209777,76.0,2.0,3.0,memory_bound,
2026-01-05 11:26:00,28.29442687211058,87.5657152292445,51.233692657790854,148.75264387789662,0.0,0.0,44.278447842630676,73.34172513193634,84.42933580769889,95.15338541336845,77.0,7.0,3.0,memory_bound,
2026-01-05 11:27:00,30.738792898324977,87.40590878344993,51.073765085186366,164.1796239553979,0.0,0.0,46.67837735089975,76.78610773888303,72.80113682901353,98.2001842246424,78.0,5.0,3.0,memory_bound,
2026-01-05 11:28:00,31.484940784277732,87.75743754073724,51.123677349758964,168.15005784023825,0.0,0.0,48.51109898959529,79.9905290357524,82.79191602831682,88.00638572269432,79.0,3.0,3.0,memory_bound,
2026-01-05 11:29:00,30.048163956406967,87.01877142980713,50.89852639540698,166.27268758656362,0.0,0.0,44.973908881179916,80.06324330370225,74.26260710567996,89.53971316386338,80.0,3.0,3.0,memory_bound,
2026-01-05 11:30:00,36.763176456104084,86.86310829100108,51.294877804117505,185.98182135964313,0.0,0.0,42.544819316857044,81.64572619467005,79.46998275062943,89.97680307159185,81.0,3.0,3.0,memory_bound,
2026-01-05 11:31:00,35.65847470991046,87.80005873252308,51.32692109607426,184.40028707089203,0.0,0.0,42.115240242641605,79.36629469764515,53.31219363104685,91.0149490610125,82.0,4.0,3.0,memory_bound,
2026-01-05 11:32:00,33.38380721644367,90.59514777117549,51.09574983665085,175.83387321575253,0.0,0.0,46.70015928012715,78.3225886448007,57.30145074302018,78.90678905198023,83.0,4.0,3.0,memory_bound,
2026-01-05 11:33:00,33.003022558050986,88.828793685691,51.08298724743433,171.76513455060288,0.0,0.0,46.575338979090226,78.42117172466425,70.50506369657703,78.45825323769749,84.0,3.0,3.0,memory_bound,
2026-01-05 11:34:00,33.56843755799019,89.55970075967967,50.8640108556549,171.10271960487327,0.0,0.0,38.09896059845555,79.17537244045002,99.82583955684049,72.95242692035983,85.0,2.0,3.0,memory_bound,
2026-01-05 11:35:00,34.63882188560135,91.06443272233744,51.0831929864111,187.46414407690767,0.0,0.0,39.74175651964809,80.08216024400394,118.58218666839508,72.34382530412185,86.0,7.0,3.0,memory_bound,
2026-01-05 11:36:00,32.471524114775065,90.76429455680974,50.92972250882913,174.40378631708376,0.0,0.0,43.149901453499304,82.84411113935536,95.20322163996288,65.35183265000288,87.0,5.0,3.0,memory_bound,
2026-01-05 11:37:00,30.86062089839892,93.47361650360953,51.14864689627576,163.5307088384379,0.0,0.0,48.75507387368057,78.22097065495086,104.23066101007929,69.36274368843635,88.0,3.0,3.0,memory_bound,
2026-01-05 11:38:00,25.09519038961583,90.81071996761631,50.8603676517911,145.02236374171784,0.0,0.0,48.21222322912245,79.43250511717783,101.66042446182252,88.19225463990416,89.0,4.0,3.0,memory_bound,
2026-01-05 11:39:00,28.69754609419737,89.91035522480514,50.359620019987894,156.53354338742045,0.0,0.0,48.88721302790175,82.43985770649066,83.95462452061378,99.36062096051089,90.0,8.0,3.0,memory_bound,
2026-01-05 11:40:00,29.33571139810188,88.72877704344901,50.17023270621558,164.60671650337332,0.0,0.0,46.074000245527145,83.40650487734739,67.5945950729581,100.0169098955794,91.0,3.0,3.0,memory_bound,
2026-01-05 11:41:00,36.393823923847684,90.37968889283098,50.412607399815656,189.20337913004184,0.0,0.0,46.602214270037734,81.6059823373459,87.29852414142378,99.00741777069686,92.0,2.0,3.0,memory_bound,
2026-01-05 11:42:00,38.14068826513242,92.84771603451486,51.23049460654407,189.4522923684821,0.0,0.0,48.32875486516458,83.66638876562241,57.810723393681336,90.01901622882605,93.0,2.0,3.0,memory_bound,
2026-01-05 11:43:00,38.446882205284965,90.14431638534779,51.34781914616115,192.9083118609302,0.0,0.0,46.935828445079444,86.55755860832569,57.77170051268409,82.04718314863473,94.0,6.0,3.0,memory_bound,
2026-01-05 11:44:00,34.90431111585219,86.09401627572872,51.460206436269054,169.3764910010281,0.0,0.0,45.88709321569217,85.82690897557393,59.780505132012294,73.79151562479088,95.0,2.0,3.0,memory_bound,
2026-01-05 11:45:00,32.10015083948326,83.13381356572829,50.9994776048692,168.7947489840276,0.0,0.0,44.47734558645704,86.96407801505644,57.06215126423896,74.23273735494921,96.0,4.0,3.0,memory_bound,
2026-01-05 11:46:00,29.938910554299355,86.69514345517882,50.89522451094591,168.1026489068856,0.0,0.0,46.38258616643396,84.14901215478581,49.77920509455448,75.50206875789436,97.0,3.0,3.0,memory_bound,
2026-01-05 11:47:00,31.37175451287005,89.65262789339322,50.55565118555036,164.7047642394235,0.0,0.0,45.9425208872384,80.99561901908883,47.62038528572201,73.10332702540542,98.0,7.0,3.0,memory_bound,
2026-01-05 11:48:00,29.314321474268585,87.95879512958302,50.47925711090125,156.65759185235407,0.0,0.0,46.9764658620316,81.23844886623968,77.53111406248914,64.44870649547042,99.0,2.0,3.0,memory_bound,
2026-01-05 11:49:00,31.448157206050954,90.39178250226237,50.63423899172826,172.59351905918692,0.0,0.0,46.281098490288,82.12973250946058,64.86711503751718,46.28023049580751,100.0,4.0,3.0,memory_bound,
2026-01-05 11:50:00,28.247266755417645,90.03013843312333,50.74848024552985,163.32188450006026,0.0,0.0,44.83129058930274,86.16862607497242,81.02256704515833,45.39900813440367,101.0,6.0,3.0,memory_bound,
2026-01-05 11:51:00,28.03519909409203,88.02659060795804,50.92073608905478,166.45079573335678,0.0,0.0,47.892037743128384,88.13127719191873,80.06102731932005,43.809772101198156,102.0,4.0,3.0,memory_bound,
2026-01-05 11:52:00,22.983121579364692,88.62680306851075,50.76810456466899,140.1444829213779,0.0,0.0,42.88139635636399,90.72142384936026,84.7559226538298,44.59003974329692,103.0,8.0,3.0,memory_bound,
2026-01-05 11:53:00,19.95068448841075,90.58016861945988,50.216132108627285,130.21344788083888,0.0,0.0,43.03796494336463,91.25684975758635,88.07521256229143,49.984319070743865,104.0,3.0,3.0,memory_bound,
2026-01-05 11:54:00,22.609815943195137,91.40550896509231,49.28938583888688,133.02218429573634,0.0,0.0,41.964028848465816,92.5220569894773,88.25582362036906,54.14235816889141,105.0,4.0,3.0,memory_bound,
2026-01-05 11:55:00,0.0,13.367839159665607,47.645560381749874,61.751775568359925,0.0,0.0,2.0152601272398076,42.763250591847644,9.65647326377379,0.0,0.0,3.0,0.0,idle,
2026-01-05 11:56:00,0.0,7.805761158673043,46.43895763202209,67.81888847988962,0.0,0.0,3.676433185023473,37.272767954666726,0.0,0.0,0.0,1.0,0.0,idle,
2026-01-05 11:57:00,0.0,6.74419047154692,45.206706981802434,56.77783744212289,0.0,0.0,5.953213356736372,37.396719413436664,7.972351015064362,1.7115896257734176,0.0,4.0,0.0,idle,
2026-01-05 11:58:00,0.0,6.678615361218985,44.63084789545672,59.553954205185114,0.0,0.0,6.977621045335136,36.91323183837339,6.601280216588787,19.222447947781486,0.0,3.0,0.0,idle,
2026-01-05 11:59:00,0.0,6.32731649737484,43.54877047332458,61.75239955017296,0.0,0.0,7.571209051560722,39.79671287040727,0.0,16.19577987857326,0.0,3.0,0.0,idle,
