timestamp,gpu_utilization,memory_utilization,gpu_temperature,power_consumption,ecc_errors,xid_errors,cpu_usage,ram_usage,network_throughput,disk_io,job_runtime,queue_length,active_processes,label,incident
2026-01-05 00:00:00,1.703294619466415,8.369013234913293,38.0,70.64197061638015,0.0,0.0,2.9716768740080246,32.7903479056974,3.8457950306831954,2.7967049807976934,0.0,1.0,0.0,idle,
2026-01-05 00:01:00,64.11702104261443,59.80837915410429,41.60445472723162,286.1938049469395,0.0,0.0,47.410258546185126,71.48113305391175,214.17939864804538,99.31249571538704,0.0,3.0,1.0,mixed,
2026-01-05 00:02:00,58.962418133488804,61.372872868784285,44.39457235354407,259.78256619137136,0.0,0.0,49.56695255723419,69.2094189596366,227.07152876153876,101.44767905477927,1.0,5.0,1.0,mixed,
2026-01-05 00:03:00,60.68659801678297,59.24920018182627,46.77556974401622,260.0748454582399,0.0,0.0,48.22255800160058,68.0830692602284,224.56282270087792,105.41845097778489,2.0,4.0,1.0,mixed,
2026-01-05 00:04:00,58.4961585395547,58.12771842116267,48.90625191631257,260.61850506290045,0.0,0.0,47.13272409877831,71.18266282708744,206.81185252859353,113.22005830569279,3.0,4.0,1.0,mixed,
2026-01-05 00:05:00,57.177682290904286,56.84221321817752,50.792735592900925,251.59438063065895,0.0,0.0,44.91986669455443,71.2591370813188,180.05653240475417,116.9860288578733,4.0,5.0,1.0,mixed,
2026-01-05 00:06:00,61.003761972889706,55.97546211859018,52.09416341757236,264.28138219591403,0.0,0.0,43.17311377593206,68.02276075819627,193.32216177019518,99.96150803036866,5.0,6.0,1.0,mixed,
2026-01-05 00:07:00,57.858469056861466,53.95560800652075,53.31906546479327,253.35870980133117,0.0,0.0,45.2854397439543,65.04575445100642,171.43414694886118,120.62672501352641,6.0,6.0,1.0,mixed,
2026-01-05 00:08:00,60.38860715459872,54.09558659525501,54.52491752606326,267.71397512564107,0.0,0.0,42.317945163398925,64.73849228729125,178.61975262384783,118.2787733344558,7.0,5.0,1.0,mixed,
2026-01-05 00:09:00,61.680952075599706,54.19061083101307,55.78118892150191,277.0036623577954,0.0,0.0,42.67061381004071,65.4981532179165,179.94068881195457,130.32916168738416,8.0,4.0,1.0,mixed,
2026-01-05 00:10:00,59.352063762015504,56.820051877668035,56.38950252230093,263.4148739236059,0.0,0.0,48.1000699178617,68.23932174269542,185.56964571678984,137.88095304581202,9.0,5.0,1.0,mixed,
2026-01-05 00:11:00,61.726293265439736,53.61134269299391,56.95205438485944,263.41282028090257,0.0,0.0,50.05939187582606,66.78068359265663,187.4931132252098,155.08249906247772,10.0,3.0,1.0,mixed,
2026-01-05 00:12:00,58.20786574639123,59.34888172800967,57.34153772741767,256.25812759691087,0.0,0.0,54.212209406309405,70.00188599265147,195.34144101013487,143.4793312236111,11.0,6.0,1.0,mixed,
2026-01-05 00:13:00,60.06235288867393,59.95054683379725,58.4306517653388,262.3269777114397,0.0,0.0,51.271437384957586,68.52405107134734,217.98355263182327,144.47040334953508,12.0,3.0,1.0,mixed,
2026-01-05 00:14:00,59.51683702145939,61.08261038044569,59.26105052376773,255.80752187732494,0.0,0.0,52.165223208087696,68.21928446900316,203.31549865320406,154.78070948977273,13.0,3.0,1.0,mixed,
2026-01-05 00:15:00,63.46351307020859,60.32950259419153,59.55954792020589,267.021068062964,0.0,0.0,47.2844412419157,70.8080638276511,188.86212503333428,151.8241628097233,14.0,4.0,1.0,mixed,
2026-01-05 00:16:00,63.80106414088694,58.73705302938108,60.60546382311107,272.41472288058264,0.0,0.0,46.820243685357156,69.89754317385162,185.5348631305312,136.5790599026277,15.0,5.0,1.0,mixed,
2026-01-05 00:17:00,63.64765392695811,60.602062529473244,60.728882815696096,269.05994960027596,0.0,0.0,44.646406232912774,66.78362192672508,177.7929228421124,112.319460424031,16.0,5.0,1.0,mixed,
2026-01-05 00:18:00,62.872567375257866,59.85514359005788,60.732762051379005,276.23192202083214,0.0,0.0,46.665425375268626,66.66091378786743,192.6395233809994,102.13728429051807,17.0,4.0,1.0,mixed,
2026-01-05 00:19:00,65.97522129151284,56.820883406843926,61.34815547733872,289.2904351830581,0.0,0.0,46.438187022621655,64.81454699306735,187.09437917704918,128.01304417630277,18.0,4.0,1.0,mixed,
2026-01-05 00:20:00,66.06477928632948,56.72134147952678,61.927065704107925,295.31021232569236,0.0,0.0,42.6489167574692,64.20863721905397,158.0111772811635,129.81808106171363,19.0,5.0,1.0,mixed,
2026-01-05 00:21:00,66.24130887246663,56.210904293004496,62.34123956524089,281.0033633949265,0.0,0.0,43.570844426120416,63.666383787043465,154.49550186722138,112.45272646485716,20.0,4.0,1.0,mixed,
2026-01-05 00:22:00,64.78246059753062,57.02412095124067,62.537783639964296,280.0714569626529,0.0,0.0,42.73240356055828,66.79749374648465,148.62044896063793,103.83511404703195,21.0,5.0,1.0,mixed,
2026-01-05 00:23:00,65.37520981444561,56.54413752512795,62.94648308885062,286.81402615552577,0.0,0.0,44.079685352064494,67.93757608508136,149.03316270808426,92.08367815725063,22.0,3.0,1.0,mixed,
2026-01-05 00:24:00,68.77979757689195,58.91510713787228,63.77061292406135,292.1516285960367,0.0,0.0,45.75547760864812,68.5203141495628,160.8504440300039,85.28064028699939,23.0,3.0,1.0,mixed,
2026-01-05 00:25:00,67.39366813020544,57.853755670353536,64.00042818001596,290.2759355070493,0.0,0.0,49.364113521216346,67.29982947443956,176.42972239951118,93.7737516192777,24.0,6.0,1.0,mixed,
2026-01-05 00:26:00,64.37308669881223,60.86283020006648,63.91040646203989,285.0177456247269,0.0,0.0,44.66977474452097,65.25970101805231,161.04762274226076,90.84406043714041,25.0,5.0,1.0,mixed,
2026-01-05 00:27:00,64.64860135837434,61.350176374852,64.25389492148825,284.3772161418246,0.0,0.0,49.839356418212525,70.17237031997242,186.02558721129174,97.29596448000201,26.0,4.0,1.0,mixed,
2026-01-05 00:28:00,64.82298965670529,59.25583290373752,64.22101343136836,274.82108920017026,0.0,0.0,39.458075635611856,72.16824004308964,194.13299106630276,88.55126569804827,27.0,2.0,1.0,mixed,
2026-01-05 00:29:00,62.37267399374137,60.51084296181509,64.10729337451806,271.0883050942721,0.0,0.0,37.914710022657175,71.41760324886049,211.93568404096422,76.70658846808348,28.0,2.0,1.0,mixed,
2026-01-05 00:30:00,63.72610710594424,59.71973907607498,64.52692874369065,270.36700289585826,0.0,0.0,43.83340568131672,69.32888455300274,211.0740352523289,69.34349960776692,29.0,2.0,1.0,mixed,
2026-01-05 00:31:00,65.15236546640256,57.43067318753414,64.5991184940152,277.28934265061156,0.0,0.0,46.52551998825966,72.01237667452627,212.7098347231396,79.19120580415526,30.0,4.0,1.0,mixed,
2026-01-05 00:32:00,64.18078101280656,55.24195284707956,64.57441602585648,279.5907606235071,0.0,0.0,44.29902475677993,72.85945275993251,213.90481800260125,82.93747780692307,31.0,3.0,1.0,mixed,
2026-01-05 00:33:00,64.46504782440962,56.58449642134869,64.50909384292203,281.7328559253602,0.0,0.0,49.55277820288626,70.26974674820195,195.6660487830169,96.96472305444651,32.0,4.0,1.0,mixed,
2026-01-05 00:34:00,62.97278622902782,55.009572978439,64.39888013564612,268.7268700392543,0.0,0.0,48.871430783501985,68.85523652988341,195.33386277699606,115.51247293693532,33.0,4.0,1.0,mixed,
2026-01-05 00:35:00,64.83660006310937,56.299398035200156,64.8379175708636,288.2967563105804,0.0,0.0,50.1314821942447,70.66869731079969,196.86091768071915,121.63800750273572,34.0,2.0,1.0,mixed,
2026-01-05 00:36:00,66.1644004130853,56.8602502391877,64.90222099554518,275.5075954224323,0.0,0.0,49.52788137877053,70.00901053344846,209.063423469863,116.65972704618784,35.0,2.0,1.0,mixed,
2026-01-05 00:37:00,68.27995251905746,56.92588462733978,64.89198109228244,290.3123664651681,0.0,0.0,51.694404765799675,70.46923167542063,218.84654703046033,107.36007810159991,36.0,4.0,1.0,mixed,
2026-01-05 00:38:00,69.07145425883468,56.900771244366105,64.92545751919769,297.62964270195414,0.0,0.0,56.035834455763094,70.21187850794853,226.2500804701237,115.35788335875321,37.0,3.0,1.0,mixed,
2026-01-05 00:39:00,68.57527605092622,55.56195288433281,64.85061856726732,297.9934111597207,0.0,0.0,55.498595906844464,70.90609851564949,198.4730635448428,116.16746481610463,38.0,8.0,1.0,mixed,
2026-01-05 00:40:00,62.958767307909625,57.869629024186715,64.88136643919538,273.90459262188205,0.0,0.0,57.062589953048125,67.1298435963802,192.43294258534831,99.36704042318347,39.0,3.0,1.0,mixed,
2026-01-05 00:41:00,62.234626996060356,55.526695813447255,65.1913670468529,284.9294356169021,0.0,0.0,54.22183322096978,65.1456783747683,208.82273169474786,104.31510470234589,40.0,5.0,1.0,mixed,
2026-01-05 00:42:00,62.83633347362982,55.86272121530744,65.07162406221153,270.2304851366837,0.0,0.0,51.62289569455405,70.1433666085902,212.9505217711486,100.34842135954776,41.0,4.0,1.0,mixed,
2026-01-05 00:43:00,62.49034997843348,55.00286144800956,64.71704716087888,278.1191027463246,0.0,0.0,43.383600502354085,72.05647978002085,221.1492960933395,92.82498355298715,42.0,4.0,1.0,mixed,
2026-01-05 00:44:00,68.43769524301182,52.086917249331734,64.5111719505504,294.66796149489636,0.0,0.0,42.217827040266926,71.47118535124052,234.58530128770892,106.17723203425821,43.0,5.0,1.0,mixed,
2026-01-05 00:45:00,67.97539495730386,53.312728427699206,64.65047016158951,284.8669964390333,0.0,0.0,42.62097408119172,70.02848170578847,214.6649990474508,111.17459217889028,44.0,2.0,1.0,mixed,
2026-01-05 00:46:00,67.3920175893575,52.340430048526265,64.49942228021898,298.07489164746204,0.0,0.0,42.17394251157313,70.8733388958951,234.4002480953547,98.51458960622149,45.0,3.0,1.0,mixed,
2026-01-05 00:47:00,70.45451349229045,58.043682067672,64.80520884689548,291.89498540418526,0.0,0.0,40.94653761671456,69.66150027788377,230.07183128149015,93.4743331138816,46.0,7.0,1.0,mixed,
2026-01-05 00:48:00,71.69633541683808,61.14232024326,64.83463792569597,306.04076950558425,0.0,0.0,37.23471837129238,69.35003293392853,222.19820500270117,88.6862443048756,47.0,6.0,1.0,mixed,
2026-01-05 00:49:00,72.4794108816884,64.14123008070526,65.44415811994423,313.20766459891894,0.0,0.0,41.92173648925526,69.44581091150019,233.754840171056,91.5850280422897,48.0,5.0,1.0,mixed,
2026-01-05 00:50:00,73.00168165934119,65.7623804657198,66.08527124621777,309.2028111341353,0.0,0.0,37.96321470721134,65.39731213909025,228.61444803486552,91.58753991338659,49.0,4.0,1.0,mixed,
2026-01-05 00:51:00,73.81147910432087,66.86023488876826,66.5250679389784,304.8474551553618,0.0,0.0,45.15295220994169,68.01750572297902,228.7223550422385,76.44604646869408,50.0,3.0,1.0,mixed,
2026-01-05 00:52:00,67.93001303107943,64.33039813873822,66.90608261454189,283.9068520256073,0.0,0.0,47.33050424183916,66.91598117171021,213.61904097052627,75.58750722919956,51.0,4.0,1.0,mixed,
2026-01-05 00:53:00,71.02791119223434,64.98033579175322,66.96373341895615,285.5246301896255,0.0,0.0,52.40968669538792,68.39528098895688,223.49441037015578,73.50270234468795,52.0,2.0,1.0,mixed,
2026-01-05 00:54:00,67.9978671260993,63.46220423931364,66.47143537638956,282.32798912810273,0.0,0.0,50.46216479292821,68.19089765313001,217.60081765993226,83.57764975634323,53.0,3.0,1.0,mixed,
2026-01-05 00:55:00,68.10209263048131,63.830153973246176,66.5841974508744,294.57697799964023,0.0,0.0,53.91864948006895,69.90053993373198,207.69116715618975,100.39154325226335,54.0,3.0,1.0,mixed,
2026-01-05 00:56:00,67.6126098814984,63.662359304549774,66.2985072928688,285.31030006697813,0.0,0.0,50.41198254353611,69.96440603796916,207.41153344718782,104.80916178214696,55.0,5.0,1.0,mixed,
2026-01-05 00:57:00,64.83866348518175,62.24819094910968,66.04534927509016,279.61042623653015,0.0,0.0,54.164297265542245,67.30814267481887,191.86004396303372,92.83591762392675,56.0,4.0,1.0,mixed,
2026-01-05 00:58:00,66.71458373026547,61.06862096169817,66.32751482202072,293.3244926772236,1.0,0.0,50.1599222825157,69.41479264220253,185.04961482447953,88.45099331284874,57.0,3.0,1.0,mixed,
2026-01-05 00:59:00,63.30939899121118,61.22774924443573,65.88541217264817,272.09589198572695,0.0,0.0,48.850499836244325,70.29255778303184,196.33150958121828,93.78179009380582,58.0,5.0,1.0,mixed,
2026-01-05 01:00:00,62.94019964692408,60.633980490582864,65.74841455770664,266.7745274487627,0.0,0.0,56.237035599492856,73.57613343762361,195.58901586064763,97.67235365494552,59.0,5.0,1.0,mixed,
2026-01-05 01:01:00,65.61382388403977,62.71214075574965,65.1638292835438,277.7182757222352,0.0,0.0,54.577967967519754,75.0891610004558,175.5509285654867,104.23416587755786,60.0,3.0,1.0,mixed,
2026-01-05 01:02:00,65.26232484808015,62.38777178229279,64.9897266968168,287.93150516117885,0.0,0.0,58.73972171809319,76.17517571913064,190.94288495502948,108.24078632827414,61.0,5.0,1.0,mixed,
2026-01-05 01:03:00,62.214196990584725,64.70962686031552,64.96825935450826,269.42110683009463,0.0,0.0,54.39869360414104,74.87202726177776,203.1934661568912,114.45708770957813,62.0,4.0,1.0,mixed,
2026-01-05 01:04:00,61.23501350222152,60.166432406623066,65.39465360625304,263.2490668811104,0.0,0.0,53.892775541224275,71.8285614784745,192.17763309042485,100.04953083562961,63.0,5.0,1.0,mixed,
2026-01-05 01:05:00,65.59388943345283,60.738840438963656,65.31603380702629,277.82532995945616,0.0,0.0,52.497293512922084,71.52401659916015,194.39944309775325,101.55816618334606,64.0,4.0,1.0,mixed,
2026-01-05 01:06:00,72.40284681206914,60.25295095506681,65.59505987656489,310.8817242399446,0.0,0.0,49.496044609304825,72.0183088623644,204.66453276141328,107.63113229196637,65.0,4.0,1.0,mixed,
2026-01-05 01:07:00,71.69843153811075,62.10755809006345,65.47563599596269,295.1839759585257,0.0,0.0,50.17001480290922,70.30258791112712,204.09517898292688,116.69471519928416,66.0,5.0,1.0,mixed,
2026-01-05 01:08:00,70.66749173705449,61.57450519892643,65.85251191900291,298.01501977336807,0.0,0.0,53.65770979760827,71.82265756169222,206.56037412312313,113.15095352680467,67.0,7.0,1.0,mixed,
2026-01-05 01:09:00,68.25348602859759,63.461626750258255,66.15768195399404,291.5330254638221,0.0,0.0,54.46494722942538,65.58322536503101,219.6997721862557,123.78428821613856,68.0,4.0,1.0,mixed,
2026-01-05 01:10:00,62.78208316696251,64.29860096327566,65.67413989713525,261.35878480140934,0.0,0.0,57.327463563278506,64.13578369099561,221.98713286911575,91.83314334682215,69.0,4.0,1.0,mixed,
2026-01-05 01:11:00,69.14396379776545,66.18562742088433,66.23934010700641,304.5619835203366,1.0,0.0,54.98156724620987,68.82727022587883,197.87911383415766,85.28008016353289,70.0,5.0,1.0,mixed,
2026-01-05 01:12:00,67.58105128931165,61.442403566217216,66.64377531328158,291.62629809775416,0.0,0.0,60.05692253744654,65.69854361208621,213.75975405124137,93.6439382737224,71.0,5.0,1.0,mixed,
2026-01-05 01:13:00,67.71160234079905,62.045261774787605,67.05970186530634,295.5590114769874,0.0,0.0,55.340534150278614,68.54830907287823,195.05545621868464,89.50407074275181,72.0,2.0,1.0,mixed,
2026-01-05 01:14:00,71.07492074115798,61.638012491480374,67.3589000270808,303.44688427885694,0.0,0.0,53.12854811654771,69.06305428995041,193.08892640947744,72.4142151720412,73.0,3.0,1.0,mixed,
2026-01-05 01:15:00,68.18763021054257,59.79625005990592,67.30885439836676,295.17136612056845,0.0,0.0,51.55006454992447,68.46529663450659,206.40705349313828,88.16886107579813,74.0,5.0,1.0,mixed,
2026-01-05 01:16:00,1.6773587852121496,4.628201019750749,63.706359933176714,67.62305803640245,0.0,0.0,3.913246062551492,32.26495306958541,31.67088967713323,0.0,0.0,1.0,0.0,idle,
2026-01-05 01:17:00,0.0,3.113403559504583,60.928118836181206,52.46762323099423,0.0,0.0,7.3454289755556985,31.52534414839046,47.429064945155986,0.0,0.0,2.0,0.0,idle,
2026-01-05 01:18:00,0.0,1.1484535539696692,57.933615911504376,52.89776164965059,0.0,0.0,3.270614197468835,32.47472418219324,55.67685874105925,0.0,0.0,3.0,0.0,idle,
2026-01-05 01:19:00,0.0,5.342058502820808,55.861765337376404,60.460264935345634,0.0,0.0,6.89608622157073,35.563649853411455,69.48573962000569,5.258919171502162,0.0,0.0,0.0,idle,
2026-01-05 01:20:00,4.698557090147673,5.219243084038856,53.75004269675653,78.1671520757112,0.0,0.0,6.790445385739741,30.621876451695947,44.376091454883934,0.0,0.0,4.0,0.0,idle,
2026-01-05 01:21:00,4.254338856004174,7.478236220915717,51.676049996799414,72.98660940813646,0.0,0.0,12.402935790348227,28.536578178996457,36.48002210923222,17.35429137936418,0.0,4.0,0.0,idle,
2026-01-05 01:22:00,7.3546589557164515,5.6056378424052005,50.02192604625887,85.49562274724678,0.0,0.0,3.9249810771472644,31.366751532543816,45.05199083206821,17.92995105368687,0.0,0.0,0.0,idle,
2026-01-05 01:23:00,5.077843323205118,3.5141732688193184,48.90014778088806,73.36022532659398,0.0,0.0,6.9879576667661265,30.883301792116203,40.83627692165821,12.092131275360318,0.0,1.0,0.0,idle,
2026-01-05 01:24:00,5.653156701906262,7.81491885341763,47.99811649016957,82.49951420529872,0.0,0.0,10.786032275259956,30.959382095473366,48.2902687584581,8.95509952849119,0.0,3.0,0.0,idle,
2026-01-05 01:25:00,2.80644828923694,8.043666847162882,47.19541001552477,61.23226641268328,0.0,0.0,9.81180334079952,31.16877231472993,43.78108371607827,3.2614582729168435,0.0,0.0,0.0,idle,
2026-01-05 01:26:00,0.0,9.7379264681426,46.198976058850135,64.17678664290833,0.0,0.0,4.704302399992733,32.14120185638755,35.44493749480749,2.0463492041677096,0.0,1.0,0.0,idle,
2026-01-05 01:27:00,0.0,8.123003980011365,45.19117270333553,57.786126583549375,0.0,0.0,5.226442764081862,30.195562688016906,4.160698522945541,14.605558780100358,0.0,3.0,0.0,idle,
2026-01-05 01:28:00,0.0,4.567511078339565,44.57103926251944,52.81559332794294,0.0,0.0,5.930163061266004,30.572266352312674,0.0,0.0,0.0,2.0,0.0,idle,
2026-01-05 01:29:00,0.0,3.121178251006741,43.58542616199044,56.82786797053387,0.0,0.0,1.7700892330265505,31.7276738368775,0.0,0.0,0.0,3.0,0.0,idle,
2026-01-05 01:30:00,0.0,5.64251461331124,43.133602907187154,56.08657806837795,0.0,0.0,3.1790964935037938,32.75088082345541,0.0,0.0,0.0,3.0,0.0,idle,
2026-01-05 01:31:00,0.0,8.078881449238695,42.307454663394985,67.60196536164409,0.0,0.0,8.432037220651445,34.48007554985561,0.0,0.0,0.0,4.0,0.0,idle,
2026-01-05 01:32:00,0.0,4.630505966700968,41.46604817876923,56.92414481108159,0.0,0.0,5.5581230527229,32.599708673461365,0.0,0.0,0.0,4.0,0.0,idle,
2026-01-05 01:33:00,0.18814522963830904,3.582758942709254,41.249350805085804,66.24504388505893,0.0,0.0,4.150223826112443,32.29722439879028,0.0,0.0,0.0,1.0,0.0,idle,
2026-01-05 01:34:00,0.2513007410259378,5.381650744577568,41.01076811570745,55.904996819253554,0.0,0.0,7.121448890394759,33.386814126728886,0.0,0.0,0.0,2.0,0.0,idle,
2026-01-05 01:35:00,0.0,5.544218043838216,40.351187988225306,57.30292632430159,0.0,0.0,4.307977587593372,34.91296466800204,0.0,19.707996609101194,0.0,2.0,0.0,idle,
2026-01-05 01:36:00,0.0,6.478998126324814,40.25409495312217,60.90806899161191,0.0,0.0,5.0673646459880795,37.368444228016486,0.0,5.631920408057708,0.0,0.0,0.0,idle,
2026-01-05 01:37:00,4.011756689082285,7.6890821942025545,40.11627913600922,80.42137670178488,0.0,0.0,11.281908882066865,37.90768647239781,0.0,12.151006034525588,0.0,2.0,0.0,idle,
2026-01-05 01:38:00,10.34287292612256,6.6307695060228315,40.32214230979382,88.90674841858515,0.0,0.0,12.788274386954065,33.84607212681561,0.0,15.101189852397924,0.0,2.0,0.0,idle,
2026-01-05 01:39:00,9.788715114419114,9.602365040381681,40.41296010587649,94.54628133501573,0.0,0.0,13.239385139965144,30.839945074370334,5.411735685914223,6.108075771489675,0.0,2.0,0.0,idle,
2026-01-05 01:40:00,7.097756355220704,10.290783434156651,40.77031722813828,92.66842243423486,0.0,0.0,14.933321954779352,30.96930188190151,18.470146326821464,11.340029179577558,0.0,2.0,0.0,idle,
2026-01-05 01:41:00,4.212354417832275,8.29664524410944,40.66050515459291,80.4432037643118,0.0,0.0,14.312535081416009,30.059350741341312,26.169866891582505,9.032672923563053,0.0,3.0,0.0,idle,
2026-01-05 01:42:00,1.243649355760456,8.48426713273402,40.07425777854943,63.57496351981388,0.0,0.0,9.554904932573951,29.886668806241246,22.902321968967954,10.116949465470846,0.0,1.0,0.0,idle,
2026-01-05 01:43:00,0.7472487486325751,8.626554438136015,39.89874729914634,66.88546857385903,0.0,0.0,4.841227113400828,30.39001130209742,36.39798269850287,7.059927014153127,0.0,3.0,0.0,idle,
2026-01-05 01:44:00,4.628882811299749,7.612851518903669,39.528423365208724,80.60089030676565,0.0,0.0,8.012163365037665,30.395367762119307,27.50716621318335,0.0,0.0,2.0,0.0,idle,
2026-01-05 01:45:00,3.358924392899226,9.474657691465685,39.56326498286822,70.70226604412525,0.0,0.0,10.961499599278543,32.222445612891626,34.207445501137215,10.791819841946316,0.0,3.0,0.0,idle,
2026-01-05 01:46:00,3.586738608860854,10.665440295688299,39.573539002566925,63.88387003041949,0.0,0.0,10.792936589229464,31.449439466925927,15.741902934443196,9.04354936744412,0.0,2.0,0.0,idle,
2026-01-05 01:47:00,5.4835937889953055,9.23286305479126,39.98327263261924,82.3368994414233,1.0,0.0,3.545183781873833,32.396604595527954,14.358511628874936,10.22601499399259,0.0,1.0,0.0,idle,
2026-01-05 01:48:00,5.027369323513528,10.689167392027667,39.992330114800154,72.89338455742653,0.0,0.0,5.860806540851455,31.974118688952174,0.0,1.9454756191801938,0.0,4.0,0.0,idle,
2026-01-05 01:49:00,4.3868334575297325,9.568980721489957,39.67125941663117,73.55051345938323,0.0,0.0,9.009528615887067,34.919733416644085,0.0,0.0,0.0,2.0,0.0,idle,
2026-01-05 01:50:00,4.13738943631632,8.905912618964516,39.72164682047996,73.2800121981838,0.0,0.0,2.302691024405336,31.657922546840215,0.0,9.526853355356124,0.0,3.0,0.0,idle,
2026-01-05 01:51:00,5.692831013583661,10.252409408985734,39.848784940137044,78.56005021338547,0.0,0.0,4.104117413591032,32.09251216420326,15.948463660691996,3.016648959275861,0.0,7.0,0.0,idle,
2026-01-05 01:52:00,4.650807818861437,9.433865261366472,39.715784561392496,77.33425213544658,0.0,0.0,7.151657493846987,30.95566422189414,17.207444081383592,24.860069217197168,0.0,3.0,0.0,idle,
2026-01-05 01:53:00,0.7112190766443931,8.649380675993429,39.37425597757582,67.41326534880383,0.0,0.0,9.477030436786777,32.409027064261714,12.191516261453764,10.6655174147288,0.0,1.0,0.0,idle,
2026-01-05 01:54:00,2.4441014392998825,10.376624192960652,39.40870054631897,63.37020513289601,0.0,0.0,12.99656192828288,35.29705477683034,0.0,13.928287920212272,0.0,1.0,0.0,idle,
2026-01-05 01:55:00,1.7178359185256007,10.142247773116466,39.30727474747462,54.15341761110883,0.0,0.0,3.812691317372763,33.24464466473966,14.347935585464747,2.5868830938892695,0.0,1.0,0.0,idle,
2026-01-05 01:56:00,1.4513435758824003,7.11671634700673,39.565234802070705,62.52939610574435,0.0,0.0,3.9029561179516006,35.47168373346031,20.05466029461459,0.0,0.0,0.0,0.0,idle,
2026-01-05 01:57:00,4.359416266263248,7.954713386955693,39.605199589878325,77.69086236697112,0.0,0.0,1.2264358017598112,35.48359666220179,13.175886536909736,7.041428408625633,0.0,2.0,0.0,idle,
2026-01-05 01:58:00,4.259862475024433,10.662897843331512,40.007626427852664,73.69336089448434,0.0,0.0,3.0673858785400085,36.896083249105985,18.304436155172972,21.021531408002616,0.0,2.0,0.0,idle,
2026-01-05 01:59:00,2.377430049558779,11.197045145389804,39.63843164815331,66.9919789284562,0.0,0.0,5.6845101371870035,36.578393483851585,0.0,26.200695711323956,0.0,6.0,0.0,idle,
2026-01-05 02:00:00,36.867012083649925,88.00446129552947,40.673882387259525,181.20539589402583,0.0,0.0,38.33127229981734,79.83127805069883,60.334702654755375,71.12499988967112,0.0,5.0,3.0,memory_bound,
2026-01-05 02:01:00,36.308418240976394,89.50071410227855,41.818905228704814,194.56233915811845,0.0,0.0,41.54917327944759,77.02558754574999,105.25723886178366,79.80640843496039,1.0,2.0,3.0,memory_bound,
2026-01-05 02:02:00,34.07840950836679,87.85273162965582,42.73699576007446,167.69064845943305,0.0,0.0,43.74149192105318,76.07413792364237,81.74112302105165,68.85940584869684,2.0,8.0,3.0,memory_bound,
2026-01-05 02:03:00,34.887422495763445,83.84974147097482,44.16832883957983,180.82602389841637,0.0,0.0,45.585280643254556,77.56192913423513,64.74283683561421,56.058608605262634,3.0,3.0,3.0,memory_bound,
2026-01-05 02:04:00,36.70882147772806,83.84108572012016,44.995885451235544,180.73454320350885,0.0,0.0,37.68375214641937,77.67152224067706,77.61370102123152,68.81477811562128,4.0,5.0,3.0,memory_bound,
2026-01-05 02:05:00,36.345808652418626,82.18323310078299,45.89560265095897,179.99879840971136,0.0,0.0,34.8320301287123,78.9298730993191,78.8607797843832,54.158899125348675,5.0,5.0,3.0,memory_bound,
2026-01-05 02:06:00,37.32122786800311,83.86996135160632,47.264051385742825,192.99600243933827,0.0,0.0,32.18510799282526,78.89780911814196,73.07508999572782,61.058610747147014,6.0,6.0,3.0,memory_bound,
2026-01-05 02:07:00,40.09047658307485,83.65172919499125,47.60020852614421,185.73628625020467,0.0,0.0,33.68166714831228,77.56405583940335,42.23340667077476,59.73011846026361,7.0,3.0,3.0,memory_bound,
2026-01-05 02:08:00,41.308858627916955,88.08441445610731,48.2320294495592,191.2404787479478,0.0,0.0,36.673201184638735,75.28678843082089,35.597088087448775,53.29290431035369,8.0,3.0,3.0,memory_bound,
2026-01-05 02:09:00,37.83356040766537,90.31801215747896,48.74916804722593,187.46781484172055,0.0,0.0,33.63860559463648,77.25931771706695,41.948827286580354,56.337818809564894,9.0,4.0,3.0,memory_bound,
2026-01-05 02:10:00,39.334338866685606,90.15295049437606,49.682286121587275,191.1800229792737,0.0,0.0,37.246831339496296,76.09857482763061,18.640732162435413,36.44929309162558,10.0,3.0,3.0,memory_bound,
2026-01-05 02:11:00,32.6392873543255,92.70922159401822,49.49703022289833,169.6390548301437,0.0,0.0,38.7255474928059,78.51625296893906,26.60839119487133,25.243758835192793,11.0,3.0,3.0,memory_bound,
2026-01-05 02:12:00,34.72572457279171,93.60638549850832,50.311450746223194,177.97231886274267,0.0,0.0,39.49031463114539,75.91468970627548,53.341243408670856,23.37786392508299,12.0,4.0,3.0,memory_bound,
2026-01-05 02:13:00,32.691829258345294,89.63509774695213,50.332066751639,165.58146612764122,0.0,0.0,31.887142100923302,78.19329284947865,41.82061294452565,47.08007354899598,13.0,5.0,3.0,memory_bound,
2026-01-05 02:14:00,34.36918184373109,88.44063833066743,50.7564836255718,179.16032288691372,0.0,0.0,27.730799030232205,79.99690775469394,32.888914258544474,66.70152348513726,14.0,3.0,3.0,memory_bound,
2026-01-05 02:15:00,34.786882001268545,88.50597786351462,51.22269392768304,183.85218011370205,0.0,0.0,29.983009788830966,80.35412933988616,49.357141459347986,73.47642935018155,15.0,6.0,3.0,memory_bound,
2026-01-05 02:16:00,36.846664456804994,87.59358873530725,51.55764112051334,197.16109453959595,0.0,0.0,25.617525577608298,79.92325002458833,75.1911243436804,70.8081249128146,16.0,4.0,3.0,memory_bound,
2026-01-05 02:17:00,37.21931123501302,87.74477992385937,51.43485764458652,192.97376951769857,0.0,0.0,33.5479833912066,79.85945822224768,83.41402218355807,62.642079896472794,17.0,2.0,3.0,memory_bound,
2026-01-05 02:18:00,35.68490452174737,89.46479510706733,51.41709514423357,178.41860055302362,0.0,0.0,35.00415653448607,79.25935655293173,65.85118419233696,52.812985557561184,18.0,2.0,3.0,memory_bound,
2026-01-05 02:19:00,35.63977586805507,91.02452091520406,51.20630051696887,183.32367737563067,0.0,0.0,33.641144552969905,78.75951444126586,59.87695711851411,75.88457430121953,19.0,5.0,3.0,memory_bound,
2026-01-05 02:20:00,35.28216122785881,92.13611929178289,51.66447404662513,180.76890114152545,0.0,0.0,35.324663705900306,76.67410360430372,23.627177805450778,58.806209181203975,20.0,2.0,3.0,memory_bound,
2026-01-05 02:21:00,38.8535785666651,90.52696918157827,51.62848429299612,187.3576167333184,0.0,0.0,39.18339853550083,76.87989694305212,20.488171241701743,64.7423418353552,21.0,3.0,3.0,memory_bound,
2026-01-05 02:22:00,39.26083688700926,89.84043635427871,52.05521302992054,198.91547195838675,0.0,0.0,41.06908335000317,76.72583983031392,24.96139807241419,61.65065176563059,22.0,4.0,3.0,memory_bound,
2026-01-05 02:23:00,38.98975469916706,90.06360743680602,52.078391380788865,185.8275904914527,0.0,0.0,36.280498831740005,74.53641332720281,26.84006643719433,60.058080955191556,23.0,5.0,3.0,memory_bound,
2026-01-05 02:24:00,40.76681835932814,86.53574272393516,52.408264420257524,200.6940366982995,0.0,0.0,35.13851190389441,71.85865412444383,26.653858022190455,57.567398579457894,24.0,3.0,3.0,memory_bound,
2026-01-05 02:25:00,39.43344943974017,87.00657449370948,52.890968633596984,192.49755225961022,0.0,0.0,32.2368212791086,75.10367477969989,27.52396853997953,55.499871382848816,25.0,3.0,3.0,memory_bound,
2026-01-05 02:26:00,35.984205481008466,84.9053824618574,53.06202022967762,176.94224165268054,0.0,0.0,31.747643195155465,73.51222089596035,14.047698409796183,60.34171518920134,26.0,4.0,3.0,memory_bound,
2026-01-05 02:27:00,36.73710822138462,84.2914242019273,53.05725009688518,185.79386743629445,0.0,0.0,31.199377244146646,72.4093763260945,19.151711384169957,56.35279638009508,27.0,4.0,3.0,memory_bound,
2026-01-05 02:28:00,33.425201637250794,81.7547035537938,53.19345052760438,175.0461957834736,0.0,0.0,31.662530628307834,73.13068025839647,11.487302208620612,62.375622495515394,28.0,4.0,3.0,memory_bound,
2026-01-05 02:29:00,39.07895825219692,84.76015966923008,52.88881595167976,192.10320747191193,0.0,0.0,34.28502747075708,75.5815422740728,34.86631089088177,56.97957834124506,29.0,3.0,3.0,memory_bound,
2026-01-05 02:30:00,38.43784966932796,86.21510490744457,52.7577880189577,195.62786349097064,0.0,0.0,31.543583883752525,75.97852325093828,16.47419150852363,59.38215053436494,30.0,4.0,3.0,memory_bound,
2026-01-05 02:31:00,39.303606018866596,86.18169462259787,53.20780322140406,196.09256771827745,0.0,0.0,27.73147896371034,74.22233840101666,18.96859146922536,61.3298932415693,31.0,4.0,3.0,memory_bound,
2026-01-05 02:32:00,38.15376934876019,86.9342204440678,53.24668577675021,193.46562071698736,0.0,0.0,24.903165846903587,73.46513072527338,11.256955349461506,47.71934261777243,32.0,2.0,3.0,memory_bound,
2026-01-05 02:33:00,36.30551270067273,85.03536318779491,53.18198701695396,185.07839502708433,0.0,0.0,23.41717505056706,74.3212331432137,30.03253639389409,47.48902905202461,33.0,4.0,3.0,memory_bound,
2026-01-05 02:34:00,40.09779433379265,86.20546887641592,53.16774106950559,187.80152446555078,0.0,0.0,20.713605442751554,71.95034933143376,23.147213049156296,41.11764260193829,34.0,3.0,3.0,memory_bound,
2026-01-05 02:35:00,38.05580633780327,86.13308516601968,53.41499345694016,182.6143986417257,0.0,0.0,20.47630548177646,72.2993527661981,45.51885998135169,44.553157190090154,35.0,2.0,3.0,memory_bound,
2026-01-05 02:36:00,36.10990491083859,88.73611441390561,53.635694714859895,183.60118908236072,0.0,0.0,18.976796335819373,71.25652748591288,48.512698137411,27.38963260334535,36.0,3.0,3.0,memory_bound,
2026-01-05 02:37:00,37.15663667461861,89.90578527094276,53.40072603552476,186.19212309849533,0.0,0.0,25.767688064481238,70.43625525284688,66.8896135782845,29.422280059954513,37.0,4.0,3.0,memory_bound,
2026-01-05 02:38:00,35.72770317054805,89.45165331761572,53.71252511789531,181.22692644816442,0.0,0.0,26.823329195573553,71.76633050539019,45.02656076673182,29.157972065167524,38.0,3.0,3.0,memory_bound,
2026-01-05 02:39:00,36.75038786213479,88.34168476675214,53.693155829003445,182.8581500950498,0.0,0.0,27.68125081796876,72.98631305214136,73.88171568648507,39.490378725458996,39.0,4.0,3.0,memory_bound,
2026-01-05 02:40:00,37.85162132284014,86.30093618521032,53.61537755113805,188.7138942181166,0.0,0.0,29.82245302060062,69.95038870631032,63.77302081705385,36.833886442432586,40.0,5.0,3.0,memory_bound,
2026-01-05 02:41:00,36.15979938491808,84.07612438569294,53.01437195817815,179.90760661287976,0.0,0.0,30.925517734377994,65.83201768329943,71.62288247426517,33.19607138112838,41.0,4.0,3.0,memory_bound,
2026-01-05 02:42:00,32.633336927019634,85.20196783308049,52.93582976938326,172.60223268756408,0.0,0.0,32.703100543406556,68.33048469221481,90.31225885371104,39.82058793970816,42.0,3.0,3.0,memory_bound,
2026-01-05 02:43:00,33.138640855239665,83.02811885267504,52.81326446245329,171.23222263215976,0.0,0.0,32.529426375628795,67.59419631087032,74.85862060626832,29.773692516007163,43.0,5.0,3.0,memory_bound,
2026-01-05 02:44:00,33.08977143662587,84.86469573244818,52.92628959629157,174.41672716213466,0.0,0.0,33.29341864096767,66.77184844193371,51.300715277856156,30.571925788803952,44.0,3.0,3.0,memory_bound,
2026-01-05 02:45:00,30.02240652167752,86.00589908135791,52.75416136978233,161.60434887159857,0.0,0.0,31.398943717485363,70.22426273001011,48.01557411928621,25.191407638469723,45.0,4.0,3.0,memory_bound,
2026-01-05 02:46:00,34.77837607199038,85.48683067025765,52.785667060259065,180.6551212843821,0.0,0.0,25.630549594267503,72.59395998644479,45.28946257827277,12.675307416276354,46.0,3.0,3.0,memory_bound,
2026-01-05 02:47:00,34.06426599734887,85.78684198955732,52.61505093764592,188.2469326923671,0.0,0.0,22.597407079820712,70.30235186476428,29.339689890223944,33.96555153519819,47.0,4.0,3.0,memory_bound,
2026-01-05 02:48:00,34.68480331744051,85.99428781546729,52.80259442191626,180.29588221464888,0.0,0.0,25.487538738604833,72.75161054293785,29.77968034190226,34.96990480015556,48.0,4.0,3.0,memory_bound,
2026-01-05 02:49:00,38.25393960498597,85.66965795866965,52.748696721860846,198.21565938838444,0.0,0.0,29.10367435691948,72.71392460148178,34.39770179596309,56.98089780714368,49.0,2.0,3.0,memory_bound,
2026-01-05 02:50:00,37.50974875143753,85.41189926114652,52.69958322211589,177.71182012763222,0.0,0.0,33.94427287139077,77.27301163640583,15.38452767518082,55.36629300874826,50.0,3.0,3.0,memory_bound,
2026-01-05 02:51:00,35.56612145671953,87.16835121629539,52.261099340784234,177.98652498888768,0.0,0.0,36.92472791884289,79.72830140965272,23.77254829781108,32.898290525578176,51.0,7.0,3.0,memory_bound,
2026-01-05 02:52:00,35.787955368843406,87.17076557801273,52.662517332472284,177.54342540291046,0.0,0.0,38.39003023475202,82.72673097277254,16.59618282585606,40.010388382203956,52.0,4.0,3.0,memory_bound,
2026-01-05 02:53:00,36.51969404266473,86.52407560749594,53.16306524784368,188.24273268072625,0.0,0.0,36.98126001732828,81.5121144210315,0.4245348612448794,51.53684731937876,53.0,6.0,3.0,memory_bound,
2026-01-05 02:54:00,37.75213210474482,88.72483998814181,52.88760690452404,187.8233015348126,0.0,0.0,34.524226766291065,78.44731520124475,15.16343226212868,64.22459158947947,54.0,2.0,3.0,memory_bound,
2026-01-05 02:55:00,37.112355520322836,84.5590397928783,53.13039962861375,194.31666683469726,0.0,0.0,39.02859669543504,78.41886199809892,30.325812464161707,53.531914050651054,55.0,3.0,3.0,memory_bound,
2026-01-05 02:56:00,36.12560938193987,84.25411245367698,52.947276366347054,181.49556988531413,0.0,0.0,39.490196831001214,79.5790864901097,29.323281647929473,45.36982780095475,56.0,4.0,3.0,memory_bound,
2026-01-05 02:57:00,34.507250368688425,86.06238432490616,53.15580827988168,181.09786201276557,0.0,0.0,40.68183832128162,78.04784128609626,37.02303338196942,38.54938190901095,57.0,5.0,3.0,memory_bound,
2026-01-05 02:58:00,40.36675297448521,90.94218484686635,53.847545277519906,206.7917406574779,0.0,0.0,36.60696166019628,77.69617150066465,44.81908963690073,39.85234352742265,58.0,3.0,3.0,memory_bound,
2026-01-05 02:59:00,39.30212402180111,91.04628017925288,53.69063414549085,181.9455582849776,0.0,0.0,29.876365582206738,78.24755370067996,33.95852852576853,47.6569206050127,59.0,5.0,3.0,memory_bound,
2026-01-05 03:00:00,39.63054548503098,88.17882849191368,54.205849356761114,193.93549496750146,0.0,0.0,27.616560780593893,79.20281790020648,50.794544546882506,37.060735228285594,60.0,6.0,3.0,memory_bound,
2026-01-05 03:01:00,33.69441701491922,85.77159057660316,53.608509712696026,173.77334622615933,0.0,0.0,29.561545958469946,78.13589041020836,57.68083570161776,48.29554765880337,61.0,3.0,3.0,memory_bound,
2026-01-05 03:02:00,36.25000067217569,87.60784973123172,53.472126627565004,188.14226085129692,0.0,0.0,21.93881748520731,79.00781726598798,55.137449686035445,46.038713975998995,62.0,4.0,3.0,memory_bound,
2026-01-05 03:03:00,38.370744272036504,90.56675414404754,53.002337335712205,197.1548566035673,0.0,0.0,22.5647672616996,79.91983374189867,62.79199760004599,36.13439788334587,63.0,4.0,3.0,memory_bound,
2026-01-05 03:04:00,35.82547534026613,89.26072997358433,53.02239741616449,177.65583201251488,0.0,0.0,19.52844827006658,79.4992549758452,68.29811330744853,33.74106497901455,64.0,4.0,3.0,memory_bound,
2026-01-05 03:05:00,36.73007318153796,90.31113241372248,53.28896860878022,185.8345358848187,0.0,0.0,20.865664878095966,79.07031253116844,63.51165107834606,47.96948928650181,65.0,5.0,3.0,memory_bound,
2026-01-05 03:06:00,39.066610310376156,89.1288315176475,53.43466276059175,191.09821643381267,0.0,0.0,26.936740494388417,77.10373573760275,40.635826614726994,46.537245440509324,66.0,2.0,3.0,memory_bound,
2026-01-05 03:07:00,40.72662973026077,91.10486723529823,54.05511655844153,209.00276619295443,0.0,0.0,31.611916079429296,81.53204173429478,40.18404762204683,25.215210122619162,67.0,3.0,3.0,memory_bound,
2026-01-05 03:08:00,41.49165924472203,90.89961002204366,53.781829036092454,197.1831446248273,0.0,0.0,32.436654582477814,82.92721438660809,16.425948256330088,15.969760693757923,68.0,2.0,3.0,memory_bound,
2026-01-05 03:09:00,41.683896545767794,89.74174522324333,54.15295788932286,210.81344648435186,0.0,0.0,32.51071210317314,83.70594639454205,15.313743595837323,23.428628434591275,69.0,6.0,3.0,memory_bound,
2026-01-05 03:10:00,41.08631611098241,83.09883796265488,54.31399510992443,195.81830204685951,0.0,0.0,30.83450127265561,82.67745424974976,16.86183277531194,39.26703480901792,70.0,3.0,3.0,memory_bound,
2026-01-05 03:11:00,41.94453697800102,88.47378727592965,54.86511162083459,201.99629890308188,0.0,0.0,32.73139228972562,76.49048615512343,0.0,40.13075158293634,71.0,2.0,3.0,memory_bound,
2026-01-05 03:12:00,40.41358293207679,89.01726992475012,55.20685747447778,207.5575116499366,0.0,0.0,33.21474473157756,75.14417446953279,0.0,38.70264512208685,72.0,4.0,3.0,memory_bound,
2026-01-05 03:13:00,39.45338340548196,87.96632775722503,54.878319934590415,196.05948508126374,0.0,0.0,38.33793320075131,76.88521078732046,0.0,25.43262184062374,73.0,4.0,3.0,memory_bound,
2026-01-05 03:14:00,40.311710296978475,89.27386847332163,54.823033746053035,199.54861920177402,0.0,0.0,37.108849350897415,78.43607969676361,0.0,35.133423224087736,74.0,7.0,3.0,memory_bound,
2026-01-05 03:15:00,39.65874518546478,88.8882218461199,55.33416664431505,200.51441973585378,0.0,0.0,31.468607305454555,78.88649463890637,7.213568495434963,49.562349707950936,75.0,4.0,3.0,memory_bound,
2026-01-05 03:16:00,37.05274112150806,91.27648335760884,54.918872354339655,179.47633317372282,0.0,0.0,32.81785964751014,76.30959955256421,14.10438491316583,53.335872955208984,76.0,5.0,3.0,memory_bound,
2026-01-05 03:17:00,34.6663907514659,87.06224074510938,54.713736995455434,177.4082151106629,0.0,0.0,33.04977824354471,76.14070315324459,33.00079241423452,63.682214396263475,77.0,3.0,3.0,memory_bound,
2026-01-05 03:18:00,30.332179751851246,87.38197236112806,54.597318093331076,165.11182482119608,0.0,0.0,34.1344207382912,79.71372165845497,12.989221029654487,51.20062880696484,78.0,5.0,3.0,memory_bound,
2026-01-05 03:19:00,26.48918313923403,86.25036471275308,53.80213428999442,158.4321178660934,0.0,0.0,35.633964440322124,78.70860813494997,12.512341161291324,47.09161607543324,79.0,4.0,3.0,memory_bound,
2026-01-05 03:20:00,28.29964758891722,83.5431354602624,53.05902503610531,149.04935339451205,0.0,0.0,35.27165212630077,77.9371544535183,20.325022666130486,51.34038308642514,80.0,3.0,3.0,memory_bound,
2026-01-05 03:21:00,30.927775427259146,80.56621769581993,52.66011319561612,166.42884934277126,0.0,0.0,35.670965199892834,78.35390206406205,54.18187102406721,56.508493333903104,81.0,3.0,3.0,memory_bound,
2026-01-05 03:22:00,30.699192550830794,80.16306012928291,52.5256099542421,168.54887527318078,0.0,0.0,29.805685395219584,79.50440415830037,36.21585468599692,63.93271293567716,82.0,6.0,3.0,memory_bound,
2026-01-05 03:23:00,36.58670668648445,80.32498899650913,53.094253552605714,183.4043368531237,0.0,0.0,31.19209140866613,77.45173213227586,25.988604049883023,41.669253268004496,83.0,8.0,3.0,memory_bound,
2026-01-05 03:24:00,36.84100592047037,85.07396816831678,53.39108004312769,183.08098093365444,0.0,0.0,27.45952964990402,76.3367599462962,36.67771373426392,55.90207457701108,84.0,6.0,3.0,memory_bound,
2026-01-05 03:25:00,35.76026725290394,87.40439762276564,53.22000239644113,171.22192377013238,0.0,0.0,26.61213896830603,74.91558165303562,56.99116838655018,64.05828847643214,85.0,2.0,3.0,memory_bound,
2026-01-05 03:26:00,34.97335820653344,83.86871770011166,53.17881910873323,177.9037995411641,0.0,0.0,25.53533207004795,73.04983634090472,44.10583869675213,79.3003053972181,86.0,3.0,3.0,memory_bound,
2026-01-05 03:27:00,33.67837048493778,85.42799531886341,52.71503624967044,175.65409354975975,0.0,0.0,26.41436355407076,74.64860846343596,46.815385520572846,76.42229746163284,87.0,4.0,3.0,memory_bound,
2026-01-05 03:28:00,29.7876624626611,86.31470113040058,52.28003375503491,157.95059002829748,0.0,0.0,31.973479628888523,73.13473734995151,76.37004582504224,69.47936471290714,88.0,6.0,3.0,memory_bound,
2026-01-05 03:29:00,30.76804939615742,86.01855169167202,52.13260092883046,163.7035809529459,0.0,0.0,31.75187795820654,73.21592800823254,64.05424566441064,61.1176883692931,89.0,2.0,3.0,memory_bound,
2026-01-05 03:30:00,31.365324461480593,86.34640697187957,51.992009351869996,165.6179339339187,0.0,0.0,31.739647347760627,73.05427201476493,81.64139844506796,55.38882396928256,90.0,2.0,3.0,memory_bound,
2026-01-05 03:31:00,30.95824048795219,89.54287556296529,51.55829480653345,167.51748509789587,0.0,0.0,31.554574413368968,77.66671883979438,67.04788669156173,63.610283009474536,91.0,3.0,3.0,memory_bound,
2026-01-05 03:32:00,29.59100056304831,91.99346488432884,51.38874269265146,163.36930035132136,0.0,0.0,32.471639535718985,77.50417819006942,77.00925192890013,72.96458038394485,92.0,6.0,3.0,memory_bound,
2026-01-05 03:33:00,28.646249096477955,91.85784371423222,51.24861376975088,153.78378831878513,0.0,0.0,31.312664620198095,78.30946639319669,69.32302768538037,81.92326709894166,93.0,2.0,3.0,memory_bound,
2026-01-05 03:34:00,32.328214657503246,92.76305346907073,51.3959318708354,171.16112498082737,0.0,0.0,28.008284398910437,75.17508347650825,46.56349129960928,82.86885062427484,94.0,5.0,3.0,memory_bound,
2026-01-05 03:35:00,28.02222428586346,90.77062147888483,50.63607117326374,144.72965934866764,0.0,0.0,27.418587412688325,77.93641660607823,27.268653468765812,63.75882883081879,95.0,6.0,3.0,memory_bound,
2026-01-05 03:36:00,30.72067462559773,91.77101376044772,50.66645747334415,158.05963070547074,0.0,0.0,25.07406452841923,77.50232423400293,25.000786252003664,68.53686210183105,96.0,4.0,3.0,memory_bound,
2026-01-05 03:37:00,29.813948652430803,94.8830036360553,50.338389209907156,155.66753875359922,0.0,0.0,19.593748278643716,75.81735491779531,16.654890919236635,59.790033433239394,97.0,3.0,3.0,memory_bound,
2026-01-05 03:38:00,34.733404387644,98.2023063628838,50.31147610664681,170.4122110409799,0.0,0.0,23.61905384558525,73.41676730402773,37.563001892254476,71.17762258438462,98.0,4.0,3.0,memory_bound,
2026-01-05 03:39:00,37.138647487458016,96.80982296316331,50.94012069358351,188.2216739500822,0.0,0.0,22.575194683243524,72.7404790335837,65.39456212992143,70.24573814300796,99.0,3.0,3.0,memory_bound,
2026-01-05 03:40:00,38.90465540713348,98.58899263930891,51.39607904425222,189.08812024834955,0.0,0.0,23.3008487947696,72.09751496239315,61.56021789072046,62.75812783238637,100.0,7.0,3.0,memory_bound,
2026-01-05 03:41:00,37.069869729836974,92.51319335898887,51.76593734979132,191.1415158614464,0.0,0.0,24.8083310014029,70.68605882663446,43.62459190519112,53.56360583254802,101.0,3.0,3.0,memory_bound,
2026-01-05 03:42:00,39.819667748517865,91.82329713402977,52.23148130595468,195.56894508497973,0.0,0.0,24.49838374942891,72.30878071872837,75.11288086691575,64.71791169506892,102.0,5.0,3.0,memory_bound,
2026-01-05 03:43:00,36.86863410453297,88.76571435961567,52.37842502870851,181.9806706288179,0.0,0.0,23.20165708329834,71.72315936818458,98.71902632225137,63.819461361973616,103.0,5.0,3.0,memory_bound,
2026-01-05 03:44:00,30.762247025335014,89.08701800775113,52.19034455710396,173.5246561172983,0.0,0.0,23.84431886791009,72.82271065046933,81.01042716876522,62.21226328407868,104.0,5.0,3.0,memory_bound,
2026-01-05 03:45:00,32.921755754136456,89.8217049653805,51.833398394940296,165.13026856172365,0.0,0.0,18.52986694625185,70.11134322243542,103.72983052537205,57.18159966053707,105.0,4.0,3.0,memory_bound,
2026-01-05 03:46:00,35.953544428038185,90.0783128586014,52.264420902050404,179.0193300828048,0.0,0.0,23.210716230484017,70.87988965699525,78.60389309559977,53.84518612345993,106.0,5.0,3.0,memory_bound,
2026-01-05 03:47:00,35.077275984759275,87.75926587309604,52.185514274205104,178.8867374394237,0.0,0.0,26.781552959976075,75.11475876679938,67.34952471683617,53.14414771821399,107.0,4.0,3.0,memory_bound,
2026-01-05 03:48:00,35.38940267022915,86.78008224308195,52.07211781886908,172.83861665149317,0.0,0.0,28.48716821538786,72.22923127454419,59.33785975546647,41.911649911648,108.0,3.0,3.0,memory_bound,
2026-01-05 03:49:00,38.277818791891235,85.49073264402062,52.52221286527462,186.88619607650134,0.0,0.0,31.711977667849418,72.96535544742908,63.32518913983084,35.003696975615874,109.0,7.0,3.0,memory_bound,
2026-01-05 03:50:00,42.6151987175559,84.0464459561242,52.886640560196874,209.66564720087098,0.0,0.0,32.3853121147061,75.30383904828614,49.43836659467611,27.75100129850361,110.0,3.0,3.0,memory_bound,
2026-01-05 03:51:00,40.13535697660137,87.32303237638858,53.14757770014166,195.58656009667786,0.0,0.0,22.78703853152139,74.12955798667205,52.34231287212765,29.918721703888426,111.0,4.0,3.0,memory_bound,
2026-01-05 03:52:00,35.05192259681462,86.98923461364716,52.89789535846749,179.75717357121957,0.0,0.0,20.28432556638082,69.49057353015904,33.73651331841536,39.20911017773312,112.0,4.0,3.0,memory_bound,
2026-01-05 03:53:00,31.72322239201931,89.1486616127017,52.52251746793766,168.98920989854656,0.0,0.0,20.151240046366464,69.81363445748858,26.560074785556115,54.36084963436013,113.0,3.0,3.0,memory_bound,
2026-01-05 03:54:00,29.05798657067973,91.40655864369619,52.40134574013185,153.7618384577619,0.0,0.0,22.68061812876978,72.2414295649005,45.473846012068876,63.54887313048684,114.0,5.0,3.0,memory_bound,
2026-01-05 03:55:00,32.03545867202474,91.33130101254079,52.061670814434734,173.54380834874667,0.0,0.0,17.79235803854266,70.73616224207426,53.09291126360899,82.27834828600314,115.0,3.0,3.0,memory_bound,
2026-01-05 03:56:00,33.28454800671924,93.8172897218409,51.81568241905977,168.77624802330953,0.0,0.0,19.315684365154297,70.12257490840825,79.50044771436649,96.21380161864563,116.0,4.0,3.0,memory_bound,
2026-01-05 03:57:00,33.807614644842246,89.79911603448359,51.65503888071213,180.07380790198835,0.0,0.0,15.708024224871751,69.68239169565905,78.82869302487244,85.72904239790287,117.0,3.0,3.0,memory_bound,
2026-01-05 03:58:00,33.90147779730466,88.22283599464394,51.706577674763935,176.21025330480535,0.0,0.0,22.543980436162784,69.64638262283398,92.37735694610906,97.31271744793095,118.0,3.0,3.0,memory_bound,
2026-01-05 03:59:00,31.35188768949766,90.23915333701211,51.57860466441988,167.67644783929055,0.0,0.0,22.982207296736533,70.7580632205656,95.62070239366508,92.88867981131837,119.0,3.0,3.0,memory_bound,
2026-01-05 04:00:00,34.59301643317014,89.77940627413372,51.737004591235355,180.31485510379414,0.0,0.0,22.976519460090195,70.7709190523786,90.06999332990945,102.24066860629942,120.0,3.0,3.0,memory_bound,
2026-01-05 04:01:00,36.129041248891774,87.03049763552971,52.42833896941631,187.48502484930154,1.0,0.0,21.616113320890367,71.99128023613798,81.53443155174608,105.38236245465382,121.0,2.0,3.0,memory_bound,
2026-01-05 04:02:00,36.2832466610758,87.94892082476302,52.45806972251358,174.97562029871682,0.0,0.0,25.270211775917424,68.96748569005453,63.826344136398006,88.48063207161428,122.0,4.0,3.0,memory_bound,
2026-01-05 04:03:00,34.35272955729164,88.46640171845863,52.70724617900878,175.53391353488055,0.0,0.0,23.92241771691227,67.5268990687956,83.06451899526256,70.17911741035648,123.0,4.0,3.0,memory_bound,
2026-01-05 04:04:00,30.688640743980176,87.7767433969327,52.496635473477326,162.73593680574248,0.0,0.0,26.823558317940638,69.71360796872288,80.5835216176385,59.132353180931815,124.0,3.0,3.0,memory_bound,
2026-01-05 04:05:00,29.05634788946457,87.56853943110083,52.59641019253108,160.51420360568062,0.0,0.0,21.656882352543782,74.02063366294256,72.52562528737654,54.861176177638335,125.0,4.0,3.0,memory_bound,
2026-01-05 04:06:00,33.391172815897335,89.50326895650332,52.23167167076119,173.66749091476035,0.0,0.0,24.92819435478059,76.15260949129917,57.72477545992157,59.51841214819413,126.0,3.0,3.0,memory_bound,
2026-01-05 04:07:00,35.273122255019835,90.51922677148644,52.19426637647549,179.40910199261157,0.0,0.0,27.781094758008898,75.28888136071606,81.73142077227193,54.3828865733155,127.0,5.0,3.0,memory_bound,
2026-01-05 04:08:00,36.4132465156167,91.61361872882276,52.46984109234744,189.33795397429412,0.0,0.0,34.18827245741364,76.47348984212192,79.63855289979662,71.19835461461206,128.0,4.0,3.0,memory_bound,
2026-01-05 04:09:00,35.37968675241277,93.56463945448199,52.69200756242087,180.49606797348554,0.0,0.0,34.28891138720056,78.36131149532852,85.87139671912334,59.31978770311538,129.0,2.0,3.0,memory_bound,
2026-01-05 04:10:00,38.26305005528218,92.82803412340746,53.12877632948428,194.66902573354608,0.0,0.0,36.169942266802806,81.97216265030194,70.57720406454555,38.72522388070792,130.0,4.0,3.0,memory_bound,
2026-01-05 04:11:00,37.39798901654036,90.80767736760987,53.262683266333205,185.96289924573347,0.0,0.0,33.70428279419692,81.90828234072406,67.69492081433367,45.46415690341605,131.0,3.0,3.0,memory_bound,
2026-01-05 04:12:00,36.18277245967027,87.49321799746785,53.40633537824619,189.47386528452066,0.0,0.0,30.82955323597733,75.95186644994284,70.15538996153973,45.64092195753952,132.0,6.0,3.0,memory_bound,
2026-01-05 04:13:00,39.3179315800462,87.99271229014508,53.420863298159404,187.36230425023402,0.0,0.0,31.744612935894086,74.66357291623979,67.89483864478325,52.27930780168313,133.0,3.0,3.0,memory_bound,
2026-01-05 04:14:00,35.39461363113686,87.39715559681827,53.4873623556893,184.33546861008824,0.0,0.0,31.065674373563898,76.62890239490785,65.72666573837073,49.957840073145405,134.0,3.0,3.0,memory_bound,
2026-01-05 04:15:00,32.661208967257075,89.82089989293092,52.928870898310635,169.05062991728676,0.0,0.0,29.628015168102017,78.05101334132956,47.91463412339852,54.46185019603649,135.0,3.0,3.0,memory_bound,
2026-01-05 04:16:00,35.74467751157066,88.3257599722222,52.681544411630156,182.55686289805027,0.0,0.0,32.16910702526351,76.60793248876759,47.92053684766647,44.4512031090164,136.0,6.0,3.0,memory_bound,
2026-01-05 04:17:00,31.827694419573454,87.62679188812545,52.32992492646917,171.93194753214362,0.0,0.0,31.643713580039222,75.52638074261391,48.475055417801215,52.88150020035757,137.0,4.0,3.0,memory_bound,
2026-01-05 04:18:00,29.98440102401497,89.24704353790895,52.28508957924483,156.36836931154323,0.0,0.0,31.57947389257963,74.50297112872269,50.632634650439144,50.88218569673548,138.0,5.0,3.0,memory_bound,
2026-01-05 04:19:00,30.27944025894584,89.9472163932338,51.95450486988366,170.98311113588335,0.0,0.0,31.72070024333536,75.1942624080599,46.761414339115944,57.260100722991,139.0,5.0,3.0,memory_bound,
2026-01-05 04:20:00,33.44572264484302,93.35172678809661,52.47712216521273,177.47926973441125,0.0,0.0,28.163855384442478,75.1018808004678,64.58382713023633,30.571870604799173,140.0,4.0,3.0,memory_bound,
2026-01-05 04:21:00,31.523654613536333,93.8238710338314,52.40812791979757,173.87807649684083,0.0,0.0,26.538823479591734,72.6967759730168,71.52789734965948,27.466954853256635,141.0,6.0,3.0,memory_bound,
2026-01-05 04:22:00,27.147912465217217,93.69324054872462,51.9810227808075,149.01808640789832,0.0,0.0,28.993952580099027,71.41586990923223,67.72033803941609,32.55739166383606,142.0,3.0,3.0,memory_bound,
2026-01-05 04:23:00,26.91890351566648,95.70916361803253,51.478698729936,155.48594571699056,0.0,0.0,32.042781769038235,72.07636697307721,49.918176882369096,37.69848110653231,143.0,4.0,3.0,memory_bound,
2026-01-05 04:24:00,26.33001902528882,91.8668448504824,51.54406267462237,161.26272247900184,0.0,0.0,30.792843068412374,68.88645409557645,70.70008832851691,30.7303538141081,144.0,4.0,3.0,memory_bound,
2026-01-05 04:25:00,29.76159609573488,95.95326318522453,50.80555263639565,153.99873201100542,0.0,0.0,31.39752133453387,71.21868760746426,68.23923209302095,26.03757225185118,145.0,3.0,3.0,memory_bound,
2026-01-05 04:26:00,29.706547706618466,91.58088627455251,50.978948748621015,168.8248163046346,0.0,0.0,28.834716680859817,69.40316536311019,74.8849840568754,43.727436695714964,146.0,3.0,3.0,memory_bound,
2026-01-05 04:27:00,30.738090799203224,93.36629376605771,50.64225415746966,159.3927143374883,0.0,0.0,31.286232959538612,70.78468732230012,63.172197226180224,41.7077044805736,147.0,3.0,3.0,memory_bound,
2026-01-05 04:28:00,31.492061266008037,91.43846890391441,50.98743386511365,165.82987199339493,0.0,0.0,26.105977097195197,68.83014044311207,56.32978145576321,40.08265809739644,148.0,4.0,3.0,memory_bound,
2026-01-05 04:29:00,27.414390581645108,90.51923819052543,50.691473797218514,150.7524215722445,0.0,0.0,28.11600982876819,72.18436648182286,86.88871845588835,20.69274787491748,149.0,2.0,3.0,memory_bound,
2026-01-05 04:30:00,28.470802881160694,88.8456354824652,50.116880319417454,150.14946087179987,0.0,0.0,34.46470400032487,70.61300727268518,88.99180908012147,25.703446057170552,150.0,5.0,3.0,memory_bound,
2026-01-05 04:31:00,35.58433465248898,86.36692056266826,50.94004648472025,184.8771627286241,0.0,0.0,38.028994487729776,72.2790019999032,81.1780985865604,17.26617747422988,151.0,3.0,3.0,memory_bound,
2026-01-05 04:32:00,34.895600916080724,85.77922448455139,50.9586970508136,173.04770780474766,0.0,0.0,40.80522608165597,72.7036816735167,85.14074693623454,20.954306779654427,152.0,3.0,3.0,memory_bound,
2026-01-05 04:33:00,33.92050428762658,90.1265039675655,51.258072493587,171.75341978904174,0.0,0.0,43.86598546250324,73.41316910865984,122.19423739093033,18.126804222775142,153.0,7.0,3.0,memory_bound,
2026-01-05 04:34:00,32.32423297070402,88.27894065931918,51.17892483913418,160.74568683941067,0.0,0.0,42.617492291881604,73.33581185248003,112.00042311096246,19.915353119777507,154.0,2.0,3.0,memory_bound,
2026-01-05 04:35:00,28.990949145740686,87.3852202573759,51.34110797211932,161.35656693151947,0.0,0.0,43.945187754789345,75.369296842532,105.3849744237956,23.93438802001368,155.0,6.0,3.0,memory_bound,
2026-01-05 04:36:00,24.429840336638655,88.17776055159683,50.56712396357949,145.4242982646873,0.0,0.0,38.92198931639684,74.61071055069424,120.70966051438634,35.040395376003815,156.0,6.0,3.0,memory_bound,
2026-01-05 04:37:00,24.670980746825144,87.50665724016329,50.525991372284885,143.55834799682958,0.0,0.0,43.78093246962224,78.58994043297882,103.87906787233037,24.256486756812095,157.0,6.0,3.0,memory_bound,
2026-01-05 04:38:00,24.974401084496936,89.35159180922537,50.345305817990734,147.1379272492158,0.0,0.0,45.262868067244504,81.75649676803361,118.69028196953793,33.636471937550624,158.0,4.0,3.0,memory_bound,
2026-01-05 04:39:00,30.115994296756885,92.77809001273458,50.29336545604835,165.48461949879092,0.0,0.0,46.46740760835674,81.70947713507732,83.78490336227418,15.317480632236467,159.0,5.0,3.0,memory_bound,
2026-01-05 04:40:00,24.739132782000294,91.94354178181678,50.05800388777052,146.65578802778919,0.0,0.0,43.334982083129205,80.67798440159473,80.17001093175969,7.337179279246122,160.0,4.0,3.0,memory_bound,
2026-01-05 04:41:00,22.985133250030824,90.86363352631108,49.62688346555034,143.40278851120277,0.0,0.0,46.74169788309453,80.67506391547245,81.81638829695709,21.368402518064464,161.0,5.0,3.0,memory_bound,
2026-01-05 04:42:00,19.486314685867427,89.42478535439923,49.41909593842758,130.28557207669903,0.0,0.0,38.64741249242923,77.82627582277915,64.2915799857301,37.53468566584462,162.0,4.0,3.0,memory_bound,
2026-01-05 04:43:00,18.005703890494207,89.62658192811192,49.16822342784204,119.8717615353264,0.0,0.0,32.99008486626251,79.03452330479128,68.60361916810163,32.14548147343049,163.0,7.0,3.0,memory_bound,
2026-01-05 04:44:00,17.863670175657383,89.56996044268215,48.871839598476434,114.32530508139219,0.0,0.0,32.79142513214934,77.41987939434232,61.62895967765571,30.804908431716974,164.0,2.0,3.0,memory_bound,
2026-01-05 04:45:00,21.33502599724166,91.44422262439774,48.587797898355994,135.6523785757058,0.0,0.0,30.310778402066806,78.2246659305779,53.51072487713321,29.640571150782534,165.0,2.0,3.0,memory_bound,
2026-01-05 04:46:00,30.03027614219813,91.25966115766781,48.91074570271623,157.3595238850297,0.0,0.0,30.526416637335835,77.80727538436581,51.07602489149366,28.37549509889257,166.0,5.0,3.0,memory_bound,
2026-01-05 04:47:00,27.92960830374355,89.87260587601706,49.02012481183739,158.69534069708862,0.0,0.0,29.090832212852444,77.05132564443518,54.03230180186643,41.38162171677142,167.0,4.0,3.0,memory_bound,
2026-01-05 04:48:00,30.943959343223554,89.59119684033075,48.68019812710069,170.399513412981,0.0,0.0,24.55187184054583,80.32843726104048,33.941227308626914,51.965856573242675,168.0,4.0,3.0,memory_bound,
2026-01-05 04:49:00,32.52473390161744,86.8234256923636,49.296853663804804,169.10549053814933,0.0,0.0,25.600340730055436,75.84623277655659,50.27585705473547,63.084654239530636,169.0,4.0,3.0,memory_bound,
2026-01-05 04:50:00,32.16027394778358,89.03225955171291,49.670926052688564,167.15291686920162,0.0,0.0,23.92001427107739,76.36993711483386,17.50261564714559,56.72082722694557,170.0,3.0,3.0,memory_bound,
2026-01-05 04:51:00,30.194499833548008,88.78300339035738,49.39836841121431,157.61618219324762,0.0,0.0,24.538632976795867,75.53686362464147,6.707884708483604,44.28570005372288,171.0,3.0,3.0,memory_bound,
2026-01-05 04:52:00,31.106807925544665,90.32495244816438,49.52752015751266,161.14299248436976,0.0,0.0,27.50440960224882,72.6827524634663,10.42809224717491,38.76799149936313,172.0,4.0,3.0,memory_bound,
2026-01-05 04:53:00,28.97572600455006,88.34460627244907,49.560931468800305,152.37535730167946,0.0,0.0,24.04832785127821,77.99668038018346,0.0,46.98876775055102,173.0,4.0,3.0,memory_bound,
2026-01-05 04:54:00,28.556859640372224,87.30854503793942,49.208446458627776,160.39533600423673,0.0,0.0,26.591351709401714,76.14527321553186,0.0,61.289510755361846,174.0,5.0,3.0,memory_bound,
2026-01-05 04:55:00,31.663119511048222,88.45690603519323,49.56076852786443,175.04086089541357,0.0,0.0,29.561190111376476,77.61062330790452,0.0,51.44413561354987,175.0,3.0,3.0,memory_bound,
2026-01-05 04:56:00,35.640657925403175,85.38099399000251,50.3902470429235,175.5000899822645,0.0,0.0,28.056008832852015,77.95212179674982,0.0,39.988341601156336,176.0,5.0,3.0,memory_bound,
2026-01-05 04:57:00,3.005288482770932,9.188388633805662,49.90478877035194,80.25182570832182,0.0,0.0,1.6673158880020773,34.089282765033325,0.0,0.0,0.0,2.0,0.0,idle,
2026-01-05 04:58:00,5.931739029884806,10.173202211823373,48.33388293943872,64.48527044546303,0.0,0.0,5.211454500080968,31.512038072667938,0.0,0.0,0.0,0.0,0.0,idle,
2026-01-05 04:59:00,8.668389284012509,9.973911320215613,47.739063814163515,89.63663337843813,0.0,0.0,1.5318091908935683,32.17912972254487,0.0,0.0,0.0,1.0,0.0,idle,
2026-01-05 05:00:00,8.777077457798086,8.946427084489551,47.026451637102134,94.38848354194198,0.0,0.0,2.740310489748767,33.25859048174646,0.0,0.0,0.0,2.0,0.0,idle,
2026-01-05 05:01:00,4.1605751355563445,10.35353580241041,46.03604503284798,73.92293446839066,0.0,0.0,4.880556677578299,33.445545581815956,11.929529585482857,0.0,0.0,4.0,0.0,idle,
2026-01-05 05:02:00,3.189466956844088,12.074056646109883,45.022052765855385,64.72611692188798,0.0,0.0,0.0,36.3291555810608,0.0,0.0,0.0,2.0,0.0,idle,
2026-01-05 05:03:00,3.2292506726261796,13.315178549470321,44.22314384161099,69.4580481206445,0.0,0.0,4.961084126558246,34.77528314039656,5.922974285440656,0.0,0.0,0.0,0.0,idle,
2026-01-05 05:04:00,5.198200456047296,8.86920081591623,43.72902501180345,76.43564289694659,0.0,0.0,2.8214593886769155,34.41486790423818,11.529869544731298,0.0,0.0,2.0,0.0,idle,
2026-01-05 05:05:00,2.5234178992199165,6.6585241334241045,42.9530278142401,70.19594017743465,0.0,0.0,6.2098077628059976,33.88490290692148,0.04134550904363277,0.0,0.0,0.0,0.0,idle,
2026-01-05 05:06:00,1.2824892281140576,8.536741822274317,42.48177053452761,65.23507790818894,0.0,0.0,8.567750755737862,33.731355175959884,28.333587194873196,0.0,0.0,4.0,0.0,idle,
2026-01-05 05:07:00,3.5629447320769465,4.74722368070054,42.330255129605575,65.68731397750058,0.0,0.0,9.956066884596511,30.121596800498004,3.1363100612849344,0.0,0.0,3.0,0.0,idle,
2026-01-05 05:08:00,0.0,6.299811242890709,41.752426638594734,61.73821782471364,0.0,0.0,9.220795807134722,33.528628668722895,0.0,6.490434763471219,0.0,2.0,0.0,idle,
2026-01-05 05:09:00,4.087090332936687,3.97252707489225,41.011914758832354,83.10518304047027,0.0,0.0,6.337125757833846,33.44302954052654,0.0,8.94328146197757,0.0,3.0,0.0,idle,
2026-01-05 05:10:00,4.9298555680330765,3.93839788247723,40.59332711436693,74.2773768291997,0.0,0.0,6.843654946336603,34.67209456896616,0.0,14.902773702982058,0.0,3.0,0.0,idle,
2026-01-05 05:11:00,7.130978928532143,4.858146268295199,40.682705822722895,87.99507619395803,0.0,0.0,2.9608892678791263,36.37230219515303,0.0,23.278705554487118,0.0,1.0,0.0,idle,
2026-01-05 05:12:00,6.368011485832405,5.753655826437486,40.895641472126655,85.07238840009241,0.0,0.0,2.87280754761219,34.465625393592184,0.0,34.9412628284046,0.0,0.0,0.0,idle,
2026-01-05 05:13:00,7.780671943998599,8.363331541426767,40.969897225704166,89.66631829761515,0.0,0.0,0.697159159888495,39.7760262190823,0.0,16.700131073744704,0.0,1.0,0.0,idle,
2026-01-05 05:14:00,2.4978768590503115,7.561762834738085,40.86866583153486,70.04074613750198,0.0,0.0,0.0,42.17985149176597,0.0,7.901127776055869,0.0,2.0,0.0,idle,
2026-01-05 05:15:00,1.0484270977114105,8.004819463120045,41.019449152398956,67.70707759343111,0.0,0.0,1.3723029960062236,44.91058344737306,0.0,0.0,0.0,3.0,0.0,idle,
2026-01-05 05:16:00,4.125613966898534,5.710258120971572,41.007567151162036,81.18946528452888,0.0,0.0,3.694914837608791,41.58902951448084,0.0,10.18418448843491,0.0,0.0,0.0,idle,
2026-01-05 05:17:00,4.677930540784503,3.6742593841008464,40.4965974207858,70.62513564512928,1.0,0.0,6.426006643385187,38.11495598464905,0.0,22.549987739165854,0.0,1.0,0.0,idle,
2026-01-05 05:18:00,4.067484843026917,2.121711003658019,39.98990449691505,70.53876179191926,0.0,0.0,6.193216688068051,37.73430316525245,0.0,23.39628808450486,0.0,2.0,0.0,idle,
2026-01-05 05:19:00,8.462397248830513,6.656067120675939,40.124696865842395,84.60385408092746,0.0,0.0,4.199291385368499,33.11467921358882,0.0,18.993108053758665,0.0,1.0,0.0,idle,
2026-01-05 05:20:00,7.041755786759141,7.213471586190345,39.90338127303816,88.47836058431719,0.0,0.0,0.5264389789027368,29.799749062138865,30.549743154914953,12.740707738974711,0.0,1.0,0.0,idle,
2026-01-05 05:21:00,5.520544543006283,7.940271692364031,40.20226267724956,84.19072663394395,0.0,0.0,0.0,27.936707387237337,32.88330856157126,1.5491908184450298,0.0,1.0,0.0,idle,
2026-01-05 05:22:00,8.616946276256613,5.495562406253812,39.98316483599286,87.47831133248921,0.0,0.0,0.0,31.592283671974236,44.06382954611827,6.745484144000997,0.0,2.0,0.0,idle,
2026-01-05 05:23:00,42.51102945786813,86.02779287369428,42.01214931382082,202.38139396673236,0.0,0.0,28.60746172888324,72.8358141551431,75.77729514008715,49.220594872770995,0.0,4.0,3.0,memory_bound,
2026-01-05 05:24:00,39.51063445985894,85.31303760991531,43.246933906117015,187.08939002953446,0.0,0.0,29.005080133870205,70.56985013168492,66.77082371263455,27.502666865872907,1.0,4.0,3.0,memory_bound,
2026-01-05 05:25:00,39.101950230763755,87.35609859265502,44.31227376559532,197.8665473108552,0.0,0.0,30.197956478572188,70.14401863593152,71.46416095434768,48.31395828000954,2.0,4.0,3.0,memory_bound,
2026-01-05 05:26:00,35.012160964001524,87.62008856859458,45.29295054931519,177.88986618950844,0.0,0.0,27.07277084407074,68.59278064160146,84.90063791080314,51.93149315528785,3.0,5.0,3.0,memory_bound,
2026-01-05 05:27:00,32.409729751646076,90.16852924868927,46.566292230752836,173.2480751539925,0.0,0.0,29.646145382011856,69.67033438620986,85.07536051885195,40.98091648011096,4.0,4.0,3.0,memory_bound,
2026-01-05 05:28:00,32.59432268021261,89.23660697260529,47.0430978179266,165.18303135806292,0.0,0.0,27.32636207658406,69.96440660077336,108.54776250295724,49.584055843572415,5.0,5.0,3.0,memory_bound,
2026-01-05 05:29:00,34.038621845003746,90.32668685364975,47.82244393672157,172.2046963342136,0.0,0.0,32.83457123260752,68.04800900852891,75.91628719137823,62.047754167109794,6.0,3.0,3.0,memory_bound,
2026-01-05 05:30:00,36.49102999301135,88.21235161858105,48.298210277536455,181.6850630596658,0.0,0.0,30.27784311109045,66.06115901952685,73.93838820991492,60.5143173253309,7.0,4.0,3.0,memory_bound,
2026-01-05 05:31:00,37.91631597958014,84.23114024786652,48.88889228440226,195.70534183134862,0.0,0.0,31.091801633006632,65.90704225019422,61.72311608521982,47.7548699527323,8.0,3.0,3.0,memory_bound,
2026-01-05 05:32:00,39.836406864998864,83.83860443743032,49.71765795829637,199.42426655373515,0.0,0.0,29.8745497817989,69.73857593342017,53.425056810226515,35.56540145284107,9.0,3.0,3.0,memory_bound,
2026-01-05 05:33:00,37.35181844354399,87.42343080051096,49.586796564828845,179.0699413931251,0.0,0.0,32.96921927036096,70.82460936466285,83.26629521380488,37.54861619683095,10.0,3.0,3.0,memory_bound,
2026-01-05 05:34:00,35.77941943953088,87.75440892276274,49.75111772086047,177.67750227655705,0.0,0.0,37.05514867540439,73.63047032305496,72.87076979858642,35.904567470252985,11.0,4.0,3.0,memory_bound,
2026-01-05 05:35:00,36.40017443499093,85.89329009327253,49.71061366607827,183.33482341163764,0.0,0.0,35.19817832472212,73.94741465862617,65.98691831789694,37.20198099770403,12.0,6.0,3.0,memory_bound,
2026-01-05 05:36:00,32.05966790273114,87.90202461685831,49.73520265679582,165.97526095274787,0.0,0.0,29.872511183600267,73.85100894022084,97.40495715783345,63.95973179006123,13.0,4.0,3.0,memory_bound,
2026-01-05 05:37:00,31.954661976751918,86.63370906608274,49.73877660904102,167.1601162567712,0.0,0.0,27.016485750637244,74.02998193702669,104.19373375205616,52.20248600564244,14.0,4.0,3.0,memory_bound,
2026-01-05 05:38:00,37.03820367195493,85.65332010342803,50.364856194942334,186.64866235473067,0.0,0.0,27.026200345732356,77.19173572568977,104.83106451693871,51.00504431038023,15.0,5.0,3.0,memory_bound,
2026-01-05 05:39:00,38.030030334626645,84.6628820879173,50.941226764119726,191.48736371728398,0.0,0.0,25.284241523915686,77.08276983143638,111.84749641749124,33.78229950979685,16.0,4.0,3.0,memory_bound,
2026-01-05 05:40:00,39.018289792963955,84.04203507935122,51.60329821138762,195.72878034385596,0.0,0.0,25.79193499841253,74.36241347056962,107.3013394170861,52.2310786340436,17.0,4.0,3.0,memory_bound,
2026-01-05 05:41:00,39.04718971057236,87.33084025810433,52.042633339403665,197.8208904455704,0.0,0.0,24.08789215708407,74.26949136119316,97.59133038709402,61.93833613469689,18.0,6.0,3.0,memory_bound,
2026-01-05 05:42:00,40.00886383244983,88.88026940456153,52.7093187728514,205.12797835262825,0.0,0.0,24.100653842775024,73.22709625391724,86.8397191194255,67.33903940635588,19.0,4.0,3.0,memory_bound,
2026-01-05 05:43:00,34.69598842799947,88.1428218453867,52.452934210410746,171.04416758799,0.0,0.0,27.395887674134812,76.11589098084696,75.39581190516293,58.82749286923038,20.0,3.0,3.0,memory_bound,
2026-01-05 05:44:00,33.70050722639428,87.14101521972395,52.15034672881454,176.07492925407695,0.0,0.0,24.136744940027732,79.67032473726303,54.4490524491619,64.77893619508495,21.0,7.0,3.0,memory_bound,
2026-01-05 05:45:00,37.30924645679111,89.51049181711545,52.36069676572876,191.122038797918,0.0,0.0,27.310397453022514,82.72389516521376,40.26597554144989,71.66400064945952,22.0,3.0,3.0,memory_bound,
2026-01-05 05:46:00,35.2488021267331,87.9771819673571,52.55408423731238,185.99344150973008,0.0,0.0,25.57359099894807,82.36149015400916,31.791960099058464,76.50603046327805,23.0,5.0,3.0,memory_bound,
2026-01-05 05:47:00,35.86227268937861,86.36317684859979,52.106296991210876,182.84290149327495,0.0,0.0,27.560978656919637,79.95542947282395,14.1108781761708,52.36141024053438,24.0,5.0,3.0,memory_bound,
2026-01-05 05:48:00,35.722413338964664,81.11215750387802,52.223518662987125,183.52619817426884,0.0,0.0,23.525989060886623,77.14291806094361,27.49669188796036,62.63351336252839,25.0,6.0,3.0,memory_bound,
2026-01-05 05:49:00,36.94891649165421,84.14812923810291,52.26585501868863,191.47486534750644,0.0,0.0,26.00086599552293,78.98218335229433,22.401599796366895,51.04384262778015,26.0,2.0,3.0,memory_bound,
2026-01-05 05:50:00,36.90000795265532,86.61485791505666,52.62295213584431,179.54802144147638,0.0,0.0,34.18877079358033,78.66270127653718,23.72096089050549,50.46742523487559,27.0,4.0,3.0,memory_bound,
2026-01-05 05:51:00,38.32741243733256,87.21103428645513,52.804373011904175,196.59173426907137,0.0,0.0,33.788738235370566,79.24025590208478,38.46312314817714,40.58601670165274,28.0,5.0,3.0,memory_bound,
2026-01-05 05:52:00,33.54108699681633,91.34733858481697,52.972289484955205,175.80049386930395,0.0,0.0,32.66174774705975,80.19780102896063,40.8881117142984,41.99099606479176,29.0,3.0,3.0,memory_bound,
2026-01-05 05:53:00,33.860561816946635,91.87844964826846,52.7736368160968,177.16223775017176,0.0,0.0,34.33802404405759,77.33959192425368,47.551246696561876,37.71878441589941,30.0,3.0,3.0,memory_bound,
2026-01-05 05:54:00,37.424377863245724,89.332104914862,52.79301370814153,188.71833680830852,0.0,0.0,29.835587413048266,77.33164391631564,41.1636251287846,35.69121956931842,31.0,4.0,3.0,memory_bound,
2026-01-05 05:55:00,37.94753723948109,89.8992267594816,52.623927359390485,192.0694209083987,0.0,0.0,24.660814756817892,77.80024647286064,30.626542683518373,22.0082196789903,32.0,3.0,3.0,memory_bound,
2026-01-05 05:56:00,37.32464704394572,88.36108665464701,52.99733946717893,190.48678265180357,0.0,0.0,27.70626836953471,79.48834797842345,46.292694827310996,7.018057943620946,33.0,8.0,3.0,memory_bound,
2026-01-05 05:57:00,36.55173564831812,88.00597611381946,52.92413949181431,174.76933068644684,0.0,0.0,28.965916200232826,78.09377849059948,20.074535675763656,6.182496496380423,34.0,5.0,3.0,memory_bound,
2026-01-05 05:58:00,34.477752741297145,87.38313757790367,52.5505255852476,179.35785511502604,0.0,0.0,31.973747488993723,79.58393877595027,17.243796827279965,20.686583929271563,35.0,6.0,3.0,memory_bound,
2026-01-05 05:59:00,31.197314349718326,89.75363802685307,52.017493499516604,164.0698811496261,0.0,0.0,30.07567181697652,78.73806572591982,32.16372368879155,24.013222023611743,36.0,6.0,3.0,memory_bound,
2026-01-05 06:00:00,34.17592563246022,88.5906669556091,51.793750697800306,171.16682715427996,0.0,0.0,35.4694257919576,80.57861759114054,53.99438608140757,13.405213118622811,37.0,5.0,3.0,memory_bound,
2026-01-05 06:01:00,34.23195235213915,83.87228885346701,52.603967714367606,174.4864853788665,0.0,0.0,37.45446560416116,78.66530316223242,54.42016483310701,40.88413364385136,38.0,3.0,3.0,memory_bound,
2026-01-05 06:02:00,34.63110811446094,77.52003277055891,52.356871977409575,170.65820998955996,0.0,0.0,39.825896581793266,77.55026086630126,18.992500128666173,15.840414430454214,39.0,4.0,3.0,memory_bound,
2026-01-05 06:03:00,35.72433414210332,81.6594766822536,52.04256139602088,169.3936757104845,0.0,0.0,35.37829190012209,74.70271826145529,24.30597985114286,16.56301553702345,40.0,6.0,3.0,memory_bound,
2026-01-05 06:04:00,35.58898549462813,79.96934442942063,52.485211088458506,176.05539054001662,0.0,0.0,33.971275223163836,73.74339547230524,21.930021767786435,18.268397469648217,41.0,4.0,3.0,memory_bound,
2026-01-05 06:05:00,34.8817040630852,85.10963534559701,52.60381677006023,175.55353459434446,0.0,0.0,29.77829452201836,70.88585005732907,41.51260636576018,21.32873839539634,42.0,3.0,3.0,memory_bound,
2026-01-05 06:06:00,38.47594185168834,89.71407036439113,52.74543790819851,191.60540561605322,0.0,0.0,37.23607517511981,71.79061449062007,66.9426211252414,24.828550389556277,43.0,4.0,3.0,memory_bound,
2026-01-05 06:07:00,37.407012061513356,89.71666280684146,52.83366522065167,186.318502870899,0.0,0.0,39.232487472244685,70.54286096094901,36.70377737442897,40.79088515011459,44.0,3.0,3.0,memory_bound,
2026-01-05 06:08:00,36.57986836520052,91.01067752180188,52.60081173555872,181.26513755890056,0.0,0.0,39.50980533627338,73.5305307541973,16.964240209658037,37.23100739615982,45.0,3.0,3.0,memory_bound,
2026-01-05 06:09:00,40.28435705021393,93.25416455752303,52.427475617249456,191.67628748696922,0.0,0.0,37.21686884731809,72.58595451334045,42.37579018801718,36.44027523383607,46.0,3.0,3.0,memory_bound,
2026-01-05 06:10:00,40.816058187350215,90.90101013829813,52.64218140655032,189.54887847454538,1.0,0.0,31.143893303388122,71.109250592716,71.14749683813045,42.5844849116441,47.0,3.0,3.0,memory_bound,
2026-01-05 06:11:00,42.51661049366712,89.99690616368959,52.60029298604272,207.25453499431885,0.0,0.0,32.5192334546476,70.12986632758128,68.07438985082328,39.21677196662287,48.0,4.0,3.0,memory_bound,
2026-01-05 06:12:00,43.57470770473511,88.2841820582816,53.297116828742446,213.53396765270125,0.0,0.0,33.45137402727921,71.96558104451181,83.537188072767,41.953455055555246,49.0,6.0,3.0,memory_bound,
2026-01-05 06:13:00,48.242483825232625,89.77545410380587,54.03645694925141,233.109764519378,0.0,0.0,35.24052131565764,73.54227689516723,91.10838652570224,48.96484934216623,50.0,3.0,3.0,memory_bound,
2026-01-05 06:14:00,45.06811591544415,86.43926534674439,54.00094358623342,211.52427888683732,0.0,0.0,31.932124195107416,76.14018419854366,78.47471480644361,61.754514298783185,51.0,6.0,3.0,memory_bound,
2026-01-05 06:15:00,42.463186726822684,87.17580026903158,54.24271672631496,201.04721839571607,0.0,0.0,30.342286326441812,74.40451114710876,93.03154367926717,77.42592749292379,52.0,4.0,3.0,memory_bound,
2026-01-05 06:16:00,42.10455334256591,89.2952177378084,54.42987037400764,203.2084853595865,0.0,0.0,34.459698227771895,73.0984463233851,117.97508339675878,58.29598900401751,53.0,4.0,3.0,memory_bound,
2026-01-05 06:17:00,41.1728907674347,91.43605224679725,54.34346901269519,193.56449318707635,0.0,0.0,28.12671766648215,71.44223487028619,105.20105146776505,54.01166190307018,54.0,4.0,3.0,memory_bound,
2026-01-05 06:18:00,36.26997287008698,88.57063929897143,53.937606135689066,187.95764039893672,0.0,0.0,35.583483898899495,69.19432001682765,94.00664725763983,61.586056812960216,55.0,6.0,3.0,memory_bound,
2026-01-05 06:19:00,41.966808222736795,86.20544939364811,53.92366655565052,204.07716249198552,0.0,0.0,33.62090170774865,69.61923219383583,86.02656645704168,46.77870668909458,56.0,3.0,3.0,memory_bound,
2026-01-05 06:20:00,41.73938933752737,89.10901109513411,54.335902854191914,199.88057739173664,0.0,0.0,27.593858118512596,71.57224792930514,83.91311517981879,50.50945565893809,57.0,2.0,3.0,memory_bound,
2026-01-05 06:21:00,41.15223622575914,92.31735788102645,54.71706437132392,208.75852399203401,0.0,0.0,29.6345647436854,70.41577062619483,78.0984467860043,50.94798198779354,58.0,2.0,3.0,memory_bound,
2026-01-05 06:22:00,39.88471691439162,92.06421684779977,54.849269506959715,194.09914412740028,0.0,0.0,28.129934834506678,71.94409543842548,71.77673063485611,37.656986244856505,59.0,4.0,3.0,memory_bound,
2026-01-05 06:23:00,35.35926239784696,91.64707314378842,54.53506962235274,189.03585067298806,0.0,0.0,27.804388163462114,72.49853679124475,64.85938576028899,48.63222704025559,60.0,4.0,3.0,memory_bound,
2026-01-05 06:24:00,36.04403886909262,89.30488065266441,54.134962559012514,184.1441093219089,0.0,0.0,27.79839647876032,74.42401337294967,64.3377966182171,68.75452662387698,61.0,3.0,3.0,memory_bound,
2026-01-05 06:25:00,38.71315070682874,90.76748337306776,54.624061517143026,187.76745445267062,0.0,0.0,30.73334747779475,77.20639500435313,66.75797780890584,65.09833195260191,62.0,3.0,3.0,memory_bound,
2026-01-05 06:26:00,37.88360916688249,92.44161649414832,54.001057049450395,191.27281812742575,0.0,0.0,30.75406165256125,78.29624889244597,65.3706516725131,60.997451938204605,63.0,5.0,3.0,memory_bound,
2026-01-05 06:27:00,34.84622320623225,91.8814642158869,53.854807552921564,180.29598102464644,0.0,0.0,33.67881612082916,76.47594819374855,44.41975626926482,55.70229871105277,64.0,2.0,3.0,memory_bound,
2026-01-05 06:28:00,38.95602727645816,91.54654639547401,53.668117319662436,187.54565110276877,0.0,0.0,29.83796553585608,73.72808920096465,62.6943345708119,69.62542991128436,65.0,6.0,3.0,memory_bound,
2026-01-05 06:29:00,42.159915583228795,87.12438304400771,54.23835746970648,204.33456186315388,0.0,0.0,27.773476386576842,74.42701056586202,95.99134073153594,60.71959404065912,66.0,4.0,3.0,memory_bound,
2026-01-05 06:30:00,39.62458318472548,87.59334293151086,54.27096180322939,194.8626394024266,0.0,0.0,28.428383569898905,73.88840366961486,100.95380499049728,19.661497488062803,67.0,5.0,3.0,memory_bound,
2026-01-05 06:31:00,38.18754337059488,85.57508776391539,53.88366614314514,194.48167073449594,0.0,0.0,31.24694645802929,73.88085221046795,86.0878342519143,35.04564418129093,68.0,4.0,3.0,memory_bound,
2026-01-05 06:32:00,34.34688736357626,87.00856567246208,53.72689171366724,165.9428529076686,0.0,0.0,27.997649434619735,72.83807295350564,76.37993746833845,32.74333238967835,69.0,3.0,3.0,memory_bound,
2026-01-05 06:33:00,32.64788343516805,88.39509960190408,53.599889491036336,172.94119142249917,0.0,0.0,29.329268268798764,72.23723453023459,87.48949705567017,32.74177997563619,70.0,4.0,3.0,memory_bound,
2026-01-05 06:34:00,35.04886978845786,88.18457496454623,53.65606101457877,181.5306565074796,0.0,0.0,32.065687673712084,68.2520298447882,79.14439127215047,34.36036853046079,71.0,5.0,3.0,memory_bound,
2026-01-05 06:35:00,30.97273793904861,90.82366202808014,53.27843536204239,164.8314773314495,0.0,0.0,35.23232173031838,71.3239555876942,72.92965181167591,15.772453502946796,72.0,2.0,3.0,memory_bound,
2026-01-05 06:36:00,33.05064293520277,89.26300270860217,53.331602461443524,169.31043383520148,0.0,0.0,30.78444058156575,72.84559693245706,70.55286219745794,19.231804803944605,73.0,2.0,3.0,memory_bound,
2026-01-05 06:37:00,31.42305678111425,88.73405040123528,52.864200721781664,170.43350415047502,0.0,0.0,30.443551290979915,73.00701931080668,73.78244257476538,27.789719707828873,74.0,5.0,3.0,memory_bound,
2026-01-05 06:38:00,36.1250285909149,88.81893106053727,52.60542656637906,170.79167649639987,0.0,0.0,30.66704685775717,72.11828067751694,76.61627939051296,36.16330322947424,75.0,4.0,3.0,memory_bound,
2026-01-05 06:39:00,38.80827018521097,91.55908705029466,53.07760571840555,191.15221278115843,0.0,0.0,29.885999086664732,76.05556408401448,84.69071089678366,27.4522186604791,76.0,4.0,3.0,memory_bound,
2026-01-05 06:40:00,36.83275359113848,90.42491543372599,52.59242167385453,180.0520280732692,0.0,0.0,28.664197269606397,77.14301404418788,83.0075583958809,29.19709320407604,77.0,5.0,3.0,memory_bound,
2026-01-05 06:41:00,40.55916784146732,90.5235523991208,52.88858499960946,202.49671979817887,0.0,0.0,27.05542536007114,76.47723971289528,83.56080812289922,38.73400942767019,78.0,4.0,3.0,memory_bound,
2026-01-05 06:42:00,37.460625367185514,88.8933368254312,53.255696111058086,189.43028782223013,0.0,0.0,28.705165618828843,74.5865267871742,77.95708469486867,44.268021829938505,79.0,5.0,3.0,memory_bound,
2026-01-05 06:43:00,37.17205480251519,89.46711927666038,52.86673037715158,173.9677880863903,0.0,0.0,36.90399770976849,70.05978349021669,77.45490410264433,17.452537054081034,80.0,4.0,3.0,memory_bound,
2026-01-05 06:44:00,37.69928352163887,89.33862257825888,52.242208464727355,184.1802562869065,0.0,0.0,34.33514358394543,72.06696751898973,57.04684458645224,35.646732883392616,81.0,4.0,3.0,memory_bound,
2026-01-05 06:45:00,36.71115126038488,87.83875504433402,52.319910443067606,190.87780664946192,0.0,0.0,34.83084466144856,71.83659693310332,59.433169371453346,44.00961088795628,82.0,5.0,3.0,memory_bound,
2026-01-05 06:46:00,34.49938011719773,87.84365382083422,52.283866604360924,184.00021997093395,0.0,0.0,33.861526540194674,72.31270904443849,64.45334820187793,43.580641784643404,83.0,3.0,3.0,memory_bound,
2026-01-05 06:47:00,33.30683552137858,90.95677702970436,52.12434370544182,170.98439800601955,0.0,0.0,29.36098261894903,72.71993767096698,81.70261158438197,33.18789935330655,84.0,3.0,3.0,memory_bound,
2026-01-05 06:48:00,36.35368469123034,91.74952182117956,52.333554424795835,194.17575865566894,0.0,0.0,30.286073808190046,73.43229309556858,81.255064218795,30.837041973217516,85.0,7.0,3.0,memory_bound,
2026-01-05 06:49:00,35.39181805793593,91.06712079571155,52.76729137720178,180.0684423588848,0.0,0.0,30.731453458519862,73.65665438858373,62.42824635640332,44.45625647014503,86.0,3.0,3.0,memory_bound,
2026-01-05 06:50:00,36.135609843667154,88.82601134854406,52.94277781451717,172.0519131157972,0.0,0.0,29.375056261229872,72.07711369442198,53.21132555525326,46.587762433466985,87.0,5.0,3.0,memory_bound,
2026-01-05 06:51:00,35.66699805006219,88.11090616319794,52.79048660122384,176.64425755422306,0.0,0.0,31.971609815238526,72.67313896365717,41.52304024521511,40.806212881278846,88.0,5.0,3.0,memory_bound,
2026-01-05 06:52:00,33.50900309888697,84.90338990464663,52.59599988891048,176.17143250361295,0.0,0.0,30.724767639010636,71.031299808359,55.67395846111018,21.714026427697352,89.0,2.0,3.0,memory_bound,
2026-01-05 06:53:00,32.67279000372354,83.67324939508791,52.49719415788226,171.4041450338854,0.0,0.0,28.651351819933232,72.6385400562541,33.19419386176173,20.22469902901555,90.0,3.0,3.0,memory_bound,
2026-01-05 06:54:00,34.36011034171862,84.39072998018625,52.93300797558995,180.11793662815037,0.0,0.0,30.505608508977765,71.42927892166085,28.49653168687905,13.959877643158137,91.0,4.0,3.0,memory_bound,
2026-01-05 06:55:00,31.897382098791855,85.19857948172665,52.74332469701431,169.43763325370892,0.0,0.0,25.734729677366236,71.64801205501917,22.810354533826917,10.670069826371183,92.0,3.0,3.0,memory_bound,
2026-01-05 06:56:00,35.990588182966,84.39803222680455,52.63326682606524,182.6587193675039,0.0,0.0,31.146731098709314,70.67313336431155,22.568379954263634,26.046481766877022,93.0,2.0,3.0,memory_bound,
2026-01-05 06:57:00,38.05880378563151,90.16250337937133,52.477233914910514,186.8782100106972,0.0,0.0,28.620301202002267,71.04461359497176,8.165986533153273,32.55256008809759,94.0,7.0,3.0,memory_bound,
2026-01-05 06:58:00,36.587981258882884,88.96518610522948,52.18984582768322,171.94461762766878,0.0,0.0,28.895175230259547,68.18666054011736,10.37295382778479,26.965401493174305,95.0,2.0,3.0,memory_bound,
2026-01-05 06:59:00,36.68389908012646,89.31302190555188,52.23780784418149,187.8121592307759,0.0,0.0,26.564514339177826,66.89184159987519,30.065147042336335,20.014456771420868,96.0,3.0,3.0,memory_bound,
2026-01-05 07:00:00,37.12304184548237,91.51759124170577,52.35507622216905,187.79912892982398,0.0,0.0,22.278530743112825,69.59534442735195,13.322356443038117,24.237006551419533,97.0,3.0,3.0,memory_bound,
2026-01-05 07:01:00,41.2363274558448,91.47742755777011,52.07740456402071,195.70290581650707,0.0,0.0,21.971481067612608,71.04763844786447,21.681181496614528,35.5639639667598,98.0,5.0,3.0,memory_bound,
2026-01-05 07:02:00,39.83620373236602,90.3355922997374,52.41551503965426,201.6175499971584,0.0,0.0,18.81922505523366,68.68029978160092,25.73314191456969,38.579738504940856,99.0,2.0,3.0,memory_bound,
2026-01-05 07:03:00,38.45794265366929,90.31084684969011,52.62114731771905,189.58902353431492,0.0,0.0,18.56158660630127,74.14846487138838,22.930917283449226,27.014705433878554,100.0,4.0,3.0,memory_bound,
2026-01-05 07:04:00,37.692059691387,92.82586710946622,52.73551217860692,198.15911058912465,0.0,0.0,16.712029732568784,78.60920428534888,26.009301207901387,16.069005711372675,101.0,5.0,3.0,memory_bound,
2026-01-05 07:05:00,34.54843390246286,90.82734733237352,52.35077867002258,175.34969199181327,0.0,0.0,15.588264570571301,79.72021214341844,45.6635550754081,19.348409589833643,102.0,3.0,3.0,memory_bound,
2026-01-05 07:06:00,31.833525634861783,91.04829858132467,52.86388616725744,173.9700578315015,0.0,0.0,13.898347002022195,78.4615012273135,59.50304487856656,25.169152923684074,103.0,3.0,3.0,memory_bound,
2026-01-05 07:07:00,36.32300567657615,87.08994444043697,52.68481270387046,187.49671871280648,0.0,0.0,16.929885497406122,79.44030869046476,49.74104600594211,14.15798505274563,104.0,4.0,3.0,memory_bound,
2026-01-05 07:08:00,36.963847955447804,89.76101568653084,53.050252421335735,188.55366598948726,0.0,0.0,13.266780172660741,79.08648142356138,70.15584736277978,27.187322499290268,105.0,4.0,3.0,memory_bound,
2026-01-05 07:09:00,35.95587163390961,89.25585514237571,52.71644727532755,184.8902843576379,0.0,0.0,15.994629444696704,81.67747973780286,62.31104078787815,33.97596987545906,106.0,3.0,3.0,memory_bound,
2026-01-05 07:10:00,37.33640394012417,89.22334387046452,52.87260248044582,184.96124087998308,0.0,0.0,17.694097678765754,79.83507818232259,39.570300196171836,39.316256629381286,107.0,3.0,3.0,memory_bound,
2026-01-05 07:11:00,32.17038836786894,89.61814556922894,52.84891632704881,172.4076751876802,0.0,0.0,19.674532553704232,76.5736598020239,31.45176567763007,43.72877176660215,108.0,2.0,3.0,memory_bound,
2026-01-05 07:12:00,31.473038074126276,88.91708330775826,52.663257595831396,175.37538768218212,0.0,0.0,26.953108077460143,80.28842672699713,51.979098810682615,58.555995698358124,109.0,4.0,3.0,memory_bound,
2026-01-05 07:13:00,33.425886699574576,92.52488651420768,52.787133087283586,180.16608579705567,0.0,0.0,24.87110003153441,83.3967666331751,32.10121868528216,50.166990939688205,110.0,6.0,3.0,memory_bound,
2026-01-05 07:14:00,32.00172586710772,92.56257100800411,52.51642501144874,170.19785609519545,0.0,0.0,28.11924111136463,85.14576091011868,16.57168519540771,47.92288098704575,111.0,4.0,3.0,memory_bound,
2026-01-05 07:15:00,26.460280781129892,89.73529009422276,52.244479885922544,155.32645473989965,0.0,0.0,31.02355634542535,82.7247518661573,51.547480588731986,44.876976929163625,112.0,4.0,3.0,memory_bound,
2026-01-05 07:16:00,29.402098570712518,97.44925884823087,52.013363944323906,154.1306008408719,0.0,0.0,31.23471711978191,81.04147817773782,33.53344203930537,42.45896117707457,113.0,3.0,3.0,memory_bound,
2026-01-05 07:17:00,28.448048926497798,91.99761041378898,51.75890293065254,154.0506948775742,0.0,0.0,31.99892099662517,79.4305828062218,12.882915393819815,58.7055813795044,114.0,3.0,3.0,memory_bound,
2026-01-05 07:18:00,26.348706160869817,93.68764187139648,51.66804308797465,154.10458784382942,0.0,0.0,29.325803148142057,78.22279903124884,25.8168445793495,53.91713280601325,115.0,5.0,3.0,memory_bound,
2026-01-05 07:19:00,0.0,16.998429738132913,49.956846547286126,59.61672863516313,0.0,0.0,0.0,31.68320851902212,5.3741588582403566,6.041776524199909,0.0,1.0,0.0,idle,
2026-01-05 07:20:00,0.0,13.417138931779064,48.27929214171473,58.5055740183727,0.0,0.0,0.0,31.460759622778745,0.0,12.499105734321562,0.0,1.0,0.0,idle,
2026-01-05 07:21:00,0.0,14.041043943821295,46.54102716363479,57.36985412607329,0.0,0.0,0.0,33.157162176346056,0.0,9.187757007718965,0.0,2.0,0.0,idle,
2026-01-05 07:22:00,0.0,11.724869106588873,45.83310737442351,63.82969850923042,0.0,0.0,0.0,32.92750745155415,0.0,0.0,0.0,1.0,0.0,idle,
2026-01-05 07:23:00,0.0,7.831563764804924,45.150273957598024,62.60465593184094,0.0,0.0,0.0,33.457374582397065,0.0,15.276585974061183,0.0,1.0,0.0,idle,
2026-01-05 07:24:00,0.0,7.902540141545282,44.23309054684622,60.684158231258856,0.0,0.0,3.9887183163359046,34.03831371546771,0.0,0.0,0.0,4.0,0.0,idle,
2026-01-05 07:25:00,0.0,8.526263501739413,43.456217809537186,65.33368501544794,0.0,0.0,0.0,32.94283525593812,0.0,0.0,0.0,1.0,0.0,idle,
2026-01-05 07:26:00,0.0,10.02861747335635,42.62045272846799,75.17035868530625,0.0,0.0,0.0,33.0243732941014,0.0,0.0,0.0,1.0,0.0,idle,
2026-01-05 07:27:00,0.0,9.936552865814832,42.150968229789406,57.523668822273486,0.0,0.0,3.0044881836250688,31.84307745792145,17.07648897169235,0.0,0.0,3.0,0.0,idle,
2026-01-05 07:28:00,0.0,10.645854692418524,41.33256885183471,50.73338397471968,0.0,0.0,1.3316534749726154,33.7568269420437,21.15180906789369,0.0,0.0,3.0,0.0,idle,
2026-01-05 07:29:00,2.4263927143329553,11.219660815445359,41.37874840972982,72.23436817727527,0.0,0.0,2.711432413877722,36.62283760019796,4.081002851938436,0.0,0.0,0.0,0.0,idle,
2026-01-05 07:30:00,0.0,11.493882754024163,41.15678251537058,68.34848524688647,0.0,0.0,2.019804386811991,38.23027527642436,0.0,8.178705284956871,0.0,8.0,0.0,idle,
2026-01-05 07:31:00,2.4668997543375273,11.123362532353323,41.06566922245545,71.84060402564398,0.0,0.0,2.754063841190612,38.049627499995914,0.0,14.95797075064436,0.0,5.0,0.0,idle,
2026-01-05 07:32:00,4.349255198294513,12.461185014336696,41.38220551944765,77.03740837757975,0.0,0.0,0.0,34.84158915093832,0.0,7.118842358610529,0.0,5.0,0.0,idle,
2026-01-05 07:33:00,2.6662113626274797,15.519577507118235,41.12765754200012,69.04387652766492,0.0,0.0,0.0,33.936347871506676,0.0,15.614441708078564,0.0,2.0,0.0,idle,
2026-01-05 07:34:00,1.1641689560790058,13.636802346440199,40.56703007577523,66.34661355134135,0.0,0.0,0.23064616848911523,37.04748918519384,0.0,32.52475179432979,0.0,2.0,0.0,idle,
2026-01-05 07:35:00,0.0,11.825976846051077,40.36287286648573,56.89736828521205,0.0,0.0,0.0,34.516813882606804,0.0,25.922326460088982,0.0,4.0,0.0,idle,
2026-01-05 07:36:00,1.6671207215956259,12.833669285101363,39.98848218863617,62.663317942146044,0.0,0.0,2.89114889116168,32.4420988452149,0.0,40.479933107188266,0.0,1.0,0.0,idle,
2026-01-05 07:37:00,1.5491775013509308,12.415933625639553,39.91582704139114,67.27878247669287,0.0,0.0,3.9669409284888073,31.317129549394913,0.0,41.14531476902345,0.0,0.0,0.0,idle,
2026-01-05 07:38:00,1.1977480594599397,11.180357695947253,39.53521874022163,61.2992954775853,0.0,0.0,5.153643232374478,28.007836349789944,15.975879720306843,20.438789714748786,0.0,1.0,0.0,idle,
2026-01-05 07:39:00,0.0,10.57667129160031,39.05249557787378,50.0,0.0,0.0,6.088954237167754,24.017674017923515,10.278232614623672,7.535183303171191,0.0,1.0,0.0,idle,
2026-01-05 07:40:00,4.101616866451244,7.161652473963128,39.49414479921248,75.75999596815113,0.0,0.0,7.477294247683716,26.833199100471045,1.4460108563101777,0.0,0.0,3.0,0.0,idle,
2026-01-05 07:41:00,11.738478443136108,6.301324738943232,39.960141581480286,106.50138973646591,0.0,0.0,15.699055888036952,28.70922716748975,20.054919657981312,0.0,0.0,2.0,0.0,idle,
2026-01-05 07:42:00,77.11728699171219,58.65150410332114,43.89796379949386,323.563223381163,0.0,0.0,57.17657400218535,64.07400340449021,188.27686511926737,82.72732633049678,0.0,4.0,2.0,mixed,
2026-01-05 07:43:00,76.04630420611619,58.066584143760636,47.32480023858317,315.41649411564134,0.0,0.0,55.50102001597551,61.44092139612944,172.25432487239615,81.9108683768583,1.0,5.0,2.0,mixed,
2026-01-05 07:44:00,75.92756334128438,58.81694285227421,50.374216038539515,316.48842166546694,0.0,0.0,53.414046773310446,59.203056584421276,182.72819570791202,95.46624712347999,2.0,4.0,2.0,mixed,
2026-01-05 07:45:00,69.59521223292522,59.81184513195161,52.635172944566264,304.3046919922444,0.0,0.0,44.75234824300042,58.704708369865344,170.07785695295175,93.17449715674508,3.0,2.0,2.0,mixed,
2026-01-05 07:46:00,70.81297228187641,60.482239084347654,54.82998286340425,298.2253730968152,0.0,0.0,47.23269146868779,61.89361512865191,165.41143450790614,108.0596023671896,4.0,4.0,2.0,mixed,
2026-01-05 07:47:00,71.0968886473923,59.130215841311816,56.075863845424415,297.080665174527,0.0,0.0,49.50383594156332,63.32332634273291,144.68537931422816,102.88241553544705,5.0,3.0,2.0,mixed,
2026-01-05 07:48:00,71.11839806760226,54.99252333689154,57.63827290808193,307.4259820962588,0.0,0.0,43.368803423813134,62.652080581743114,150.02849981117916,103.93472901758393,6.0,4.0,2.0,mixed,
2026-01-05 07:49:00,72.48226401133152,55.546257129872615,58.98057896484223,307.41886814265297,0.0,0.0,46.852218274599934,65.67490182811528,157.4867439087119,91.63351598446984,7.0,5.0,2.0,mixed,
2026-01-05 07:50:00,73.88261086925623,57.19445366981051,60.21938380127841,303.3072885724331,0.0,0.0,48.38022993514808,65.8173668042929,139.82023557424884,101.83887752350036,8.0,5.0,2.0,mixed,
2026-01-05 07:51:00,71.07461481931898,57.459379334941744,60.96388757732274,304.17573237937825,0.0,0.0,49.391825896627175,68.63912667924178,119.89034769246479,115.05381606985647,9.0,4.0,2.0,mixed,
2026-01-05 07:52:00,71.53624830279568,56.80992630420366,61.567534346237125,306.1547535322596,0.0,0.0,58.410558296714456,72.49083605614167,151.93052228042288,103.41153800273082,10.0,3.0,2.0,mixed,
2026-01-05 07:53:00,71.91422742325348,55.915674116270495,62.01914003094365,295.6421054565539,0.0,0.0,56.37241012045782,68.96519206755181,142.33076181818618,108.28263145823163,11.0,3.0,2.0,mixed,
2026-01-05 07:54:00,72.72232407122634,59.25304174680429,62.914317280803374,303.0994098800804,0.0,0.0,52.2236975827409,67.79080979727472,154.18414095158147,126.2517637095131,12.0,5.0,2.0,mixed,
2026-01-05 07:55:00,70.98647032282629,58.54237268150163,63.70751772672661,296.4954307159757,0.0,0.0,49.46205529892825,68.87823181915238,164.63949038444213,122.662594737631,13.0,3.0,2.0,mixed,
2026-01-05 07:56:00,69.10712372087708,58.460818745480154,63.839234046380135,296.8139799491706,0.0,0.0,46.97063994260903,69.140581220354,178.5163486808668,106.17073691654039,14.0,5.0,2.0,mixed,
2026-01-05 07:57:00,67.12814086862133,55.84269892073997,63.76785395979811,285.9758120443701,0.0,0.0,42.84434794119156,67.937841232982,181.48810359770872,123.92287730563295,15.0,2.0,2.0,mixed,
2026-01-05 07:58:00,69.291419492824,56.99975483260905,64.298542049383,303.17326354107774,0.0,0.0,41.90213690551503,69.10505115892427,146.73289771944027,136.43839342178828,16.0,4.0,2.0,mixed,
2026-01-05 07:59:00,69.32771803229656,58.05342404323976,64.0850463387398,292.409162394958,0.0,0.0,45.53255066599655,68.65121693850588,134.3430829392666,139.75261965164356,17.0,5.0,2.0,mixed,
2026-01-05 08:00:00,67.68897322946489,55.685081539724536,63.92935209330235,293.6754702638755,0.0,0.0,44.22140904087053,68.20587109343735,140.60252370139204,130.71198800488037,18.0,5.0,2.0,mixed,
2026-01-05 08:01:00,65.20891401778607,58.54091477751661,64.30538398437717,295.4773903155512,0.0,0.0,45.63400654138205,70.25078809077395,146.28061231022554,126.31019599045823,19.0,3.0,2.0,mixed,
2026-01-05 08:02:00,67.10300120746763,56.403037499786805,64.36301698718383,291.54999946335914,0.0,0.0,47.19999843253117,69.97271821259389,126.3674260365398,114.69207344450876,20.0,4.0,2.0,mixed,
2026-01-05 08:03:00,63.70989444521365,56.28467518842751,63.99638263517105,278.8826240022639,0.0,0.0,49.24095107558626,68.42834627218475,143.34539533279948,115.37394128456583,21.0,2.0,2.0,mixed,
2026-01-05 08:04:00,60.649433607446056,55.8975293246376,64.12808484841474,267.6240877479424,0.0,0.0,46.94508909098274,66.60818755478668,141.52793902959309,99.16924269861096,22.0,3.0,2.0,mixed,
2026-01-05 08:05:00,63.88278601850054,58.12503366835184,64.43931581091927,284.50347138011705,0.0,0.0,50.16910296455704,67.12923323619594,135.6260670483075,115.21882906560874,23.0,3.0,2.0,mixed,
2026-01-05 08:06:00,62.238800710382684,63.63445531788017,64.56261387790879,269.96082327269806,0.0,0.0,50.520825622655714,63.31896545642506,121.57146759826169,116.68978409823883,24.0,4.0,2.0,mixed,
2026-01-05 08:07:00,63.82315930646482,63.19372677756725,64.32849888542512,276.07977312898595,0.0,0.0,50.58944994191633,63.33695165972482,122.42090671520542,93.72374753495079,25.0,3.0,2.0,mixed,
2026-01-05 08:08:00,59.15632254316572,66.0120507643829,63.66554754499528,266.92855179044204,0.0,0.0,56.66264662588196,66.11459184811608,113.2096722809945,88.75393116749594,26.0,3.0,2.0,mixed,
2026-01-05 08:09:00,58.823937560725156,66.98559479895438,63.6302772492815,261.4168534240589,0.0,0.0,55.201546606478466,65.71565873595505,92.07283078117896,77.17813068809534,27.0,5.0,2.0,mixed,
2026-01-05 08:10:00,57.84034573022665,62.961549886770875,63.9950463269128,263.31110597685455,0.0,0.0,50.83862387627048,66.4773053267206,90.3453879945174,77.60626764340543,28.0,4.0,2.0,mixed,
2026-01-05 08:11:00,58.051648141061,62.97843890081361,63.67786059206986,254.90244289214834,0.0,0.0,52.701142935851934,68.83322983689368,107.0836663495852,87.49506823670097,29.0,2.0,2.0,mixed,
2026-01-05 08:12:00,57.73231611575285,58.40627372477676,63.69847534053777,254.27661144138366,0.0,0.0,47.455674982221396,68.20387917192917,101.07543520735123,81.32016549950004,30.0,3.0,2.0,mixed,
2026-01-05 08:13:00,63.6833044765549,61.67381500871504,63.806473091087476,275.25416630391965,0.0,0.0,48.731911858284946,67.20473858119449,86.32317480280017,87.07574688706623,31.0,2.0,2.0,mixed,
2026-01-05 08:14:00,64.48815658345671,62.64885512037301,63.74404982709431,279.34850650726014,0.0,0.0,49.49482733498393,63.43898426802143,92.3890739958164,77.22725047074505,32.0,2.0,2.0,mixed,
2026-01-05 08:15:00,68.3705529276624,65.16472263320564,64.08011093688268,296.198181156849,0.0,0.0,57.82819101177835,65.47806341163205,97.42276752039977,76.48712055018524,33.0,4.0,2.0,mixed,
2026-01-05 08:16:00,65.7103406817289,63.121492974303244,63.97797794692104,286.85313565684896,0.0,0.0,58.6989945765336,67.55380733412305,100.40657024892664,87.24476053968525,34.0,3.0,2.0,mixed,
2026-01-05 08:17:00,70.37756392622292,64.60571341342326,64.40231347014384,294.9521343804597,0.0,0.0,58.30062804207959,67.47149114370636,114.28150036369877,99.59745006598565,35.0,5.0,2.0,mixed,
2026-01-05 08:18:00,66.03776459361815,64.35602386488394,64.73372630178018,293.19772996360194,0.0,0.0,54.23936406498272,68.64494105656586,116.88611549044512,105.90992003856245,36.0,2.0,2.0,mixed,
2026-01-05 08:19:00,65.54341080594196,60.233988121816644,64.9786852878972,281.31366330298505,0.0,0.0,53.723209158813624,68.47502251347825,123.98878619682989,111.50264324573747,37.0,3.0,2.0,mixed,
2026-01-05 08:20:00,67.14222917789665,59.6852965139198,65.3985649161181,287.7008201308689,0.0,0.0,45.048626660137835,70.31550030311121,143.17756127168195,99.34535544684758,38.0,4.0,2.0,mixed,
2026-01-05 08:21:00,63.04396394720229,57.44411400445042,65.75061858658076,279.9357461840344,1.0,0.0,46.75695196577935,68.13811199868299,159.6144042589462,107.67034399281917,39.0,5.0,2.0,mixed,
2026-01-05 08:22:00,64.12748595142068,55.329030494542565,65.69577068660581,273.4191242408853,0.0,0.0,44.72839723632443,70.90278329998854,139.77098283313836,115.89850902518874,40.0,5.0,2.0,mixed,
2026-01-05 08:23:00,64.98287834672777,56.445733303618155,65.45247883688124,279.30353084830637,0.0,0.0,45.11445077132362,67.39446009741445,136.7520981901498,140.37646809781887,41.0,6.0,2.0,mixed,
2026-01-05 08:24:00,64.58933697009223,56.059424890010845,66.01902303053501,266.8981845249065,0.0,0.0,42.19853558060988,67.21305916529009,137.61672964789398,158.82423649603857,42.0,8.0,2.0,mixed,
2026-01-05 08:25:00,63.82777887176124,55.05740393257572,65.27792023661124,270.54362390170803,0.0,0.0,41.94747138919816,68.1810736539315,157.70334662784686,136.67497433156797,43.0,4.0,2.0,mixed,
2026-01-05 08:26:00,63.43313996255199,57.07970010549858,65.16267112145081,276.3151425507008,0.0,0.0,46.3200784454556,66.87794951835126,181.6730619639464,139.7031441559371,44.0,4.0,2.0,mixed,
2026-01-05 08:27:00,61.03558589121368,55.84874790527147,65.14611618311365,263.79788658533573,0.0,0.0,46.0331854622946,63.71685757958484,182.01884745440898,139.9536391361646,45.0,4.0,2.0,mixed,
2026-01-05 08:28:00,58.05234103692821,54.183692756715416,64.61587121550644,257.7958496372809,0.0,0.0,38.414212976866466,69.77399950696329,180.74765688782878,132.88843605042226,46.0,2.0,2.0,mixed,
2026-01-05 08:29:00,59.90489314127646,56.5561245825865,64.46036233207596,264.1065323145065,0.0,0.0,37.69867513488257,64.81503812760207,207.0108986766576,138.98723146730293,47.0,4.0,2.0,mixed,
2026-01-05 08:30:00,62.411465588248866,57.764156062594246,64.36436041320496,276.4904222905217,0.0,0.0,38.09769997313947,65.02877635805153,203.76551935570788,122.17159996923976,48.0,4.0,2.0,mixed,
2026-01-05 08:31:00,60.58379458160686,59.48852707402834,64.10455188680719,270.5187048358933,0.0,0.0,42.20351595004678,66.6462612774227,198.91824161300457,130.48158040591582,49.0,2.0,2.0,mixed,
2026-01-05 08:32:00,62.67715371673465,59.111158885494454,64.57754809716688,279.3685706238093,0.0,0.0,47.268367634202555,66.72084445095868,182.61672276148988,127.00590285457915,50.0,3.0,2.0,mixed,
2026-01-05 08:33:00,62.05671552388253,60.09093853998605,64.19178006977445,267.0878966898893,0.0,0.0,49.71080796248899,65.15895892496277,199.02338348874986,126.80518371029103,51.0,3.0,2.0,mixed,
2026-01-05 08:34:00,60.01819281937421,62.69094827121819,64.46492725729117,272.17014105101117,0.0,0.0,49.17732573855539,64.2679144019298,214.88276650638664,129.4718234872571,52.0,5.0,2.0,mixed,
2026-01-05 08:35:00,62.1509614689989,60.15495647515389,64.55546496752244,278.9007662813793,0.0,0.0,56.05532477273064,64.38589762007037,199.7256348552086,110.55345428881908,53.0,5.0,2.0,mixed,
2026-01-05 08:36:00,63.35709059234203,59.317391439625396,64.20270002020501,269.5894009534631,0.0,0.0,59.790345163098856,66.24265118987468,190.77311933837169,115.3236274092778,54.0,2.0,2.0,mixed,
2026-01-05 08:37:00,64.63357957143738,58.20414623649593,64.23687928831637,278.4575652520261,0.0,0.0,58.00137715505355,67.96095324287565,200.18136793415644,106.15862560077413,55.0,2.0,2.0,mixed,
2026-01-05 08:38:00,65.94882506805176,60.864533220269074,64.34420992558285,286.6765590738918,0.0,0.0,57.65934782506162,66.21423538325776,188.19819095247334,85.78570045984938,56.0,8.0,2.0,mixed,
2026-01-05 08:39:00,64.21940610603986,61.844965156954075,64.21701860414503,274.65770544448696,0.0,0.0,55.086585084593736,66.33727785106421,172.57907137473305,110.871083218303,57.0,5.0,2.0,mixed,
2026-01-05 08:40:00,64.16429205271147,62.8423713120924,64.83915326136403,284.54892731011506,0.0,0.0,52.75994695510351,65.89308981316702,197.0534451806036,124.46894382708425,58.0,2.0,2.0,mixed,
2026-01-05 08:41:00,64.7987529145674,61.771656443153574,64.96444468110818,270.41398353287707,0.0,0.0,55.911153697724295,68.8351737422509,163.4627441385891,115.6256653849244,59.0,7.0,2.0,mixed,
2026-01-05 08:42:00,61.039552212395755,60.87921280383588,64.36906494266549,262.4157426811569,0.0,0.0,51.669337600569975,68.71300318539565,162.34515481357323,106.27106964236079,60.0,5.0,2.0,mixed,
2026-01-05 08:43:00,60.39521161080988,62.89783594381911,64.48980299532509,269.47408021458233,0.0,0.0,52.990375707836925,71.98134715928894,169.04943685319188,110.28433902210192,61.0,3.0,2.0,mixed,
2026-01-05 08:44:00,60.833762552706126,63.19572711685137,64.57380320141513,263.7842654025889,0.0,0.0,51.657875213714846,69.09986673941587,157.04520793105542,131.90177644034594,62.0,6.0,2.0,mixed,
2026-01-05 08:45:00,59.68260937596388,57.210294619158674,64.4352653292128,260.75356928979625,0.0,0.0,55.46407244099918,67.51715189652593,149.90524396719513,132.16864307341632,63.0,3.0,2.0,mixed,
2026-01-05 08:46:00,57.15656414855016,60.945535030049705,64.14539312690934,262.8719563128037,0.0,0.0,53.81596607959237,69.70810716909837,176.6959483758434,120.88187948108568,64.0,3.0,2.0,mixed,
2026-01-05 08:47:00,54.06950690683346,64.12019542060575,63.520620535614995,238.885130333539,0.0,0.0,55.60943683366363,69.53831531380038,163.35271122268836,93.09044726199673,65.0,5.0,2.0,mixed,
2026-01-05 08:48:00,55.998476100924265,61.06333092804424,62.98739980399194,253.97355072667813,0.0,0.0,52.79844002964175,67.60661648414003,160.80436111674297,82.67473641674583,66.0,3.0,2.0,mixed,
2026-01-05 08:49:00,53.93473068263167,61.47088226310477,63.06446119357144,235.86618893216695,0.0,0.0,51.03451791241974,67.9212904581803,155.5316103782581,93.8768406221746,67.0,4.0,2.0,mixed,
2026-01-05 08:50:00,54.99220715940892,60.7601552088515,62.728575673479,239.35561996540744,0.0,0.0,49.879525460001354,68.72338395447555,165.35193584885087,98.06202992048077,68.0,5.0,2.0,mixed,
2026-01-05 08:51:00,57.79057499885627,59.144225513603566,62.63086787732805,257.77445819363305,0.0,0.0,50.56114432881292,67.60406138205255,181.2634846933715,102.97482485433527,69.0,5.0,2.0,mixed,
2026-01-05 08:52:00,61.14856524359803,60.58023506618205,62.63156187598508,269.06250090668465,0.0,0.0,53.034658439151656,66.48007273327063,184.11898822235185,105.11946516336891,70.0,3.0,2.0,mixed,
2026-01-05 08:53:00,62.040961538996974,64.06921181218084,62.601632749449166,264.2673434401953,0.0,0.0,47.32185739576006,67.73344278307401,189.46954632936257,84.5360636708977,71.0,3.0,2.0,mixed,
2026-01-05 08:54:00,62.06496742544526,66.57611434978016,63.02695390250743,269.74732448400647,0.0,0.0,49.71454131936666,67.76131711233172,178.35968583673113,82.91530746953195,72.0,2.0,2.0,mixed,
2026-01-05 08:55:00,62.038507555516794,66.45773996147574,62.86339419895569,262.0209342143868,0.0,0.0,46.62719541460661,67.31162826516744,197.32322180845125,92.69216339196512,73.0,2.0,2.0,mixed,
2026-01-05 08:56:00,61.37124743698581,66.90433158871099,62.64106462932143,266.7258902325895,0.0,0.0,45.272725234603115,67.69113466693841,200.34235396308767,90.63466861021963,74.0,5.0,2.0,mixed,
2026-01-05 08:57:00,58.255343296032294,66.11454870661893,62.90134646581613,261.14699547724075,0.0,0.0,49.195097976769596,65.89908340357277,194.06279755864654,88.61411950288921,75.0,6.0,2.0,mixed,
2026-01-05 08:58:00,56.61454725320434,64.60127906318671,62.57286397699485,260.443216917568,0.0,0.0,46.64157576378874,64.55846246159281,180.19656450878855,89.14551209290289,76.0,5.0,2.0,mixed,
2026-01-05 08:59:00,60.973754742578265,62.13168254380141,62.22371443619002,272.36937585159797,0.0,0.0,46.63311179285904,64.06846851025315,192.64328985420048,101.92716161639873,77.0,2.0,2.0,mixed,
2026-01-05 09:00:00,62.068564119258426,60.0842747009551,62.3783849924041,270.9890549634104,0.0,0.0,49.05805257927961,62.887197158994084,224.00444494974334,87.85263284556754,78.0,4.0,2.0,mixed,
2026-01-05 09:01:00,0.0,5.951051902192888,59.28343534445459,51.265537868373805,0.0,0.0,6.700321606274461,28.035297492642187,54.343212472568936,0.0,0.0,0.0,0.0,idle,
2026-01-05 09:02:00,1.2919063774715147,6.091609752539982,57.08585111750172,75.1492905073051,0.0,0.0,3.920529511214009,30.031404522252977,46.40624964704506,0.0,0.0,3.0,0.0,idle,
2026-01-05 09:03:00,0.0,5.74154698719514,54.7255266028197,63.19927528964164,0.0,0.0,8.563723335649579,34.361809723981494,16.56097220204761,2.6256172578805557,0.0,6.0,0.0,idle,
2026-01-05 09:04:00,0.0,2.761534163168516,52.64636624442067,60.474062737239954,0.0,0.0,6.1019565098359,34.55116338310239,26.726591264250015,12.33273064632657,0.0,2.0,0.0,idle,
2026-01-05 09:05:00,0.0,1.6887516287139324,50.767322512263874,63.014658546702556,0.0,0.0,2.5486026017685925,32.811475513050354,16.608700722534973,0.4931670004724178,0.0,2.0,0.0,idle,
2026-01-05 09:06:00,0.0,0.5985163429032774,49.013241150692096,63.76750272617728,0.0,0.0,1.6809312313446307,34.834964310950575,17.373045191583806,1.1845710195854966,0.0,3.0,0.0,idle,
2026-01-05 09:07:00,0.0,0.0,47.9339469874593,62.86099394934135,0.0,0.0,0.0,36.67718367407815,0.0,8.461122318946206,0.0,0.0,0.0,idle,
2026-01-05 09:08:00,0.0,2.9075613851709647,46.64188313689565,62.976575719765094,0.0,0.0,5.879928086182879,38.917011615078,5.016622439437324,10.943258756024983,0.0,1.0,0.0,idle,
2026-01-05 09:09:00,0.0,8.097486688665683,45.34528212855428,61.505496012709486,0.0,0.0,0.0,37.13523732173026,19.60436336451903,27.00689144917631,0.0,2.0,0.0,idle,
2026-01-05 09:10:00,0.0,7.546992667044339,44.38425697834287,56.08288330198563,0.0,0.0,2.3384393317907137,39.14330297989606,3.014513520272807,27.411005726430137,0.0,4.0,0.0,idle,
2026-01-05 09:11:00,0.0,4.121440549053939,43.70792795759777,63.89564723472131,0.0,0.0,4.222562826533927,38.65825452230912,18.489789427556154,25.027892897648332,0.0,4.0,0.0,idle,
2026-01-05 09:12:00,0.0,3.8212448160256125,42.8350988358783,56.083022674817826,0.0,0.0,5.430924172349134,38.67315637928214,7.989744932513357,36.39079689383107,0.0,3.0,0.0,idle,
2026-01-05 09:13:00,0.0,3.3118826619794746,42.932736564133535,58.427946932666245,0.0,0.0,5.6238802980367195,39.06029169095941,28.70038551165239,32.43291077438597,0.0,1.0,0.0,idle,
2026-01-05 09:14:00,0.0,4.765871411168839,42.155507955875336,56.836941601156646,0.0,0.0,1.494486059920436,35.632358957539005,46.264836475032126,27.09527369810253,0.0,1.0,0.0,idle,
2026-01-05 09:15:00,0.0,3.0213727315147354,42.0008306213577,61.003613204195815,0.0,0.0,3.1450032794212968,36.21123443791239,38.09547688862176,28.258335230483276,0.0,0.0,0.0,idle,
2026-01-05 09:16:00,0.0,2.894139453439193,41.51001315801961,55.347379415261074,0.0,0.0,6.390354519091476,37.693339281963446,63.07066183326157,46.61222861681128,0.0,2.0,0.0,idle,
2026-01-05 09:17:00,0.0,1.451702287950825,40.94293797662978,52.93286390908456,0.0,0.0,7.310881447802934,35.92393550178179,66.50447839921316,38.6667402602139,0.0,2.0,0.0,idle,
2026-01-05 09:18:00,0.5869655902697437,0.0,40.23021778664583,61.925147639747074,0.0,0.0,5.134566699682216,33.84127162327981,59.12147311437293,36.59842056760779,0.0,2.0,0.0,idle,
2026-01-05 09:19:00,3.3979277443493796,2.5325424837696744,40.40090905870916,76.39281926410368,0.0,0.0,0.0,31.144596650958245,32.94690118425314,49.49078733621965,0.0,2.0,0.0,idle,
2026-01-05 09:20:00,4.943214449261021,5.23606517914163,40.32445472127584,77.3822545823606,0.0,0.0,0.0,31.6835202893429,26.706445970356537,26.151573210107166,0.0,4.0,0.0,idle,
2026-01-05 09:21:00,4.766616325863539,8.361191835008494,40.434099103684474,77.04357804331747,0.0,0.0,0.43643550758892413,32.017952026918536,24.85683421179146,33.97815750356994,0.0,4.0,0.0,idle,
2026-01-05 09:22:00,3.5862562208593594,7.717215783181064,40.06191494441653,70.18719332266684,0.0,0.0,0.24617611020844699,33.81872067183801,28.121241872339855,53.738359315284704,0.0,4.0,0.0,idle,
2026-01-05 09:23:00,2.5608375722929555,8.265305670322508,39.76750932687786,63.581127357314834,0.0,0.0,1.2052369551893494,36.34786898312322,31.36960934950238,53.91549889429245,0.0,0.0,0.0,idle,
2026-01-05 09:24:00,1.6598718541346946,12.299700127603826,39.54679529835073,71.91265531660693,0.0,0.0,0.0,32.10321607022387,50.16465861665115,41.85984149706632,0.0,1.0,0.0,idle,
2026-01-05 09:25:00,2.710885413344111,9.582580328564553,39.242298466835926,74.75888125400073,0.0,0.0,0.0,28.962598003054733,56.3342714567231,26.187773068279146,0.0,4.0,0.0,idle,
2026-01-05 09:26:00,1.5988209627722836,10.071499675314488,38.92361926312887,69.08074154778261,0.0,0.0,0.0,28.369157805888747,43.284345823907316,19.610668722688278,0.0,2.0,0.0,idle,
2026-01-05 09:27:00,4.363674481621617,11.16411778769132,39.34362692706994,71.17730671707668,0.0,0.0,1.2140230125407285,29.32327502724997,27.039270816090305,13.580283741886161,0.0,2.0,0.0,idle,
2026-01-05 09:28:00,4.1393493495747595,8.72533395726532,38.67300866585452,66.08254926256177,0.0,0.0,0.7082727518874838,31.8420845608607,26.034608825387426,20.730203742586255,0.0,3.0,0.0,idle,
2026-01-05 09:29:00,3.843415877598849,6.6476459455518055,37.95470645870482,71.15753744765111,0.0,0.0,0.0,32.82236312098871,32.668201253812114,13.841341886740558,0.0,2.0,0.0,idle,
2026-01-05 09:30:00,5.807887293806814,6.9953741203613,38.07063427724221,75.92534967157722,0.0,0.0,0.0,34.9629234847359,12.71550639719716,30.69478556167995,0.0,3.0,0.0,idle,
2026-01-05 09:31:00,5.783526545921011,9.782834990397749,38.5211500154476,74.42893951915,0.0,0.0,0.0,34.75110879527257,11.003724997841953,20.82038818070544,0.0,5.0,0.0,idle,
2026-01-05 09:32:00,6.442105515543688,10.615441343423928,38.98796647907819,78.12939593726027,0.0,0.0,0.0,34.228067409156765,0.0,18.79234491679598,0.0,1.0,0.0,idle,
2026-01-05 09:33:00,6.02547392927839,10.768555169496196,39.19083599612593,76.96697986381822,0.0,0.0,0.0,32.961653211951514,16.038859009729393,29.37622064406478,0.0,2.0,0.0,idle,
2026-01-05 09:34:00,6.957686218481205,10.677800722145117,39.13340468972158,77.74009447802473,0.0,0.0,0.21288284487475817,30.305460298638987,0.0,23.901580436904133,0.0,2.0,0.0,idle,
2026-01-05 09:35:00,8.17589487307077,12.411653989185929,39.46358376295602,88.61512927511983,0.0,0.0,6.727874016386311,34.395343958097264,0.0,19.070254561796713,0.0,3.0,0.0,idle,
2026-01-05 09:36:00,6.470477669280325,14.529519194123793,39.634639755453435,79.4219900872118,0.0,0.0,1.4357025055613035,32.538000257267534,0.0,15.293354650715871,0.0,2.0,0.0,idle,
2026-01-05 09:37:00,3.8641617411254536,12.105013784803045,39.83382082002606,72.41337429303546,0.0,0.0,0.0,28.85266581384489,0.0,14.970147202161625,0.0,1.0,0.0,idle,
2026-01-05 09:38:00,3.499898259577825,8.867505138523178,39.52529739607078,63.51778619033052,0.0,0.0,0.0,28.06195978743571,0.0,32.15584956721641,0.0,3.0,0.0,idle,
2026-01-05 09:39:00,3.3368546615988537,9.12956465722314,39.59963648683481,70.72568728184288,0.0,0.0,0.0,29.024547070680605,0.0,42.83152676577118,0.0,3.0,0.0,idle,
2026-01-05 09:40:00,6.236391424179384,8.942183249737939,39.44308170533234,73.16412657696156,0.0,0.0,0.0,26.32772812545644,0.0,30.923361487070697,0.0,5.0,0.0,idle,
2026-01-05 09:41:00,1.848433707871931,9.282874413478865,39.26417782626609,67.59123751061766,0.0,0.0,0.0,25.906188784333,0.0,34.995786450967366,0.0,0.0,0.0,idle,
2026-01-05 09:42:00,2.2969050873172954,9.974545312532069,38.96459076376275,66.40579803568873,0.0,0.0,0.0,23.3472729592483,12.545061293259495,29.092402533933583,0.0,2.0,0.0,idle,
2026-01-05 09:43:00,0.0,12.987512990962717,38.60969710549898,58.4695306674929,0.0,0.0,0.0,26.44855491314736,2.7911839934538953,21.819655110067448,0.0,3.0,0.0,idle,
2026-01-05 09:44:00,0.0,12.224926685222595,38.29319949429986,61.42140062614314,0.0,0.0,0.0,28.606297101889943,0.0,30.677610050813048,0.0,1.0,0.0,idle,
2026-01-05 09:45:00,0.0,10.115628360272186,38.292525750914024,55.000729886806134,0.0,0.0,0.5029033418841475,27.667445671911015,0.0,23.017884773858608,0.0,1.0,0.0,idle,
2026-01-05 09:46:00,0.0,7.438039778853428,37.871144524121824,53.11653211630559,0.0,0.0,0.0,30.863687203256553,0.0,32.620618973054306,0.0,1.0,0.0,idle,
2026-01-05 09:47:00,0.2622479549363601,7.4493505302250105,37.90468501122605,64.9571463685641,0.0,0.0,4.037146959075965,31.626850588092882,0.0,37.74248437963986,0.0,2.0,0.0,idle,
2026-01-05 09:48:00,0.415285719087064,8.596551623767036,38.13508262206578,57.693344378032705,0.0,0.0,5.4953289897358895,34.00399233489014,25.470289037158718,12.578922006462365,0.0,3.0,0.0,idle,
2026-01-05 09:49:00,3.1040645774838067,11.832753861251234,38.29788562848536,63.88649335894328,0.0,0.0,6.0967323351135105,38.193797375122365,32.719533013410086,19.658496404055786,0.0,0.0,0.0,idle,
2026-01-05 09:50:00,3.5177298337138403,15.193267353678742,38.27076165117252,74.15446592617538,0.0,0.0,2.954575788615564,38.44896452503568,41.444087574055644,17.574974286108198,0.0,3.0,0.0,idle,
2026-01-05 09:51:00,4.966501668132367,14.699956162000806,38.23575612780099,77.92266465875834,0.0,0.0,0.0,35.987221471488496,2.2657924833026755,3.860388418601113,0.0,1.0,0.0,idle,
2026-01-05 09:52:00,2.1865638011987647,10.187790339422772,38.46692131281442,61.812469340842405,0.0,0.0,0.0,34.39293840437939,7.8119865571410365,0.0,0.0,2.0,0.0,idle,
2026-01-05 09:53:00,3.5910949586301166,13.127823973112962,38.578258673953215,74.61631713952441,0.0,0.0,0.29752614009371436,38.994638917412395,0.0,0.0,0.0,2.0,0.0,idle,
2026-01-05 09:54:00,5.95239311325491,14.653768677586338,38.638797168162384,69.84895605595854,0.0,0.0,0.6001122567017112,36.90027770096863,0.0,0.0,0.0,4.0,0.0,idle,
2026-01-05 09:55:00,4.913025024251547,13.5888338480719,38.544686117171096,64.89952434998096,0.0,0.0,1.3800606834030367,39.25422911152394,0.0,0.0,0.0,3.0,0.0,idle,
2026-01-05 09:56:00,3.495409153981072,18.08675850290691,38.43136171566075,73.81651657916917,0.0,0.0,0.0,41.73071250781093,3.608839673617066,0.0,0.0,2.0,0.0,idle,
2026-01-05 09:57:00,1.6663535838688874,20.074017012703912,38.04733456318765,67.91043624828522,0.0,0.0,5.665562056386076,41.74394003542166,2.83039710259366,4.567032081779965,0.0,2.0,0.0,idle,
2026-01-05 09:58:00,4.788866501579833,17.920362047238914,38.2525522223203,76.75073938611253,0.0,0.0,4.610536258702168,42.694307900742565,0.0,0.6785947768490046,0.0,2.0,0.0,idle,
2026-01-05 09:59:00,5.559649456553728,16.05518994964564,38.39609403258235,83.12492647451799,0.0,0.0,3.7960161792942104,39.900821901723205,4.288747250349889,0.0,0.0,0.0,0.0,idle,
2026-01-05 10:00:00,3.445920935597681,16.319124142446036,38.42564815739911,68.82932150841555,0.0,0.0,1.8003677459877312,39.37166303082558,0.0,4.033858261634114,0.0,2.0,0.0,idle,
2026-01-05 10:01:00,4.791409085514235,13.044784611856436,38.8762062531704,73.0092707544612,0.0,0.0,4.7586224277201765,37.164011858593774,0.0,1.727882830510637,0.0,2.0,0.0,idle,
2026-01-05 10:02:00,6.11222318995719,11.633016493777996,38.79472918211094,81.3351452373365,0.0,0.0,1.5378095483234997,37.80055998621394,22.380441263391486,0.0,0.0,2.0,0.0,idle,
2026-01-05 10:03:00,4.6549454003863575,11.660531649647835,38.8165443375539,74.55110632339257,0.0,0.0,3.514332928973293,36.186008435791,9.968914354178407,0.0,0.0,1.0,0.0,idle,
2026-01-05 10:04:00,6.278393814017238,15.160386418597872,38.946464291659794,89.15504843108516,0.0,0.0,5.859012113306138,31.947636924891533,38.28791351415501,0.0,0.0,1.0,0.0,idle,
2026-01-05 10:05:00,5.8871560544284005,13.677144209469954,38.93769763004023,76.8674526794163,0.0,0.0,5.199531826617274,29.55288946652659,39.67826861211131,0.0,0.0,2.0,0.0,idle,
2026-01-05 10:06:00,10.489246740331318,9.320280426339885,39.70268415513012,95.46474500818194,0.0,0.0,6.367207345373061,30.63622397459351,38.62155454275609,0.0,0.0,3.0,0.0,idle,
2026-01-05 10:07:00,7.356489215083875,9.104748161222375,39.638632898385474,88.3986368365765,0.0,0.0,1.0985195966402008,28.741275693872385,19.500035846653095,0.0,0.0,6.0,0.0,idle,
2026-01-05 10:08:00,8.509214054063015,8.20401078358954,39.83315660163756,85.28779146884168,0.0,0.0,0.0,30.419589413443425,29.715836000645613,0.0,0.0,1.0,0.0,idle,
2026-01-05 10:09:00,8.247682784495899,7.248472835023225,40.33646110959031,93.24123233373327,0.0,0.0,1.3404500706412397,30.64769765007955,20.165167062198066,0.0,0.0,1.0,0.0,idle,
2026-01-05 10:10:00,5.067531584911911,9.756588662736622,40.006390071096995,78.31605389425424,0.0,0.0,1.7754679220789316,35.14370022122395,27.578764097097146,0.0,0.0,4.0,0.0,idle,
2026-01-05 10:11:00,5.050454443262576,4.323167143691689,39.84501420020435,77.01122363822152,0.0,0.0,5.355371801176644,31.628959273916013,34.68379957590106,0.0,0.0,4.0,0.0,idle,
2026-01-05 10:12:00,71.38582028726161,52.680247501130125,43.51281277702093,310.206565650847,0.0,0.0,51.509642710396804,67.05540303950508,202.5333259791699,86.94716347469667,0.0,4.0,3.0,mixed,
2026-01-05 10:13:00,69.11279264974101,52.43506551071307,46.28965814687663,294.2588603849094,0.0,0.0,54.00892163901615,70.23828785659619,185.55236713274059,87.92605255383639,1.0,5.0,3.0,mixed,
2026-01-05 10:14:00,64.52211465103828,53.66192029482815,48.359487892369664,279.12226293581693,0.0,0.0,56.95363527037695,68.11920212908718,181.50772813554337,94.11695673797546,2.0,4.0,3.0,mixed,
2026-01-05 10:15:00,65.12439190989105,56.29163179285734,50.12398071912202,274.2859402238559,0.0,0.0,59.390484558357166,66.52958729758367,199.6163431783056,101.92247495686166,3.0,4.0,3.0,mixed,
2026-01-05 10:16:00,64.09072637304418,56.190782541737214,52.185822955673906,278.78956110437076,0.0,0.0,57.122865468787545,64.48618242192774,188.43810450077257,103.81257761540083,4.0,4.0,3.0,mixed,
2026-01-05 10:17:00,66.95819792402592,57.349901249261656,54.03547560012017,285.88572700295555,0.0,0.0,60.84805176222693,63.99025134719028,150.7157777037987,88.61648958640305,5.0,2.0,3.0,mixed,
2026-01-05 10:18:00,64.427611232667,60.37752357580688,54.897933572168505,270.2841408278302,0.0,0.0,60.21166200324226,67.09300229030627,191.40519430660171,80.64838075304142,6.0,6.0,3.0,mixed,
2026-01-05 10:19:00,64.08372767826168,58.855340152215454,55.89503596724531,272.81998451445344,0.0,0.0,62.003095871817415,66.65970613404951,183.69332136957027,112.07128428195503,7.0,6.0,3.0,mixed,
2026-01-05 10:20:00,66.29602408561233,57.85599416219601,57.53722396032,284.2196764918003,0.0,0.0,60.35643816084507,65.81284591676422,178.75378497495433,121.98886454268342,8.0,4.0,3.0,mixed,
2026-01-05 10:21:00,65.00117299607415,57.63039570930035,58.910964773572054,280.424082487993,0.0,0.0,58.26409838121613,66.79179752342579,171.06503633479988,111.89639989351882,9.0,7.0,3.0,mixed,
2026-01-05 10:22:00,64.45426741905844,60.15835298794529,59.42332406645747,274.4779262019716,0.0,0.0,56.96406090240242,65.75676639381197,189.001628662335,112.28420228806716,10.0,4.0,3.0,mixed,
2026-01-05 10:23:00,67.57087371132735,58.64793300476531,59.98129460329877,282.9633407760042,0.0,0.0,59.553631808627266,68.17299583428274,194.42657645978045,100.1806862521982,11.0,3.0,3.0,mixed,
2026-01-05 10:24:00,69.28928362431171,54.888396982914216,60.81394410921335,288.2529796220618,0.0,0.0,59.095064576571914,65.90775026765363,219.08868997979022,97.45000188520441,12.0,5.0,3.0,mixed,
2026-01-05 10:25:00,66.04821074534416,57.01861206546312,61.90962278112625,284.81076603250585,0.0,0.0,54.027831264076404,68.45233589272299,207.5703976414787,91.9777113351083,13.0,3.0,3.0,mixed,
2026-01-05 10:26:00,65.76839158776922,58.6602299198323,62.71625954690751,296.349712307669,0.0,0.0,57.11459785379004,69.450778569453,205.19374201659954,71.329535512555,14.0,3.0,3.0,mixed,
2026-01-05 10:27:00,66.32756153558472,55.47202458959255,62.61237292368623,280.6649111214968,0.0,0.0,56.931499924249465,71.17323091555843,208.25153722991706,55.13144426953296,15.0,5.0,3.0,mixed,
2026-01-05 10:28:00,60.469938165867205,55.481578157428636,62.740109203483826,266.78371975289184,0.0,0.0,55.602329784222974,73.74183916782387,210.54689217608632,76.59247852433728,16.0,3.0,3.0,mixed,
2026-01-05 10:29:00,62.81825224070237,57.53396545219287,63.143926944158856,276.9038266636225,0.0,0.0,52.584854779962996,74.36050361896878,202.5806896740748,71.06071539996627,17.0,4.0,3.0,mixed,
2026-01-05 10:30:00,65.05498581881609,57.94243798414687,63.3329790286194,295.36869762197205,0.0,0.0,57.3848681391018,73.44589995190515,199.3066980095264,80.71117311007842,18.0,4.0,3.0,mixed,
2026-01-05 10:31:00,60.59880808358126,57.01215210491935,63.627533514941575,271.94804011338016,0.0,0.0,58.2922533673753,69.01667239970972,215.43233775255325,82.63668427458656,19.0,2.0,3.0,mixed,
2026-01-05 10:32:00,60.14310601260151,58.673195246777624,63.524686433681055,270.9751939345779,0.0,0.0,52.23607728411392,63.96591142381443,220.55200777038343,82.95942524928793,20.0,3.0,3.0,mixed,
2026-01-05 10:33:00,60.786750396388825,59.66089968397485,63.537825138234915,263.724749241638,0.0,0.0,52.16453952011709,63.764251141553224,212.36960647284945,76.77125584753121,21.0,4.0,3.0,mixed,
2026-01-05 10:34:00,60.85917398732303,58.179668703262195,63.54971071918167,264.85204816450226,0.0,0.0,47.453309749908335,66.74703644626312,211.46166759441115,95.31479695135563,22.0,3.0,3.0,mixed,
2026-01-05 10:35:00,63.53185133271176,57.375312118037485,63.57531251085854,275.21171443494694,0.0,0.0,50.21979410220123,65.69155726104911,183.0707740459551,86.79540793281353,23.0,3.0,3.0,mixed,
2026-01-05 10:36:00,65.83290744351889,55.13570325997995,64.22824009766049,288.1852424010882,0.0,0.0,48.71673732013222,67.99883563894059,183.70427719668305,87.53549947720606,24.0,5.0,3.0,mixed,
2026-01-05 10:37:00,68.47627579325136,57.01202757504961,64.30393338149112,291.8986820101715,0.0,0.0,46.80391640278804,68.7315849878518,185.4814625446861,88.25477355868438,25.0,4.0,3.0,mixed,
2026-01-05 10:38:00,69.2250799911568,57.506742305081616,64.47779590349093,291.275451014676,0.0,0.0,49.395835907527434,68.49165323115564,183.86953109180587,65.11992731703211,26.0,4.0,3.0,mixed,
2026-01-05 10:39:00,65.00011601932049,58.271916216553805,64.22865440940885,283.74004812114197,0.0,0.0,48.9815237754451,70.94573937895179,174.9576184546429,66.4860642818486,27.0,3.0,3.0,mixed,
2026-01-05 10:40:00,61.02761428807293,57.244178843295025,64.19692550065162,263.1455469026863,0.0,0.0,46.71112545655193,69.07574805182394,187.7880508566799,89.62910911833606,28.0,5.0,3.0,mixed,
2026-01-05 10:41:00,61.01618950657286,58.442915627060316,63.70813312518339,268.66194017068926,0.0,0.0,53.60463610614995,68.50821926095946,187.11799697182897,114.10293222231854,29.0,7.0,3.0,mixed,
2026-01-05 10:42:00,59.802560611681386,60.054276625538556,63.243361412376444,264.07684839653353,0.0,0.0,56.16039772538234,70.2112337380337,182.08417890953493,120.832746571077,30.0,3.0,3.0,mixed,
2026-01-05 10:43:00,58.43562393493344,61.63438340644444,63.032245976712474,252.91484537433206,0.0,0.0,56.78409318949468,70.6665259726165,165.57769987670642,102.41344426308136,31.0,4.0,3.0,mixed,
2026-01-05 10:44:00,61.37260662458462,62.62903666893092,62.977230907246664,262.04678182686365,0.0,0.0,53.09433524884106,70.93303211198058,161.70089274883563,101.19788489121753,32.0,3.0,3.0,mixed,
2026-01-05 10:45:00,61.54685002710298,62.755508439283226,62.66852165602448,267.2215004625202,0.0,0.0,49.98090430938194,71.11212395805673,165.79522848681313,92.6267555599951,33.0,2.0,3.0,mixed,
2026-01-05 10:46:00,60.18157122544374,60.43664050315511,62.547237440299476,257.2802475911436,0.0,0.0,49.289216981483335,71.36781773157867,167.40927390951984,97.07638863498252,34.0,3.0,3.0,mixed,
2026-01-05 10:47:00,60.176532690113675,65.2435725508976,62.79562689560218,258.6890546714904,0.0,0.0,49.16975111815584,70.85813688024736,169.41091563052984,102.81393824846484,35.0,3.0,3.0,mixed,
2026-01-05 10:48:00,64.14837867817492,65.81713916923617,63.283332954670726,273.5155055649885,0.0,0.0,47.78749086855323,70.05608672079534,182.70293571424716,107.39675882077543,36.0,4.0,3.0,mixed,
2026-01-05 10:49:00,61.87519075856648,64.91812705537838,63.53023807008395,270.08211043506316,0.0,0.0,44.3066680621577,69.9714179596058,172.6939520727864,109.77306460685205,37.0,4.0,3.0,mixed,
2026-01-05 10:50:00,63.02863717380324,63.4182493344432,63.343416626381256,266.402059021335,0.0,0.0,43.49281321207803,70.71866189294546,172.93852434420103,116.45118370560698,38.0,3.0,3.0,mixed,
2026-01-05 10:51:00,66.51602714289928,63.74928654578523,63.475085898245624,288.1719428860462,0.0,0.0,46.5216517535724,71.04756606715274,153.71702193769823,113.80906641836506,39.0,5.0,3.0,mixed,
2026-01-05 10:52:00,65.14863346388786,60.57888778685081,63.6288492811645,285.4629750968177,0.0,0.0,49.81873293550768,68.95335109410988,167.26568187935396,112.42863853174306,40.0,5.0,3.0,mixed,
2026-01-05 10:53:00,69.54854492875843,59.448728763409676,63.82813525195762,295.70356404769416,0.0,0.0,49.13899117455162,69.15778966982968,160.78473394904023,112.14441112683492,41.0,2.0,3.0,mixed,
2026-01-05 10:54:00,71.73864234677086,60.38316991895423,64.2200359949775,308.7765777125287,0.0,0.0,51.76561090931755,67.02687443448941,176.62327703072754,102.21847476013158,42.0,4.0,3.0,mixed,
2026-01-05 10:55:00,66.49595876422272,62.78132311136238,64.48844556581612,288.95606603737593,0.0,0.0,46.62735867959065,66.75475545811476,183.50164198599145,96.47193765239625,43.0,4.0,3.0,mixed,
2026-01-05 10:56:00,65.53464367976817,60.43206186753921,64.8540057201533,281.86180258826926,0.0,0.0,42.937785150275886,63.850364168907475,176.93114106550877,71.64433276035783,44.0,4.0,3.0,mixed,
2026-01-05 10:57:00,68.42974989719865,59.519269885225434,65.13808531586315,285.23561779365906,0.0,0.0,40.82102301902953,67.79260510282519,182.35675820819628,80.13711021048279,45.0,4.0,3.0,mixed,
2026-01-05 10:58:00,69.09418553336573,60.573351371540646,65.67836905654022,295.933807061161,0.0,0.0,40.19951951616623,65.6894562209869,186.54587593173613,83.4601985508449,46.0,4.0,3.0,mixed,
2026-01-05 10:59:00,70.62865808487244,61.12537334640008,65.6631500841054,301.83452939491264,0.0,0.0,42.07124378111573,68.09714643750816,201.91229490578024,75.12822556745434,47.0,8.0,3.0,mixed,
2026-01-05 11:00:00,72.9776170724072,63.58868221601208,65.78386014086342,307.7361189424155,0.0,0.0,38.41852835473442,69.99308663053125,199.6173200997585,96.7362876118562,48.0,3.0,3.0,mixed,
2026-01-05 11:01:00,72.37930423582102,64.93023311429162,65.83916576032458,299.1895411851896,0.0,0.0,37.30381440922194,74.1805852354493,219.13816353758787,87.30499537465506,49.0,4.0,3.0,mixed,
2026-01-05 11:02:00,72.20660524045957,59.6371158065179,65.68670252726491,305.7381111942905,0.0,0.0,36.29416446698807,70.66555319369819,206.43210771220492,89.02266907336133,50.0,6.0,3.0,mixed,
2026-01-05 11:03:00,69.7262503659391,58.20632110972513,65.3501766174185,296.8273855628327,0.0,0.0,36.74810203872515,69.77219287104293,225.37830269713876,79.69992285046492,51.0,3.0,3.0,mixed,
2026-01-05 11:04:00,67.92490939323062,56.82053711607607,65.20907452938991,287.4492609566247,0.0,0.0,37.64910253741101,70.8854208960476,237.7889343305751,74.55161624811291,52.0,3.0,3.0,mixed,
2026-01-05 11:05:00,68.78873845246929,57.70763461288712,65.17790602007913,293.8471871635413,0.0,0.0,35.17228871903996,72.68947871772613,193.67270374500885,57.107849830023255,53.0,6.0,3.0,mixed,
2026-01-05 11:06:00,65.82101606125566,56.34225111485509,65.24450178987577,282.9018448937366,0.0,0.0,36.578001447031795,70.61669565023759,202.5003326078495,56.06264469742312,54.0,4.0,3.0,mixed,
2026-01-05 11:07:00,66.22954385922421,58.57210842799984,65.1698199069971,296.33326163519376,0.0,0.0,44.940119991011706,69.01479146427377,211.959912625983,59.793069216981856,55.0,5.0,3.0,mixed,
2026-01-05 11:08:00,65.2484219427582,59.458939623188655,65.55390971274089,281.15932420059045,0.0,0.0,49.719559360523924,70.76469538481716,189.69270100089017,70.80520436552794,56.0,2.0,3.0,mixed,
2026-01-05 11:09:00,68.11169530373611,60.76753737721566,65.80988766451975,294.92465740546555,0.0,0.0,49.72282422676852,70.6835830884632,188.39467157043308,62.73741998226384,57.0,4.0,3.0,mixed,
2026-01-05 11:10:00,66.88350468548205,61.082013882199554,65.56039880188222,286.0267031684495,0.0,0.0,48.228729803289085,68.6965312700014,206.43122580099026,74.93755688817865,58.0,4.0,3.0,mixed,
2026-01-05 11:11:00,68.0534694312658,62.29063488843322,65.07026442184714,283.3415743361049,0.0,0.0,46.947898104704834,69.61226291797469,163.42148077317955,83.50530016016832,59.0,3.0,3.0,mixed,
2026-01-05 11:12:00,65.42086846088381,64.85617684498246,64.95390096888053,278.3486838268466,0.0,0.0,49.263957761333195,71.37764112267949,159.7023668293068,97.07188852407245,60.0,4.0,3.0,mixed,
2026-01-05 11:13:00,63.77200840606489,64.07512767353437,65.2435385403018,275.9326901053092,0.0,0.0,55.06031578189318,72.56969415201942,178.72669870528551,84.85762122135259,61.0,6.0,3.0,mixed,
2026-01-05 11:14:00,63.465526485208436,65.16057824577761,65.69808489796173,274.7204848366387,0.0,0.0,52.94632871101314,70.41197026807772,186.007859963506,80.32199930610012,62.0,6.0,3.0,mixed,
2026-01-05 11:15:00,66.17285037695939,67.31392022617017,65.60195939563577,283.48306284013114,0.0,0.0,55.062495480068506,69.85308970906233,177.451528859104,88.49921716933872,63.0,5.0,3.0,mixed,
2026-01-05 11:16:00,69.90153894856998,67.79680325560125,65.63203885851054,300.00378266367596,0.0,0.0,44.79512942674545,70.30138455895877,153.4840200433942,91.12004584258597,64.0,4.0,3.0,mixed,
2026-01-05 11:17:00,71.04406964438114,70.09640088033221,65.9826405998416,306.9671575274366,0.0,0.0,49.40678174893034,68.8360029690412,162.5550888658887,99.56606791406239,65.0,4.0,3.0,mixed,
2026-01-05 11:18:00,66.32857385830974,68.15179511201606,65.96516792540245,285.7648587812087,0.0,0.0,54.653728502292715,67.92465175294751,178.8433161556893,102.31063308676742,66.0,4.0,3.0,mixed,
2026-01-05 11:19:00,66.13049470179226,69.25354486763665,65.91365209480892,283.5439114160763,0.0,0.0,55.924645794994206,64.36998522886074,224.68339420885223,86.80898112598307,67.0,3.0,3.0,mixed,
2026-01-05 11:20:00,60.311650224906906,66.13019178091528,65.07547759750985,256.9720219792445,0.0,0.0,55.31174602123738,69.38367512569522,209.95220431456193,115.60664806776695,68.0,3.0,3.0,mixed,
2026-01-05 11:21:00,59.32431933611184,67.1606769315098,64.97323515789553,257.04859029339264,0.0,0.0,52.45002719826972,67.60796327792504,197.57606509681867,110.2151935010226,69.0,5.0,3.0,mixed,
2026-01-05 11:22:00,60.30995682752744,66.36480387493393,64.5241011848975,265.53611024075417,0.0,0.0,54.98413067942294,65.76326204012707,213.44110636042973,91.74384956839455,70.0,2.0,3.0,mixed,
2026-01-05 11:23:00,62.363945088848844,62.25462342436287,64.783791604677,263.8528143221578,0.0,0.0,54.851232790865524,67.92549401918893,216.6936431417358,102.15377585297428,71.0,2.0,3.0,mixed,
2026-01-05 11:24:00,61.734630226277574,63.54996136024174,64.77924204800651,275.83946095770835,0.0,0.0,57.29747708252288,69.37106755333015,238.23086800032257,101.25593871752953,72.0,4.0,3.0,mixed,
2026-01-05 11:25:00,64.0381572030793,64.81212299273776,64.73445766505496,276.7322360008957,0.0,0.0,61.541557664977795,69.82848300927022,222.42289158764135,96.27214437947615,73.0,2.0,3.0,mixed,
2026-01-05 11:26:00,62.995612565980835,62.52603528487346,64.80431843205922,271.9779019896788,0.0,0.0,55.69380770789869,73.39600532981083,206.67920220194614,101.26878927735045,74.0,4.0,3.0,mixed,
2026-01-05 11:27:00,64.85379672226948,61.31956081966816,65.01901466908387,280.8393926279901,0.0,0.0,57.162568627950996,74.18217485512939,212.04218181835975,103.0764220499485,75.0,7.0,3.0,mixed,
2026-01-05 11:28:00,62.652382987033526,58.4906390584018,65.44405113358997,279.1060855404958,0.0,0.0,53.24535967541938,71.77086918769687,217.18139866083192,106.96994205702006,76.0,3.0,3.0,mixed,
2026-01-05 11:29:00,64.43660927281407,56.70686671793881,65.40645837527217,289.1119762590921,0.0,0.0,50.90280071807348,69.85326908671362,254.6320449689785,88.55925432468584,77.0,4.0,3.0,mixed,
2026-01-05 11:30:00,62.65047522612581,57.519575600939575,65.14613644187565,262.99608496978817,0.0,0.0,56.68908348824516,66.72937603780423,225.17011104828376,82.37233330605773,78.0,3.0,3.0,mixed,
2026-01-05 11:31:00,62.98152878067954,59.09915100512842,64.79766982400191,269.07526162253345,0.0,0.0,52.623457842731135,66.94225602664609,215.58912880836715,93.96904384948871,79.0,2.0,3.0,mixed,
2026-01-05 11:32:00,61.231810017132126,61.56965623898999,64.63656703261461,273.43739575959967,0.0,0.0,54.54556360996022,64.2816601542258,210.81067027913758,72.4616247730687,80.0,4.0,3.0,mixed,
2026-01-05 11:33:00,59.18032035460407,60.07850176533246,64.31970694791052,260.40415049436746,0.0,0.0,54.1409334287621,63.57824073005641,210.39481074554354,87.50259366596279,81.0,5.0,3.0,mixed,
2026-01-05 11:34:00,57.11839011409159,60.67195361216045,64.26175597262085,255.4404866377456,0.0,0.0,49.905235793671594,67.5619813348412,197.21137872743117,99.16709848764481,82.0,2.0,3.0,mixed,
2026-01-05 11:35:00,61.9331663459205,59.043500384244034,64.24999847074568,271.17719417396927,0.0,0.0,51.29184068775566,68.42900425091305,220.74728789127875,111.91483820960806,83.0,3.0,3.0,mixed,
2026-01-05 11:36:00,59.03375945543033,58.616372506934354,63.87570795327588,255.19808434316667,0.0,0.0,52.803830961904964,70.55280126736929,196.79464801866598,98.26718940992232,84.0,3.0,3.0,mixed,
2026-01-05 11:37:00,56.19850217997666,59.14220941891834,63.05467341924469,247.28407339433681,0.0,0.0,52.898035310353144,72.37994151406508,164.85298480980396,99.91887214000641,85.0,5.0,3.0,mixed,
2026-01-05 11:38:00,53.013483355240794,57.88868217182141,62.36259822316902,229.81780293510863,0.0,0.0,54.301740814432414,71.02779098974221,159.03229927846053,105.91418065956611,86.0,6.0,3.0,mixed,
2026-01-05 11:39:00,56.329027032516905,60.41230870237524,62.27252031573399,254.81131153708583,0.0,0.0,57.84461400425552,71.93875573370646,166.55410270657256,118.14899848360216,87.0,5.0,3.0,mixed,
2026-01-05 11:40:00,56.84418327954282,62.13731713678908,62.28456125423741,249.36068972868793,0.0,0.0,56.43015938108894,68.00319982411135,168.87982293775678,117.62717015056568,88.0,6.0,3.0,mixed,
2026-01-05 11:41:00,59.01797539198422,63.19765569101885,62.60406385166559,264.5577043798281,0.0,0.0,58.18402823760247,66.34498278913657,179.08004781893194,114.5373266280998,89.0,4.0,3.0,mixed,
2026-01-05 11:42:00,57.15395441867193,62.52194949155282,62.45935368956624,256.6694912171532,0.0,0.0,59.96728361683933,68.19571937251857,191.26117978958638,122.74954857203298,90.0,3.0,3.0,mixed,
2026-01-05 11:43:00,56.129855719365594,60.20530288796274,62.688139158137645,248.78020078120852,0.0,0.0,53.015695292710916,71.09190356504199,200.30887749632615,124.11507798197108,91.0,5.0,3.0,mixed,
2026-01-05 11:44:00,52.94452595152173,60.3735602282348,62.33510747226712,241.63465557638816,0.0,0.0,53.33826524153745,68.44316335891963,186.18330428773822,113.23065319536786,92.0,5.0,3.0,mixed,
2026-01-05 11:45:00,54.95418558886094,60.29226087187475,62.15409201258195,251.17100385564595,0.0,0.0,48.69442417265334,68.67830465221047,191.2977458371841,108.0130594858172,93.0,3.0,3.0,mixed,
2026-01-05 11:46:00,53.87898485551963,59.78364286924915,61.86918557695136,242.30005716033696,0.0,0.0,49.37010641983515,65.95334941584287,181.44584028852262,106.15550831740968,94.0,4.0,3.0,mixed,
2026-01-05 11:47:00,54.9101491938473,60.54904787238166,61.74725760192765,242.20680662623565,0.0,0.0,46.59666229533177,64.96878450520795,178.97818282456396,92.6390834031797,95.0,4.0,3.0,mixed,
2026-01-05 11:48:00,60.74873480397804,61.11812241415971,61.75944964848778,267.05040716391835,0.0,0.0,44.56587642603646,66.86932440034059,175.46294919595104,90.69572288874048,96.0,5.0,3.0,mixed,
2026-01-05 11:49:00,62.821653936851305,55.939947122722174,61.10251821283882,272.4104344315518,0.0,0.0,53.647493857206854,65.47862680337909,168.0237834810896,104.89766500650396,97.0,2.0,3.0,mixed,
2026-01-05 11:50:00,63.92612571883442,53.09694861195801,61.099064688380686,273.6453207655139,1.0,0.0,50.34259342015052,67.52879016539922,165.60921385971574,114.30408052742659,98.0,2.0,3.0,mixed,
2026-01-05 11:51:00,61.69054715800813,53.65884362015021,61.41929633004178,265.52514065117816,0.0,0.0,52.00272107425302,65.43545361727952,186.19543624405514,109.9563317378141,99.0,3.0,3.0,mixed,
2026-01-05 11:52:00,58.21656143543649,56.07362544819949,61.20042252444865,253.70893538331248,0.0,0.0,49.91640813007815,66.4362160464213,196.93291503024355,110.70489236677689,100.0,3.0,3.0,mixed,
2026-01-05 11:53:00,59.97000936512016,56.10538225236515,61.59243328537312,263.38307904675185,0.0,0.0,52.57111654596735,68.73222209991764,180.5471658934236,88.38106846832727,101.0,5.0,3.0,mixed,
2026-01-05 11:54:00,64.57284838509592,53.81380319712897,61.99435160137823,273.0028525315918,0.0,0.0,49.67333226776762,73.34833611037999,194.18538898834026,76.06838561275927,102.0,6.0,3.0,mixed,
2026-01-05 11:55:00,62.36810471526181,55.22700279362695,62.34157943083347,273.1712952114491,0.0,0.0,47.32324638533945,71.90267931806476,187.91243588839993,81.14831960466532,103.0,3.0,3.0,mixed,
2026-01-05 11:56:00,61.79118508463504,56.52485250940014,62.33367411786745,258.66960277244425,0.0,0.0,48.24375058811937,73.81996531485942,162.23731159117867,72.09482333172109,104.0,5.0,3.0,mixed,
2026-01-05 11:57:00,61.46718471120814,56.040681552173616,62.474650237593096,266.50149707848817,0.0,0.0,48.321880217324,71.004765181333,141.94162035296307,88.06732596869865,105.0,4.0,3.0,mixed,
2026-01-05 11:58:00,63.74664879304378,56.18415164357964,62.766328640758644,271.5057529227178,0.0,0.0,47.484239583584326,70.0761371696199,161.2478204177654,91.24179302896293,106.0,8.0,3.0,mixed,
2026-01-05 11:59:00,65.90380212470208,59.97943563690218,63.08092037836597,275.82901602225957,0.0,0.0,51.45532736730134,66.88944357571003,172.46644856908893,75.50850631485307,107.0,5.0,3.0,mixed,
