timestamp,gpu_utilization,memory_utilization,gpu_temperature,power_consumption,ecc_errors,xid_errors,cpu_usage,ram_usage,network_throughput,disk_io,job_runtime,queue_length,active_processes,label,incident
2026-01-05 00:00:00,2.492312136270531,10.050774445070395,38.0,60.68319094217713,0.0,0.0,3.5399147316781,23.330507841615425,3.2550085186381708,2.870900707630385,0.0,3.0,0.0,idle,
2026-01-05 00:01:00,6.946885573342552,9.819073586087718,38.10852426946813,77.1782816527816,0.0,0.0,3.9088407640800655,21.83047883260497,16.149103206165517,4.187736839994049,0.0,1.0,0.0,idle,
2026-01-05 00:02:00,7.221649970489835,9.457625377273022,38.056083431378624,76.64141340963295,0.0,0.0,1.0097773083728048,21.620763580132813,43.22754302886094,12.429762332942559,0.0,1.0,0.0,idle,
2026-01-05 00:03:00,4.622759416993862,8.81402894121301,37.77604587161115,74.21304597050379,0.0,0.0,0.3410902565814089,24.67427066813743,44.719871587959375,6.349805012459891,0.0,1.0,0.0,idle,
2026-01-05 00:04:00,5.802147632225183,8.678792588412882,38.07440908203753,72.24012368467154,0.0,0.0,3.3377213022242844,22.114164755879738,43.03789409464945,17.797499722467503,0.0,3.0,0.0,idle,
2026-01-05 00:05:00,6.043646267704955,8.21605531809952,38.241422931931815,83.58621118952159,0.0,0.0,0.0,18.681053373037802,27.66192005755245,23.648446997979953,0.0,0.0,0.0,idle,
2026-01-05 00:06:00,7.389139803301369,7.339870209312159,38.64672207639484,92.27928319277697,0.0,0.0,0.0,20.555549238933185,50.987434714832425,18.898179099460208,0.0,3.0,0.0,idle,
2026-01-05 00:07:00,2.940910218310721,6.790955207167115,38.93574861860086,74.9668775433127,0.0,0.0,0.0,21.252273183050143,32.57002784024889,18.61409661887832,0.0,1.0,0.0,idle,
2026-01-05 00:08:00,0.0,11.908220777434048,39.09277941622707,60.97866925942338,0.0,0.0,0.0,18.318308689964304,20.15828727380221,3.2180569592440182,0.0,1.0,0.0,idle,
2026-01-05 00:09:00,0.12382729949786686,11.10736777076246,38.85560230225671,63.416142378993825,0.0,0.0,0.0,24.65958990590901,12.53775559142954,8.33769449833807,0.0,1.0,0.0,idle,
2026-01-05 00:10:00,3.235030297946453,11.850406406377584,39.14729540591258,73.3894088173935,0.0,0.0,0.0,22.796975892690124,8.380404419330912,6.055644611340778,0.0,2.0,0.0,idle,
2026-01-05 00:11:00,1.7306453572695704,10.926227199281323,39.244969438233454,66.6588951874818,0.0,0.0,0.0,25.07383595623579,0.0,16.356824962086755,0.0,2.0,0.0,idle,
2026-01-05 00:12:00,1.092177069120732,11.614491613942173,38.981260835311545,68.38232564728537,0.0,0.0,0.4399292009931024,24.86582527119835,0.0,12.02764255709458,0.0,3.0,0.0,idle,
2026-01-05 00:13:00,0.8688831418595044,9.702788813234086,38.544218845755616,63.46903031390343,0.0,0.0,5.892134476956993,20.749880034503583,3.548439643678318,33.83817082821986,0.0,2.0,0.0,idle,
2026-01-05 00:14:00,0.34579492871458006,9.391121268988922,38.10010983420004,53.58053443938951,0.0,0.0,3.156286467339136,21.603834075935495,14.055350412458193,40.38265883995274,0.0,2.0,0.0,idle,
2026-01-05 00:15:00,0.0,7.222938449222559,38.00960391925969,55.1610359758108,0.0,0.0,1.4023549565814601,23.174002442395068,12.65633787368041,49.59872283167732,0.0,1.0,0.0,idle,
2026-01-05 00:16:00,0.0,9.237931855117319,37.951373879272474,51.96151251534375,0.0,0.0,9.232953337182938,21.97291810736688,10.815114618549192,32.172527603369616,0.0,1.0,0.0,idle,
2026-01-05 00:17:00,0.0,10.20201411600575,37.44973401729461,63.43799723698241,0.0,0.0,8.045017533019434,19.47809356007615,18.522071608699434,19.214660710871314,0.0,1.0,0.0,idle,
2026-01-05 00:18:00,0.024790211320054212,8.579122047163558,37.53923883130921,50.0,0.0,0.0,10.387480762048755,18.381023141589957,0.0,9.253334065357869,0.0,0.0,0.0,idle,
2026-01-05 00:19:00,0.0,10.757925808002629,37.4925043172321,61.02673790220641,0.0,0.0,14.705496136569746,20.056331272442016,2.5803574752537752,4.544612042026766,0.0,1.0,0.0,idle,
2026-01-05 00:20:00,0.0,10.484036415924914,37.81691282900986,59.96293927285832,0.0,0.0,16.56784449421308,24.069651071620022,0.0,8.563462500987615,0.0,1.0,0.0,idle,
2026-01-05 00:21:00,0.0,11.337164080181042,38.41379723286364,65.20147708745758,0.0,0.0,15.84004452246468,22.798788840962597,0.0,2.2775987316756012,0.0,4.0,0.0,idle,
2026-01-05 00:22:00,0.0,8.938242364531213,38.05339602940236,60.96812455943648,0.0,0.0,9.919158439525216,24.69820404827265,0.0,0.0,0.0,2.0,0.0,idle,
2026-01-05 00:23:00,0.0,6.7830108470494075,37.52618571781641,61.50177454757277,0.0,0.0,7.686861947891244,26.093924573434485,18.78084683807548,0.4528335042117657,0.0,4.0,0.0,idle,
2026-01-05 00:24:00,0.29051458943753117,8.333246727497778,37.87977553934168,62.79104830291186,0.0,0.0,9.39538394947315,27.355194418461103,26.638953784606805,0.0,0.0,2.0,0.0,idle,
2026-01-05 00:25:00,0.6083963693461241,9.679639116882985,37.957855970679766,63.06803837729023,0.0,0.0,10.827878369483392,26.47367480382688,24.390464260032797,0.0,0.0,4.0,0.0,idle,
2026-01-05 00:26:00,0.0,11.888218966568916,38.01368329769205,56.87067156102532,0.0,0.0,12.024748130124138,30.851278805008768,38.360265428284855,22.901340882571304,0.0,6.0,0.0,idle,
2026-01-05 00:27:00,4.154566737929256,12.228119581552855,38.05409671184633,73.04324880386791,0.0,0.0,13.348829516874552,29.77595672156643,49.84965366412037,20.67185201840823,0.0,3.0,0.0,idle,
2026-01-05 00:28:00,0.8375345269915606,11.7570655048994,38.16656838410642,63.916674067674926,0.0,0.0,13.172053973626664,28.037593834958997,37.79598257984894,30.021050613350916,0.0,2.0,0.0,idle,
2026-01-05 00:29:00,2.8830664799738575,12.463173411969075,38.241037231349445,66.46803614626724,0.0,0.0,16.490873938570356,26.287713624126845,42.519027664178935,23.52971081279297,0.0,3.0,0.0,idle,
2026-01-05 00:30:00,4.054354333678727,8.892345750837912,38.59412555481937,69.97730127980432,0.0,0.0,18.288963943669856,31.44976375850888,18.010271084532086,31.68589945648067,0.0,1.0,0.0,idle,
2026-01-05 00:31:00,0.0,8.506053313233298,38.168922800101335,60.86943059287154,0.0,0.0,17.35396693349507,30.478043242393678,16.255889995820606,35.380384813226925,0.0,2.0,0.0,idle,
2026-01-05 00:32:00,0.0,9.165784341178098,38.43091225642968,58.953160221647515,0.0,0.0,19.87325205199013,32.03755282515926,38.90837803510693,36.48477718394538,0.0,1.0,0.0,idle,
2026-01-05 00:33:00,0.0,9.136075032826207,38.65652402301717,63.06541403854962,0.0,0.0,18.00835657812186,29.301863073030525,47.13624558468626,44.36760494568709,0.0,3.0,0.0,idle,
2026-01-05 00:34:00,0.0,13.75320083922483,38.558207700264,62.895450706358304,0.0,0.0,15.310615957847478,29.240658608595357,27.672865968469324,38.301142985218725,0.0,1.0,0.0,idle,
2026-01-05 00:35:00,0.0,14.094635853041382,38.32472307095614,67.17997516183085,0.0,0.0,12.89595208359821,29.109876956841692,20.1382274979449,32.608393134434124,0.0,1.0,0.0,idle,
2026-01-05 00:36:00,0.0,13.241816207002572,38.19121569357834,60.08493187690545,0.0,0.0,10.885884066272311,28.58732002127114,0.0,2.2661016850426616,0.0,3.0,0.0,idle,
2026-01-05 00:37:00,0.0,12.908671743128162,37.94033504590994,57.652475960007784,0.0,0.0,9.798202575578173,29.67894492601699,0.0,0.0,0.0,2.0,0.0,idle,
2026-01-05 00:38:00,0.0,10.46092855482541,38.595298943068215,58.14078033710664,0.0,0.0,6.427830706294474,29.721894512538224,0.0,0.0,0.0,7.0,0.0,idle,
2026-01-05 00:39:00,0.0,9.508334344280431,38.72434833551965,61.684545225602456,0.0,0.0,9.820751434456088,30.79704206176385,0.0,5.312035046264425,0.0,2.0,0.0,idle,
2026-01-05 00:40:00,85.50360600279365,49.59852411472422,42.64368556571752,346.03521865821,0.0,0.0,73.8267936353757,77.00544827230684,14.03508631432225,73.42463666374594,0.0,3.0,1.0,compute_bound,
2026-01-05 00:41:00,85.15966367776606,47.8432444317305,46.26301618313361,353.6889815934123,0.0,0.0,73.63060206964374,76.1119194104588,17.350718110673604,75.37131558300385,1.0,3.0,1.0,compute_bound,
2026-01-05 00:42:00,80.14140534582674,49.5576305638655,49.66523160154021,335.1692844649762,0.0,0.0,65.25392552740463,75.59857955144665,18.36954950199241,56.566281327555956,2.0,2.0,1.0,compute_bound,
2026-01-05 00:43:00,79.59094031997664,49.95682564742762,52.47187231731345,334.6067835118078,1.0,0.0,61.436907697261034,75.22335041058501,41.54045120348303,55.087575562874214,3.0,6.0,1.0,compute_bound,
2026-01-05 00:44:00,77.39337974698489,50.629507152711184,54.874863159331795,323.1182074493306,0.0,0.0,61.50274177153287,72.69082942694452,35.922834563392854,59.38025213302498,4.0,4.0,1.0,compute_bound,
2026-01-05 00:45:00,78.09613626497894,52.338119577758654,56.393720905231575,318.47821277779326,0.0,0.0,63.7604079174059,73.54694619804737,32.997387728617355,51.0895406178796,5.0,5.0,1.0,compute_bound,
2026-01-05 00:46:00,80.54699824723434,54.31123260467871,58.587030572313374,338.4007709230843,0.0,0.0,63.8036259978273,75.34396990487731,40.92625122952698,67.42407939740569,6.0,4.0,1.0,compute_bound,
2026-01-05 00:47:00,82.76006857345416,54.607216209761496,60.16525261971663,340.8375127834511,0.0,0.0,61.46566197376709,71.56670175015996,67.2429019987338,60.95638072279399,7.0,4.0,1.0,compute_bound,
2026-01-05 00:48:00,83.139780788148,53.665393625313,61.54151258373063,337.0500534086816,0.0,0.0,62.84449013190008,73.97729188328879,51.60665328263758,49.54585009290093,8.0,5.0,1.0,compute_bound,
2026-01-05 00:49:00,83.48801347685253,47.90097372751899,63.532514026630466,346.75132292803085,0.0,0.0,62.53059113124221,76.64549122829175,72.46727520946263,48.33986911709997,9.0,4.0,1.0,compute_bound,
2026-01-05 00:50:00,83.44112547753639,48.22790931431098,64.72310785055186,340.67147445298167,0.0,0.0,68.06756370074002,78.32081683118508,63.79313164575197,63.413084831010536,10.0,6.0,1.0,compute_bound,
2026-01-05 00:51:00,79.67502193947364,52.420048050783116,65.46270973476453,328.30177201909487,0.0,0.0,67.85595161103532,78.16739733725261,72.37350804681478,61.69715202423876,11.0,2.0,1.0,compute_bound,
2026-01-05 00:52:00,80.3147956898356,52.81390264519644,66.20905545345187,326.4794870913631,0.0,0.0,66.24895713458002,75.11489892212896,64.70237137233522,56.82358816826461,12.0,4.0,1.0,compute_bound,
2026-01-05 00:53:00,82.93622347760252,51.48755747568461,67.22787440223891,344.17880783660087,0.0,0.0,66.4414599931506,74.5164488402778,61.299966839729116,62.867483632104566,13.0,3.0,1.0,compute_bound,
2026-01-05 00:54:00,84.43976690210401,52.70304465226786,67.89754499675436,347.4839677444933,0.0,0.0,63.96928432588597,71.3557565375368,40.62835084189544,61.786092615920204,14.0,3.0,1.0,compute_bound,
2026-01-05 00:55:00,85.46292056757324,49.26852221391217,68.37298652071708,340.3885969923102,0.0,0.0,64.81941791428507,69.36687494675283,32.20279204983429,76.98143163818042,15.0,5.0,1.0,compute_bound,
2026-01-05 00:56:00,87.73660963669194,45.65961073537702,69.33751246626343,356.5628521132676,0.0,0.0,65.20192356097606,71.42136016493201,48.745301513985666,73.63801605251555,16.0,3.0,1.0,compute_bound,
2026-01-05 00:57:00,88.30548359345738,41.50023881064046,69.77196391075252,355.907908699706,0.0,0.0,64.70055638559963,70.38571471786176,59.99866798907367,70.81522592506246,17.0,3.0,1.0,compute_bound,
2026-01-05 00:58:00,85.73224671102749,43.16185352064315,70.15399338640573,348.6967173350767,0.0,0.0,65.871504826296,70.16331006786413,65.17870063166721,51.82854184919805,18.0,3.0,1.0,compute_bound,
2026-01-05 00:59:00,90.8890528405655,41.490269607958965,70.96411849714477,368.5921782897373,0.0,0.0,68.33530237221242,71.56575040962889,85.18457143370892,52.59645527305467,19.0,3.0,1.0,compute_bound,
2026-01-05 01:00:00,89.17686110060174,40.46148540033157,71.6906521542712,375.36075422795324,0.0,0.0,67.69767169435417,72.53216403009614,106.03145503021659,62.70122250975456,20.0,4.0,1.0,compute_bound,
2026-01-05 01:01:00,88.29528722124554,42.152927498954824,71.56127122238075,358.8898728160266,0.0,0.0,68.88249860956483,70.95700122061007,76.9258358190122,56.57498283124897,21.0,5.0,1.0,compute_bound,
2026-01-05 01:02:00,89.19480329222603,46.33064647391914,72.43444467782078,363.54489628037277,0.0,0.0,69.74690705222481,74.29753223333827,74.82344241366023,50.10227081720548,22.0,2.0,1.0,compute_bound,
2026-01-05 01:03:00,90.96498443750743,43.64560018563986,72.61170427076073,370.65272425441736,0.0,0.0,66.11190145894375,74.8401788412832,61.287653654733305,55.50756627548973,23.0,2.0,1.0,compute_bound,
2026-01-05 01:04:00,92.34617591513091,45.05723171885215,73.15356321725818,378.8579617717272,0.0,0.0,66.10748578221771,72.29654322811355,68.5118342734192,52.69911970487057,24.0,3.0,1.0,compute_bound,
2026-01-05 01:05:00,93.42317604618464,48.34118485690955,73.68279024640604,373.59331426729415,0.0,0.0,70.09443180822797,68.87384341229188,29.81994761826966,40.096220171763235,25.0,5.0,1.0,compute_bound,
2026-01-05 01:06:00,96.09250323255459,50.884703377980244,74.60097507286523,388.2452641011595,0.0,0.0,63.286394074566424,67.52067423299128,44.68390993990471,36.15822234189085,26.0,3.0,1.0,compute_bound,
2026-01-05 01:07:00,95.97911967666411,49.688093432880024,74.92460117326124,386.8140157718811,0.0,0.0,63.87044562003292,68.47714991918751,29.139105664544367,41.345476642058806,27.0,4.0,1.0,compute_bound,
2026-01-05 01:08:00,90.85350991133872,51.92482843516329,75.24546710933986,369.2223840495964,0.0,0.0,65.04945186296601,70.26727427671796,12.425159757097582,38.64182056060854,28.0,4.0,1.0,compute_bound,
2026-01-05 01:09:00,89.96595159160721,53.5727002917302,75.36071763536974,361.57478086069034,0.0,0.0,69.79393295658384,67.73232873129477,47.191793728620844,39.95561850056694,29.0,4.0,1.0,compute_bound,
2026-01-05 01:10:00,90.59338415292638,52.31525653050451,75.7499099115798,368.31412545275174,0.0,0.0,72.49043095379716,70.15602566496335,42.35757964113432,46.176335478309596,30.0,5.0,1.0,compute_bound,
2026-01-05 01:11:00,91.46352453033874,51.67856888010661,75.51627236057136,367.16317386888056,0.0,0.0,76.72061347531562,69.3375569748944,54.96612205683898,40.586441665620185,31.0,4.0,1.0,compute_bound,
2026-01-05 01:12:00,90.602285227279,51.168221203833184,75.84035454087856,376.19150875060467,0.0,0.0,71.42584836031595,68.80931213176785,44.854256771228584,34.329270428747805,32.0,2.0,1.0,compute_bound,
2026-01-05 01:13:00,91.48960491146508,49.236816697371346,75.84705474681957,371.18040008837164,0.0,0.0,72.63978242475629,70.59411189689797,50.714430302629815,35.868185679556944,33.0,3.0,1.0,compute_bound,
2026-01-05 01:14:00,89.57446068528438,46.40555089978006,75.66066303234282,364.8778048998192,0.0,0.0,73.72182156128073,69.26971553129651,50.14464678544065,42.25082240765592,34.0,5.0,1.0,compute_bound,
2026-01-05 01:15:00,86.66892925119768,46.86596349174137,75.34083065144578,344.2212493608463,0.0,0.0,72.15060140347042,68.07741131815024,37.89763650975181,46.8078504129319,35.0,6.0,1.0,compute_bound,
2026-01-05 01:16:00,87.2948454021604,47.5276387260813,75.23721155452972,354.8935144011776,0.0,0.0,76.56372567134959,70.58802213635411,46.470788219617205,42.75787677831751,36.0,7.0,1.0,compute_bound,
2026-01-05 01:17:00,89.43512230668202,47.67367573216162,75.35393676713113,362.1253699297902,0.0,0.0,77.60859745708112,69.31831668752069,67.89480981584022,42.745512638482616,37.0,3.0,1.0,compute_bound,
2026-01-05 01:18:00,89.28852019600606,52.62092176102906,75.07289635968519,366.0754376780234,0.0,0.0,75.86328294983225,67.96516409492536,60.763729103952784,66.93683378247734,38.0,5.0,1.0,compute_bound,
2026-01-05 01:19:00,90.0550948626863,52.91580929858722,75.2408457692025,366.8469474613686,0.0,0.0,74.13608167417418,70.60364064941633,47.31296121142776,71.119665082655,39.0,5.0,1.0,compute_bound,
2026-01-05 01:20:00,91.61603861681235,55.33700372806808,74.87982332992887,360.59827054447817,0.0,0.0,72.37320211799992,72.44923405042174,54.706629935440084,77.16558785693942,40.0,7.0,1.0,compute_bound,
2026-01-05 01:21:00,88.48598298790772,53.625405613318485,74.98206010120846,360.6748748888055,0.0,0.0,68.45815326250842,74.21429853891136,77.98672875310007,86.51238355970676,41.0,3.0,1.0,compute_bound,
2026-01-05 01:22:00,85.82433461303337,52.72277170043074,75.25286413425744,352.2814279912903,0.0,0.0,64.74727127069265,71.16460127442261,69.10691260168119,103.51934813515346,42.0,5.0,1.0,compute_bound,
2026-01-05 01:23:00,86.8990267440387,52.90659198123153,74.76852375060153,355.1482049710087,0.0,0.0,65.65736500530424,70.35701514090113,76.63590630845002,98.73777167285468,43.0,3.0,1.0,compute_bound,
2026-01-05 01:24:00,86.10731910772871,53.172405569407054,74.79510330770279,348.7065508350406,0.0,0.0,65.16113159690381,70.65158707944191,78.96392605510985,82.09575003572476,44.0,2.0,1.0,compute_bound,
2026-01-05 01:25:00,86.91798238155386,50.36170532227241,74.71333510212703,359.74640350464267,0.0,0.0,67.8759406491364,67.3572535021439,115.0320881408594,97.29098235635263,45.0,4.0,1.0,compute_bound,
2026-01-05 01:26:00,89.29539637885927,47.75058656905793,74.49514491347193,356.96981881417764,0.0,0.0,61.376120330248476,65.3440522524239,116.28090484948447,91.45812771566099,46.0,5.0,1.0,compute_bound,
2026-01-05 01:27:00,87.54096335792481,49.77634089810989,74.44941248179339,346.74418758160016,0.0,0.0,61.37605774992332,64.30521340422226,114.00109516491439,82.30685638506705,47.0,4.0,1.0,compute_bound,
2026-01-05 01:28:00,89.35374318553853,47.56790854493671,74.48219481681966,354.8922940789464,0.0,0.0,64.78868941532815,65.718936337996,115.66859096712261,69.80287607878006,48.0,3.0,1.0,compute_bound,
2026-01-05 01:29:00,91.94691187856762,46.93901334653864,74.75288291178975,382.1271100604702,0.0,0.0,67.24036594141968,64.96780849916175,83.92327100248374,73.96089840278137,49.0,3.0,1.0,compute_bound,
2026-01-05 01:30:00,91.50425656504392,48.06290583454543,75.30865021548891,366.54935768407694,0.0,0.0,69.99579377332468,66.71710704952214,87.92972407607658,74.9322550168969,50.0,7.0,1.0,compute_bound,
2026-01-05 01:31:00,94.97048497571119,47.85381368965882,75.30460235752955,377.7656098083263,0.0,0.0,65.56599659938222,69.42537689157872,105.39284168469909,87.27638374402204,51.0,3.0,1.0,compute_bound,
2026-01-05 01:32:00,95.41746862361126,47.25514225393949,75.82325596290613,386.5582647147805,0.0,0.0,69.345760640787,69.58330772318513,92.17819551612357,74.71398962987436,52.0,3.0,1.0,compute_bound,
2026-01-05 01:33:00,93.67484534459786,51.88090139827132,76.11142839757544,380.3090935754106,0.0,0.0,62.791858840639776,68.2818147194297,86.63826425112615,71.84593340829551,53.0,6.0,1.0,compute_bound,
2026-01-05 01:34:00,91.10804774576387,53.64040904482794,76.55599048952872,367.0321587085647,0.0,0.0,56.70742786093376,68.05598916444646,95.02487489919568,73.83382600054718,54.0,4.0,1.0,compute_bound,
2026-01-05 01:35:00,88.05069917478183,54.35568529580657,76.31370839618614,358.8925078873675,0.0,0.0,60.17207914154517,66.32715676780514,90.41921712960308,75.52577483159523,55.0,4.0,1.0,compute_bound,
2026-01-05 01:36:00,84.63716855874006,59.524381680623534,76.22603371212301,350.38894505978186,0.0,0.0,64.75668595720053,67.48589870030811,51.40700416619427,79.19524157644975,56.0,2.0,1.0,compute_bound,
2026-01-05 01:37:00,83.24527537487879,55.22148105108415,75.61296562960104,348.05818018745936,0.0,0.0,65.75826154852606,68.66685550529812,49.75185034781684,86.6293691157029,57.0,3.0,1.0,compute_bound,
2026-01-05 01:38:00,87.6411767524673,54.43084876783862,75.96632652886456,356.5673474289004,0.0,0.0,62.9024755072892,70.1204714822059,29.555251688945727,67.32258520552199,58.0,2.0,1.0,compute_bound,
2026-01-05 01:39:00,89.06895083092374,54.68265669102405,75.62832822071087,359.3598177816279,0.0,0.0,61.17555319780723,72.41530647235929,40.997945612531836,69.98093393487916,59.0,3.0,1.0,compute_bound,
2026-01-05 01:40:00,87.5732445530167,50.99932947778527,75.35679047099377,362.4108152392082,0.0,0.0,58.630046250500726,73.70893690380653,58.29061274215909,48.01522163988144,60.0,2.0,1.0,compute_bound,
2026-01-05 01:41:00,82.95189634937631,50.7951412482843,74.8436820207714,339.9191822077976,0.0,0.0,59.28311916883884,74.8864101756193,60.47385557105189,37.318886658487784,61.0,7.0,1.0,compute_bound,
2026-01-05 01:42:00,79.87783232941604,48.63088444084228,74.07151167102646,324.509320179588,0.0,0.0,58.145977140401556,74.68186030310912,47.34584249657122,46.41399377065592,62.0,5.0,1.0,compute_bound,
2026-01-05 01:43:00,79.17109873878859,50.65867495500568,74.24471490553653,335.8343272158365,0.0,0.0,59.70898476022986,71.41226372471087,20.6407295074655,46.300930036539036,63.0,3.0,1.0,compute_bound,
2026-01-05 01:44:00,78.54692533488281,52.108447349804926,73.71774879325115,330.3248487419691,0.0,0.0,62.70980454239399,73.56897524169058,27.243298393751658,55.8472412386608,64.0,5.0,1.0,compute_bound,
2026-01-05 01:45:00,78.18232340471378,48.78859551997954,73.59272088368877,319.33049414095603,0.0,0.0,65.5722260721566,76.09096006493283,36.44729309136896,49.79664081873602,65.0,3.0,1.0,compute_bound,
2026-01-05 01:46:00,78.95950237067673,47.73851267592663,73.20483809968667,329.22435251107436,0.0,0.0,62.24575042194016,74.91260649256631,41.21833417368278,48.123176277251474,66.0,2.0,1.0,compute_bound,
2026-01-05 01:47:00,79.93805493639681,45.77359197634358,73.27700414130648,334.21144381884886,0.0,0.0,60.141858692992855,70.60889297095046,5.626864044458365,61.76933119194234,67.0,3.0,1.0,compute_bound,
2026-01-05 01:48:00,80.6119765466014,47.08469097007614,73.20061631963027,327.86580771980204,0.0,0.0,59.434650181920766,72.08272574847801,6.487980558517101,73.5495760199312,68.0,4.0,1.0,compute_bound,
2026-01-05 01:49:00,82.86864744855502,46.88948130730158,73.09437875314694,341.93170115079425,0.0,0.0,64.1004896980066,72.12364017652581,25.21404809010761,61.734026763230716,69.0,6.0,1.0,compute_bound,
2026-01-05 01:50:00,80.12817538060196,48.10247127045785,72.55509082590763,325.1494186494529,0.0,0.0,67.80176853221566,70.90722701552042,57.776009498854066,80.89617428364726,70.0,5.0,1.0,compute_bound,
2026-01-05 01:51:00,83.02406842629209,47.074541588186015,72.65059811522313,338.9641110730612,0.0,0.0,67.45508770043664,71.85319559027383,74.68813198867471,87.2410794006365,71.0,4.0,1.0,compute_bound,
2026-01-05 01:52:00,89.28486657661921,48.374196557879,72.69673801275249,357.78579707241397,0.0,0.0,69.21003180738592,72.7442002568421,75.20892591197241,83.00983365345071,72.0,6.0,1.0,compute_bound,
2026-01-05 01:53:00,87.06799033413621,49.72233444401541,72.4222631830527,352.4047728209255,0.0,0.0,69.62889647661251,71.60148079150605,70.27005921143349,94.25521923482937,73.0,5.0,1.0,compute_bound,
2026-01-05 01:54:00,90.13027096873692,50.5558013400855,72.95379631143064,380.05512196298804,0.0,0.0,72.02174987672417,72.45146109917954,62.043297728994304,102.46884004717278,74.0,3.0,1.0,compute_bound,
2026-01-05 01:55:00,89.74588026924356,51.469047028931904,72.94855196821275,356.6621541244406,0.0,0.0,70.1005919479156,75.90011559503544,46.73824191618485,93.78123466498826,75.0,6.0,1.0,compute_bound,
2026-01-05 01:56:00,92.91092508324245,54.343213966674085,73.46349330118457,380.96646153222895,0.0,0.0,73.25492075969828,77.52037847206726,82.3355447572914,99.4843560981814,76.0,3.0,1.0,compute_bound,
2026-01-05 01:57:00,93.44418933772252,49.59327328372149,73.37993752439188,374.2509318604038,0.0,0.0,71.26274916266719,77.6820117523962,67.40566533542344,100.01065688503724,77.0,4.0,1.0,compute_bound,
2026-01-05 01:58:00,90.90088495329866,50.46962703255765,73.98496511839768,360.130766617661,0.0,0.0,73.34377051717765,75.94847211895662,57.940598606948825,81.75396669297088,78.0,3.0,1.0,compute_bound,
2026-01-05 01:59:00,90.43637587935902,50.11940001270697,74.28909765819778,374.28680774071125,0.0,0.0,70.04202716645166,71.12124750521421,61.00237574824127,75.72834556898125,79.0,3.0,1.0,compute_bound,
2026-01-05 02:00:00,92.61538871612231,55.46462391282334,75.36252952621933,379.04727299304756,0.0,0.0,73.28415919830564,69.30186748837983,57.340609102727605,66.79437842949731,80.0,2.0,1.0,compute_bound,
2026-01-05 02:01:00,92.67400453242843,53.09289340409949,74.99503906932777,368.9854640374281,1.0,0.0,79.50304720868519,67.32888964589256,85.1176093270214,76.87654860807358,81.0,2.0,1.0,compute_bound,
2026-01-05 02:02:00,94.63352702926417,50.02540903444163,75.6548297550845,385.12927204201793,0.0,0.0,75.60168957977018,70.45866384064894,90.34742211947207,62.21876712792917,82.0,6.0,1.0,compute_bound,
2026-01-05 02:03:00,93.07139417582523,53.871864818511014,75.76168409379059,381.4440345995917,0.0,0.0,74.35105816478767,66.04197605916289,92.56211739174805,67.9207189975222,83.0,5.0,1.0,compute_bound,
2026-01-05 02:04:00,94.97095841881239,56.888524197768746,76.15716705669747,377.0283788272731,0.0,0.0,68.93284846282177,66.27906488234395,104.0989631052551,64.89602655615434,84.0,5.0,1.0,compute_bound,
2026-01-05 02:05:00,93.33092182075116,55.78069776797351,76.59675333719225,375.77838290010334,0.0,0.0,67.98915850318176,66.99993291262604,75.02519856706533,56.50654131117244,85.0,4.0,1.0,compute_bound,
2026-01-05 02:06:00,91.47141344220641,56.27942853202761,76.49851418849248,366.45938950019803,0.0,0.0,66.42538173659806,65.3280995084541,75.80900461787446,63.3570684096157,86.0,2.0,1.0,compute_bound,
2026-01-05 02:07:00,93.49995466358972,57.74691159491022,76.49484179914477,380.294228536015,0.0,0.0,67.56907998232873,65.15962792464633,57.43779323854095,71.0153036486099,87.0,3.0,1.0,compute_bound,
2026-01-05 02:08:00,90.09500300723975,56.0123216524712,76.36994364732766,368.62879721300635,0.0,0.0,64.86617125040102,64.15537711696156,23.99486886170597,64.66403037861407,88.0,4.0,1.0,compute_bound,
2026-01-05 02:09:00,89.94078362492365,52.721014181954125,75.83274297271976,373.9973820774504,0.0,0.0,65.20805454634844,67.87807064845589,29.3474696550268,61.75105882675195,89.0,6.0,1.0,compute_bound,
2026-01-05 02:10:00,4.89291131786124,11.536511617553792,71.02218549520349,76.70993598076237,0.0,0.0,3.1010902319554874,21.592584020978776,0.0,3.2158157371753076,0.0,2.0,0.0,idle,
2026-01-05 02:11:00,6.178136464558849,13.402737929827303,67.30821435976961,83.45659392459117,0.0,0.0,0.0,20.949255084116256,0.0,0.0,0.0,1.0,0.0,idle,
2026-01-05 02:12:00,8.168528335401177,12.828300089666811,64.49139819966443,94.12551421045247,0.0,0.0,0.0,18.0015981715334,0.0,0.0,0.0,2.0,0.0,idle,
2026-01-05 02:13:00,2.7984381438940957,13.601801771784482,61.267671486183175,68.35705487414587,0.0,0.0,0.0,21.988959505037332,17.898601396163446,1.544687355165388,0.0,4.0,0.0,idle,
2026-01-05 02:14:00,4.847324909748847,13.925982336414247,58.824675550688134,80.3444291646902,0.0,0.0,0.020290968458342107,22.504316916757826,9.333597622896267,0.0,0.0,3.0,0.0,idle,
2026-01-05 02:15:00,3.311689725570706,7.620475616903997,56.36316047381575,73.26486223694624,0.0,0.0,0.37838180911379293,21.882346217003185,0.0,0.0,0.0,1.0,0.0,idle,
2026-01-05 02:16:00,2.587992725046457,11.033767574368557,54.27918882116691,68.58207151005975,0.0,0.0,0.0,20.21765230042334,3.0980734396198812,0.0,0.0,2.0,0.0,idle,
2026-01-05 02:17:00,1.2861926923559175,11.084914650142002,52.39040363877984,68.83310759338644,0.0,0.0,0.0,24.340180139728364,0.5516572801078405,0.0,0.0,4.0,0.0,idle,
2026-01-05 02:18:00,0.0,14.700582656294513,50.45994622880976,50.0,0.0,0.0,0.0,24.108802028562078,15.67795817620198,0.0,0.0,3.0,0.0,idle,
2026-01-05 02:19:00,2.828208729245199,14.226403546132573,48.96327957159757,68.2642704643889,0.0,0.0,0.0,24.054096254654983,2.831144525883726,18.300359731746184,0.0,2.0,0.0,idle,
2026-01-05 02:20:00,4.789950538777507,14.999289128559788,47.58691401925452,81.43348631421198,0.0,0.0,0.0,25.917705861152136,0.0,12.345345774671097,0.0,6.0,0.0,idle,
2026-01-05 02:21:00,9.002268210085235,14.990470859279828,46.92643533352378,96.21076418216268,0.0,0.0,0.0,29.652303190880268,0.0,10.95102380885779,0.0,2.0,0.0,idle,
2026-01-05 02:22:00,5.084417367682794,14.470581251283718,46.178564123962644,82.51993586609987,0.0,0.0,2.372095193415684,30.765937254154768,0.0,3.0454673884891994,0.0,2.0,0.0,idle,
2026-01-05 02:23:00,9.490126282572517,17.18577687658152,45.76634041884313,95.63762932615332,0.0,0.0,1.6740864467188812,31.237119008097054,0.0,0.33515889468037674,0.0,2.0,0.0,idle,
2026-01-05 02:24:00,12.370273334061407,18.030191591269848,45.579468185543064,100.29507753734816,0.0,0.0,5.095025526179608,31.499625279474344,6.336555761985344,9.345125239360378,0.0,3.0,0.0,idle,
2026-01-05 02:25:00,9.44792214139317,21.21942075895435,45.056851853898614,94.96221450636888,0.0,0.0,6.696880934472302,30.727580690643286,11.051514879117944,0.0,0.0,3.0,0.0,idle,
2026-01-05 02:26:00,4.226633029004123,20.68745200667238,44.098924139638605,81.36642883283096,0.0,0.0,11.982981486278916,32.56361579804725,12.011819252447076,2.557585366385288,0.0,2.0,0.0,idle,
2026-01-05 02:27:00,2.12904882299756,15.845739507518294,43.642611306332235,71.03829229007943,0.0,0.0,7.731648612000445,29.919369540861858,7.754424393645164,15.741124302915262,0.0,1.0,0.0,idle,
2026-01-05 02:28:00,1.4907993756383613,16.591039484893827,43.12504874923939,58.36829159576412,0.0,0.0,10.770288267630667,27.603275054861353,6.536661297227848,11.470159536063203,0.0,0.0,0.0,idle,
2026-01-05 02:29:00,3.113746208911731,18.824794554792547,42.526451815301385,70.98831480709066,0.0,0.0,5.92900495723806,27.99479281505889,13.400170445270863,2.4229455289214323,0.0,1.0,0.0,idle,
2026-01-05 02:30:00,3.3266613879328646,20.26411206251451,41.86036584140514,78.65225502329078,0.0,0.0,2.0346499563468106,24.580993974044727,38.518048475581516,0.0,0.0,2.0,0.0,idle,
2026-01-05 02:31:00,3.224356109162555,19.061446513603634,41.46462734692193,68.0412293423671,0.0,0.0,7.35207549277489,25.677295154112265,37.6435460705737,0.0,0.0,1.0,0.0,idle,
2026-01-05 02:32:00,5.540810964687631,16.082975116807564,40.80814044075,69.49343381591972,0.0,0.0,9.45185879505696,26.708506238371776,35.32819353397657,0.0,0.0,0.0,0.0,idle,
2026-01-05 02:33:00,2.6364028289816837,15.906473530800326,40.3515742860316,64.97067222463929,0.0,0.0,13.89100262361281,23.216186662485295,10.058521792347488,0.0,0.0,2.0,0.0,idle,
2026-01-05 02:34:00,2.4048538991083963,17.923608344355518,40.699655171087635,79.79409098969158,0.0,0.0,10.013532102573853,22.504753981898215,0.43102019797533053,0.0,0.0,4.0,0.0,idle,
2026-01-05 02:35:00,0.14148205456689222,16.117730437223003,40.4421260623473,57.830677648475266,0.0,0.0,14.117045459662616,24.516101521638145,8.901177374349759,0.0,0.0,0.0,0.0,idle,
2026-01-05 02:36:00,3.0467520912485853,13.783975602389807,39.928973506630314,66.86506670999069,0.0,0.0,9.907760711081515,22.441329855297226,0.0,0.0,0.0,2.0,0.0,idle,
2026-01-05 02:37:00,0.0,14.364239041835074,39.49908869189522,50.0,0.0,0.0,10.43521986196835,22.989857577703418,0.0,0.0,0.0,0.0,0.0,idle,
2026-01-05 02:38:00,0.0,11.232316029579337,39.11195821875243,59.049375900409274,0.0,0.0,5.819285626622639,18.348383672362363,0.0,0.0,0.0,2.0,0.0,idle,
2026-01-05 02:39:00,0.0,12.3405355541361,39.21961614008566,70.39903719948907,0.0,0.0,4.833817371218211,14.90033078733644,0.0,0.0,0.0,2.0,0.0,idle,
2026-01-05 02:40:00,0.0,11.060858881972678,39.40363050342741,70.0750649236716,0.0,0.0,1.0765421221730556,15.040755935453964,0.0,11.515831322507529,0.0,3.0,0.0,idle,
2026-01-05 02:41:00,0.0,10.757618130659349,39.40234542308224,55.45001621935117,0.0,0.0,2.340128704386646,14.628498164248258,0.0,12.90783247727853,0.0,3.0,0.0,idle,
2026-01-05 02:42:00,0.0,12.451499076306927,39.35125744555204,63.38060159634669,0.0,0.0,3.2073292550510626,15.383891026462727,0.0,14.437861920036902,0.0,2.0,0.0,idle,
2026-01-05 02:43:00,0.0,14.3836347519519,38.9990751248488,68.48075906435514,0.0,0.0,2.2099358974326155,17.814203352715985,0.0,20.309450325060006,0.0,1.0,0.0,idle,
2026-01-05 02:44:00,0.0,16.147152210320673,39.00410715050367,67.44237767342791,0.0,0.0,3.0372754216086486,17.27568786432584,0.0,5.880546171779155,0.0,2.0,0.0,idle,
2026-01-05 02:45:00,2.874715164324876,15.094143158886826,39.08820553039918,76.51337583442236,0.0,0.0,5.423454192776791,16.420941696015337,0.0,1.619063789219359,0.0,2.0,0.0,idle,
2026-01-05 02:46:00,75.63549461547555,76.24150323758909,42.831771107375374,318.08156285670316,0.0,0.0,61.9565746670583,66.09603239195724,221.76960097913945,95.47378257945627,0.0,5.0,1.0,mixed,
2026-01-05 02:47:00,74.34187798961777,75.87183765057327,45.82076758514767,309.9954117554376,0.0,0.0,62.30584002833169,68.73875730090347,228.80314337637108,97.40412098546102,1.0,4.0,1.0,mixed,
2026-01-05 02:48:00,75.44815945264193,76.25998552546729,48.784999745164576,309.9755772816313,0.0,0.0,68.58724159005071,67.56381585773879,217.14701992977103,102.65316324267309,2.0,5.0,1.0,mixed,
2026-01-05 02:49:00,78.6025158166938,77.17622542759663,51.20134984680555,332.6457074857038,0.0,0.0,65.46956448467975,66.93428785990156,207.05894132484713,112.87900158868766,3.0,4.0,1.0,mixed,
2026-01-05 02:50:00,76.43420996247626,73.41198686247822,53.312633179234446,324.1521110141471,0.0,0.0,63.23406750851448,68.34361748440071,215.29590811826978,88.1532925701166,4.0,4.0,1.0,mixed,
2026-01-05 02:51:00,74.80490472716309,74.39223127120968,55.54380320307666,316.92158926468784,0.0,0.0,66.81890516598064,70.31214131141009,212.75086738851078,85.22196004990266,5.0,3.0,1.0,mixed,
2026-01-05 02:52:00,79.17538121284876,71.85538639945288,57.397156787815945,326.23117865015496,0.0,0.0,60.945119909821074,71.84005731608113,214.69788896589813,103.9190965593358,6.0,6.0,1.0,mixed,
2026-01-05 02:53:00,79.61027556967903,73.20676929369996,59.16235769568128,322.07388494637735,0.0,0.0,61.854340812389914,74.29030656492797,204.21436140554653,108.29725200031284,7.0,4.0,1.0,mixed,
2026-01-05 02:54:00,81.29750176916183,73.70456643233463,60.85569403836787,340.3206408122518,1.0,0.0,62.65225995927796,71.10228017235141,194.7785029487046,91.4899142808592,8.0,6.0,1.0,mixed,
2026-01-05 02:55:00,81.50763838186913,73.91426772237114,61.8629838130288,330.69138095570526,0.0,0.0,60.826429753810764,71.38319168470866,210.46958645056543,99.69241558922556,9.0,5.0,1.0,mixed,
2026-01-05 02:56:00,82.82904774706854,71.91400842674906,63.544772235852264,348.5643361719447,0.0,0.0,62.00806796035256,71.04904139978134,221.81876471377083,84.17324122276179,10.0,3.0,1.0,mixed,
2026-01-05 02:57:00,79.31398785030784,70.52873120365669,64.09423482274501,331.5575780061508,0.0,0.0,58.40932564913336,71.13202200336099,233.07678625275994,91.54832206034155,11.0,3.0,1.0,mixed,
2026-01-05 02:58:00,81.45688097722339,73.03079416708667,65.41844041805872,339.27400222023647,0.0,0.0,54.89596942324185,71.30834045804383,205.2935741531286,106.63744918949287,12.0,4.0,1.0,mixed,
2026-01-05 02:59:00,81.05021310254736,67.83930711444388,66.24123868959121,332.4226799938455,0.0,0.0,55.154406797081435,73.31596323133996,221.00798025917385,114.33427907251699,13.0,5.0,1.0,mixed,
2026-01-05 03:00:00,80.55984901983507,63.634727039813384,66.9819267909815,339.5603649911035,0.0,0.0,56.376566922317906,71.34380276028784,220.47931814982357,113.64551501233693,14.0,4.0,1.0,mixed,
2026-01-05 03:01:00,82.19484496018738,64.82898573661132,67.43246292016377,340.0668425339817,0.0,0.0,64.67469851296185,67.58270415117745,252.28642142145003,105.92032580281432,15.0,5.0,1.0,mixed,
2026-01-05 03:02:00,85.34353688675196,64.25993266957961,67.92703788515952,347.97265609990114,0.0,0.0,62.3643435720931,68.46117395188699,236.8012872738692,93.2737225102984,16.0,3.0,1.0,mixed,
2026-01-05 03:03:00,82.09434287600224,68.44818292494155,68.72627902940769,343.7703537651963,0.0,0.0,59.81474085474299,70.46439987548804,235.9589771675118,90.8186063543236,17.0,5.0,1.0,mixed,
2026-01-05 03:04:00,83.10956454317733,71.56942736740578,69.49762857146926,342.5573058054361,0.0,0.0,59.089055907814824,68.13817744617813,231.9213639376276,82.6054574347881,18.0,3.0,1.0,mixed,
2026-01-05 03:05:00,82.21641770461078,72.93897591749193,69.7863354785506,340.1549721261456,0.0,0.0,58.23148087044329,67.60938235288347,232.9624051213148,94.18694146622396,19.0,2.0,1.0,mixed,
2026-01-05 03:06:00,80.66269181887114,74.399717850108,69.94320392019648,328.5238097520049,0.0,0.0,58.85792937924098,68.21687965252508,240.5792666791858,81.18083749702876,20.0,4.0,1.0,mixed,
2026-01-05 03:07:00,80.49073193763901,75.57254963743651,70.01574980544609,335.6969338727301,0.0,0.0,61.06977877331716,66.9377363032751,247.04755577744228,78.54345959569389,21.0,3.0,1.0,mixed,
2026-01-05 03:08:00,78.5177524528509,75.88828677178081,70.19883553862397,329.5053863434358,0.0,0.0,58.48481806345468,68.57025643662762,224.59219825574215,72.04115038201775,22.0,2.0,1.0,mixed,
2026-01-05 03:09:00,80.95987266255278,77.82934021956724,70.63581375082885,332.34334415958944,0.0,0.0,59.71027913099242,69.45182996184305,223.4666863778146,72.8355794999873,23.0,4.0,1.0,mixed,
2026-01-05 03:10:00,73.14056637727718,77.04634004174216,70.51694762875869,306.5984344557748,0.0,0.0,58.75566524719629,67.79582570023818,217.19520505010811,75.98561110078307,24.0,2.0,1.0,mixed,
2026-01-05 03:11:00,71.41671480177631,74.94340320942885,70.48518958970129,302.64374572578384,0.0,0.0,60.4088525836283,70.82783159653403,239.34599375098207,81.92878700527334,25.0,3.0,1.0,mixed,
2026-01-05 03:12:00,68.8163630380557,75.65256087409753,70.26235203797181,298.310744516272,0.0,0.0,61.46055123685898,75.02676470902833,270.13579663534244,92.71694025902283,26.0,3.0,1.0,mixed,
2026-01-05 03:13:00,66.02299705595408,76.30655576773121,69.65149622793199,287.22458795157036,0.0,0.0,60.51765401810677,77.25692604344992,279.8481845158086,86.69257938385279,27.0,6.0,1.0,mixed,
2026-01-05 03:14:00,67.76280085673207,76.00765409769332,69.23117301107061,295.4464468601039,0.0,0.0,63.57478463217945,71.95124284613377,274.0143920031986,96.27531581632378,28.0,3.0,1.0,mixed,
2026-01-05 03:15:00,71.19537843828469,74.34217437015081,69.3770012960088,300.2201913815265,0.0,0.0,63.26109108467672,71.01089374858901,254.07664557499356,116.70929362835398,29.0,3.0,1.0,mixed,
2026-01-05 03:16:00,73.50282525823296,73.43692433891498,69.63354219741849,314.80117895399127,0.0,0.0,59.67723396927165,71.55873803371139,268.6504956089073,119.99280837619582,30.0,2.0,1.0,mixed,
2026-01-05 03:17:00,79.65623045245903,71.71349053120646,69.87336292780986,336.1756992804489,0.0,0.0,62.20587453566247,72.97188767887853,263.43879768946164,125.49272100150239,31.0,7.0,1.0,mixed,
2026-01-05 03:18:00,78.27440375090781,69.45231081284852,69.45121595252444,318.2209010454425,0.0,0.0,65.35512285554253,73.16426623301538,256.05318147243133,110.54276744904297,32.0,5.0,1.0,mixed,
2026-01-05 03:19:00,78.80651948256808,71.5798604901169,69.8140092637518,321.76986506000515,0.0,0.0,62.011129316500885,73.76805671724912,231.6145363598424,83.74326686195774,33.0,6.0,1.0,mixed,
2026-01-05 03:20:00,77.54980190176805,72.01330214981078,70.1394442750679,328.26832754403637,0.0,0.0,56.58753633439522,74.2319941350936,217.53502291401782,85.48548434627456,34.0,4.0,1.0,mixed,
2026-01-05 03:21:00,79.97918260876953,73.43640595787599,70.32942846499486,325.9324306097523,0.0,0.0,60.24337608215058,73.38964112485957,226.29698040657794,86.11981525647818,35.0,3.0,1.0,mixed,
2026-01-05 03:22:00,80.47675329123192,74.26254028153582,70.10801281889339,337.5634338929372,0.0,0.0,58.1447137600715,76.71745366345657,210.76285552493343,88.94638779776184,36.0,5.0,1.0,mixed,
2026-01-05 03:23:00,81.57668666897307,75.13322296830599,70.40459689456395,334.94837710605225,0.0,0.0,62.31627241447653,79.06928991041435,219.92359034557364,82.08538883664133,37.0,7.0,1.0,mixed,
2026-01-05 03:24:00,75.26294986878987,74.41149577726686,70.04290749314526,321.7980234237725,0.0,0.0,64.89390214412207,82.5566383873181,231.89382074678446,94.43956729833077,38.0,7.0,1.0,mixed,
2026-01-05 03:25:00,74.80537465622709,73.78564764591312,70.15960952554744,322.1293206696697,0.0,0.0,64.41378319905492,81.32443169723696,229.94616148371222,80.75607293821471,39.0,4.0,1.0,mixed,
2026-01-05 03:26:00,72.77930965116303,72.10515029919038,69.94504339235495,307.13130840932314,0.0,0.0,66.92385793918352,80.67778882154879,222.32577357257594,78.53631528419083,40.0,5.0,1.0,mixed,
2026-01-05 03:27:00,75.48358483533625,68.9734662684436,70.33678965802588,324.9157143781702,0.0,0.0,69.68677593156664,81.75497115343558,240.41743199589098,85.05639031083733,41.0,4.0,1.0,mixed,
2026-01-05 03:28:00,71.71312936960648,65.35938761567041,69.88390374915093,307.7262014571091,0.0,0.0,70.20117151474216,78.26321680707113,244.69623444718442,94.42866854395143,42.0,5.0,1.0,mixed,
2026-01-05 03:29:00,73.85023470106101,65.0427318354303,69.60021457511002,310.93983670093183,0.0,0.0,65.97876922915069,76.70351217100232,215.25326586068763,84.68445631659219,43.0,8.0,1.0,mixed,
2026-01-05 03:30:00,77.40092602835269,67.63165283144608,69.89693353061077,322.04477885457806,0.0,0.0,72.61487790508131,76.29680420718206,194.6180963805482,94.84280086166902,44.0,7.0,1.0,mixed,
2026-01-05 03:31:00,78.15158657726941,65.35038126145649,70.012557275185,324.1888194638215,0.0,0.0,70.44373320463593,76.1298316080775,198.57048019708975,101.68827813588142,45.0,3.0,1.0,mixed,
2026-01-05 03:32:00,77.89432687802103,64.93665454200428,69.97325418674332,318.7635232257159,0.0,0.0,72.60848175535327,77.420244212387,222.26274531711582,91.97128326342832,46.0,2.0,1.0,mixed,
2026-01-05 03:33:00,76.69820013885493,63.36713308442895,70.44414337385362,323.8044451294371,0.0,0.0,66.52797783882923,78.0888613945438,205.83114310486002,93.15775647834809,47.0,5.0,1.0,mixed,
2026-01-05 03:34:00,77.25942006742387,62.68680718760181,70.78525434236718,324.46812690920467,0.0,0.0,64.38826871371796,78.10158738257412,227.60353395319953,87.07265980034214,48.0,6.0,1.0,mixed,
2026-01-05 03:35:00,73.70194658457443,63.973758480520814,70.3384501853356,305.5108494764353,0.0,0.0,68.79014101174897,81.47467249188361,215.2561783012482,93.47139822180557,49.0,3.0,1.0,mixed,
2026-01-05 03:36:00,72.72682291091336,65.67940095728285,70.37682057995966,311.17023524810315,0.0,0.0,67.72521421682832,81.08612861111303,201.52912904747015,85.81175334384467,50.0,4.0,1.0,mixed,
2026-01-05 03:37:00,72.16280049587525,66.26482515302001,69.94712854299536,304.013129261215,0.0,0.0,63.65509671105723,78.94878815674811,187.05523078996208,87.30564822440661,51.0,2.0,1.0,mixed,
2026-01-05 03:38:00,72.24031655938312,69.71830585022248,69.55709745445797,303.43711857790777,0.0,0.0,63.145363701283536,78.62700993386257,176.35495708346014,81.7573843222223,52.0,3.0,1.0,mixed,
2026-01-05 03:39:00,72.8618395178255,71.80796867140653,69.53108290979098,309.93017405942817,0.0,0.0,56.82406247703634,77.64017626784761,204.22231597137517,84.88964916297628,53.0,5.0,1.0,mixed,
2026-01-05 03:40:00,68.3072839720775,70.0211834412785,69.5831990084995,292.06689765127834,0.0,0.0,61.47982163517678,77.47503360218619,214.65195525470108,76.85898558394297,54.0,5.0,1.0,mixed,
2026-01-05 03:41:00,76.52053689972954,69.4165279387815,69.44881412228396,315.18066144554655,0.0,0.0,61.84568776987764,76.4146784480449,215.50986798205165,84.28358480870449,55.0,3.0,1.0,mixed,
2026-01-05 03:42:00,78.31954539620637,70.3780360771529,69.5213630645551,324.39606219848594,0.0,0.0,63.84849396211121,77.53370480974634,206.12051641403653,77.41429990415617,56.0,3.0,1.0,mixed,
2026-01-05 03:43:00,76.7612985108427,74.00258533332322,69.62770308625008,321.8391599747273,0.0,0.0,62.52806745363975,77.77420808835136,203.31632573260256,85.7217728731649,57.0,3.0,1.0,mixed,
2026-01-05 03:44:00,79.96444009575954,72.0707804531935,69.81167139110606,334.75270280458085,0.0,0.0,62.71030014677274,76.52991401214568,216.7946980755077,89.74222986794712,58.0,4.0,1.0,mixed,
2026-01-05 03:45:00,77.35332623931902,68.12516025440961,70.0449564215084,325.0590850703985,0.0,0.0,64.20267819713236,78.07431309729913,259.3068407275321,83.60881830210829,59.0,5.0,1.0,mixed,
2026-01-05 03:46:00,80.40474536409685,67.4805055656532,70.10961970476372,335.06895194501743,0.0,0.0,61.18908369179143,77.05920587822501,255.1611228033445,81.490056253462,60.0,7.0,1.0,mixed,
2026-01-05 03:47:00,79.13776888631332,68.30746926607537,70.06429450517814,334.28528461475094,0.0,0.0,65.36607493470497,78.55216866247716,250.37933515240286,100.12669869174192,61.0,3.0,1.0,mixed,
2026-01-05 03:48:00,78.8024245661652,65.35837524459527,70.55462525063773,328.8619714795659,0.0,0.0,63.187988135791194,83.45852715842885,250.87175853211033,90.0217742768269,62.0,5.0,1.0,mixed,
2026-01-05 03:49:00,79.01181216617522,68.80680484399142,70.7304072226216,334.29238390885934,0.0,0.0,65.56571366954523,81.25117580694214,258.60609562660983,92.54104179215516,63.0,3.0,1.0,mixed,
2026-01-05 03:50:00,76.19888730145817,71.46961576904738,70.57760149951503,325.0622166366612,0.0,0.0,65.19824577931972,78.41173138217934,261.7373473080044,86.82163134685871,64.0,4.0,1.0,mixed,
2026-01-05 03:51:00,77.5368698758749,71.35707160950659,70.66284584730899,321.9420511574791,0.0,0.0,63.93945122987173,75.76147558661857,258.72228116468204,86.8684188321733,65.0,5.0,1.0,mixed,
2026-01-05 03:52:00,72.18340690050714,73.47545859751082,70.34695143754782,304.02153685604594,0.0,0.0,64.68595462477907,79.50703481748192,270.7392902200766,103.84869724452545,66.0,3.0,1.0,mixed,
2026-01-05 03:53:00,74.35647900923935,73.05295945321411,70.14941093946955,312.38640278840927,0.0,0.0,63.016733322778684,81.23928253858588,270.55563608899405,82.64361050817357,67.0,5.0,1.0,mixed,
2026-01-05 03:54:00,76.06823584962635,74.37465741598297,70.16435494261192,321.181736381083,0.0,0.0,62.1359537563292,79.912225089631,235.30873976599787,99.85919465150178,68.0,5.0,1.0,mixed,
2026-01-05 03:55:00,76.12888156375314,72.79276066024009,70.38025268730453,317.2620850381488,0.0,0.0,62.31742773970802,79.16433417712908,244.20973109949074,83.64021951410922,69.0,3.0,1.0,mixed,
2026-01-05 03:56:00,76.01488540937372,71.00299870239627,70.47612373399139,322.3411548591036,0.0,0.0,62.56665483969648,78.01706661168227,234.57962206683374,91.56787007624777,70.0,9.0,1.0,mixed,
2026-01-05 03:57:00,79.92789466645853,68.41860700479326,70.93011720537287,327.6165776352979,0.0,0.0,60.22929948500871,78.38442921482347,222.09854542758302,100.4498365021581,71.0,3.0,1.0,mixed,
2026-01-05 03:58:00,76.73275375830092,67.3508340015305,70.7434894271776,322.25520988700885,0.0,0.0,62.34788394313712,77.88382354004808,212.20467162035683,89.26106595562614,72.0,5.0,1.0,mixed,
2026-01-05 03:59:00,80.83051388985467,68.01280992735954,70.78364895704317,327.8324150965104,0.0,0.0,59.1252120275787,79.70724729804017,203.3270165364011,97.49530878120129,73.0,3.0,1.0,mixed,
2026-01-05 04:00:00,79.00954210974884,65.44883550452015,70.91136859296182,334.4090214789302,0.0,0.0,62.73835174524396,81.57754575824873,195.01411770718522,102.48370822320481,74.0,2.0,1.0,mixed,
2026-01-05 04:01:00,75.21018708152366,65.69457435288378,71.02427857978208,310.4993395114227,0.0,0.0,66.40650082958355,81.23168996332238,223.55752818412878,94.58011939112983,75.0,4.0,1.0,mixed,
2026-01-05 04:02:00,75.11733892242202,65.70005567307645,70.65135921700575,319.108518537558,0.0,0.0,67.5067341217194,82.32513161994267,219.51490115426645,95.06544782098857,76.0,3.0,1.0,mixed,
2026-01-05 04:03:00,72.13812924443366,65.58244353907722,70.37543700698174,302.2636417107585,0.0,0.0,63.780548108750196,81.07292411680416,215.66753388044017,109.8592908864501,77.0,4.0,1.0,mixed,
2026-01-05 04:04:00,72.48171113760277,64.63482403600254,69.76190305372047,310.23485390473746,0.0,0.0,63.07852700025725,79.72438201149795,210.91002180639856,109.34358116581734,78.0,2.0,1.0,mixed,
2026-01-05 04:05:00,72.21927808647455,63.44066606290118,69.61556465870719,297.7043364902692,0.0,0.0,65.32280426817329,77.6066353687361,208.1385899492144,99.43436552668541,79.0,8.0,1.0,mixed,
2026-01-05 04:06:00,72.80565899617983,61.16988050099741,69.44771719843136,310.60341415735064,0.0,0.0,60.825833216591114,75.00228739322142,211.49527410733737,99.8277873608586,80.0,4.0,1.0,mixed,
2026-01-05 04:07:00,70.31128482714561,60.44019822136825,69.26059926258775,300.23036710757225,0.0,0.0,63.205369529375886,75.8019713167976,191.09713487780547,87.87010015630088,81.0,5.0,1.0,mixed,
2026-01-05 04:08:00,72.36529290386383,65.43972526935623,69.56522722431941,309.5800975976933,0.0,0.0,65.16460557812336,74.13040401902958,188.9093454477168,88.21510203514676,82.0,4.0,1.0,mixed,
2026-01-05 04:09:00,74.68016384340562,65.2580673798429,69.39768895066388,308.8400580567534,0.0,0.0,63.938430164302794,71.65711547861838,213.06768886413542,103.87706435154705,83.0,3.0,1.0,mixed,
2026-01-05 04:10:00,75.9430634993572,65.91921806315062,69.24111713327157,324.8042416315647,0.0,0.0,60.94993298090145,73.02691838480837,221.08927491406186,109.06005777396763,84.0,3.0,1.0,mixed,
2026-01-05 04:11:00,70.58690318371637,68.93056771823271,69.21437774730279,299.3008331852862,0.0,0.0,59.76042159450002,70.77530192927726,243.0751696884358,102.73141921566959,85.0,3.0,1.0,mixed,
2026-01-05 04:12:00,70.21382157590463,71.72605024049419,68.8892195479456,290.34634945994105,0.0,0.0,54.21143279031667,70.46216200559084,269.49197257488106,103.85401923941788,86.0,2.0,1.0,mixed,
2026-01-05 04:13:00,71.0059864557893,70.62696598058989,68.80073321873157,305.17137089553023,0.0,0.0,54.47391175222214,68.53155591326839,258.1909746394813,127.2861931194215,87.0,2.0,1.0,mixed,
2026-01-05 04:14:00,70.27630795781246,74.37939059339156,69.11081494396849,297.44086944935236,0.0,0.0,54.32869252556461,64.4919250702187,276.8714981669203,123.61393488163783,88.0,4.0,1.0,mixed,
2026-01-05 04:15:00,72.83799964039099,73.99014559728931,68.7572069461069,304.83197399399484,0.0,0.0,57.8168702848678,65.95972179139605,286.81713641140976,125.59577290814259,89.0,2.0,1.0,mixed,
2026-01-05 04:16:00,77.93514828004994,70.67458759147631,69.27877149694534,332.43679824396133,0.0,0.0,58.918419589497745,66.81997889296318,268.5263814859154,129.30629248681961,90.0,4.0,1.0,mixed,
2026-01-05 04:17:00,78.07305629079232,72.68540154240927,69.3530805554469,324.59404787153073,0.0,0.0,60.32492536061857,67.57625643230065,287.84009258758135,137.43385802005594,91.0,4.0,1.0,mixed,
2026-01-05 04:18:00,76.929511643044,75.81089437770407,69.16322048153387,327.52681424158453,0.0,0.0,57.42451268346165,72.14996694234065,278.85906550074907,136.25483399497074,92.0,2.0,1.0,mixed,
2026-01-05 04:19:00,79.46695671672154,75.40442890069352,69.15413790851578,325.2202647994324,0.0,0.0,52.50544182143145,70.72204184770922,266.1440349722985,129.2624476260258,93.0,7.0,1.0,mixed,
2026-01-05 04:20:00,79.94695789388922,75.45360016306032,69.37349876161576,322.13399774215645,0.0,0.0,52.54693785673732,69.86276673169277,265.4834287377861,137.65143126299643,94.0,5.0,1.0,mixed,
2026-01-05 04:21:00,80.71080451910512,75.10040843159362,69.79825188882475,336.4967968413486,0.0,0.0,54.65538769510183,72.32390954549064,247.10224033721715,143.77725871742973,95.0,4.0,1.0,mixed,
2026-01-05 04:22:00,82.88935477309992,77.6087021629184,70.35723527715425,352.8701674344115,0.0,0.0,57.27588862968864,70.41199062244962,225.75386055625594,128.08572413573268,96.0,4.0,1.0,mixed,
2026-01-05 04:23:00,83.5879399307037,75.94828519814713,71.08888900110009,347.2800774045517,0.0,0.0,67.04937499593758,73.88023937952218,248.6528728746186,108.83931741268859,97.0,6.0,1.0,mixed,
2026-01-05 04:24:00,83.58209221267605,73.05146953736158,71.77727685634812,346.08475065450415,0.0,0.0,63.76476809420722,75.6149347218592,232.51446379376148,92.08237920928188,98.0,6.0,1.0,mixed,
2026-01-05 04:25:00,80.74576650632648,69.45823710599635,71.39955092758532,331.3730395898572,0.0,0.0,64.61481823045251,76.04623620341889,253.3555119080667,105.89104466641864,99.0,3.0,1.0,mixed,
2026-01-05 04:26:00,81.71593383268325,67.7222918829945,71.68128928247138,340.0996106742615,0.0,0.0,62.33965056379769,75.57447978160538,248.08724095714962,110.52523939729386,100.0,3.0,1.0,mixed,
2026-01-05 04:27:00,82.23744237012835,70.72494565841545,72.18400255844045,348.09440241070854,0.0,0.0,62.64265347564364,74.60124820047146,236.54777502319712,116.14052438463344,101.0,5.0,1.0,mixed,
2026-01-05 04:28:00,85.08303942569952,70.81615930110938,72.69001973291215,348.9295188263952,0.0,0.0,60.10378307635376,72.38439155174558,211.00265905089742,122.98843165996175,102.0,6.0,1.0,mixed,
2026-01-05 04:29:00,79.62237484460074,72.3580237046647,72.59969235328757,328.09891272763906,0.0,0.0,56.96895094187966,70.40114941611411,201.20575022523695,132.67246173149306,103.0,5.0,1.0,mixed,
2026-01-05 04:30:00,76.80309820461807,73.80086660831428,72.35786440704292,316.12301479893665,0.0,0.0,54.21407943318063,72.72603321125706,207.65999038494934,118.53073286083136,104.0,8.0,1.0,mixed,
2026-01-05 04:31:00,76.48448012138,74.2711546888887,72.15991154730182,323.1632067925467,0.0,0.0,56.17542322074763,73.28867390594577,210.49433497697694,109.4212792072998,105.0,3.0,1.0,mixed,
2026-01-05 04:32:00,75.3415138215561,74.4801507667249,71.84828002086971,319.76874651392325,0.0,0.0,56.66599178794694,76.00255873204532,200.31748216820137,119.70147783002696,106.0,3.0,1.0,mixed,
2026-01-05 04:33:00,67.8101420897367,71.76996592825233,71.11689606061603,290.47181915420583,0.0,0.0,56.6057161211609,73.28934693177065,202.441469871057,107.89733980145628,107.0,3.0,1.0,mixed,
2026-01-05 04:34:00,72.61174917505195,71.72910927437252,70.67603852043288,306.06837733068136,0.0,0.0,57.282860722828744,69.24920118890988,191.76312792927172,117.54428736649784,108.0,4.0,1.0,mixed,
2026-01-05 04:35:00,71.03525701145035,73.59671925273051,70.03083835278923,299.41767487071627,0.0,0.0,63.42502521849221,69.27973639112011,194.92250671352247,131.2692091698206,109.0,3.0,1.0,mixed,
2026-01-05 04:36:00,71.0368088410217,70.85263422223599,69.18324700926814,292.75865710567126,0.0,0.0,62.224763197233656,69.6823589606034,180.1742153897371,118.3160659690815,110.0,3.0,1.0,mixed,
2026-01-05 04:37:00,71.78608971616059,71.60986204460946,69.08851084837634,303.17725164699266,0.0,0.0,62.037424020357875,70.1882268392385,172.09062906616742,129.1072505785713,111.0,2.0,1.0,mixed,
2026-01-05 04:38:00,72.5398108980758,70.3371205798899,69.05180749901021,310.2015447449081,0.0,0.0,64.20113335327883,68.24450611763345,175.51667733769563,129.72959129531102,112.0,6.0,1.0,mixed,
2026-01-05 04:39:00,75.82883707565179,69.73289235988096,68.89401338180517,316.15095510672796,0.0,0.0,60.855253193412956,69.27453025420876,196.65273842237926,136.93031346757576,113.0,3.0,1.0,mixed,
2026-01-05 04:40:00,75.67310922807802,67.37207582526129,68.91984455691926,314.246983362012,0.0,0.0,60.826389801974486,71.8250651406408,212.58121440242226,127.5051008527031,114.0,7.0,1.0,mixed,
2026-01-05 04:41:00,78.20509518761396,64.57981154619974,68.99148545930045,337.57311461866607,1.0,0.0,58.96017397162952,75.76724852451143,215.58557463972107,134.98320928867247,115.0,3.0,1.0,mixed,
2026-01-05 04:42:00,79.91041093401412,63.92509442921304,69.45097849156095,326.5877696088773,0.0,0.0,59.14741301149896,80.5125772263104,233.27134732792894,125.07627232063821,116.0,5.0,1.0,mixed,
2026-01-05 04:43:00,80.10195312553122,62.1491466604384,69.66870665955828,328.32191226660564,0.0,0.0,57.79897079748163,79.75518321152788,257.22463898006816,113.65105650340509,117.0,5.0,1.0,mixed,
2026-01-05 04:44:00,81.02844996084548,65.87757401847112,69.95339795682544,335.0904678275519,0.0,0.0,56.838001907860914,78.85373841133345,248.44343372530443,120.90853649058243,118.0,5.0,1.0,mixed,
2026-01-05 04:45:00,82.559142261863,65.63005050327293,70.33781609420024,343.39855180052933,0.0,0.0,55.14523845129867,80.46747442103018,270.8789134883153,126.02848917468658,119.0,3.0,1.0,mixed,
2026-01-05 04:46:00,83.60413577165775,65.32520108584443,70.01377394306665,345.3011791966584,0.0,0.0,54.36359121799573,83.46687622662304,277.50934569329013,134.10185411534366,120.0,2.0,1.0,mixed,
2026-01-05 04:47:00,80.40083715243695,67.11676134420013,70.00355837179929,341.6839342455641,0.0,0.0,53.83873444458905,82.53016448833745,277.3280789396149,118.13989263440571,121.0,3.0,1.0,mixed,
2026-01-05 04:48:00,80.86255090964062,68.8461121683085,70.62196041265284,335.04541098284847,0.0,0.0,55.40219368503728,78.120262374886,279.2661343407436,130.5988918184611,122.0,4.0,1.0,mixed,
2026-01-05 04:49:00,78.51792548782929,69.32169058412946,70.6655755029814,330.97594592521233,0.0,0.0,57.57887068244537,77.71801288715156,277.26120774980114,130.26283096044716,123.0,5.0,1.0,mixed,
2026-01-05 04:50:00,79.26382791401376,70.2187142907129,70.81103978875933,326.7744000500575,0.0,0.0,60.73398926304867,77.6566344268362,262.48747952694873,122.88995813960875,124.0,5.0,1.0,mixed,
2026-01-05 04:51:00,79.1083137444392,69.99406026394973,70.7336315902737,324.92958804659366,0.0,0.0,57.55993048713495,77.03251543109542,229.28700974232515,110.31989360504129,125.0,7.0,1.0,mixed,
2026-01-05 04:52:00,78.1177504228015,67.92956483514064,70.39502861086129,321.8101436268959,0.0,0.0,56.95119983184767,76.26821789156483,248.18032552807102,98.52053302190374,126.0,4.0,1.0,mixed,
2026-01-05 04:53:00,78.73475041863551,63.46316065660515,70.80515104137258,329.9003655772664,0.0,0.0,57.08459696637311,75.5555403978628,231.63142839213074,89.3917071377893,127.0,2.0,1.0,mixed,
2026-01-05 04:54:00,75.94559998650072,62.17932211198213,70.81872261726598,313.79677708572575,0.0,0.0,59.67768968398019,72.42704742943485,216.00398335102943,80.08731266854936,128.0,5.0,1.0,mixed,
2026-01-05 04:55:00,75.81888988079011,65.02929870034934,70.64484322620048,316.58766479394,0.0,0.0,57.902887241855666,74.33591487697689,231.99456861548165,80.52790138866008,129.0,4.0,1.0,mixed,
2026-01-05 04:56:00,77.14602889428186,65.70349615085112,70.39509481240154,314.0509271081104,0.0,0.0,57.6218406050187,72.61872288350048,226.9082702694277,89.05698310176918,130.0,7.0,1.0,mixed,
2026-01-05 04:57:00,4.558053305797098,3.358255654890982,66.66554410577695,76.14083450209209,0.0,0.0,4.7539495711186115,21.857670175604255,15.540861778966477,0.0,0.0,4.0,0.0,idle,
2026-01-05 04:58:00,3.6700950629148954,4.088543918376422,63.36120386873731,69.3049532097045,1.0,0.0,3.473817853736506,25.788320315716202,53.9745976178153,0.0,0.0,3.0,0.0,idle,
2026-01-05 04:59:00,0.0,6.821857340648414,60.823259575422284,65.3544892634527,0.0,0.0,7.080880599340949,26.90780586243619,59.32765244507714,0.0,0.0,2.0,0.0,idle,
2026-01-05 05:00:00,0.0,8.52782038668815,58.39113785760452,58.650659524618135,0.0,0.0,6.652178845668775,25.321030583249133,67.7067443589518,4.972379196717631,0.0,2.0,0.0,idle,
2026-01-05 05:01:00,0.0,6.3228238246674735,55.63253689680377,66.82365692118879,0.0,0.0,5.7442041659913095,26.868956544663895,67.12102427405273,29.468802674918294,0.0,5.0,0.0,idle,
2026-01-05 05:02:00,0.0,7.663746308052916,53.54626239023668,62.953055272112756,0.0,0.0,1.2026028452635091,22.767051432853886,45.83112953214301,27.484279734338678,0.0,0.0,0.0,idle,
2026-01-05 05:03:00,0.0,5.3079918485112625,51.321715447287374,63.114988929973386,0.0,0.0,4.405677725425319,21.93772783474425,28.945054745497526,35.57143011268329,0.0,1.0,0.0,idle,
2026-01-05 05:04:00,0.0,6.1091761273418115,49.50720859676355,54.87947131662199,0.0,0.0,3.781244177503147,20.049108985085933,27.166119580114955,38.08024298152742,0.0,4.0,0.0,idle,
2026-01-05 05:05:00,0.0,7.229636652242526,47.99520602325856,56.34323851066527,0.0,0.0,3.380250415795371,20.21317515760002,22.594639315949074,23.79551195905057,0.0,1.0,0.0,idle,
2026-01-05 05:06:00,0.0,8.121504011447325,46.8386554080255,62.45071711061987,0.0,0.0,7.482022934567839,23.402214719889415,22.423136059154213,11.677203755032052,0.0,1.0,0.0,idle,
2026-01-05 05:07:00,0.0,8.484310787475145,45.80063234304956,70.70959137001694,0.0,0.0,8.106032965360981,20.283300002255064,30.933070426974258,16.796921364615073,0.0,1.0,0.0,idle,
2026-01-05 05:08:00,2.2222473763817376,9.45527251271536,45.37841409615434,76.52465258145087,1.0,0.0,9.846770999045344,22.118273819921814,48.477976789954994,13.903256715856648,0.0,1.0,0.0,idle,
2026-01-05 05:09:00,0.0,8.446058550273534,44.73599394943828,57.34246351775245,0.0,0.0,8.946114570339336,21.744409696816703,46.17899143004104,4.597556914472451,0.0,4.0,0.0,idle,
2026-01-05 05:10:00,1.2448563499832093,9.956811416150607,43.814938064588006,62.60476287970707,0.0,0.0,7.046794567306828,21.30377667652715,42.080763644992864,0.0,0.0,1.0,0.0,idle,
2026-01-05 05:11:00,1.9042442193639488,8.11807234229331,43.14910862878447,62.03856358026543,0.0,0.0,3.4083112898574277,22.27496113129501,18.83539039897919,0.0,0.0,1.0,0.0,idle,
2026-01-05 05:12:00,4.312402251218996,10.715798583328688,42.9012524783964,69.67176102877562,0.0,0.0,2.2683073953085966,21.78455975987494,44.43540139314242,7.191466452103785,0.0,3.0,0.0,idle,
2026-01-05 05:13:00,0.0,9.44130169407666,42.25525396626752,53.16980626375907,0.0,0.0,6.888630262234592,23.071624319756605,22.169460910203743,0.0,0.0,2.0,0.0,idle,
2026-01-05 05:14:00,1.440692457105131,11.644523695274025,41.85769141860293,65.82047206672534,0.0,0.0,9.72309575385247,21.39016000456944,1.2193479526535782,0.0,0.0,0.0,0.0,idle,
2026-01-05 05:15:00,2.9342797924181965,12.624360692488281,41.30681400871133,73.83289275771729,0.0,0.0,5.71134974921924,23.302463490460667,0.0,0.0,0.0,1.0,0.0,idle,
2026-01-05 05:16:00,0.0,11.925967188111189,40.75342549752878,50.277157343537255,0.0,0.0,3.1683648036285277,23.046343111824832,20.79144647241177,0.0,0.0,0.0,0.0,idle,
2026-01-05 05:17:00,3.315335729546735,7.292494087034738,40.298768960989946,67.40730641214705,0.0,0.0,3.7519472661714532,23.965715881345247,14.95569019516767,0.0,0.0,3.0,0.0,idle,
2026-01-05 05:18:00,3.990639546240053,5.054415982261648,40.14298693173201,77.99425101793697,0.0,0.0,0.0,24.94043552136174,31.33118300248555,6.6738620790326255,0.0,4.0,0.0,idle,
2026-01-05 05:19:00,4.5524060653876175,7.439020817074054,40.68216013463288,88.72452177815424,0.0,0.0,0.0,26.478991317867724,46.24546281979102,7.762197755805029,0.0,3.0,0.0,idle,
2026-01-05 05:20:00,4.519470587565616,5.211826537338587,40.94415774587643,82.02596452548919,0.0,0.0,3.1113479365068955,26.68451868486818,34.93710612822386,9.125903174590416,0.0,1.0,0.0,idle,
2026-01-05 05:21:00,0.0,4.8727481719054495,40.879110679083155,64.4112429856452,0.0,0.0,1.930264954277313,28.515121813029992,10.803389418600478,15.95451808210378,0.0,4.0,0.0,idle,
2026-01-05 05:22:00,3.1616182021310335,4.06056124046764,40.39477702898714,53.96491568705749,0.0,0.0,2.9512743698784787,28.39364511039229,10.742714736584595,31.57353347323712,0.0,3.0,0.0,idle,
2026-01-05 05:23:00,7.2260904635782826,4.79761406385457,40.367700964313876,77.28875356691793,0.0,0.0,0.0,27.507690371714528,0.0,13.965260165131726,0.0,1.0,0.0,idle,
2026-01-05 05:24:00,5.560620481041831,4.469508690896575,40.78443686270837,76.91179404624093,0.0,0.0,0.0,26.91557372476243,15.949810969614798,18.103237016946125,0.0,1.0,0.0,idle,
2026-01-05 05:25:00,3.686562218783452,8.474681960756985,40.59271677910346,68.56062644715718,0.0,0.0,0.7124947666121786,29.608131908811053,16.832336537349345,28.20109368827957,0.0,3.0,0.0,idle,
2026-01-05 05:26:00,2.0683644921952196,4.784963726265115,40.228787935389995,72.8562416322919,0.0,0.0,0.0,25.374565829994786,15.806583518445908,29.609054109352357,0.0,3.0,0.0,idle,
2026-01-05 05:27:00,2.5639489188656097,4.176927231511322,39.953626931603914,68.59909843351777,0.0,0.0,0.1798000364158452,26.737680741335097,24.526151398209226,24.280244235969683,0.0,3.0,0.0,idle,
2026-01-05 05:28:00,0.9024540001344921,1.467639511301103,39.92163471838661,55.67712225532377,0.0,0.0,1.1546502830912484,24.938544448167484,42.12476899257817,11.573602793300894,0.0,7.0,0.0,idle,
2026-01-05 05:29:00,0.0,5.3461175425382805,39.566077611046786,59.64361024615983,0.0,0.0,4.280859307403838,22.105432624099816,39.139703464708674,14.031332214077207,0.0,1.0,0.0,idle,
2026-01-05 05:30:00,0.0,3.999453065902477,39.88151328089637,64.13548852375453,0.0,0.0,0.0,22.25556116066499,17.748173811342895,7.5226114227483984,0.0,1.0,0.0,idle,
2026-01-05 05:31:00,0.0,5.962434598557724,39.444776164324765,52.80632584138434,0.0,0.0,0.8088135827583436,21.61355863176998,12.389524169406243,0.0,0.0,4.0,0.0,idle,
2026-01-05 05:32:00,0.1658641230312936,7.837548988782827,39.045243720545265,61.93398411381447,0.0,0.0,3.7921604972584806,20.738103067877557,2.9773355346346246,0.0,0.0,3.0,0.0,idle,
2026-01-05 05:33:00,0.0,4.303319496172316,39.60822242519909,69.42500644304768,0.0,0.0,0.0,20.62078492886184,8.242374994804859,0.0,0.0,0.0,0.0,idle,
2026-01-05 05:34:00,0.0,7.470997940459519,38.8940791045668,62.547531972477266,0.0,0.0,2.0990269620675504,20.77498868802728,19.950337596935363,0.0,0.0,0.0,0.0,idle,
2026-01-05 05:35:00,1.406265492750808,5.030419332363175,39.32935579098888,68.18641376254789,0.0,0.0,0.0,25.582542739106895,43.60427835239727,0.0,0.0,4.0,0.0,idle,
2026-01-05 05:36:00,0.5077379694020809,7.9218783848081324,38.8843678296244,60.1871007641243,0.0,0.0,0.0,23.960348651150518,23.895552280139533,0.0,0.0,0.0,0.0,idle,
2026-01-05 05:37:00,0.0,8.463152002086437,38.666670484817374,56.666618245337524,0.0,0.0,0.008342758573998577,27.508247254694005,57.963330852373396,0.0,0.0,3.0,0.0,idle,
2026-01-05 05:38:00,0.0,11.247083244983722,38.46935490949238,59.71710557797602,0.0,0.0,0.0,26.360855108446554,42.82412458402771,0.0,0.0,1.0,0.0,idle,
2026-01-05 05:39:00,0.0,10.240354388616794,38.866630503715946,60.02167528305565,0.0,0.0,0.0,24.956234807007633,25.031710350572432,0.0,0.0,1.0,0.0,idle,
2026-01-05 05:40:00,0.0,11.74809392086406,38.761408093637804,54.37149683650355,0.0,0.0,4.317295685177962,24.480810313056256,10.90298260820295,7.952550318078847,0.0,2.0,0.0,idle,
2026-01-05 05:41:00,0.0,11.282829497383322,38.2775962527774,62.782002251638765,0.0,0.0,7.668084754737289,25.02637729592367,21.900620593836408,30.76722968575067,0.0,2.0,0.0,idle,
2026-01-05 05:42:00,0.0,12.270524981925337,37.708616393658026,55.443524092935434,0.0,0.0,16.02283677592712,23.50809097778996,6.451282299750412,25.581706995831865,0.0,1.0,0.0,idle,
2026-01-05 05:43:00,0.0,12.929407182937034,37.439918627805284,57.89742304668119,0.0,0.0,19.37998955695636,27.354113754802537,6.947227898788763,18.50620470742767,0.0,1.0,0.0,idle,
2026-01-05 05:44:00,0.0,13.091930738747248,37.42244660383739,65.3946481800397,0.0,0.0,18.757773734477233,26.768884404803682,0.0,23.65206312687951,0.0,1.0,0.0,idle,
2026-01-05 05:45:00,0.0,13.856115157626553,37.79616012309217,62.68279863871031,0.0,0.0,15.359700835021627,24.546019759970438,0.0,16.679918989232384,0.0,7.0,0.0,idle,
2026-01-05 05:46:00,5.377056290730085,15.95727498012706,38.041069031940765,72.18100324637027,0.0,0.0,14.25711005147351,25.473445275086185,24.238687550811978,8.587933193808546,0.0,2.0,0.0,idle,
2026-01-05 05:47:00,3.9923491518858167,16.72798699099637,38.18373920766663,70.80067972685421,0.0,0.0,17.900272404244866,23.507947177704267,10.400320964098832,1.2020121377998034,0.0,3.0,0.0,idle,
2026-01-05 05:48:00,2.438643792950944,13.962887356058284,38.51253482908936,75.41124772167991,0.0,0.0,19.716147349359975,24.759266759261397,27.35159842832301,10.28667399955454,0.0,5.0,0.0,idle,
2026-01-05 05:49:00,4.229193049676052,14.613531810033109,37.970694648837735,68.74922544362313,0.0,0.0,16.770786034670664,20.077503354576464,19.15773950599117,11.990030693966462,0.0,4.0,0.0,idle,
2026-01-05 05:50:00,1.2067400797449992,11.054967087213818,38.012958022675015,72.75334577616027,0.0,0.0,17.38680211807856,19.617690969013985,13.047354662901434,8.090688429366159,0.0,1.0,0.0,idle,
2026-01-05 05:51:00,0.0,8.074932626230932,37.59996195264981,60.245824761228775,0.0,0.0,14.189691239088617,21.43131464728319,11.039849477083203,13.521881576727905,0.0,2.0,0.0,idle,
2026-01-05 05:52:00,0.0,8.760531525640321,37.27685587746156,58.373595870764014,0.0,0.0,12.171729430507355,21.53126758877139,8.938278476577132,6.420225334251818,0.0,3.0,0.0,idle,
2026-01-05 05:53:00,0.0,6.660031184674067,37.76083398626726,59.24921320927503,0.0,0.0,12.167107790446924,19.097926442367015,25.823464556178042,0.0,0.0,1.0,0.0,idle,
2026-01-05 05:54:00,1.8088156979805676,6.454870889254034,37.99433397857729,71.64583902054663,0.0,0.0,10.412954909219017,16.81324886327933,9.609363809398038,0.1332237529207525,0.0,2.0,0.0,idle,
2026-01-05 05:55:00,4.4679408157635265,6.824838059239113,38.04426878511002,79.29518534457885,0.0,0.0,12.33916900479969,21.93537121945875,0.0,0.0,0.0,2.0,0.0,idle,
2026-01-05 05:56:00,2.4642759278796027,7.723296356451874,38.452362647118846,69.33442691437895,0.0,0.0,13.612699617184639,19.587302139243107,0.0,0.40271438987344954,0.0,2.0,0.0,idle,
2026-01-05 05:57:00,0.0,8.755376808281834,38.54283864547851,63.95815430602169,0.0,0.0,12.88786699575509,16.59132935647355,0.0,3.574846331156358,0.0,3.0,0.0,idle,
2026-01-05 05:58:00,0.0,6.941887460990615,38.20863884027829,60.99352987326641,0.0,0.0,6.759863155367214,18.288566417550307,0.0,0.0,0.0,2.0,0.0,idle,
2026-01-05 05:59:00,0.0,5.672638819977556,37.671356581447256,60.26034650653269,0.0,0.0,2.5721905906345097,19.829765961628226,0.0,0.0,0.0,2.0,0.0,idle,
2026-01-05 06:00:00,0.0,3.7606734074234414,37.968751582411294,59.15021585849576,0.0,0.0,3.4776258196827254,18.694701946131904,0.0,0.0,0.0,2.0,0.0,idle,
2026-01-05 06:01:00,0.0,4.790385960477712,37.653440965874694,50.81344133680693,0.0,0.0,5.711648584358935,20.317834062188187,0.0,0.0,0.0,3.0,0.0,idle,
2026-01-05 06:02:00,0.0,8.190061449691735,37.07603699264767,52.71913528714258,0.0,0.0,5.982536544965432,19.203770364120363,0.0,0.0,0.0,2.0,0.0,idle,
2026-01-05 06:03:00,0.0,8.974119195190637,37.40536818686185,63.09760836508574,0.0,0.0,5.799862608375158,19.798758360335476,13.336155773940003,0.0,0.0,5.0,0.0,idle,
2026-01-05 06:04:00,1.50126873789663,10.635854515502787,37.71965267436286,57.98908562949211,0.0,0.0,5.790100748040814,19.51327974460946,0.0,0.0,0.0,1.0,0.0,idle,
2026-01-05 06:05:00,1.9023944978329075,14.098663260008866,37.91100673384633,66.60520905551338,0.0,0.0,4.681714489270096,17.91081468680123,15.718029240173957,0.0,0.0,2.0,0.0,idle,
2026-01-05 06:06:00,2.7196261188760005,11.700017357767969,38.167380951577606,71.3543201151528,0.0,0.0,1.7846372002402129,16.335587238324322,4.081736856610764,0.0,0.0,0.0,0.0,idle,
2026-01-05 06:07:00,2.0763795290988356,11.234559763902023,37.97559197528631,65.96286836518411,0.0,0.0,0.0,14.374872533675296,16.53406193889264,0.0,0.0,3.0,0.0,idle,
2026-01-05 06:08:00,13.090434834900101,42.62065793188995,38.91226625169999,106.03395924760531,0.0,0.0,15.244127985013467,42.95910541065517,54.70007646080467,317.749798633823,0.0,4.0,2.0,io_bound,
2026-01-05 06:09:00,11.223494997758472,40.787784597812454,39.568367702312024,102.39726134719888,0.0,0.0,17.265421594626908,43.392569558655424,35.38067302071556,332.4887101004016,1.0,4.0,2.0,io_bound,
2026-01-05 06:10:00,11.72438434170628,38.573153166819786,39.77722765012383,93.03267725071589,0.0,0.0,19.06884903117618,44.884359363249175,37.44737466960069,342.8743459543551,2.0,3.0,2.0,io_bound,
2026-01-05 06:11:00,11.002910740841058,40.827043160380576,39.94129830140407,98.3305997097572,0.0,0.0,17.66359515451534,44.06320930521384,51.06787347316667,338.4309075841826,3.0,2.0,2.0,io_bound,
2026-01-05 06:12:00,7.977438976438457,40.42150642384742,40.79799243297114,93.63131361821999,0.0,0.0,23.985697433590758,49.816139496317206,37.741826143970584,342.309204612902,4.0,3.0,2.0,io_bound,
2026-01-05 06:13:00,9.356651831594071,41.53691808911033,40.984542492989995,95.45652851749425,0.0,0.0,24.312896644418494,49.96446551507455,59.22591494852818,367.6293312090441,5.0,2.0,2.0,io_bound,
2026-01-05 06:14:00,11.429275904265227,39.8134590265825,40.93380745424245,98.09391821627223,0.0,0.0,24.013494274765094,50.81021403775344,37.906142305146524,371.1358560116336,6.0,6.0,2.0,io_bound,
2026-01-05 06:15:00,16.60775947183365,39.31244070978227,40.96792109173346,114.32422860334819,0.0,0.0,26.877293744888053,52.9417995143251,33.80902215128447,377.94519932422054,7.0,3.0,2.0,io_bound,
2026-01-05 06:16:00,18.385302469852114,42.89393918450418,41.06054576462248,119.50696687941533,0.0,0.0,29.063278233284393,51.55688987579124,30.725741922354242,368.7688486544516,8.0,3.0,2.0,io_bound,
2026-01-05 06:17:00,22.620945297361448,40.27793708411462,41.65945932762973,136.2101823327532,0.0,0.0,25.057470223580047,53.10929699241247,9.501929283302388,366.3391817268812,9.0,5.0,2.0,io_bound,
2026-01-05 06:18:00,26.124571376529484,38.310712053288604,42.5656583119895,147.0845380681108,0.0,0.0,23.66578106011414,53.290209884693255,0.0,374.1681601357146,10.0,3.0,2.0,io_bound,
2026-01-05 06:19:00,23.854369993863042,36.176537673915576,42.681166003138685,134.01077839975366,0.0,0.0,24.186205754606995,54.60180050668576,14.269560578503828,379.14049536757557,11.0,2.0,2.0,io_bound,
2026-01-05 06:20:00,25.08010090447505,37.246427316037,43.02348547411012,147.44582438668894,0.0,0.0,20.474926608414854,52.82557029648735,8.48438900842045,389.3739924027902,12.0,5.0,2.0,io_bound,
2026-01-05 06:21:00,22.90154886582928,38.03921202860045,43.82390385018813,135.78947765422245,0.0,0.0,18.950940005339394,55.720352824570384,21.969983022997063,392.19729387597715,13.0,4.0,2.0,io_bound,
2026-01-05 06:22:00,26.175883543822003,40.18663158983655,44.70969602503641,153.19843495957565,0.0,0.0,18.469062787986825,55.31688353370558,24.4201442550629,385.9702526161643,14.0,5.0,2.0,io_bound,
2026-01-05 06:23:00,26.71051181263481,42.85615739568115,44.945361574468606,148.33471341040752,0.0,0.0,24.41664514571115,55.59564016234401,19.841708009730326,383.6353313196006,15.0,6.0,2.0,io_bound,
2026-01-05 06:24:00,26.12000259181402,41.00597671541705,45.58309742048986,155.25626661947365,0.0,0.0,24.545249523041637,57.48229619759871,31.842581894462068,372.62089012006453,16.0,5.0,2.0,io_bound,
2026-01-05 06:25:00,22.59309074918158,38.94545115785576,45.57845069959859,139.70803157047928,0.0,0.0,24.203568315371864,57.387427631704725,52.82987000211645,352.74311870133744,17.0,6.0,2.0,io_bound,
2026-01-05 06:26:00,23.59975312043492,41.135560408500304,46.04377980527,144.33681519817247,0.0,0.0,23.782453925538753,58.39524913778639,44.89980449701022,358.50305047125875,18.0,5.0,2.0,io_bound,
2026-01-05 06:27:00,21.366516314066857,41.99500417820817,45.77520746131887,135.3468067666295,0.0,0.0,27.456754257482785,56.25561436598842,65.39697570134939,374.6005770661034,19.0,3.0,2.0,io_bound,
2026-01-05 06:28:00,19.913523234997957,44.292274554744424,45.72667227086342,130.07316899014967,0.0,0.0,27.67194708992629,57.85650473208705,72.56455395371123,364.92456441698516,20.0,2.0,2.0,io_bound,
2026-01-05 06:29:00,21.40420035184149,45.683007305266855,46.09034552759254,132.09587383201148,0.0,0.0,28.0498437320385,58.730714972293235,102.65968885748569,379.4125066000936,21.0,3.0,2.0,io_bound,
2026-01-05 06:30:00,19.79999428529511,41.88042945724195,46.05220999437595,131.24493811547336,0.0,0.0,25.584071140351934,59.6424295122145,99.41300757234187,366.14188879305397,22.0,2.0,2.0,io_bound,
2026-01-05 06:31:00,19.433549417385834,44.544603951856715,45.73206271451881,122.35089938970013,0.0,0.0,31.408262990756544,57.324179716906336,78.07133443936576,370.69513978332,23.0,4.0,2.0,io_bound,
2026-01-05 06:32:00,23.001632932665725,43.85239841077675,45.61407708402272,130.6244189360588,1.0,0.0,31.255155000076734,58.163297033120514,82.14178941196383,367.6420267758023,24.0,3.0,2.0,io_bound,
2026-01-05 06:33:00,25.931237439176858,40.48783443493026,45.95964198361763,145.63794096623337,0.0,0.0,30.795495640883928,54.169204399927516,51.09909076219347,362.9371783423042,25.0,8.0,2.0,io_bound,
2026-01-05 06:34:00,25.368939014296068,37.41684262054278,46.640017136664355,142.25780970429793,0.0,0.0,29.657743246976867,52.23524273504904,29.71159875418926,363.05480079473006,26.0,4.0,2.0,io_bound,
2026-01-05 06:35:00,22.216368210766266,41.06680249156113,46.606409143599464,125.46627447219372,0.0,0.0,31.251950027130498,46.97831173686178,27.23253540229505,351.11437895600915,27.0,4.0,2.0,io_bound,
2026-01-05 06:36:00,22.569085065087883,42.982372129658124,46.64760296413522,129.72381077662595,0.0,0.0,29.506635389630894,50.155464809901005,19.87581684701881,371.68636912829913,28.0,3.0,2.0,io_bound,
2026-01-05 06:37:00,24.74947821821445,45.02726413858374,46.57765688806333,144.7132024890417,0.0,0.0,30.806506797044428,50.80807349541477,8.982263362722804,368.13865560238037,29.0,4.0,2.0,io_bound,
2026-01-05 06:38:00,25.386980374566058,42.080548812046814,46.434205792817586,144.04740563580498,0.0,0.0,32.98438658819686,50.89153738349456,0.26358830493636987,368.42770452147624,30.0,6.0,2.0,io_bound,
2026-01-05 06:39:00,26.14978137187311,40.81700454021478,46.542932072856495,147.610596212726,0.0,0.0,33.05540851769213,51.42599845793854,0.0,388.4459283041441,31.0,2.0,2.0,io_bound,
2026-01-05 06:40:00,23.01776082607377,41.20205663111192,46.70611890991297,138.77338322368905,0.0,0.0,32.69513190744765,54.61352870919615,0.0,372.3203954370007,32.0,4.0,2.0,io_bound,
2026-01-05 06:41:00,23.53160418710108,41.660909076097816,46.44930501184185,141.66777653317035,0.0,0.0,33.354404263392546,56.32810715155583,0.0,350.77521193528304,33.0,5.0,2.0,io_bound,
2026-01-05 06:42:00,24.366983708558823,42.19722358727377,46.82017983539773,151.05443361067304,0.0,0.0,32.13203530923113,54.34840541458283,0.0,343.61234690867394,34.0,4.0,2.0,io_bound,
2026-01-05 06:43:00,22.212116397859155,41.23780882639614,47.06054496694104,129.66148849638202,0.0,0.0,29.273767787547552,52.344723310617,0.0,354.73396751708447,35.0,5.0,2.0,io_bound,
2026-01-05 06:44:00,23.616867094437875,40.13971899799394,47.091941889693985,144.91959201733877,0.0,0.0,28.975745232282986,55.06256463260773,0.0,354.39889681653125,36.0,4.0,2.0,io_bound,
2026-01-05 06:45:00,24.699088969973904,38.58271115891384,47.38390187685807,155.32285771859875,0.0,0.0,26.56990190307558,55.00127174022694,0.4137492886062617,353.31380533053044,37.0,6.0,2.0,io_bound,
2026-01-05 06:46:00,21.932205740861324,39.11132827851407,47.18358707319254,143.40449564697778,0.0,0.0,30.24230494030673,54.23218091270655,0.0,360.18746930460253,38.0,4.0,2.0,io_bound,
2026-01-05 06:47:00,24.24010283326838,42.62571677676034,47.2109157146448,143.87613758107025,0.0,0.0,31.2536777226594,54.19388867771052,12.72316829086251,374.2465285031792,39.0,5.0,2.0,io_bound,
2026-01-05 06:48:00,25.299785982530068,41.791293140676004,47.27211236965591,146.20209024205332,0.0,0.0,33.347045616447055,53.01116248777256,14.235899918366663,388.50626870077804,40.0,5.0,2.0,io_bound,
2026-01-05 06:49:00,23.84637272791121,42.6934193085491,47.410263853042046,137.6460988336923,0.0,0.0,31.296991699826435,54.262974486216486,20.670496437393204,391.3607510450099,41.0,3.0,2.0,io_bound,
2026-01-05 06:50:00,23.16302488693502,43.918451688331395,47.36531281557055,136.8956377234964,0.0,0.0,28.374575445947464,55.80830137860635,38.83203996467168,381.04690643802803,42.0,4.0,2.0,io_bound,
2026-01-05 06:51:00,20.336107362118632,43.78318372021179,47.485969513579654,125.20449894575096,0.0,0.0,26.04442110916302,52.15198245805444,42.256826328445,388.739267393453,43.0,4.0,2.0,io_bound,
2026-01-05 06:52:00,18.37198390179767,42.63259738330401,47.17000427392699,123.49307936024441,0.0,0.0,31.607595530370723,51.02325239887453,14.448150979767291,403.3050659594471,44.0,8.0,2.0,io_bound,
2026-01-05 06:53:00,18.289577077271787,43.50801003976866,47.18299081683755,130.37138203042718,0.0,0.0,35.331854607349584,51.11022866263269,13.035292042130322,395.57898118085205,45.0,2.0,2.0,io_bound,
2026-01-05 06:54:00,23.71534414480388,42.839449163535264,47.250219004677746,144.90996388300866,0.0,0.0,28.868556716014385,49.335671358729826,10.327471599699109,384.2972554125855,46.0,3.0,2.0,io_bound,
2026-01-05 06:55:00,22.25961121735564,44.25278256186526,47.427627995214664,138.77141594839316,0.0,0.0,34.0075545339812,49.22651113909497,25.676677386119017,379.98953637223644,47.0,2.0,2.0,io_bound,
2026-01-05 06:56:00,21.606279953904522,45.13664043695013,47.63425129193276,133.7953631589966,0.0,0.0,35.683327361595666,52.30190734533374,10.526408027474872,368.78768222822754,48.0,5.0,2.0,io_bound,
2026-01-05 06:57:00,23.584545117656297,45.80041042042534,47.865198171143426,138.12746221105124,0.0,0.0,30.655931804340817,52.46429739762446,28.255607879290352,371.41377558274706,49.0,4.0,2.0,io_bound,
2026-01-05 06:58:00,23.38682555121381,44.94903405094167,47.36014378936758,141.8740986849899,0.0,0.0,27.965615873553567,52.54475690250203,22.076821072145563,346.93413827923416,50.0,4.0,2.0,io_bound,
2026-01-05 06:59:00,23.160753051406513,43.21931714587391,46.67666978454056,138.41618648033906,0.0,0.0,29.379597783102728,55.653931013697836,9.839334936109623,341.9677854638087,51.0,5.0,2.0,io_bound,
2026-01-05 07:00:00,18.250864657027577,44.029729799202286,46.71691135240191,119.70250927472947,0.0,0.0,29.37355449278358,55.14123512482396,36.52729966500734,327.07247869690116,52.0,6.0,2.0,io_bound,
2026-01-05 07:01:00,23.68659251869824,41.69492330195797,47.094490959366,141.04279676264795,0.0,0.0,22.122418731126107,55.2869225328262,20.879523650541213,314.61315681583875,53.0,4.0,2.0,io_bound,
2026-01-05 07:02:00,30.65940762207338,44.380482558583495,47.23773335780336,165.1078805271805,0.0,0.0,23.434421838832787,54.334247568942224,7.1965248015520515,318.86567231722125,54.0,7.0,2.0,io_bound,
2026-01-05 07:03:00,32.004350291126975,39.053978927226254,47.68510276708614,168.72498573256567,0.0,0.0,21.715657172601787,52.601412744251846,30.193623705189502,341.95446502946334,55.0,3.0,2.0,io_bound,
2026-01-05 07:04:00,29.438948067253577,41.77177052982336,47.48996979586057,160.755750630164,0.0,0.0,21.88183306853881,51.131378433260146,44.75848144335722,341.6619434471641,56.0,3.0,2.0,io_bound,
2026-01-05 07:05:00,27.41515177506464,40.91609767451481,47.82964978421204,156.80597383514475,0.0,0.0,22.81330718385867,47.97434236694576,54.54116017533471,328.37748789104245,57.0,4.0,2.0,io_bound,
2026-01-05 07:06:00,26.538866492329785,44.53283209825171,47.49059408523718,141.7301989982689,0.0,0.0,25.970510807883812,48.36879701561989,74.5179427271297,334.0937372942881,58.0,2.0,2.0,io_bound,
2026-01-05 07:07:00,24.06754716384552,44.92306333276615,47.608928313141924,137.65068028790975,0.0,0.0,23.90649016601665,47.742478977710505,85.58393359676464,340.3971530057458,59.0,5.0,2.0,io_bound,
2026-01-05 07:08:00,24.338656550815312,44.64274709749289,47.71489184184253,149.5161776664455,0.0,0.0,27.783710158691427,49.330001211062665,52.91408722451153,338.2400936026916,60.0,6.0,2.0,io_bound,
2026-01-05 07:09:00,24.421859137929374,45.262470571201334,48.03941345178817,148.96285243808597,0.0,0.0,22.23919752649346,47.54021303709748,64.65775108402336,358.50693122977293,61.0,3.0,2.0,io_bound,
2026-01-05 07:10:00,25.31285995762593,45.73572281747094,48.35573472679734,141.97582803679813,0.0,0.0,22.709395764172864,51.26708562816151,67.02681486588696,366.26898018992716,62.0,4.0,2.0,io_bound,
2026-01-05 07:11:00,25.08375542260829,46.758476793147885,47.83426464026001,146.39797599408024,0.0,0.0,25.69755531561303,50.1342889836757,42.932858131212484,364.84602550489035,63.0,7.0,2.0,io_bound,
2026-01-05 07:12:00,22.450079645891936,45.9849070217362,47.95089805628127,138.9581038973735,0.0,0.0,32.7129200009953,49.87663678978975,43.42390602451618,363.0187957992671,64.0,4.0,2.0,io_bound,
2026-01-05 07:13:00,20.700639682666445,43.47268643058843,47.416833918329516,124.73872051600459,0.0,0.0,30.27668443022065,48.867700733688054,32.69925586517831,353.21825262125174,65.0,5.0,2.0,io_bound,
2026-01-05 07:14:00,18.570804090885453,42.762445647002025,47.34431249369443,124.41766749834473,0.0,0.0,33.550541769851144,54.75988562774579,35.040161529453336,334.3042075982688,66.0,5.0,2.0,io_bound,
2026-01-05 07:15:00,17.261843447655533,43.5217445117555,46.830294627151595,123.51791423085966,1.0,0.0,35.58318857134872,54.07605309761142,72.41155882609378,340.649142067363,67.0,4.0,2.0,io_bound,
2026-01-05 07:16:00,18.601493775215786,43.900142708803855,46.661073033919415,124.03895054379979,0.0,0.0,38.82651323787957,54.39881547443519,78.5566946483385,334.9157595301581,68.0,3.0,2.0,io_bound,
2026-01-05 07:17:00,23.983010343683453,46.430852561009566,46.71543342658726,140.86283574642354,0.0,0.0,32.97489906966917,57.11181196384343,39.863083734416605,350.72394568862904,69.0,4.0,2.0,io_bound,
2026-01-05 07:18:00,26.351116777017403,44.83694229082206,47.104217210775516,152.65153368416188,0.0,0.0,30.135021450760473,57.202551351697274,50.5952546483685,334.1354141396894,70.0,5.0,2.0,io_bound,
2026-01-05 07:19:00,22.953216421040032,45.89370361981051,47.32362072654865,142.72852547917947,0.0,0.0,30.24703511979671,55.98053555806873,44.33887520922226,342.7490198341827,71.0,3.0,2.0,io_bound,
2026-01-05 07:20:00,24.082674728184543,47.0225724480809,47.67510247109275,141.4778936212746,0.0,0.0,31.46897220993275,58.03932563778833,31.49230708262036,350.4359123908076,72.0,3.0,2.0,io_bound,
2026-01-05 07:21:00,25.910810211799102,48.1185221719214,47.85244305447331,145.07474271654334,0.0,0.0,30.912124826290725,59.35717288927092,7.668885569955563,345.36983011881125,73.0,3.0,2.0,io_bound,
2026-01-05 07:22:00,27.833046143437382,46.11430890714377,48.11935075845503,158.25886800802448,0.0,0.0,32.865326260400906,60.49059911914287,14.452565929424821,328.53338796572865,74.0,5.0,2.0,io_bound,
2026-01-05 07:23:00,27.495526657909586,40.50747275084193,48.546032841079885,161.75037853390802,0.0,0.0,25.87252631838765,58.878721086522475,28.310052831136666,345.60778653742295,75.0,5.0,2.0,io_bound,
2026-01-05 07:24:00,29.060289980667978,41.25993007993214,48.74011426044756,168.35278744054588,0.0,0.0,31.05130597231193,57.91929992737099,10.985689372048896,333.36179332924405,76.0,3.0,2.0,io_bound,
2026-01-05 07:25:00,29.12940729386927,40.99927996749887,48.66261070440962,161.19201314081397,0.0,0.0,31.825989996311915,56.61269729181127,32.14036550001371,347.4357685709079,77.0,7.0,2.0,io_bound,
2026-01-05 07:26:00,29.451677487239934,40.883266411405046,48.96080770924,157.36239460729388,0.0,0.0,31.1621032787218,56.60587500875249,29.883231849839596,347.5726704531033,78.0,7.0,2.0,io_bound,
2026-01-05 07:27:00,32.129078235933896,37.75917988638632,48.9962036025601,167.6283841651556,0.0,0.0,29.301682264485102,56.345901483060764,35.86611726668795,351.6886827558907,79.0,5.0,2.0,io_bound,
2026-01-05 07:28:00,30.30724587946229,40.537607834814935,48.7426532870243,153.64330379555255,0.0,0.0,27.57019637185279,53.93378566127741,39.18070394354076,352.6326128104497,80.0,3.0,2.0,io_bound,
2026-01-05 07:29:00,31.652993868441136,42.27946645416742,48.940113517481905,172.91328884227607,0.0,0.0,27.572882092919087,51.296361806903526,48.16321722555,367.4740932755022,81.0,4.0,2.0,io_bound,
2026-01-05 07:30:00,30.05085057537721,42.666413408489554,49.173622875415425,158.0448127426289,1.0,0.0,25.950837619779087,48.09528063952802,18.95462811226779,341.78533998970784,82.0,4.0,2.0,io_bound,
2026-01-05 07:31:00,27.362482798423756,44.272021843014166,49.09311130047212,141.25244433571302,0.0,0.0,27.444669357060725,50.35933588286809,11.384710503477734,325.06747704175393,83.0,4.0,2.0,io_bound,
2026-01-05 07:32:00,24.94923929771657,43.88030525040949,49.16599552598696,151.94709816287718,0.0,0.0,30.46469858327164,49.82997597121333,11.18107643106854,325.9145070849825,84.0,5.0,2.0,io_bound,
2026-01-05 07:33:00,11.280529192198301,11.733208671153202,48.339120764561095,105.93900756676317,0.0,0.0,6.031216536973237,18.53463390462529,0.0,0.0,0.0,3.0,0.0,idle,
2026-01-05 07:34:00,11.121981060944295,9.515656886668463,47.612257205694426,112.06326159587822,0.0,0.0,4.531885554271399,20.633701718236235,0.0,0.0,0.0,1.0,0.0,idle,
2026-01-05 07:35:00,10.08362113659415,10.681363409544694,47.16294024102338,93.0123526830648,0.0,0.0,7.202056277982032,20.263455087239564,0.0,0.0,0.0,1.0,0.0,idle,
2026-01-05 07:36:00,8.653868550649078,6.9847951513325945,46.752195891279435,92.63556160732023,0.0,0.0,6.6811436143433305,21.20554014010126,0.0,3.4139441163487927,0.0,0.0,0.0,idle,
2026-01-05 07:37:00,9.039682508798975,9.038698414548305,45.95890878565034,91.0273967230849,0.0,0.0,10.46635185695719,26.467339135627228,0.0,5.610943840051755,0.0,1.0,0.0,idle,
2026-01-05 07:38:00,8.979113533676049,9.547654105446721,44.99750692752425,85.5429520819647,0.0,0.0,10.578837422438188,25.638339628090947,5.088416029479468,7.872187517434497,0.0,4.0,0.0,idle,
2026-01-05 07:39:00,9.967847104870845,13.494309428200843,44.584163401273,92.38002815877245,1.0,0.0,10.12065429418551,26.178980469000713,11.29127160480984,0.0,0.0,2.0,0.0,idle,
2026-01-05 07:40:00,10.753733934035541,13.960038897246335,44.40267844102924,101.53220178411391,0.0,0.0,10.430997514495111,27.76087654556745,27.972776519429434,0.0,0.0,0.0,0.0,idle,
2026-01-05 07:41:00,13.479823233984597,15.680864153708498,44.36441275615784,108.40479839347744,0.0,0.0,3.4469243554313893,27.360742498769948,14.098714882926966,0.0,0.0,1.0,0.0,idle,
2026-01-05 07:42:00,12.148618188987893,13.462087046611833,44.29670742852826,108.23658604500912,0.0,0.0,0.0,25.638342450457753,1.587450843616594,3.426099345051675,0.0,3.0,0.0,idle,
2026-01-05 07:43:00,9.148950596128298,9.09329874952822,43.824585951220044,94.96551501946021,0.0,0.0,0.0,24.49593248962076,14.687187678716775,9.59373689563429,0.0,1.0,0.0,idle,
2026-01-05 07:44:00,7.774874168194919,10.961649116901937,43.633274003399826,86.63449005463761,0.0,0.0,0.0,26.83714447853259,0.0,4.347394730451162,0.0,0.0,0.0,idle,
2026-01-05 07:45:00,10.90019864582801,11.477561394484987,43.6322936177254,88.80977811942432,0.0,0.0,0.0,23.904072641174086,0.0,0.0,0.0,0.0,0.0,idle,
2026-01-05 07:46:00,8.718389465694562,9.227868355443857,43.29498033696181,78.9167434165841,0.0,0.0,0.0,24.96744395577931,0.0,3.5461033773543305,0.0,1.0,0.0,idle,
2026-01-05 07:47:00,9.890048302094424,6.704557548632158,43.236114255487855,95.04805463490179,0.0,0.0,0.0,22.442018245037957,0.0,15.956264574962173,0.0,2.0,0.0,idle,
2026-01-05 07:48:00,8.198080316368923,7.59653842861149,42.418632220790926,94.15550715793857,0.0,0.0,1.0128096808901472,18.787647366864114,0.0,27.040129794099272,0.0,1.0,0.0,idle,
2026-01-05 07:49:00,5.453860292436999,9.729354795890062,42.07694128099858,88.55295142175109,0.0,0.0,0.0,21.823066275337787,0.0,32.76844397692715,0.0,3.0,0.0,idle,
2026-01-05 07:50:00,1.8550574322814612,7.3980068253662425,41.89900849503266,61.01564982847779,0.0,0.0,0.0,19.80243312076009,12.60809844845271,46.691998955498285,0.0,1.0,0.0,idle,
2026-01-05 07:51:00,0.0,10.192419949282328,41.57888051550324,61.17810347764148,0.0,0.0,0.0,19.361514741611824,24.28803110532126,33.69873933282675,0.0,4.0,0.0,idle,
2026-01-05 07:52:00,1.3855863525575318,6.568439830037738,41.07575504206981,64.6961070860447,0.0,0.0,0.0,21.124444952282417,34.42992128017107,39.725300769806516,0.0,2.0,0.0,idle,
2026-01-05 07:53:00,5.9154495856331515,10.5219560290674,40.34817308220562,79.65849358446283,0.0,0.0,0.0,19.88330478178628,33.413706659297254,57.767832699359516,0.0,0.0,0.0,idle,
2026-01-05 07:54:00,77.20593107221544,73.47089862120289,43.91991513759086,329.1954054743646,0.0,0.0,51.23639317756083,72.43699720133075,245.59826188847438,154.24924622700848,0.0,3.0,3.0,mixed,
2026-01-05 07:55:00,74.94388722871487,69.04989390544434,47.161412443953516,318.01017071881824,0.0,0.0,50.07882989839105,69.44846898720007,219.3771581535446,157.40746088666876,1.0,4.0,3.0,mixed,
2026-01-05 07:56:00,73.50822626177074,69.31789334806284,49.95906112262645,309.5241770584918,0.0,0.0,50.86565286913,71.50820161824306,232.32294201525738,146.809668358208,2.0,2.0,3.0,mixed,
2026-01-05 07:57:00,75.46240755485887,69.30031159069772,52.32981416835864,318.827871682186,0.0,0.0,54.803836055895296,69.83075829607013,224.13001158783612,128.2958614796033,3.0,8.0,3.0,mixed,
2026-01-05 07:58:00,78.42465828000525,68.36042242459364,54.19646395480284,322.9051551672998,0.0,0.0,57.54657800291955,66.88427768749668,225.39382609070896,111.1347945293724,4.0,6.0,3.0,mixed,
2026-01-05 07:59:00,80.70568381017942,65.51304256147463,56.376017903236544,328.4479602085782,0.0,0.0,56.965308575117696,68.42466362652739,213.1746956169175,98.64261896161197,5.0,3.0,3.0,mixed,
2026-01-05 08:00:00,74.89755324816424,65.8958248450832,57.73665307371214,313.9433435398609,0.0,0.0,57.68340771840568,68.3475348102183,221.236188918601,93.14367978898571,6.0,4.0,3.0,mixed,
2026-01-05 08:01:00,74.26647340693837,65.94545649482819,59.21775036516838,319.4124691410896,0.0,0.0,53.53080297419015,65.22639798536619,240.78304343809737,105.72416671362116,7.0,7.0,3.0,mixed,
2026-01-05 08:02:00,77.90906384706594,70.72397090002305,60.766130946920526,322.0704755707833,0.0,0.0,60.13646130349581,68.49562353686125,222.44264601857736,90.03774287088093,8.0,5.0,3.0,mixed,
2026-01-05 08:03:00,78.08877396634848,70.48954779113453,61.92317885788805,324.0284780501008,0.0,0.0,64.60505756468345,69.77386027159622,219.94429689989633,96.98927004294625,9.0,4.0,3.0,mixed,
2026-01-05 08:04:00,78.89162651852999,68.27664621603658,63.35208671929648,333.28789218940057,0.0,0.0,67.2941100901809,71.35013423254993,209.06060796062582,114.33158774780973,10.0,4.0,3.0,mixed,
2026-01-05 08:05:00,79.0007853679534,70.41988799863341,64.02566411691139,334.05815925473314,0.0,0.0,65.38512946255688,73.06747911923918,215.34611284874197,116.56747348662944,11.0,5.0,3.0,mixed,
2026-01-05 08:06:00,77.20981879262818,76.84860491992481,64.99498933993306,322.4080026426823,0.0,0.0,68.40739862674695,74.73610158452011,221.05785266262865,135.80503392058353,12.0,3.0,3.0,mixed,
2026-01-05 08:07:00,77.21847837754981,73.46711116298982,65.18618924759079,324.44745431802147,0.0,0.0,68.53073282188953,76.93513281700729,222.73619990426693,108.67734985628886,13.0,3.0,3.0,mixed,
2026-01-05 08:08:00,76.08678446472025,72.08242981827061,65.92574634989518,315.5781466024161,0.0,0.0,67.460777862662,76.67378187861443,230.3752489778907,111.65034666635195,14.0,4.0,3.0,mixed,
2026-01-05 08:09:00,78.38781119380346,69.83824964969513,66.58968585833877,326.78085071666,0.0,0.0,67.38519814696193,74.14659569095464,238.4733752195287,114.05193131010596,15.0,3.0,3.0,mixed,
2026-01-05 08:10:00,80.49361873433647,72.19190604741263,67.46640507044917,338.06039777951213,0.0,0.0,69.9545186506794,77.97628020025292,242.26702765326954,108.06366761119295,16.0,5.0,3.0,mixed,
2026-01-05 08:11:00,77.14220737343675,72.04886166233631,67.83883388732497,322.1397427427871,0.0,0.0,75.11130401489146,76.8590497399177,244.18522872903662,103.57570917657654,17.0,7.0,3.0,mixed,
2026-01-05 08:12:00,73.96757308587861,73.78461204256257,67.73105399293489,306.0122581306592,0.0,0.0,72.64510878543817,77.4788060318932,226.75736910969974,120.06933169190872,18.0,6.0,3.0,mixed,
2026-01-05 08:13:00,76.61498318640788,71.99978617405267,67.46643609637532,318.75352103284075,0.0,0.0,72.38365278942696,77.98726204399989,235.50429712350407,117.30589868198192,19.0,4.0,3.0,mixed,
2026-01-05 08:14:00,79.6392432210101,71.166416473824,68.48408181645496,328.43134350056243,1.0,0.0,68.3614143961036,74.84064477851261,218.33818305311792,113.39183757103771,20.0,2.0,3.0,mixed,
2026-01-05 08:15:00,76.94394821710306,70.59256358165693,68.7883009055094,318.74353558047585,0.0,0.0,66.01081682313391,73.64166785981405,226.0014104481703,115.28501262358212,21.0,5.0,3.0,mixed,
2026-01-05 08:16:00,77.52944605703757,70.87641105864375,69.00803743512664,322.04602561422377,0.0,0.0,68.69260369451553,70.65016079754946,243.6080822751139,117.50133729251553,22.0,6.0,3.0,mixed,
2026-01-05 08:17:00,81.64193705974886,70.43521419090727,69.0690959012855,336.37531820588435,0.0,0.0,68.31905979440099,67.80814735061563,256.74098939410976,112.58737848204207,23.0,8.0,3.0,mixed,
2026-01-05 08:18:00,76.6521445969879,69.21780410587861,69.1063853968901,316.2564085961608,0.0,0.0,66.22639424314659,72.26138428084835,257.1445859398246,108.68785486212886,24.0,3.0,3.0,mixed,
2026-01-05 08:19:00,70.36473712332082,72.78727663732325,68.71608386427582,301.76041624645296,0.0,0.0,70.1176283729924,74.38300122238488,288.76194005112416,94.97435374253897,25.0,6.0,3.0,mixed,
2026-01-05 08:20:00,69.99918393954094,72.96000081596343,68.58578745466197,297.7723330756543,0.0,0.0,70.85958985908138,76.08275381511568,241.57920142210742,76.9280314947441,26.0,5.0,3.0,mixed,
2026-01-05 08:21:00,66.46081920274332,71.10366048339762,68.40177163316093,287.36392104715816,0.0,0.0,66.60723274088363,75.8006960799157,282.6264795529759,79.04966783691752,27.0,2.0,3.0,mixed,
2026-01-05 08:22:00,68.05651710427071,70.11244077992228,68.25003141420879,289.420998446925,0.0,0.0,69.68024171866294,76.23639824147092,293.22985734000986,86.49662209377155,28.0,6.0,3.0,mixed,
2026-01-05 08:23:00,70.40714218745485,69.07387963777552,67.63281124173687,298.7424586526343,0.0,0.0,73.7945895448909,74.3408964714249,255.12915439228277,96.73558350662758,29.0,4.0,3.0,mixed,
2026-01-05 08:24:00,73.07918289164996,70.96620278097197,68.3251411342163,307.65141945921357,0.0,0.0,62.84568048205642,75.06025374958426,277.99573275826674,106.1609537996338,30.0,4.0,3.0,mixed,
2026-01-05 08:25:00,75.96015489870221,71.77164738390597,68.6185038717533,316.52931567604145,0.0,0.0,64.42482812664112,76.66534767918144,247.55676136397213,121.1908754256012,31.0,2.0,3.0,mixed,
2026-01-05 08:26:00,76.11513700704008,71.46458369113988,68.6906444943012,317.1433318251989,0.0,0.0,61.23560823348109,76.19185148657773,250.29036257800436,125.742178092684,32.0,4.0,3.0,mixed,
2026-01-05 08:27:00,75.28313637510395,70.32319989235165,68.99324228529333,315.4819011180415,0.0,0.0,57.653637524975146,76.80074419067417,242.59806796982767,115.46918748961558,33.0,3.0,3.0,mixed,
2026-01-05 08:28:00,74.38561063673264,71.7198441459432,69.41741460881516,314.5048762294927,0.0,0.0,58.14646118030096,77.30631198621421,216.6002301928287,117.34933050273452,34.0,5.0,3.0,mixed,
2026-01-05 08:29:00,74.18142250679483,71.6075264866277,69.68719090783824,322.07856629210187,0.0,0.0,56.41787649195929,78.03491608570774,236.56972347131608,99.97722291941629,35.0,6.0,3.0,mixed,
2026-01-05 08:30:00,75.40942561569032,70.06517010539388,69.5139531148397,314.42219060181577,0.0,0.0,59.12431823141361,76.49424327812821,234.366395464046,103.51562827518586,36.0,2.0,3.0,mixed,
2026-01-05 08:31:00,77.79307017141711,71.010080874055,69.31593745893493,323.4253893090949,0.0,0.0,59.52295124148411,73.30672500863218,251.40526075753422,98.80605549345304,37.0,4.0,3.0,mixed,
2026-01-05 08:32:00,76.35718812731555,67.96720023903086,69.26819372803418,318.84970727819604,0.0,0.0,56.29924485705919,72.7214615680311,260.3684346442142,104.54851401320522,38.0,3.0,3.0,mixed,
2026-01-05 08:33:00,77.63254088424202,68.34665365555287,69.45458094279219,322.8456238178143,0.0,0.0,59.02999925141087,71.89781043550398,257.67604451613965,105.80166646840902,39.0,3.0,3.0,mixed,
2026-01-05 08:34:00,79.5966302037436,69.18240998181417,69.70709185495029,328.010883567915,0.0,0.0,61.819984521863205,70.0265836550896,236.87509320304915,94.7004457677221,40.0,6.0,3.0,mixed,
2026-01-05 08:35:00,81.24745181949868,69.70841043657357,69.42256501247334,331.87135941552845,0.0,0.0,62.64640005391257,71.84620939228884,216.06764054582558,86.97760831495081,41.0,4.0,3.0,mixed,
2026-01-05 08:36:00,82.31998189567508,70.31716780021148,69.55659807799398,337.6169595348586,0.0,0.0,63.38710834354867,74.16994862023351,226.77730015221314,90.21244852386613,42.0,4.0,3.0,mixed,
2026-01-05 08:37:00,80.67977553681172,69.04797275362915,69.70677021398723,341.79570408288345,0.0,0.0,61.34461325336072,73.82798785137038,224.70296387114718,105.94448722657724,43.0,2.0,3.0,mixed,
2026-01-05 08:38:00,76.34375780362186,68.63628151813768,69.6165939567643,321.4142503744973,0.0,0.0,58.7562253442422,75.30681289187572,248.24390130330784,104.37866450806999,44.0,3.0,3.0,mixed,
2026-01-05 08:39:00,75.01834750811754,70.38674159509289,69.69145410698233,316.6346072358107,0.0,0.0,55.91934127841153,72.56885213086069,232.82491993821333,125.88981403622162,45.0,2.0,3.0,mixed,
2026-01-05 08:40:00,71.89161290882582,70.10785097485044,69.64840525524411,309.98317205710987,0.0,0.0,59.54117030699563,72.79506719822766,207.7140990486698,122.77699682564284,46.0,3.0,3.0,mixed,
2026-01-05 08:41:00,73.61774204208297,68.04283134780397,69.94487446430874,314.4867326724853,0.0,0.0,57.73670017855271,73.13677621348467,213.18042470531887,121.42085514219903,47.0,3.0,3.0,mixed,
2026-01-05 08:42:00,69.84907974688797,66.44694029372877,70.06898550464102,294.86405334970885,0.0,0.0,65.95188233100603,71.20437827770236,212.1629785693695,125.14472744743703,48.0,5.0,3.0,mixed,
2026-01-05 08:43:00,73.29051534124761,67.52154312460434,69.8324513188277,299.9248268629728,0.0,0.0,61.66295782402186,71.51687936053659,213.91441537299505,99.2948740290237,49.0,6.0,3.0,mixed,
2026-01-05 08:44:00,68.72222978974654,67.75908779391534,69.4726936745442,294.8827061776535,0.0,0.0,60.653290724632996,68.66105504718884,208.69385458702862,112.16160552354397,50.0,2.0,3.0,mixed,
2026-01-05 08:45:00,68.3630712013409,67.61465662538359,68.9761234308283,284.97194849679806,0.0,0.0,60.6546355071705,69.28609510236244,200.16794057126845,113.27660883240296,51.0,3.0,3.0,mixed,
2026-01-05 08:46:00,70.86292481566034,68.03499294733547,68.78244501259572,302.86182424924607,0.0,0.0,63.057398288321565,68.7149536947132,202.83897020524614,104.64083328378827,52.0,4.0,3.0,mixed,
2026-01-05 08:47:00,71.1416726141545,71.90781655536811,68.63129350294565,303.3595105813045,0.0,0.0,62.39593595454709,68.56247232655953,187.95849920801288,96.5529911050283,53.0,5.0,3.0,mixed,
2026-01-05 08:48:00,71.315729746238,70.87160783584945,68.24253858219558,301.7766198552768,0.0,0.0,64.50228676668948,68.94545915837794,207.96537181095235,88.4473715029587,54.0,3.0,3.0,mixed,
2026-01-05 08:49:00,70.26305747807439,69.62537212630453,68.13429498305952,292.95448708576674,0.0,0.0,63.54839172379961,69.28438093460804,184.19502044764653,86.5291562457513,55.0,5.0,3.0,mixed,
2026-01-05 08:50:00,70.52764127435083,70.42050858698647,67.73002028680943,301.5592565848403,0.0,0.0,62.17371216916987,72.33412695910133,205.12327668657505,103.63709320337021,56.0,3.0,3.0,mixed,
2026-01-05 08:51:00,68.03091924151146,68.83980064225975,67.54203753724717,285.1162006525043,0.0,0.0,60.60680175112538,71.99115308803906,184.75759860086848,106.12092428326035,57.0,4.0,3.0,mixed,
2026-01-05 08:52:00,70.72029029806743,71.09044243172754,67.77360784537761,297.7178216541172,0.0,0.0,58.04035864789124,73.34707798399961,194.27949540031452,106.00581875196681,58.0,3.0,3.0,mixed,
2026-01-05 08:53:00,72.91917780262726,68.1117205387361,67.5659482777874,313.1239964531932,0.0,0.0,64.39304578591182,76.01875837278618,220.004011685493,114.15283992674333,59.0,3.0,3.0,mixed,
2026-01-05 08:54:00,69.4652482510251,65.69483760659134,67.30897341456594,298.1453072973692,0.0,0.0,61.73253131154769,77.46558432970636,239.63399857810882,91.36915603045662,60.0,3.0,3.0,mixed,
2026-01-05 08:55:00,69.50516931991721,65.46803544774879,67.30526756882075,300.4018938154369,0.0,0.0,60.01086903922426,77.7886736701317,246.08085275035552,86.57419414113114,61.0,5.0,3.0,mixed,
2026-01-05 08:56:00,70.52071057470329,67.02962857171616,67.55294745435278,292.1805288557934,0.0,0.0,56.634517634010564,75.93446033563998,243.24397802652226,87.28772310200088,62.0,3.0,3.0,mixed,
2026-01-05 08:57:00,71.81135355664362,66.67535416063951,67.12814766638594,296.67153296449885,0.0,0.0,59.48982159751983,74.73183734191335,253.97567098400776,98.0502157958885,63.0,4.0,3.0,mixed,
2026-01-05 08:58:00,71.32883687438313,70.6852285608443,67.36786696231619,302.1419081099695,0.0,0.0,62.12115181179208,73.35581205269047,271.3430438388456,88.02654699352334,64.0,4.0,3.0,mixed,
2026-01-05 08:59:00,75.67211833322665,69.45889335285611,67.45573002722756,307.56502724868625,0.0,0.0,60.641478629500874,71.56453275450386,246.71432465978344,93.6384743779073,65.0,4.0,3.0,mixed,
2026-01-05 09:00:00,75.69914026109264,73.66997105783005,68.06635749579797,322.0516653008136,0.0,0.0,59.3149475540323,68.42128305335441,245.53680357577372,99.41978708722843,66.0,5.0,3.0,mixed,
2026-01-05 09:01:00,76.55658529640287,74.83865640322685,68.05373308147992,311.7554625679546,0.0,0.0,65.01205064239629,70.87116849198948,237.89164379218425,97.72939463657758,67.0,3.0,3.0,mixed,
2026-01-05 09:02:00,78.24034146547176,73.65115587005086,68.16306794765616,325.21002860562885,0.0,0.0,66.30467118633808,70.52334009869546,227.08276629959983,93.94673746097739,68.0,4.0,3.0,mixed,
2026-01-05 09:03:00,76.94341763137398,72.08789899587507,68.79985067892011,323.8618026810983,0.0,0.0,69.24253372952224,71.18590410317655,226.1753657612687,102.27471492387703,69.0,3.0,3.0,mixed,
2026-01-05 09:04:00,74.27483009294457,71.08906556271167,68.86080858421928,302.48466955095,0.0,0.0,67.15013121974837,70.14107339026697,228.93074291440777,98.41843994341014,70.0,4.0,3.0,mixed,
2026-01-05 09:05:00,78.13967482840275,67.29844968554545,69.33502587282622,324.4122681742805,0.0,0.0,66.97555356341041,68.90818527811737,244.63795297129712,83.54773560706771,71.0,4.0,3.0,mixed,
2026-01-05 09:06:00,79.97463309153395,71.04369169668969,68.77368555531991,328.3662617489701,0.0,0.0,60.79686828674905,66.64551501678727,239.92381468099438,91.31666857952077,72.0,3.0,3.0,mixed,
2026-01-05 09:07:00,77.36158480274754,72.73467421766972,68.95975991028503,325.05533384162527,0.0,0.0,58.74002694031848,62.96844301093972,240.47319964613757,87.75159108391425,73.0,2.0,3.0,mixed,
2026-01-05 09:08:00,75.79516703080662,71.5951400735456,69.0691505734163,313.5205298783415,0.0,0.0,57.70592867128502,66.55252144916557,229.94888617282177,86.98847583282297,74.0,2.0,3.0,mixed,
2026-01-05 09:09:00,80.3392795075351,70.2292746879719,69.26382430408214,337.15459549835043,0.0,0.0,58.505394872380585,68.90833991846965,222.5062359709467,87.58845731142277,75.0,5.0,3.0,mixed,
2026-01-05 09:10:00,77.60715799232898,71.90405265379509,69.59595131347082,330.3150192169541,0.0,0.0,59.02359220669022,72.96761205896696,209.13821293195213,96.74125285474726,76.0,5.0,3.0,mixed,
2026-01-05 09:11:00,75.15496752228633,74.1870074835947,69.57035469714442,311.9965025750079,0.0,0.0,59.24057791926689,73.38895116794346,199.23737358045742,112.18103695889752,77.0,4.0,3.0,mixed,
2026-01-05 09:12:00,73.44143213410484,75.7793366031874,69.7514577120375,310.36647105630163,0.0,0.0,63.015752894082155,71.37369818993189,198.37722433095257,99.56415419908461,78.0,4.0,3.0,mixed,
2026-01-05 09:13:00,71.94720389276866,71.95334104306465,69.9420075710636,309.5522823378736,0.0,0.0,60.63599444583018,73.8724705413921,201.9375951185383,113.71742991796795,79.0,5.0,3.0,mixed,
2026-01-05 09:14:00,66.9785601133907,71.80588536189937,69.48736010603771,285.5878358751468,0.0,0.0,55.411796413108036,73.31695943065823,200.9840336524877,99.45008764672576,80.0,5.0,3.0,mixed,
2026-01-05 09:15:00,69.3214150790006,71.45083944431839,69.0773845308916,290.3220774871079,0.0,0.0,59.26411361368183,72.4477801871457,204.27683702576076,87.6391457360154,81.0,3.0,3.0,mixed,
2026-01-05 09:16:00,71.88859124657783,71.29563704161917,68.66322325071619,308.36263765445574,0.0,0.0,59.79625349424153,73.81512200688493,193.564288333414,91.6742537283433,82.0,4.0,3.0,mixed,
2026-01-05 09:17:00,74.60328476343874,71.211136260001,68.6795177542014,310.82596217154236,0.0,0.0,61.61929009965957,72.06802922366828,191.7644656554869,96.26742829033802,83.0,3.0,3.0,mixed,
2026-01-05 09:18:00,74.62022555685543,68.27273032643573,68.9241444187224,319.4487336621323,0.0,0.0,56.61411098813594,69.66032414228216,212.21669750387008,76.29000717120087,84.0,3.0,3.0,mixed,
2026-01-05 09:19:00,77.11304231023081,70.3173431287728,69.06721434849413,322.11770025050123,0.0,0.0,51.68201151533731,73.01115542062703,206.8985140136716,64.28199713998616,85.0,3.0,3.0,mixed,
2026-01-05 09:20:00,73.99664471031504,71.37424667900115,69.12685808455078,314.12616245500186,0.0,0.0,51.65665399313039,72.09531039923569,182.4290348966547,78.57988889516565,86.0,3.0,3.0,mixed,
2026-01-05 09:21:00,79.2503710962168,74.00611883713738,68.99237505058667,323.86641281134087,0.0,0.0,52.96708942465216,70.17699577173538,196.2595677388299,87.40890571895386,87.0,8.0,3.0,mixed,
2026-01-05 09:22:00,80.88445695712616,73.80715472310212,69.12254954842867,333.72488938973527,0.0,0.0,53.56647967038939,68.224238278181,176.37502481529737,78.76199126619034,88.0,5.0,3.0,mixed,
2026-01-05 09:23:00,80.49878241406243,70.89645240863356,69.66804225901605,333.976588827392,0.0,0.0,57.352212738062455,66.27216317930443,192.57080381469774,71.32650493705098,89.0,6.0,3.0,mixed,
2026-01-05 09:24:00,72.50389873063989,73.36820700779965,69.34134136429542,302.46048224861687,0.0,0.0,52.62247695471085,67.47101675804755,183.77735194194904,62.52653266964622,90.0,5.0,3.0,mixed,
2026-01-05 09:25:00,75.62737009361273,75.06756466958127,69.54642847706157,310.8227171562783,0.0,0.0,54.21885269960755,67.52939903806282,164.5736094786763,82.59363500405959,91.0,3.0,3.0,mixed,
2026-01-05 09:26:00,73.16866237290665,74.50563023306962,69.67474669595933,303.7742647668627,0.0,0.0,55.12123983681633,68.78733633991513,168.58107023585484,77.29059104113743,92.0,3.0,3.0,mixed,
2026-01-05 09:27:00,71.89356162579332,73.2286303925577,69.38172889665424,304.4967676416712,0.0,0.0,58.337498768438124,72.79140905491134,166.21947745899138,73.21250815131654,93.0,2.0,3.0,mixed,
2026-01-05 09:28:00,71.31811775236017,73.42041721503314,69.39321235211716,315.25248066525955,0.0,0.0,54.85850466173715,75.91138709636039,155.16075565456896,64.66858120349599,94.0,3.0,3.0,mixed,
2026-01-05 09:29:00,67.6052292364272,70.91723047627517,69.16515322768761,290.83048609897844,0.0,0.0,56.434433136524454,77.72288949783254,175.724995032764,62.18440114735102,95.0,5.0,3.0,mixed,
2026-01-05 09:30:00,71.01873639129076,73.4228573452451,69.03377153215072,292.75471711919596,0.0,0.0,56.89720922389596,78.14191393924509,202.35186168914797,87.60693126047022,96.0,4.0,3.0,mixed,
2026-01-05 09:31:00,73.95093986567323,72.47802799536363,68.50279467134673,305.8483975011301,0.0,0.0,54.529113321605344,77.59213330625043,214.28872158526116,74.338624951062,97.0,6.0,3.0,mixed,
2026-01-05 09:32:00,76.15203296452975,72.11151703727117,68.85499826763409,319.6463688509358,0.0,0.0,49.42932567914982,77.57470598449106,239.60376819845854,72.99912012229208,98.0,4.0,3.0,mixed,
2026-01-05 09:33:00,74.25279897153418,74.49303759022692,68.62333087128292,302.7418019021496,0.0,0.0,52.66216134286632,74.17654050289713,213.3946104155802,91.82642418099681,99.0,5.0,3.0,mixed,
2026-01-05 09:34:00,75.02959556806883,77.167883820648,68.90058925262899,312.8233648490052,0.0,0.0,59.08273193281316,73.12558291230465,192.41689060027664,93.01907731220012,100.0,3.0,3.0,mixed,
2026-01-05 09:35:00,76.9942220349838,73.63799605324077,69.09389517984279,318.47580466344175,0.0,0.0,53.72622150545637,76.53540740689691,185.33120492825623,81.71185494989263,101.0,8.0,3.0,mixed,
2026-01-05 09:36:00,70.96757954652803,69.02464235666157,69.10003574904563,303.600886899759,0.0,0.0,54.28370748467628,74.93483093909734,178.30795121439917,89.12761633923895,102.0,3.0,3.0,mixed,
2026-01-05 09:37:00,73.53126431825085,68.36994815209698,69.19199539104177,310.28536942737935,0.0,0.0,53.450442819137535,79.36728920018096,201.386305553905,94.84947392321924,103.0,3.0,3.0,mixed,
2026-01-05 09:38:00,76.25357444454593,69.18190897389947,69.29163691166622,317.81216855364215,0.0,0.0,49.512264619461696,77.1523500335007,226.5434536917297,101.91572160493224,104.0,3.0,3.0,mixed,
2026-01-05 09:39:00,79.0470162365491,68.78792139002442,69.09050040263985,329.325629018815,0.0,0.0,48.531599046262656,76.71560174456417,257.2590291061883,111.23837310871866,105.0,2.0,3.0,mixed,
2026-01-05 09:40:00,78.64219761235823,70.7703778073509,69.34402482486067,326.49065396475834,0.0,0.0,48.634599955270474,72.63958350396344,237.81533947545054,93.8192110602376,106.0,4.0,3.0,mixed,
2026-01-05 09:41:00,75.9096855703854,67.54563373421011,69.74544948689928,314.46503615879783,0.0,0.0,48.290198131413966,70.67096242803368,231.82463812294287,86.64244242473984,107.0,4.0,3.0,mixed,
2026-01-05 09:42:00,69.4167678098582,68.76832357743747,69.06011130784978,293.62916757060293,0.0,0.0,44.658608501596774,69.1843329570936,239.78526733135357,83.53929897067346,108.0,5.0,3.0,mixed,
2026-01-05 09:43:00,71.23467253914119,70.42006940277126,68.96481006441597,294.96569669515185,0.0,0.0,50.78877945229901,70.17762607542501,252.83553087343486,95.31361472194689,109.0,4.0,3.0,mixed,
2026-01-05 09:44:00,67.39253526107112,70.8560800225474,68.90513177812137,299.80129350463034,0.0,0.0,49.08562671070239,71.31517008029306,238.35108061776464,98.2788201472475,110.0,5.0,3.0,mixed,
2026-01-05 09:45:00,73.88747750306436,74.49811717070233,68.7197521258454,302.17580329243475,0.0,0.0,50.11160731319591,72.80921114426874,243.67388285902842,96.94462063282984,111.0,2.0,3.0,mixed,
2026-01-05 09:46:00,74.5297657604716,71.48918248309079,68.65457383434038,313.94652083479184,0.0,0.0,54.16906788110709,75.03168658856481,234.79998416585116,106.2313658590317,112.0,3.0,3.0,mixed,
2026-01-05 09:47:00,68.66084982202266,72.46166634088945,68.43476924602373,290.37924139097635,0.0,0.0,52.29280943796296,72.6395433839749,232.9933914065205,103.74084332129539,113.0,5.0,3.0,mixed,
2026-01-05 09:48:00,0.0,7.816641205818444,64.76268968802047,61.22213894397426,0.0,0.0,0.0,22.27959400661269,0.0,0.0,0.0,3.0,0.0,idle,
2026-01-05 09:49:00,0.0,8.826241440051101,61.78804227637302,64.84833097133912,0.0,0.0,0.0,20.627635340763128,0.0,0.0,0.0,1.0,0.0,idle,
2026-01-05 09:50:00,0.0,8.283929109372172,58.87571048094451,64.66889631761826,0.0,0.0,0.0,21.12091148357347,0.0,4.1385815086417335,0.0,0.0,0.0,idle,
2026-01-05 09:51:00,0.0,8.509702887806192,56.49451600429755,56.058192181629266,0.0,0.0,0.0,17.81022765240844,0.0,0.0,0.0,4.0,0.0,idle,
2026-01-05 09:52:00,0.7252977836336494,8.268176132404506,54.04031335138712,65.82263185164305,0.0,0.0,0.5565653455370736,19.779561034338776,0.0,0.0,0.0,1.0,0.0,idle,
2026-01-05 09:53:00,0.0,8.777817368733686,51.95071747170175,62.39465039606512,0.0,0.0,1.118821836427892,20.297772472347653,0.0,19.165954306990386,0.0,3.0,0.0,idle,
2026-01-05 09:54:00,0.15550175176358216,9.6551367373111,50.72592036344172,60.02218829571318,0.0,0.0,3.7449466328121805,21.85978452968461,4.87241601524099,0.0,0.0,1.0,0.0,idle,
2026-01-05 09:55:00,0.0,9.974893938640658,49.03733177527357,63.86116475842428,0.0,0.0,3.7973837951992158,26.115405246499915,11.582024103083222,0.0,0.0,3.0,0.0,idle,
2026-01-05 09:56:00,0.0,11.23618215498416,47.61781878789405,62.55912519818404,0.0,0.0,6.689794764331481,25.249563300780952,0.0,0.0,0.0,1.0,0.0,idle,
2026-01-05 09:57:00,0.0,12.366028237670042,46.801380581208406,68.92183990416838,0.0,0.0,4.294016873189488,24.847972415193826,0.0,0.0,0.0,2.0,0.0,idle,
2026-01-05 09:58:00,0.0,13.27626114693831,45.06578333882514,59.086603339566736,0.0,0.0,8.82568548163111,25.202968025090282,0.0,0.0,0.0,1.0,0.0,idle,
2026-01-05 09:59:00,0.0,15.149152548530687,44.49674425121668,54.395156869285174,0.0,0.0,9.082001978432414,23.890248747989844,0.0,0.0,0.0,1.0,0.0,idle,
2026-01-05 10:00:00,0.0,12.86751148609125,44.3604480770172,63.891912016862136,0.0,0.0,8.476935638099027,23.616727107937432,0.0,0.0,0.0,2.0,0.0,idle,
2026-01-05 10:01:00,0.0,11.165171421488646,42.93291889974538,58.729200818123225,0.0,0.0,8.597364967909032,22.076833871518005,0.0,0.0,0.0,4.0,0.0,idle,
2026-01-05 10:02:00,0.0,13.11006450446954,42.2031970652704,53.58288877795641,0.0,0.0,4.4517362846994795,21.94158982782952,0.0,0.0,0.0,1.0,0.0,idle,
2026-01-05 10:03:00,0.0,12.799680980971564,41.46901760161823,55.71401558150373,0.0,0.0,6.894008348907688,21.54317010964381,0.0,0.0,0.0,4.0,0.0,idle,
2026-01-05 10:04:00,0.0,13.102309771978604,40.905011072651874,56.247640895437456,0.0,0.0,4.782388990126282,20.20406036472528,0.0,0.0,0.0,2.0,0.0,idle,
2026-01-05 10:05:00,0.0,11.489947690476306,40.703425260345824,59.445887149533355,0.0,0.0,7.743755014704884,24.757020142918623,0.0,0.0,0.0,2.0,0.0,idle,
2026-01-05 10:06:00,0.0,7.339614278455523,40.56737836813098,60.68164947301462,0.0,0.0,4.920223141331317,22.604744608638946,2.1259531342443694,0.0,0.0,1.0,0.0,idle,
2026-01-05 10:07:00,0.0,7.313506826582479,39.85927978587899,50.286378559271554,0.0,0.0,2.2562406478920467,24.48825552033829,1.4827993872761334,0.0,0.0,0.0,0.0,idle,
2026-01-05 10:08:00,0.0,4.828806863250827,39.759211428809955,63.0982095506503,0.0,0.0,5.070147353721995,27.18017486792655,0.0,0.0,0.0,2.0,0.0,idle,
2026-01-05 10:09:00,0.0,9.476294265776337,39.87238017557485,66.84143698076339,0.0,0.0,5.755645883894181,28.49294726396481,5.6517882395601635,0.0,0.0,1.0,0.0,idle,
2026-01-05 10:10:00,0.0,10.277505511158383,39.661521949484566,59.87935888683961,0.0,0.0,5.882058412652998,24.754967034843645,0.0,8.894029971757103,0.0,1.0,0.0,idle,
2026-01-05 10:11:00,0.0,8.064763193917859,39.28294406070197,57.83032419626157,0.0,0.0,10.200776052105184,22.807221514498565,5.889465871539455,19.811294267623246,0.0,3.0,0.0,idle,
2026-01-05 10:12:00,0.0,10.049200148468962,38.85616689973238,59.33018063656941,0.0,0.0,11.329078074598254,22.940524347760313,23.006536012800808,30.48543875926987,0.0,1.0,0.0,idle,
2026-01-05 10:13:00,0.0,8.708876021356883,38.56060351793767,61.15197318607318,0.0,0.0,9.903867763975075,21.999885074528116,28.77465413674161,22.42645384599001,0.0,1.0,0.0,idle,
2026-01-05 10:14:00,0.0,5.0054950830986025,38.8314187323241,70.90515851696838,0.0,0.0,8.424370981842603,24.9955116869189,23.966245819467737,27.60800598405998,0.0,2.0,0.0,idle,
2026-01-05 10:15:00,0.0,5.564628367274691,38.67707494185065,57.87169158737278,0.0,0.0,8.793740158821176,22.887464706840348,26.940164612129394,37.88202923256376,0.0,0.0,0.0,idle,
2026-01-05 10:16:00,0.0,4.7935924189607135,38.38491329734108,63.77775760116512,0.0,0.0,5.3413427910551725,25.66325484070365,7.923296475252167,34.0930190462842,0.0,4.0,0.0,idle,
2026-01-05 10:17:00,0.0,2.757776639969183,38.563398894971066,62.55673838518195,0.0,0.0,5.733472265877648,26.987132296405193,0.0,15.59256649942517,0.0,1.0,0.0,idle,
2026-01-05 10:18:00,6.658882555565555,27.4982561914697,39.14096041615785,90.01801293278969,0.0,0.0,48.076565588748956,51.872561744285676,486.4721691647514,31.03523901037127,0.0,3.0,3.0,network_bound,
2026-01-05 10:19:00,9.901041875880725,33.12748907846722,39.1163497887713,88.26943202595751,0.0,0.0,42.96939349659147,52.611262934265746,483.3648893512958,37.36163205898434,1.0,3.0,3.0,network_bound,
2026-01-05 10:20:00,10.356444350114893,30.99537972977128,39.321081857516326,93.97353537086836,0.0,0.0,38.4251627199469,53.014440167808004,505.99696111323965,28.366191519244943,2.0,8.0,3.0,network_bound,
2026-01-05 10:21:00,14.41924553785227,31.210096645037652,40.24538543844068,112.1332572051941,0.0,0.0,38.7552649931907,51.16802342105802,486.6318272615287,30.03334264606014,3.0,4.0,3.0,network_bound,
2026-01-05 10:22:00,14.939806087214443,32.1537646535029,40.76654611236566,113.98671582021773,0.0,0.0,42.98521863378066,53.39852387607701,499.1981248640881,7.972700720523736,4.0,4.0,3.0,network_bound,
2026-01-05 10:23:00,15.456602000377277,32.48309302463006,41.88528515112983,129.49449746474784,0.0,0.0,38.30942839374522,52.839237699029354,500.92693554328065,25.908124664933755,5.0,4.0,3.0,network_bound,
2026-01-05 10:24:00,18.230294775069424,30.595828385761802,42.199690870350274,114.74778701328964,0.0,0.0,38.8644668562426,52.19354119065602,495.16625684261476,22.711233867404818,6.0,6.0,3.0,network_bound,
2026-01-05 10:25:00,18.06736375812287,32.685667601153874,42.68926788365848,125.29458900525582,0.0,0.0,38.11898581293691,51.34095237483417,497.45028997857037,25.061299705408246,7.0,2.0,3.0,network_bound,
2026-01-05 10:26:00,19.490738973517388,35.727896538566014,42.75804187565808,130.0928131282764,0.0,0.0,33.85128997987704,49.79482026487618,526.3395498346523,19.155170209851555,8.0,4.0,3.0,network_bound,
2026-01-05 10:27:00,22.23339400871246,36.4650017514803,43.00949462110833,132.12022109578717,0.0,0.0,36.21849484201126,48.39473964577517,548.8751818296225,26.06684167749897,9.0,8.0,3.0,network_bound,
2026-01-05 10:28:00,17.21049188128925,36.47462546946954,43.53403795935282,120.64940044127266,0.0,0.0,38.590534191203396,49.569341578652384,561.6769167441514,27.99571486820261,10.0,7.0,3.0,network_bound,
2026-01-05 10:29:00,20.342738746254703,36.2885580135885,44.048093032453465,124.77009006780324,0.0,0.0,34.67816181591813,48.812856929752265,558.9535785161721,25.82796338077118,11.0,2.0,3.0,network_bound,
2026-01-05 10:30:00,18.1860379174809,36.618808854777804,44.46524378675795,124.41758615424048,0.0,0.0,33.28248814625604,50.80806220165552,565.8619279165008,26.034018667107283,12.0,2.0,3.0,network_bound,
2026-01-05 10:31:00,19.767632677522265,36.34611117361833,44.414476117260335,129.7084770687687,0.0,0.0,32.73273334222407,47.73889760018801,536.5667845799699,3.6916165206795206,13.0,6.0,3.0,network_bound,
2026-01-05 10:32:00,22.052014184824316,38.00581833889233,44.740013250230376,128.71766877526986,0.0,0.0,33.02642703636066,46.37552637489294,516.1410887656282,3.8739237905842003,14.0,4.0,3.0,network_bound,
2026-01-05 10:33:00,23.57792111783521,36.72764672743533,45.3132154256844,133.37744254615043,0.0,0.0,28.238360141498504,47.678066586031235,520.5973297706582,0.0,15.0,3.0,3.0,network_bound,
2026-01-05 10:34:00,28.006782874931872,41.20716225148171,45.612469358623976,157.77971008374993,0.0,0.0,33.8576513160263,49.45738208649252,527.4349188599535,0.0,16.0,5.0,3.0,network_bound,
2026-01-05 10:35:00,24.797669752198956,40.32373746805741,46.07754303230726,148.18667063047386,0.0,0.0,28.618479037164512,46.6695135535486,528.2017767519992,3.6481664910147487,17.0,5.0,3.0,network_bound,
2026-01-05 10:36:00,26.07964899452096,38.06450671514928,46.845653376379865,144.9073154042354,0.0,0.0,30.371806175737564,48.03675391437114,554.7777246380864,0.4535050489789292,18.0,4.0,3.0,network_bound,
2026-01-05 10:37:00,23.166380324787283,40.18124167530158,47.061849833672476,142.10389177853833,0.0,0.0,29.891085303142304,46.748265752369306,578.9074529644613,2.27749072284767,19.0,3.0,3.0,network_bound,
2026-01-05 10:38:00,19.880946487484668,39.17861055754482,46.86339867565082,129.64984477428686,0.0,0.0,31.18605290803553,45.81229550791698,577.7835673730625,5.294769796723244,20.0,5.0,3.0,network_bound,
2026-01-05 10:39:00,19.136584662853277,40.55407203209706,46.96379594661702,117.0065926813537,0.0,0.0,35.64937156190126,44.9918154256661,549.1511948931106,5.674640740065673,21.0,5.0,3.0,network_bound,
2026-01-05 10:40:00,20.123581115596718,39.52423855007048,46.84564849441971,123.96569862124387,0.0,0.0,37.95047396023554,47.27846461331152,534.951043821182,15.028651585760079,22.0,5.0,3.0,network_bound,
2026-01-05 10:41:00,21.285474564388547,38.99501196781153,46.723379039452894,137.8646649962334,0.0,0.0,33.95075103394421,45.27544336204773,577.8033132287819,22.286511289142847,23.0,4.0,3.0,network_bound,
2026-01-05 10:42:00,19.673548515555577,37.35915735861391,46.38917221928967,122.86027332513346,0.0,0.0,34.83336912614536,47.169824705988056,565.1595335093098,25.407865801535415,24.0,3.0,3.0,network_bound,
2026-01-05 10:43:00,20.268152199141728,36.9398589698218,45.9973321453463,128.71889000816026,0.0,0.0,33.07452209295081,45.52216870975827,558.1668490977233,46.55300829788001,25.0,2.0,3.0,network_bound,
2026-01-05 10:44:00,17.65246280487306,40.41100687526355,45.89707359940618,116.14571882878774,0.0,0.0,38.55419687504981,48.86281444230558,534.8136334082105,45.22912490150003,26.0,3.0,3.0,network_bound,
2026-01-05 10:45:00,16.444868852286742,39.55531234584799,45.83466836874639,119.45771502888154,0.0,0.0,36.96240100014669,46.12229358109904,524.0901402703504,25.62728747262885,27.0,5.0,3.0,network_bound,
2026-01-05 10:46:00,19.564816635022567,38.999273363583185,45.86642352672983,130.42241088892533,0.0,0.0,41.16341486628931,47.93578414822047,536.018087457122,37.2810834030272,28.0,5.0,3.0,network_bound,
2026-01-05 10:47:00,22.1449003188867,38.46835303326192,45.584558133965324,128.27702729874127,0.0,0.0,41.23171106653835,42.93940910098594,544.7944359233474,42.69794635945437,29.0,2.0,3.0,network_bound,
2026-01-05 10:48:00,21.689729921950082,42.280774748634464,45.24762036814074,133.8806852535152,0.0,0.0,39.32821031525633,40.870623962403144,534.0617528989012,39.268004780575964,30.0,4.0,3.0,network_bound,
2026-01-05 10:49:00,21.923985622186585,41.12568790378471,45.405977357790974,139.72849791626027,0.0,0.0,38.666242892041936,41.42167961750085,516.8686704476974,33.43122220828331,31.0,4.0,3.0,network_bound,
2026-01-05 10:50:00,17.680389217909703,44.476453769708755,45.49090039154821,115.33976759729987,0.0,0.0,35.75275836801568,38.68579691370482,526.8469186876557,44.839576131870366,32.0,4.0,3.0,network_bound,
2026-01-05 10:51:00,15.165497346729708,41.36750324166301,45.05784921512546,112.72363012521194,0.0,0.0,37.9252215007477,41.164161809470514,508.60771680004444,65.50990453057332,33.0,4.0,3.0,network_bound,
2026-01-05 10:52:00,17.90153354337585,42.15248914468374,45.33442773520394,130.33536999429683,0.0,0.0,38.337067043483216,38.9274260346804,507.4209985109621,63.176991889832024,34.0,4.0,3.0,network_bound,
2026-01-05 10:53:00,19.946259110835953,40.78288382705557,45.79862586780522,123.1821632850245,0.0,0.0,41.961487375857544,40.6188908935934,477.523434483848,64.66470329229483,35.0,4.0,3.0,network_bound,
2026-01-05 10:54:00,20.103635702282382,40.78185312199213,46.151968304242516,135.87415901173554,0.0,0.0,42.61597307623372,42.00020915983537,493.36717052715306,61.33651614509912,36.0,2.0,3.0,network_bound,
2026-01-05 10:55:00,19.64779618757856,40.52484331300248,45.81865833982361,125.82484759044334,0.0,0.0,46.56748431675729,42.82185250421473,480.00506634615243,58.170867455471694,37.0,3.0,3.0,network_bound,
2026-01-05 10:56:00,20.3708470925629,36.15443897139503,45.65936611793384,122.10170316075595,0.0,0.0,50.55649214955457,41.4741772168393,509.4908685553181,44.89708619897977,38.0,3.0,3.0,network_bound,
2026-01-05 10:57:00,20.86385797311826,37.91027743318057,46.039277620992635,133.7367440008616,0.0,0.0,50.964721448620466,41.755089784647595,520.6351706053958,29.746868864305892,39.0,3.0,3.0,network_bound,
2026-01-05 10:58:00,20.339245314174978,35.04263474451693,45.90436489197813,123.87271201556241,0.0,0.0,52.25402807378843,43.88234600359186,494.33674103433617,19.823194421176595,40.0,4.0,3.0,network_bound,
2026-01-05 10:59:00,19.394002845209986,39.435997271996996,45.50813248782292,115.67761566286828,0.0,0.0,45.40410186488068,44.8589192475605,494.03050008992983,18.592151945758378,41.0,7.0,3.0,network_bound,
2026-01-05 11:00:00,23.896194239919954,39.8253174183313,46.16678971943719,136.86942667757364,0.0,0.0,42.019252841390305,43.939231137521794,507.6345024487183,17.30845223425417,42.0,5.0,3.0,network_bound,
2026-01-05 11:01:00,26.566682104200034,39.026518765211506,46.2211614842807,142.1767447449267,0.0,0.0,41.36385999138675,41.83096970377955,485.44612550034077,1.4684926930428546,43.0,5.0,3.0,network_bound,
2026-01-05 11:02:00,28.18363270979309,38.43977741696741,46.392400773758396,154.28038207882065,0.0,0.0,40.17411045663332,42.40051213736936,494.95136878402064,0.0,44.0,5.0,3.0,network_bound,
2026-01-05 11:03:00,25.85747469258684,37.11249674999951,46.472252398668665,143.12773024876046,0.0,0.0,38.840147792060016,44.76697346541696,493.74125536014867,21.10826306230964,45.0,3.0,3.0,network_bound,
2026-01-05 11:04:00,26.085227762698235,39.253904634688226,45.88944643720794,150.87602517424054,0.0,0.0,43.98942897352598,45.367673076944726,465.0395870232966,30.509397750830466,46.0,7.0,3.0,network_bound,
2026-01-05 11:05:00,28.63387826477299,37.32590192366489,46.6755060148378,152.8731467698635,0.0,0.0,34.90476352092876,45.81470857806977,494.1294989720949,12.317484469333431,47.0,3.0,3.0,network_bound,
2026-01-05 11:06:00,28.93749656219383,35.60019586340351,46.84877547534024,158.06822174099648,0.0,0.0,32.34683879030334,46.56299465131619,492.90217422454214,29.949189180309865,48.0,4.0,3.0,network_bound,
2026-01-05 11:07:00,30.332151353718192,36.81409551739983,47.13427492218396,169.65104714387311,0.0,0.0,30.672739370486305,45.501899035939964,491.8237783018067,30.37342476155452,49.0,3.0,3.0,network_bound,
2026-01-05 11:08:00,26.296826913910635,35.394938065263275,47.59484210447905,149.7700861688938,0.0,0.0,31.60906292983188,47.08267622606467,509.61412139333254,18.309142971948383,50.0,5.0,3.0,network_bound,
2026-01-05 11:09:00,22.418400220703294,34.66285544708601,47.539527367741535,145.6834432532525,0.0,0.0,31.010059839646257,44.84061345047593,509.501266784899,24.91306824504791,51.0,3.0,3.0,network_bound,
2026-01-05 11:10:00,25.088260475316112,38.173921639780936,47.3511925707749,148.62161675124366,0.0,0.0,33.281565693530155,46.6764141474073,514.983529743163,27.077884717368566,52.0,8.0,3.0,network_bound,
2026-01-05 11:11:00,24.677813364408625,38.574667055410295,47.45161806516098,141.07189889534257,0.0,0.0,33.06731244847064,47.14929662152761,512.9773543109252,30.296799366584793,53.0,2.0,3.0,network_bound,
2026-01-05 11:12:00,23.73355946352159,38.99123838053374,47.70838126442217,149.65148915731066,0.0,0.0,35.639033342002854,51.15474700702458,503.59835102499375,23.029898315141676,54.0,2.0,3.0,network_bound,
2026-01-05 11:13:00,25.58796371609231,39.24813003698911,47.84812167160911,152.00126378716374,0.0,0.0,35.24554990768275,49.039077574021604,492.73172895226077,26.421112413357214,55.0,6.0,3.0,network_bound,
2026-01-05 11:14:00,27.232901640111194,39.574781694806404,47.994912070342195,153.6474688713869,0.0,0.0,33.106342276153754,48.20902994377866,464.40793086533654,36.03971846388638,56.0,3.0,3.0,network_bound,
2026-01-05 11:15:00,28.601427896775533,39.799347796149824,48.32615745188967,157.06626365050897,0.0,0.0,33.07552397776183,46.87127361348897,467.919363781925,37.70073136779504,57.0,5.0,3.0,network_bound,
2026-01-05 11:16:00,25.141180304914947,39.84400127335677,48.35931942154276,140.65844221465704,0.0,0.0,31.643429752319648,45.937756048739686,459.29868570837675,35.019222825897614,58.0,5.0,3.0,network_bound,
2026-01-05 11:17:00,22.741123747238852,40.835626457288136,48.150105109115756,138.9094191701296,0.0,0.0,31.063964673977416,45.819429040875995,479.17547218623264,33.63900216885931,59.0,3.0,3.0,network_bound,
2026-01-05 11:18:00,20.413743445141456,42.30908194897958,47.83294666380168,127.8109370552489,0.0,0.0,33.27181821283675,45.27859857382468,464.19500797875077,35.81084458973338,60.0,5.0,3.0,network_bound,
2026-01-05 11:19:00,22.134597222098815,40.174955358628246,47.892954228275684,139.0478997220515,0.0,0.0,32.92442504710409,46.637154216759576,476.95101647043265,29.406699783520782,61.0,4.0,3.0,network_bound,
2026-01-05 11:20:00,19.476566731622427,38.25917758207024,47.64683178950352,132.13295205682078,0.0,0.0,32.761237894551954,43.429065139314616,483.8701357202551,20.276301544841534,62.0,4.0,3.0,network_bound,
2026-01-05 11:21:00,23.64212173172852,39.888357552260786,47.66024060983449,134.3443820587559,0.0,0.0,33.21031808991464,40.812948128644535,486.13761870465174,29.088472320161166,63.0,3.0,3.0,network_bound,
2026-01-05 11:22:00,25.421813384428305,41.022154874538685,47.72478556721983,148.16037929696938,0.0,0.0,33.42743686726844,46.74985572964622,498.9440743547366,25.212584674523406,64.0,3.0,3.0,network_bound,
2026-01-05 11:23:00,25.796747977170668,41.926934840921305,47.77847196312792,148.53365344599092,0.0,0.0,32.21887648884067,46.65790245938748,492.4105200635571,0.0,65.0,4.0,3.0,network_bound,
2026-01-05 11:24:00,32.189071579901025,40.15510214497615,48.111385946890856,165.04079232317312,0.0,0.0,33.631604733301785,47.71451012616679,495.0937889075008,2.620122760441763,66.0,6.0,3.0,network_bound,
2026-01-05 11:25:00,33.47716031682023,36.45056947350727,48.661588315208654,185.20906266300864,0.0,0.0,35.09339018569934,47.64601680122928,533.0682649020944,0.8693144245591498,67.0,6.0,3.0,network_bound,
2026-01-05 11:26:00,30.06864700667212,39.771179064117256,48.97967192304991,154.7563768898078,0.0,0.0,40.35601501278646,46.8459641606742,516.4424223890247,12.21054671618859,68.0,3.0,3.0,network_bound,
2026-01-05 11:27:00,24.956513503673044,37.06251522807277,48.82578268691812,143.1335415243442,0.0,0.0,37.8034064732988,43.54842012079573,507.1414903401155,14.419139455045142,69.0,4.0,3.0,network_bound,
2026-01-05 11:28:00,27.853232209811377,39.91437449926412,48.515982976775845,153.91392350802934,0.0,0.0,41.17918009081198,42.38873562882849,513.177297487663,25.705305306637428,70.0,3.0,3.0,network_bound,
2026-01-05 11:29:00,23.13518922336621,36.27169983354645,48.36367257215435,137.14249263857226,0.0,0.0,34.96804783326328,43.30451352274524,505.1892370634324,41.28636391082148,71.0,3.0,3.0,network_bound,
2026-01-05 11:30:00,19.65249682522701,35.81779696219523,48.3845399182015,129.88658066835313,0.0,0.0,35.21711906704102,45.227463114672034,496.81666146563043,44.9638606038055,72.0,2.0,3.0,network_bound,
2026-01-05 11:31:00,19.071548381650317,34.245059340331835,48.161423725169264,119.16084942170268,0.0,0.0,35.7051050028354,48.36304340833195,506.6125037995552,60.483983567522195,73.0,3.0,3.0,network_bound,
2026-01-05 11:32:00,17.798111747022674,38.06319275735632,47.798003164728385,119.8539331472133,0.0,0.0,31.572277153028143,48.77733883938903,525.9650897214623,41.89513322944464,74.0,3.0,3.0,network_bound,
2026-01-05 11:33:00,19.494877324349588,40.74753665905245,47.25590572198311,124.75656894527059,0.0,0.0,32.96628978984309,51.15107383300349,526.7319130975907,45.669429204942084,75.0,5.0,3.0,network_bound,
2026-01-05 11:34:00,24.377875319810745,37.546381678464265,46.893904790597745,137.55685393187676,0.0,0.0,34.46706195953851,51.40617349361532,517.8228333772214,30.56613959401694,76.0,3.0,3.0,network_bound,
2026-01-05 11:35:00,26.89240303231704,39.13411136515179,46.9356810364062,143.7863447677752,0.0,0.0,32.517657026403796,49.66469394950268,513.7048684361355,33.27782713731057,77.0,7.0,3.0,network_bound,
2026-01-05 11:36:00,23.522295506672414,35.85211416933853,46.76761754630085,134.3273461832319,0.0,0.0,38.368277167160045,48.96446550801448,506.430675067014,24.32701382335661,78.0,5.0,3.0,network_bound,
2026-01-05 11:37:00,24.49339206143566,38.809605194033544,47.17393541815867,149.7862032330003,0.0,0.0,37.10878656457783,46.16360923126212,492.6258010885675,27.553176796233263,79.0,4.0,3.0,network_bound,
2026-01-05 11:38:00,24.51612178850326,36.34235961759452,46.94273606513642,135.93408886029562,0.0,0.0,36.11176311634475,46.74962928549558,492.1837179342526,22.58530584776317,80.0,3.0,3.0,network_bound,
2026-01-05 11:39:00,24.169342325939343,35.60721371915214,46.736248346646754,140.00471185928973,0.0,0.0,36.255503063398805,48.20933435755193,482.7460010015228,27.62762841754456,81.0,7.0,3.0,network_bound,
2026-01-05 11:40:00,21.46293363674477,34.21309660629709,46.098230748899724,118.12587844999818,0.0,0.0,33.02121874866071,49.850466156760874,497.52912000887045,44.859756961074424,82.0,4.0,3.0,network_bound,
2026-01-05 11:41:00,20.95818298334441,34.14961576032245,45.59317804605716,134.33799427071017,0.0,0.0,30.24200637039805,50.535851369399495,523.756692656961,30.267144482462555,83.0,5.0,3.0,network_bound,
2026-01-05 11:42:00,19.37884113487464,34.42317913416213,45.076620467138206,126.8316385776329,0.0,0.0,33.30796439944836,47.283027227660895,521.027578805297,51.0169292520612,84.0,4.0,3.0,network_bound,
2026-01-05 11:43:00,16.562592529734502,32.34070675287467,44.94669921523223,105.48883212126097,0.0,0.0,30.27329797563942,47.74824990223166,519.7724635138359,49.0243790869948,85.0,3.0,3.0,network_bound,
2026-01-05 11:44:00,15.387071525475783,28.792517789574926,44.52171188319695,110.28142989491452,0.0,0.0,34.47168296427003,44.087125698363785,553.0744308422926,44.11400252856378,86.0,2.0,3.0,network_bound,
2026-01-05 11:45:00,16.842599451962723,30.514397002447666,44.30273281482356,112.05887430761202,0.0,0.0,32.25833000972169,43.21966919590964,550.2642919523579,47.67826447347724,87.0,5.0,3.0,network_bound,
2026-01-05 11:46:00,16.049621632167526,30.828980082910448,44.458716261979355,120.77591728140104,0.0,0.0,31.73869908635192,46.38407712395548,545.4414263717592,28.96410440837527,88.0,2.0,3.0,network_bound,
2026-01-05 11:47:00,19.87551137211984,32.48005276307297,44.84109185063108,136.06384656211674,0.0,0.0,34.632829324669316,47.540831303453125,527.5439820609647,20.813189296994242,89.0,3.0,3.0,network_bound,
2026-01-05 11:48:00,18.42399292298469,32.64969424944934,44.799370975117895,126.73215632884727,0.0,0.0,42.91023313090998,43.38435978650157,543.5592154156142,25.365982451084246,90.0,2.0,3.0,network_bound,
2026-01-05 11:49:00,23.096356891900907,32.4370326320293,45.35962214084768,140.5534096477465,0.0,0.0,38.6942591624568,40.99652187016805,520.1499577331778,15.946332052336386,91.0,2.0,3.0,network_bound,
2026-01-05 11:50:00,23.0479632953672,30.712442479109672,45.446370149693855,136.0308340090508,0.0,0.0,33.189679872491666,44.9814593919876,518.6545999639525,9.408095520219952,92.0,4.0,3.0,network_bound,
2026-01-05 11:51:00,24.2353877048063,29.919886207212087,45.45838383022842,137.54800687096244,0.0,0.0,35.30603984194072,46.522342151825335,507.0718642917134,12.641081468364058,93.0,4.0,3.0,network_bound,
2026-01-05 11:52:00,21.113896533682574,32.823884488825904,45.45169466006843,130.00130156995615,0.0,0.0,41.81273072873576,48.04914956508353,532.7835658411065,5.689468105044984,94.0,4.0,3.0,network_bound,
2026-01-05 11:53:00,21.659978640983294,32.224635265860364,46.11496096490769,137.86127611765127,0.0,0.0,42.01214602988989,52.884399732800496,506.6790502214932,2.5906320979741793,95.0,5.0,3.0,network_bound,
2026-01-05 11:54:00,20.14471679905987,33.64345157743027,45.866790546398114,125.2163606251778,0.0,0.0,39.230145065469024,51.97070950065489,486.5402805658709,13.055332457996219,96.0,6.0,3.0,network_bound,
2026-01-05 11:55:00,20.171397532518704,32.93041507364583,45.761387169586705,134.64896599061228,0.0,0.0,39.610449406956825,50.527355123104,494.32635357457934,23.56249303869499,97.0,3.0,3.0,network_bound,
2026-01-05 11:56:00,20.021107635767436,32.41359887289738,45.48685800246621,131.5633051069924,0.0,0.0,44.76231097180098,51.06348012498625,493.8939579992889,26.17005926425368,98.0,4.0,3.0,network_bound,
2026-01-05 11:57:00,20.961048546880612,31.706985798510125,45.52578418306481,130.3162431224209,0.0,0.0,46.08604514798626,50.87590001555105,495.60490475123726,37.50462979009629,99.0,5.0,3.0,network_bound,
2026-01-05 11:58:00,23.391573391440446,34.61034768412383,45.27407969333689,125.67359557555626,0.0,0.0,46.04150049873825,48.559647737055485,513.1572469955239,42.676959892955594,100.0,5.0,3.0,network_bound,
2026-01-05 11:59:00,19.815150093414285,35.57080047702726,45.461950722672306,125.94748606764698,0.0,0.0,44.81309793729859,48.04344315037176,510.80550671554136,32.13852436836164,101.0,4.0,3.0,network_bound,
