timestamp,gpu_utilization,memory_utilization,gpu_temperature,power_consumption,ecc_errors,xid_errors,cpu_usage,ram_usage,network_throughput,disk_io,job_runtime,queue_length,active_processes,label,incident
2026-01-05 00:00:00,0.905804573784822,8.197510438551081,38.0,70.82584266594303,0.0,0.0,4.312454042205171,34.93428970463029,4.765506113456562,4.2518768074263065,0.0,1.0,0.0,idle,
2026-01-05 00:01:00,4.8300331786608375,11.711721961111952,37.811526594702784,75.44702838425755,0.0,0.0,6.345332727603956,36.53696184670945,0.0,0.0,0.0,2.0,0.0,idle,
2026-01-05 00:02:00,7.178381411596649,10.907662901695247,38.14383861980893,84.04990511394091,0.0,0.0,5.432853491380468,36.77700910271422,7.85723374763762,2.7286848423743257,0.0,2.0,0.0,idle,
2026-01-05 00:03:00,6.816606478907156,13.667483704673039,38.72094093693922,85.01406753883431,0.0,0.0,3.3193122772442476,36.20250574644464,10.943474755181981,9.097021459464948,0.0,2.0,0.0,idle,
2026-01-05 00:04:00,3.3237577842995862,14.62723581672045,38.78585660180297,68.38837847417585,0.0,0.0,0.0,34.9178583835724,10.117689027845016,2.4545642926889917,0.0,2.0,0.0,idle,
2026-01-05 00:05:00,4.0129507860105065,10.355716188948401,38.98935606442185,66.30581787005815,0.0,0.0,0.0,35.6080033850303,23.868230073603478,9.606250033767553,0.0,3.0,0.0,idle,
2026-01-05 00:06:00,3.1256428908956857,8.153895023070136,38.859866964135136,66.95024176847762,0.0,0.0,0.0,36.3178625124475,29.52960645980766,4.041805925866772,0.0,2.0,0.0,idle,
2026-01-05 00:07:00,4.49179545366128,7.110125326669267,38.890361724562545,80.83548246506683,0.0,0.0,0.0,35.621561380799164,30.6434791127558,6.395834041059953,0.0,2.0,0.0,idle,
2026-01-05 00:08:00,0.0,8.211517697776515,38.28733798338882,54.755505900677555,0.0,0.0,0.0,35.28786171853197,21.793631284522725,0.0,0.0,2.0,0.0,idle,
2026-01-05 00:09:00,1.888886687889877,8.091206451932011,38.19706556571881,73.7593628553033,0.0,0.0,0.0,35.40127555582069,43.09853424485652,0.0,0.0,4.0,0.0,idle,
2026-01-05 00:10:00,1.6607175041124602,8.859554063714242,37.92899111394901,69.59651939510456,0.0,0.0,0.0,32.7586856134245,21.518177050560922,0.0,0.0,0.0,0.0,idle,
2026-01-05 00:11:00,0.0,8.411149186680863,38.25872592912252,61.71543398207794,0.0,0.0,0.0,32.5233428055509,12.988260411741006,0.0,0.0,4.0,0.0,idle,
2026-01-05 00:12:00,0.0,8.249570765316312,38.0116985100888,59.12047708218577,0.0,0.0,0.0,33.6646774522962,21.158519301915383,0.494181296679006,0.0,3.0,0.0,idle,
2026-01-05 00:13:00,0.0,12.667687514016158,38.40348773997614,60.94942091739086,0.0,0.0,0.0,34.544341673563196,27.11985933472333,0.8942862065248858,0.0,1.0,0.0,idle,
2026-01-05 00:14:00,0.0,13.641839103448003,38.89868805851005,61.5202386769878,0.0,0.0,0.0,34.60450108015702,25.816571417684074,0.0,0.0,2.0,0.0,idle,
2026-01-05 00:15:00,0.0,16.79338179911629,38.64451856232444,66.48976695003134,0.0,0.0,0.0,36.322504150809245,60.13674622564188,0.0,0.0,1.0,0.0,idle,
2026-01-05 00:16:00,0.0,15.986966738411947,38.420056625735036,60.5788614255469,0.0,0.0,0.8219066226847964,36.637069816573366,61.43292863870116,0.0,0.0,3.0,0.0,idle,
2026-01-05 00:17:00,59.6534245535797,78.77923343611846,41.361079122564846,258.5393254319482,0.0,0.0,54.36199412396043,60.133013364363364,421.11719150514637,94.17230433862153,0.0,4.0,1.0,mixed,
2026-01-05 00:18:00,60.51997215778104,78.29424557159814,44.069320780975424,266.74467763819047,0.0,0.0,60.4975466714954,60.91091804981436,395.8582660664562,77.23866137411925,1.0,4.0,1.0,mixed,
2026-01-05 00:19:00,58.57877191419858,78.18127067534334,46.3586518307316,255.61215292374027,0.0,0.0,58.39792894742152,61.67081832157135,381.6310315860482,81.7316381253111,2.0,3.0,1.0,mixed,
2026-01-05 00:20:00,53.447838867530066,79.32762033250366,47.9969797190328,234.72500032515188,0.0,0.0,59.27412109594801,59.70559222276919,381.5558674219406,88.58687244613199,3.0,6.0,1.0,mixed,
2026-01-05 00:21:00,54.60235852461969,79.44602045968331,49.246866566617726,241.7741367398098,0.0,0.0,63.431724744088996,56.99532622637416,370.17672509849336,84.68122898926828,4.0,4.0,1.0,mixed,
2026-01-05 00:22:00,58.8920878763287,78.03379881996311,50.654326382973345,257.9915912981515,0.0,0.0,61.22930326416779,55.60727070238631,375.5987147353464,94.86695804705883,5.0,3.0,1.0,mixed,
2026-01-05 00:23:00,63.28720470105948,76.26045095971803,52.007494532205286,274.9759036662402,0.0,0.0,59.189730380649,56.66402224321766,366.0317472156831,100.17119865071686,6.0,2.0,1.0,mixed,
2026-01-05 00:24:00,63.5744425216261,75.1251025143395,53.55976130962061,276.6606053942065,0.0,0.0,60.419356872703695,59.63835955239409,373.9818792696983,102.94497674651866,7.0,3.0,1.0,mixed,
2026-01-05 00:25:00,56.54677964459531,75.00718708168351,54.78985703702609,247.68326684243985,0.0,0.0,59.05455582269275,57.9424050655888,351.0623976110802,116.90439670858615,8.0,3.0,1.0,mixed,
2026-01-05 00:26:00,60.70896949126217,76.67772046650718,56.08069542339903,272.9199020016371,1.0,0.0,66.81941817936827,59.99274476079658,332.10607889991337,119.30907195287227,9.0,3.0,1.0,mixed,
2026-01-05 00:27:00,60.55245384125352,77.12828807263382,57.323063458360615,268.1798628291038,0.0,0.0,71.19105180826394,61.85792684517528,321.78397696489674,113.38283739323896,10.0,5.0,1.0,mixed,
2026-01-05 00:28:00,61.85798932265685,76.67389485270655,57.871908249655235,266.20993483347934,0.0,0.0,71.63731682056404,61.72572748344433,335.4480641711782,108.59483921153983,11.0,4.0,1.0,mixed,
2026-01-05 00:29:00,55.856042060999954,72.58027547463186,58.34578493762355,248.54841164811558,0.0,0.0,70.41820766831228,61.23147746438592,344.73642285795887,103.92564156097357,12.0,3.0,1.0,mixed,
2026-01-05 00:30:00,59.62881233550551,72.94605922746729,58.98474599261422,259.61150867578203,0.0,0.0,66.58173670028205,61.14135374465728,364.7809790247023,119.21381315284154,13.0,4.0,1.0,mixed,
2026-01-05 00:31:00,59.685024064408154,72.53022198644781,59.36191787435313,256.19249758522227,0.0,0.0,65.44781874878365,60.583567689664434,340.76580157958745,129.96635356359434,14.0,3.0,1.0,mixed,
2026-01-05 00:32:00,62.2930193235361,74.24392533383283,60.796346532664046,278.70883090470386,0.0,0.0,62.61317750704675,62.97328989899963,346.9938459049427,144.4968961003605,15.0,5.0,1.0,mixed,
2026-01-05 00:33:00,63.76694736076648,72.71329210842063,61.2879616722452,281.41608016309635,0.0,0.0,60.77588546138779,65.11514076836573,335.38175520377274,129.30009549364416,16.0,2.0,1.0,mixed,
2026-01-05 00:34:00,62.123252659302054,71.56804886484132,61.650301676152644,269.29532125784067,0.0,0.0,65.42610909622744,63.19448261206739,335.56601766359626,114.58025038615057,17.0,4.0,1.0,mixed,
2026-01-05 00:35:00,65.79254900239741,70.53781044931581,62.301510935057905,282.38060569055676,0.0,0.0,61.83345992041998,61.94879008834627,326.9067303566476,111.37608003212885,18.0,7.0,1.0,mixed,
2026-01-05 00:36:00,65.30846140095049,72.31647119822554,62.57003546823859,279.4227352215601,0.0,0.0,61.59124593056608,58.56676300189098,322.44949693551473,115.05533126499972,19.0,4.0,1.0,mixed,
2026-01-05 00:37:00,62.13605505876298,74.50950789877061,62.47885822546802,267.04620052467385,0.0,0.0,59.8613316978917,55.74610519818148,319.9287826048686,113.4637857559077,20.0,3.0,1.0,mixed,
2026-01-05 00:38:00,61.72823244900378,70.44596334505889,62.48581244835405,269.94031031782384,0.0,0.0,57.559024462460414,55.84403312360363,326.4899437497619,108.72495288095077,21.0,2.0,1.0,mixed,
2026-01-05 00:39:00,59.31753936868226,70.53654821091995,62.53827814545268,255.9462733192202,0.0,0.0,60.06899294562987,59.02906092547389,328.2699570998303,115.72787394977402,22.0,3.0,1.0,mixed,
2026-01-05 00:40:00,57.26234609073997,73.16679159136753,62.5486667715153,258.9148260106,0.0,0.0,59.86006916125759,57.11308503515804,351.57678526545993,108.9926122632745,23.0,5.0,1.0,mixed,
2026-01-05 00:41:00,60.45992445003912,72.45120556141669,62.58722915645915,267.3990073777509,0.0,0.0,61.17614200437877,56.938641355159014,347.8702855756108,107.04110907383144,24.0,5.0,1.0,mixed,
2026-01-05 00:42:00,62.788386296428385,74.23869853701777,62.91973386338051,274.07700792111376,0.0,0.0,55.1107490851641,58.258559348016874,362.444551120518,103.94385346173334,25.0,3.0,1.0,mixed,
2026-01-05 00:43:00,61.75504502447795,75.09518335104833,63.00693621605847,271.2471829781019,0.0,0.0,51.011680271500495,55.48069343335544,372.3035780531359,105.60933324855426,26.0,4.0,1.0,mixed,
2026-01-05 00:44:00,60.39074649419491,75.00683776256864,63.08504143499025,266.92266229874696,0.0,0.0,49.63026426278081,58.14816239025972,385.18634187702935,129.42665943152122,27.0,5.0,1.0,mixed,
2026-01-05 00:45:00,60.42580145408758,79.18788802705112,63.06592424683736,260.4002830470055,0.0,0.0,46.59201268945248,58.69543131207313,368.30385202678536,117.48752160030052,28.0,4.0,1.0,mixed,
2026-01-05 00:46:00,61.44952807535714,78.31330220876916,63.18849517338851,263.73921097203777,0.0,0.0,51.101861196779986,57.918800384896656,352.7223421182544,124.4635245209311,29.0,5.0,1.0,mixed,
2026-01-05 00:47:00,65.62576313354322,79.56652667938835,63.339692520555495,293.24342418164684,0.0,0.0,50.90744279764284,55.554803150741925,361.6033736825647,124.7571241873867,30.0,6.0,1.0,mixed,
2026-01-05 00:48:00,63.14112554072011,76.5447328065308,63.44712067508011,271.66851525848665,0.0,0.0,52.13597376571334,60.011677603476016,379.92091544359323,130.0141669252142,31.0,5.0,1.0,mixed,
2026-01-05 00:49:00,61.7324367534755,77.0312362574462,63.82684833480776,275.466707719095,0.0,0.0,55.78019455371294,60.756523156785164,360.6337082682278,125.2593759638565,32.0,4.0,1.0,mixed,
2026-01-05 00:50:00,63.925930018237345,77.22275271243404,63.80203410814706,280.2623125524094,0.0,0.0,55.743007355355324,64.09046043310818,385.1911132467614,119.62729888249055,33.0,2.0,1.0,mixed,
2026-01-05 00:51:00,65.91761759007534,78.37758460835637,63.80260191878677,281.2030866043401,0.0,0.0,60.40458371860289,62.08399345868068,380.457981182203,107.66641013090728,34.0,5.0,1.0,mixed,
2026-01-05 00:52:00,65.70098796540775,77.31355904611917,63.79329695540989,277.4395220854544,0.0,0.0,58.57973285705981,61.504338377154205,350.70601466565256,113.11809816412008,35.0,4.0,1.0,mixed,
2026-01-05 00:53:00,65.83834318811816,78.93389327396969,64.02221034939566,293.29489974407085,0.0,0.0,58.479385491843956,62.05644275260285,365.6589572996856,110.15455810251918,36.0,4.0,1.0,mixed,
2026-01-05 00:54:00,61.57621366269565,79.41970041582432,63.87892176092771,262.24050661008096,0.0,0.0,54.95199498781326,59.10614884604038,364.1994255355824,100.85198862746485,37.0,3.0,1.0,mixed,
2026-01-05 00:55:00,63.9722486737254,79.62560379255859,63.69211387506754,278.3593112265208,0.0,0.0,55.871619783337145,59.44186009310625,358.1372079993785,113.0159745151484,38.0,3.0,1.0,mixed,
2026-01-05 00:56:00,65.12498690387541,81.71591883660902,64.05312425765484,287.14853111146516,0.0,0.0,53.987776555143256,61.51513744387668,344.44688970164486,116.57235912172507,39.0,6.0,1.0,mixed,
2026-01-05 00:57:00,64.77566478450643,78.57298224269434,64.34214425110011,278.04447745586594,0.0,0.0,52.460049868143365,60.1838945102695,360.2638951525889,111.02991731322903,40.0,3.0,1.0,mixed,
2026-01-05 00:58:00,61.90381027179069,74.56945047816572,63.98735617398589,273.71153540906715,0.0,0.0,53.73782907969262,59.5055497903467,353.6343664953092,95.75558475716193,41.0,2.0,1.0,mixed,
2026-01-05 00:59:00,64.25406905795825,74.21901440613523,64.5109607275067,281.7805072694536,0.0,0.0,55.95124813263238,56.00978245070535,352.2564986581206,138.7123477070683,42.0,2.0,1.0,mixed,
2026-01-05 01:00:00,62.88400782582985,71.58164939315299,64.86546670266257,273.9475836360325,0.0,0.0,50.061163481846016,53.94201427997812,354.6806784274571,140.5190966982363,43.0,3.0,1.0,mixed,
2026-01-05 01:01:00,64.33118812314413,72.35745695654832,64.85548697446079,283.4061489416936,0.0,0.0,48.07838545530312,54.254675341304925,360.9977157367823,118.65440089731425,44.0,3.0,1.0,mixed,
2026-01-05 01:02:00,64.36349174420174,71.57866065559166,64.34562301116179,282.77184147822607,0.0,0.0,48.57308170737594,53.86307106917555,333.4459654089077,118.4347025025825,45.0,5.0,1.0,mixed,
2026-01-05 01:03:00,61.449360470222274,70.70083805563816,63.84309181084668,265.893958535858,0.0,0.0,47.19200381834081,56.70617640292025,335.5792260688137,129.32560688674883,46.0,2.0,1.0,mixed,
2026-01-05 01:04:00,58.06914696319343,69.59335024487301,63.759321775882455,267.0019261983379,0.0,0.0,54.149303592268815,57.26121472655012,317.9495908035226,127.61405896275816,47.0,4.0,1.0,mixed,
2026-01-05 01:05:00,53.915444143388655,70.05669142965296,63.005425179682035,241.0530920741927,0.0,0.0,57.43129923642245,58.586353825788315,315.08164945307317,127.09748204232302,48.0,4.0,1.0,mixed,
2026-01-05 01:06:00,55.43280380383872,70.86623627380791,62.77073533496128,253.96301059705553,0.0,0.0,55.62535431451748,57.452033041347065,291.056397980386,126.61571268000117,49.0,2.0,1.0,mixed,
2026-01-05 01:07:00,57.6069549501333,70.64994291719191,62.696278322422074,259.55431384729746,0.0,0.0,54.55726311371398,56.75316024441241,316.2781327179082,129.22461940660642,50.0,3.0,1.0,mixed,
2026-01-05 01:08:00,57.770696393537314,72.07958592323786,62.16141021762118,248.76994647773864,0.0,0.0,54.61970272008514,57.77098563750357,315.577077996809,115.89127766233673,51.0,3.0,1.0,mixed,
2026-01-05 01:09:00,63.41782374870955,73.4644672095956,62.790023327961975,277.82222778627664,0.0,0.0,55.01329365298984,61.48471014486614,275.99030049780686,128.0480264183577,52.0,3.0,1.0,mixed,
2026-01-05 01:10:00,61.54984681715679,73.06403337699754,62.78270809749859,265.48407924163973,0.0,0.0,52.196794887767524,60.907886911719366,289.0261617985079,139.89097828008533,53.0,3.0,1.0,mixed,
2026-01-05 01:11:00,66.16615268836182,75.20211482801568,63.30224627916849,291.8190209071792,0.0,0.0,50.42165369003828,61.282594159105095,304.7331457620425,135.0239047141029,54.0,5.0,1.0,mixed,
2026-01-05 01:12:00,59.72838297669649,75.70099575462892,63.3338421248458,266.2289024522422,0.0,0.0,56.62795228250799,61.287240040228895,320.8052562128534,142.5264352093861,55.0,4.0,1.0,mixed,
2026-01-05 01:13:00,57.3894740088103,75.25778451616522,63.12675378342712,252.05374995115028,0.0,0.0,53.07429979526,61.230916636792486,327.6248843618238,146.0514939301943,56.0,4.0,1.0,mixed,
2026-01-05 01:14:00,57.3533619025933,77.26368126327661,63.13276997362211,253.89926798263102,0.0,0.0,51.40508983391102,59.86992863117723,331.14680731922135,132.3645035795198,57.0,3.0,1.0,mixed,
2026-01-05 01:15:00,60.0235380973143,77.42842107429748,62.90955926883673,259.57123329006436,0.0,0.0,48.13070691339006,59.19899624491432,357.2860346649901,137.53280271804124,58.0,2.0,1.0,mixed,
2026-01-05 01:16:00,62.64302114665831,81.50590283545394,62.89756292460767,271.9980977377452,0.0,0.0,52.79185671874346,60.01736096317365,368.79989744643984,118.58195824173384,59.0,3.0,1.0,mixed,
2026-01-05 01:17:00,62.82659437413221,79.22577432560321,62.88333535409149,270.8585826493331,0.0,0.0,53.72591675423591,58.029804192280096,367.1192355254864,123.825170875677,60.0,2.0,1.0,mixed,
2026-01-05 01:18:00,63.97321137941313,76.05430886783205,62.683875769685464,273.72869399090547,0.0,0.0,59.95090424265287,60.28797887075057,349.3549145858836,117.50605960034439,61.0,4.0,1.0,mixed,
2026-01-05 01:19:00,58.64315166787652,79.75630606853134,62.41695415555237,257.73845440908883,0.0,0.0,61.29510504724458,58.83501822370215,361.07525775135093,120.73758213703205,62.0,4.0,1.0,mixed,
2026-01-05 01:20:00,63.61163580279487,77.1514391935112,62.31979411377782,266.9424922089098,0.0,0.0,59.412030759659714,58.78668002848913,378.77763066962086,110.74339140484474,63.0,3.0,1.0,mixed,
2026-01-05 01:21:00,3.5840758258794887,13.09441310086216,59.59413431168794,73.01503814879325,0.0,0.0,11.61037803072048,29.167733803582486,30.460029489334318,4.2509373583869525,0.0,1.0,0.0,idle,
2026-01-05 01:22:00,0.0,11.973951257118,57.26381404105532,68.69523908686095,0.0,0.0,8.416218202492878,27.459267283119203,6.89212805679418,3.3796519555494773,0.0,3.0,0.0,idle,
2026-01-05 01:23:00,2.000293720926457,11.053328699502785,55.36131168100113,63.58871928739967,0.0,0.0,6.834318834164124,28.66729483887315,23.02347349404492,0.0,0.0,1.0,0.0,idle,
2026-01-05 01:24:00,3.3948824468278476,11.076367027490935,53.73979247666343,77.49645764332409,0.0,0.0,8.857221422803871,30.563420715943053,24.195624016460137,0.0,0.0,0.0,0.0,idle,
2026-01-05 01:25:00,3.521755859944807,16.758612143415895,52.357928589639634,78.18953684590939,0.0,0.0,8.259124957056201,27.545821500834723,31.615864110452243,0.0,0.0,2.0,0.0,idle,
2026-01-05 01:26:00,4.178928472856155,13.089801798029477,50.663698552482536,76.24447831056054,0.0,0.0,5.92999816423638,28.032351647412163,21.398015660802436,0.0,0.0,2.0,0.0,idle,
2026-01-05 01:27:00,10.512056820362156,11.212087562147229,49.61579962062458,93.04027183582073,0.0,0.0,4.9892526880493415,30.872379969477365,0.0,17.04005484312864,0.0,0.0,0.0,idle,
2026-01-05 01:28:00,11.295096061387984,9.572068338764268,48.48628066005378,93.8235038926453,0.0,0.0,6.8528516338492205,35.947642754652215,0.0,4.073487945057446,0.0,1.0,0.0,idle,
2026-01-05 01:29:00,7.158142795259325,4.1652848106793305,47.20431871560048,81.96082820429682,0.0,0.0,3.5406125470316856,38.448278931286616,0.0,0.0,0.0,0.0,0.0,idle,
2026-01-05 01:30:00,8.576025059967998,4.935793255388315,46.069334841015994,82.07048378584304,0.0,0.0,6.721547176168626,40.02409619486101,0.0,2.6891292918505982,0.0,1.0,0.0,idle,
2026-01-05 01:31:00,3.092914461548581,5.470429762461344,45.07987707298624,64.06613787663878,0.0,0.0,4.250835710021655,37.3646002141256,34.17447703782713,1.975650481529006,0.0,0.0,0.0,idle,
2026-01-05 01:32:00,5.454343657174547,7.135902402446284,44.05666087095938,70.7673690523158,0.0,0.0,6.170458605730243,37.54613109829797,26.9456568447566,34.158866351105225,0.0,0.0,0.0,idle,
2026-01-05 01:33:00,0.7492092265888005,8.937080961173827,43.41920663703027,59.84295438786441,0.0,0.0,4.808694023762859,37.232060680940826,18.727908705670977,25.307198919506778,0.0,2.0,0.0,idle,
2026-01-05 01:34:00,2.0582359181886316,7.065659700550135,42.73624811994277,66.79442264009258,0.0,0.0,1.5590620036019134,38.680902914157116,0.0,33.70846778406165,0.0,1.0,0.0,idle,
2026-01-05 01:35:00,6.264933314112012,10.640446423689003,42.471677510598205,88.29908010555891,0.0,0.0,1.160752356175084,42.494336647341214,2.5853046841923755,29.186694572674693,0.0,0.0,0.0,idle,
2026-01-05 01:36:00,3.7452581674627545,10.274553715726164,42.29243088440292,70.23958825829712,0.0,0.0,0.0,39.420149097039726,9.360943443850442,38.03146106624167,0.0,4.0,0.0,idle,
2026-01-05 01:37:00,1.9276768262042525,6.951528273415162,42.060371555392514,69.52276742449261,0.0,0.0,0.0,39.19244462714462,2.315963888854249,36.996336576728204,0.0,3.0,0.0,idle,
2026-01-05 01:38:00,2.723143885907485,3.6217726039104186,41.077941388821536,65.54034903845219,0.0,0.0,0.0,38.35124054802642,0.0,21.52010915029848,0.0,1.0,0.0,idle,
2026-01-05 01:39:00,3.0426744118862237,5.685188290997488,41.109600513311236,72.68437197596765,0.0,0.0,2.7083406690363185,36.6234556967745,0.0,30.063312171057614,0.0,2.0,0.0,idle,
2026-01-05 01:40:00,8.984592407807199,7.346804518360958,41.245770483738596,91.64129451400176,0.0,0.0,0.0,36.60511304672123,0.0,23.368954042825045,0.0,2.0,0.0,idle,
2026-01-05 01:41:00,5.478372117675237,8.045397693746711,41.319603761158454,88.75992840794984,0.0,0.0,3.907210794079536,37.48756804971653,0.0,13.157077274417809,0.0,3.0,0.0,idle,
2026-01-05 01:42:00,8.751051459502552,9.619982567541244,41.276278626804746,90.35077947359747,0.0,0.0,6.505757283977804,34.5903522431391,0.0,23.372941795019287,0.0,1.0,0.0,idle,
2026-01-05 01:43:00,8.481686677069167,6.259204485936903,41.22784383395139,87.23613364799812,0.0,0.0,5.399737666518784,33.3392010672033,4.530090154136472,23.570845380457126,0.0,3.0,0.0,idle,
2026-01-05 01:44:00,8.530222095325255,0.16806046174623468,41.32936377794848,88.75217573801963,0.0,0.0,0.0,35.882345773957304,1.1736781351555035,22.23877602456053,0.0,3.0,0.0,idle,
2026-01-05 01:45:00,6.529443104749139,0.0,41.365408697097344,84.13332759237127,0.0,0.0,0.0,34.255891625521215,18.123517814151434,30.219115832398266,0.0,3.0,0.0,idle,
2026-01-05 01:46:00,10.934010419534612,0.0,41.850813443144084,100.62900940724734,0.0,0.0,0.0,33.770744290339216,41.01197075013615,35.149536446352506,0.0,0.0,0.0,idle,
2026-01-05 01:47:00,12.123165392119802,0.0,42.102908755074445,99.02400836977392,0.0,0.0,1.7872910195729252,34.88145738160809,55.531818143834094,23.570637434978188,0.0,1.0,0.0,idle,
2026-01-05 01:48:00,10.844203590033144,0.0,42.25919027811765,102.49882570876831,0.0,0.0,1.5828347581101299,32.20163733272334,48.25356438516277,31.526201774528023,0.0,2.0,0.0,idle,
2026-01-05 01:49:00,6.189931085891527,2.2073457816762767,41.9125966985976,78.27846451832463,0.0,0.0,5.190736525205242,31.533763935500662,60.305209715955236,26.87408562518038,0.0,6.0,0.0,idle,
2026-01-05 01:50:00,4.031849024633175,1.330536858673259,41.503428767237104,69.52073219391269,0.0,0.0,10.900787625626297,32.85710304695523,63.433788058208016,24.271259747693176,0.0,2.0,0.0,idle,
2026-01-05 01:51:00,4.5517290285484835,5.558565455066285,41.428651405408104,76.4638591727058,0.0,0.0,8.528553104234923,34.91524410437263,61.95628437731063,18.046823703037614,0.0,4.0,0.0,idle,
2026-01-05 01:52:00,6.646948309922623,8.307030151140426,41.17831719755079,77.02626503052385,0.0,0.0,11.237767259246379,35.251967570788075,43.463865701446814,39.31804551195808,0.0,1.0,0.0,idle,
2026-01-05 01:53:00,4.1640982507981645,6.854079819194561,41.150835094673354,79.59738305618573,0.0,0.0,15.081641332640775,32.831729861062065,40.27293638837745,34.46165502405964,0.0,1.0,0.0,idle,
2026-01-05 01:54:00,2.0813079722010577,3.7006949537156846,40.244036072720846,63.102450199075356,0.0,0.0,11.994965973386984,34.08047937998559,52.096210963261534,36.066788959315716,0.0,1.0,0.0,idle,
2026-01-05 01:55:00,0.0,4.742180615750101,39.87594935784032,66.11275675890195,0.0,0.0,12.1010509864315,31.652996984297225,18.69003023952677,18.454888467568853,0.0,0.0,0.0,idle,
2026-01-05 01:56:00,0.5679315507120021,2.9249964328127236,39.632913652241776,65.32905784270646,0.0,0.0,14.656573747240223,29.72589440329731,35.98214881728247,16.44065870049807,0.0,1.0,0.0,idle,
2026-01-05 01:57:00,0.22771108031168452,4.691153219293977,39.59018043659903,59.912941278048265,0.0,0.0,14.517511135800937,26.5459781523724,13.630218123469538,14.917279407975503,0.0,2.0,0.0,idle,
2026-01-05 01:58:00,0.4264492581992081,9.057724350396855,38.74984146587223,55.852651447204146,0.0,0.0,13.372077518366922,28.486408547764924,12.853231974330598,5.8624522577776235,0.0,2.0,0.0,idle,
2026-01-05 01:59:00,0.0,13.519673854488838,38.501168234272804,56.62912148143171,0.0,0.0,9.810563537872266,31.93106498840082,39.10548605515253,0.0,0.0,2.0,0.0,idle,
2026-01-05 02:00:00,0.0,12.43893151163446,38.36594000598787,61.37126863090782,0.0,0.0,7.924656987949463,33.36733115061849,33.818416018321194,0.0,0.0,1.0,0.0,idle,
2026-01-05 02:01:00,0.0,10.50173020250546,37.9844404043284,59.41510049658593,0.0,0.0,1.6195426491625216,31.648202584978165,71.76460817843171,0.0,0.0,2.0,0.0,idle,
2026-01-05 02:02:00,3.257455954957914,9.182580852135128,38.12563529142036,71.91217892677493,0.0,0.0,0.0,30.775853509914334,56.755282196768555,0.0,0.0,2.0,0.0,idle,
2026-01-05 02:03:00,1.7611646749144443,9.487304541462956,37.96524630441336,69.2019506096519,0.0,0.0,0.0,30.414729638837798,39.12155023977423,0.0,0.0,0.0,0.0,idle,
2026-01-05 02:04:00,5.69970568945678,7.869800315309331,37.84933127750776,75.87340933189824,0.0,0.0,0.45034138191408957,31.08757870406704,25.49070130985305,0.0,0.0,0.0,0.0,idle,
2026-01-05 02:05:00,8.944107579435864,5.486129164039054,37.90474524719164,91.42988594994357,0.0,0.0,0.0,29.593244312876237,27.683788121935898,0.0,0.0,5.0,0.0,idle,
2026-01-05 02:06:00,7.318283849901745,3.4399792364227313,37.825071744736704,76.90445883116853,0.0,0.0,0.0,30.399989560843732,18.062695920012537,0.0,0.0,1.0,0.0,idle,
2026-01-05 02:07:00,7.886065155030159,3.8226074757248405,37.94224789803502,85.77816306834139,0.0,0.0,0.0,31.24979892059807,0.0,0.0,0.0,2.0,0.0,idle,
2026-01-05 02:08:00,3.1650978362648443,5.809650034232316,37.928936934275136,71.6142556024354,0.0,0.0,0.0,29.948182012338904,0.0,0.0,0.0,1.0,0.0,idle,
2026-01-05 02:09:00,2.5837671329449265,5.027199500131168,38.016176027447166,69.71095258366479,0.0,0.0,0.0,30.9644952688945,7.9286394012601775,0.0,0.0,2.0,0.0,idle,
2026-01-05 02:10:00,2.4786637919154955,3.5878071382162613,37.74428406275303,63.816035883664604,0.0,0.0,0.0,31.991515085424027,0.0,0.0,0.0,2.0,0.0,idle,
2026-01-05 02:11:00,4.6799121327380035,4.711469835730103,38.02877085844776,73.27819251678872,0.0,0.0,0.0,34.541338701197624,0.0,0.0,0.0,2.0,0.0,idle,
2026-01-05 02:12:00,8.486523113699,4.5816496991126545,38.8078884112317,88.36977871180615,0.0,0.0,0.0,35.66486860160797,0.0,4.086317985619576,0.0,4.0,0.0,idle,
2026-01-05 02:13:00,0.7865781154936674,1.788145167665105,39.23449804042206,65.04649536189244,0.0,0.0,1.0504332840580162,36.2353455244358,0.5292112934386868,0.0,0.0,2.0,0.0,idle,
2026-01-05 02:14:00,0.1608362878162387,1.0644028570129285,38.95238457310493,67.74749958052307,0.0,0.0,0.41823156482183466,34.750243933950166,0.0,0.0,0.0,1.0,0.0,idle,
2026-01-05 02:15:00,0.0,1.9465243167225248,38.98408080151262,64.95060485546236,0.0,0.0,7.24117018376731,32.63084970720247,0.0,0.0,0.0,1.0,0.0,idle,
2026-01-05 02:16:00,0.0,2.687159878664607,38.73554674166637,66.86878345731739,0.0,0.0,7.778999443802154,31.642751578747653,0.0,5.392986261603525,0.0,1.0,0.0,idle,
2026-01-05 02:17:00,1.834230261039246,5.495726203343422,38.775499407613275,72.84534647257317,0.0,0.0,6.107051688128824,30.135675352972374,0.0,10.11307751113642,0.0,1.0,0.0,idle,
2026-01-05 02:18:00,1.1157182397058398,4.181647792816966,38.01654463577649,55.249493879901394,0.0,0.0,3.3296299638423097,30.511386979304785,0.0,0.0,0.0,2.0,0.0,idle,
2026-01-05 02:19:00,0.0,0.7917079778348644,38.229093633435866,66.10594968798326,0.0,0.0,6.399707376348038,30.686885913466128,0.0,0.0,0.0,6.0,0.0,idle,
2026-01-05 02:20:00,0.0,1.0100200639880557,38.65132472650309,58.03135917598239,0.0,0.0,10.08016031963324,30.19279071257039,0.0,12.810844768884515,0.0,3.0,0.0,idle,
2026-01-05 02:21:00,0.0,5.912337841253788,38.4135943508814,57.747991296375346,0.0,0.0,7.050357650675366,33.4607048733291,0.0,13.247570062124876,0.0,3.0,0.0,idle,
2026-01-05 02:22:00,0.0,7.367320171777348,38.00219715696507,50.0,0.0,0.0,4.839949389396069,33.547406854312605,0.0,0.0,0.0,0.0,0.0,idle,
2026-01-05 02:23:00,0.0,7.835647367507636,38.4228044881149,60.44637334958948,0.0,0.0,2.907869102025225,34.69367116545123,0.0,0.0,0.0,2.0,0.0,idle,
2026-01-05 02:24:00,23.044066230620484,48.19772860018551,39.239222766164986,138.25597317440045,0.0,0.0,30.897741709271287,40.909454997393766,609.8586750892363,33.69362571933526,0.0,5.0,2.0,network_bound,
2026-01-05 02:25:00,23.260689012126086,45.522026031544804,39.54282476783148,133.2294476456474,0.0,0.0,30.842576328903053,39.104468010709894,614.5649901500201,68.10659971018843,1.0,2.0,2.0,network_bound,
2026-01-05 02:26:00,27.159000758399813,43.53458978804346,40.44669517788642,154.17700638485925,0.0,0.0,30.164980655712046,37.01746481127779,622.1759849060791,61.97727074116009,2.0,4.0,2.0,network_bound,
2026-01-05 02:27:00,25.73758139688416,42.99251595300953,41.15556529122402,145.65098773665366,0.0,0.0,30.056784345193382,38.979640114413634,629.8185824731219,55.440257198074896,3.0,3.0,2.0,network_bound,
2026-01-05 02:28:00,27.61619887099377,43.12832033006682,42.4056829300165,155.65905991338386,0.0,0.0,33.55459539803414,40.67297649284601,628.0561009450116,70.08599602878976,4.0,4.0,2.0,network_bound,
2026-01-05 02:29:00,30.65858911919929,40.929156149644214,43.569264082343466,164.28411083092018,0.0,0.0,32.36877962264157,43.0742325460297,633.5226668051926,60.86913678373982,5.0,5.0,2.0,network_bound,
2026-01-05 02:30:00,29.380591423551902,39.46924848446378,44.20703590996678,152.68683657042402,0.0,0.0,35.46286886046742,42.582738653198646,599.467509373398,51.24296583295924,6.0,4.0,2.0,network_bound,
2026-01-05 02:31:00,27.620961640648588,42.412122930873416,44.45171036762369,146.33292304044642,0.0,0.0,30.169282627072153,43.01534106770372,605.6713442848794,46.57805571664184,7.0,5.0,2.0,network_bound,
2026-01-05 02:32:00,26.931795898206932,41.983337954696246,45.16166537785793,155.39004027451278,0.0,0.0,31.507583323763836,43.627551137812596,596.7943304907172,43.420227310373186,8.0,7.0,2.0,network_bound,
2026-01-05 02:33:00,24.224829722826637,42.243727550776704,45.57933262894506,143.44454131943672,0.0,0.0,30.782739494890972,40.05522802281379,612.4371270125503,49.908385542800715,9.0,2.0,2.0,network_bound,
2026-01-05 02:34:00,28.70095782502741,43.49585620693582,46.30788173645346,162.11396292186132,0.0,0.0,31.67488920810682,42.505768663347155,636.3537841030034,39.423459819143154,10.0,4.0,2.0,network_bound,
2026-01-05 02:35:00,22.738268914428406,43.68146552532159,46.12526707220434,130.2429728486914,0.0,0.0,32.080260761326784,43.22181764912898,646.3302248364035,31.551073360670657,11.0,4.0,2.0,network_bound,
2026-01-05 02:36:00,25.693408485609574,43.5271821416586,46.166967404715614,149.76939160496568,0.0,0.0,38.18340352806127,43.57176738203897,627.9923961405658,43.87721746165394,12.0,3.0,2.0,network_bound,
2026-01-05 02:37:00,28.005411022910238,43.41688026278643,46.72594200233097,153.4752502879004,0.0,0.0,38.247654226395305,43.78327040304176,620.3273741291259,45.16351808522532,13.0,4.0,2.0,network_bound,
2026-01-05 02:38:00,26.967284796670853,40.195612320617,46.60273986749906,154.05656588712884,0.0,0.0,37.71944230786283,42.52419837359707,622.986065891469,51.28490445745016,14.0,5.0,2.0,network_bound,
2026-01-05 02:39:00,20.580648375702822,39.097996030556416,46.910814277564754,129.59788282941793,0.0,0.0,39.44957371727016,43.09049369336476,630.6269117384388,56.71536063136364,15.0,3.0,2.0,network_bound,
2026-01-05 02:40:00,21.66811814280441,40.64530746301312,46.801628890219476,134.6556426967511,0.0,0.0,37.46975772083209,40.78913114790633,597.721571079408,56.09772374720162,16.0,4.0,2.0,network_bound,
2026-01-05 02:41:00,19.614140604028204,43.25581561932681,46.736312576603765,136.77923456602974,0.0,0.0,37.32751027847865,43.12603901256387,601.3435303555007,48.352734824626395,17.0,4.0,2.0,network_bound,
2026-01-05 02:42:00,22.269178666784626,42.10922216462856,46.91296716181482,138.28778069333418,0.0,0.0,34.277905942369614,43.641650929390124,621.8003478627684,64.17073745347624,18.0,3.0,2.0,network_bound,
2026-01-05 02:43:00,19.177236568447583,44.98526889748743,46.77571843612751,120.23121026599057,0.0,0.0,29.622418843475288,42.95145943170712,615.5817127047351,63.338151044715296,19.0,4.0,2.0,network_bound,
2026-01-05 02:44:00,17.028393538779877,46.2732411937563,46.21958236559941,120.09442020239636,0.0,0.0,34.065719364371084,41.118420910630334,633.089051117858,77.92362135100377,20.0,3.0,2.0,network_bound,
2026-01-05 02:45:00,18.96584323249639,45.70900603824513,45.88965594491208,128.96929654550223,0.0,0.0,30.030915855885294,37.300965184199036,626.5945673845505,73.85300221378782,21.0,3.0,2.0,network_bound,
2026-01-05 02:46:00,18.868477291906316,45.31161884213555,45.843721381138884,137.70038102391126,0.0,0.0,28.38844861128408,33.52191801916147,648.9011672460282,78.25927384491067,22.0,4.0,2.0,network_bound,
2026-01-05 02:47:00,22.721091559687864,46.21573226591332,46.181996020037275,133.6822827426644,0.0,0.0,30.20012682260605,35.45211179007789,672.5158197463774,66.41544608324767,23.0,3.0,2.0,network_bound,
2026-01-05 02:48:00,21.911524651617363,46.947428347821074,45.83570669629307,130.5253129536616,0.0,0.0,27.20133256281057,34.260868362449074,638.344379282048,46.86217348876119,24.0,3.0,2.0,network_bound,
2026-01-05 02:49:00,21.927718753967984,45.56784190945757,45.759858018225174,134.02099339708653,0.0,0.0,27.538265165749515,39.23174495247211,630.2563229962793,36.71753091887746,25.0,4.0,2.0,network_bound,
2026-01-05 02:50:00,19.918776641306813,43.27495569751785,45.86501374828888,131.61782437469523,0.0,0.0,25.81197304663062,40.59740954796562,625.3219374852106,52.39938541460699,26.0,3.0,2.0,network_bound,
2026-01-05 02:51:00,22.493164501800003,45.58020398300452,46.151958376930246,141.12937559017084,0.0,0.0,26.8212213032562,42.82089399997356,607.4341658518194,43.257506019353265,27.0,3.0,2.0,network_bound,
2026-01-05 02:52:00,20.809792610171822,46.19101893671646,46.308666875786884,127.57369398451678,0.0,0.0,27.97915822636063,40.69724341151941,584.5224846766636,44.17499876743138,28.0,3.0,2.0,network_bound,
2026-01-05 02:53:00,20.199269354939712,46.044195731818064,46.60340971801089,137.42210416863685,0.0,0.0,36.294592510597,41.37245990337758,590.2969335139181,59.38021805432469,29.0,4.0,2.0,network_bound,
2026-01-05 02:54:00,23.447361595402135,46.285122814717596,46.558961742838896,140.47747165450582,0.0,0.0,36.50758083389466,38.27777547462965,573.9040804709899,54.94560298269746,30.0,4.0,2.0,network_bound,
2026-01-05 02:55:00,24.3290681541879,47.47177013335327,46.71951905739638,142.38778555576408,0.0,0.0,40.353274062798945,41.835175875464124,602.3554403646897,55.13591716786769,31.0,4.0,2.0,network_bound,
2026-01-05 02:56:00,21.581395875047907,46.52669829480368,46.515293391716014,122.16219059855108,0.0,0.0,48.27989375902462,41.723760528068254,607.8031431567625,40.26707673754582,32.0,5.0,2.0,network_bound,
2026-01-05 02:57:00,25.80296053958918,50.40026614122094,46.627357666422775,150.0781947969909,0.0,0.0,48.82757926976217,45.85579860995312,617.1872102090681,46.00322603888331,33.0,10.0,2.0,network_bound,
2026-01-05 02:58:00,25.382561052344286,48.14994808517814,46.747087965720624,146.1291665460277,0.0,0.0,47.382200145010735,44.93904117633325,617.0115664090575,39.023458742743976,34.0,5.0,2.0,network_bound,
2026-01-05 02:59:00,25.576792366858257,45.30645123758516,46.87729604897069,152.9002212820134,0.0,0.0,46.83071603889161,43.26016016265725,607.7587421095634,38.84498872157626,35.0,6.0,2.0,network_bound,
2026-01-05 03:00:00,28.422964513289983,47.16570190051921,47.274260717675396,156.81608810368076,0.0,0.0,45.535599071243574,40.91293926691823,585.8655803394763,54.506764455334064,36.0,3.0,2.0,network_bound,
2026-01-05 03:01:00,30.085375440271843,49.231668468784335,47.837204179412296,165.33592261308442,0.0,0.0,41.572574787554196,42.08438266740403,594.1303760249072,57.30930632937617,37.0,3.0,2.0,network_bound,
2026-01-05 03:02:00,31.94229673680774,50.38600128787622,48.55033174297806,178.2065157444978,0.0,0.0,40.67165004973676,42.649205833414754,604.9146575945815,53.99224877432785,38.0,4.0,2.0,network_bound,
2026-01-05 03:03:00,33.02670323115813,51.83343876896197,48.67775149457408,179.1281984328542,0.0,0.0,41.14749131271991,40.649749330647914,625.5849083691081,39.23964254181706,39.0,5.0,2.0,network_bound,
2026-01-05 03:04:00,30.234961592548157,50.244513975783406,49.23783900192047,158.02347844638533,0.0,0.0,33.548564137736946,42.13194287801591,659.8823722036576,60.45682969190361,40.0,3.0,2.0,network_bound,
2026-01-05 03:05:00,30.026640464309533,53.66858991275902,49.61257789216981,166.80533857508212,0.0,0.0,35.4052019979831,42.03920172402402,665.7812213310586,63.96165521126272,41.0,6.0,2.0,network_bound,
2026-01-05 03:06:00,28.963049252588203,54.36805215150438,49.6748132861429,162.72025571820365,0.0,0.0,35.56706762219584,40.57598026734656,654.6824595161117,57.23997304357851,42.0,5.0,2.0,network_bound,
2026-01-05 03:07:00,26.51443453170194,52.53217043548306,49.304682935146076,150.8928793824696,0.0,0.0,32.64806640010136,42.83227010567575,641.4413551286368,68.78841762531295,43.0,3.0,2.0,network_bound,
2026-01-05 03:08:00,30.235851297117446,48.959108573088706,48.9328312582566,149.32288161600104,0.0,0.0,27.254501333898794,43.52780950362869,633.8455464176286,59.66691669005856,44.0,2.0,2.0,network_bound,
2026-01-05 03:09:00,31.952602238190376,47.276022825845935,49.02279100483677,175.31225653781786,0.0,0.0,29.90065027039367,41.308106820551146,660.3913736694941,67.09663347180471,45.0,3.0,2.0,network_bound,
2026-01-05 03:10:00,28.86137249194723,50.17186080152808,49.38605405728101,162.78035963855416,0.0,0.0,26.710152012213797,38.24282077677008,682.618151365651,73.66793734340737,46.0,4.0,2.0,network_bound,
2026-01-05 03:11:00,28.81519154716321,49.2869761451322,49.11103210428688,151.55577474127676,0.0,0.0,22.53398311543137,36.567586673956384,661.0104823690513,74.18982557718749,47.0,5.0,2.0,network_bound,
2026-01-05 03:12:00,26.526745486191437,50.97749264811291,49.281538639126005,152.11227088784656,0.0,0.0,23.862930616596486,36.810429008286796,672.9944751880809,69.21864913520065,48.0,3.0,2.0,network_bound,
2026-01-05 03:13:00,25.86910575774198,51.452240797180735,49.22024132040054,149.2348893504332,0.0,0.0,24.617314935959243,32.837488835496565,682.361033093075,70.59363184958838,49.0,3.0,2.0,network_bound,
2026-01-05 03:14:00,22.158389821663043,51.214750905976636,48.618822781823326,129.8306812363719,0.0,0.0,26.939487080473008,34.287450919291665,713.3490209514099,62.786757680082296,50.0,6.0,2.0,network_bound,
2026-01-05 03:15:00,26.386253515206956,48.015085178943,48.844213714101635,149.64989245002485,0.0,0.0,27.255822108156725,35.84003797152141,693.2209430602867,68.2464765928292,51.0,2.0,2.0,network_bound,
2026-01-05 03:16:00,30.096382169480467,47.034514840485976,49.079632190576795,154.88019401065634,0.0,0.0,31.60364465284481,35.12196422869086,671.4494228043629,74.7632932582924,52.0,3.0,2.0,network_bound,
2026-01-05 03:17:00,30.998692562753558,48.730352854676255,49.01134637169783,158.0932466338871,0.0,0.0,28.73409410480963,37.048266328191076,667.4652392683578,75.55411687266826,53.0,4.0,2.0,network_bound,
2026-01-05 03:18:00,29.25941523931394,50.71017852983481,48.88113786756329,158.90960223155813,0.0,0.0,35.42161047253039,39.12747021932232,661.0274856812022,85.59489649917046,54.0,5.0,2.0,network_bound,
2026-01-05 03:19:00,29.8411145818702,52.68884968247685,49.47425883170817,164.297721127902,0.0,0.0,28.629009294483613,39.606011181589615,650.8479755798162,82.92064820747444,55.0,6.0,2.0,network_bound,
2026-01-05 03:20:00,29.32003427805391,48.3311037214674,49.79039975939276,159.32013518138373,0.0,0.0,27.407496596185666,40.46699686099484,652.2735851119601,68.69616944514446,56.0,4.0,2.0,network_bound,
2026-01-05 03:21:00,28.40180506219903,50.96320648466608,50.1008476000248,162.07837075065066,0.0,0.0,27.481381347952663,40.211946662685754,658.3600686733604,87.0073524137326,57.0,2.0,2.0,network_bound,
2026-01-05 03:22:00,32.24966416766106,49.64701656443183,50.73340032564952,171.40008018433758,0.0,0.0,26.52302398158325,42.50665183612345,639.5694183694608,93.16179895216473,58.0,5.0,2.0,network_bound,
2026-01-05 03:23:00,34.41946451616163,48.89521497958233,50.44526756404097,175.70304654048613,0.0,0.0,27.053369525576137,43.51154703230081,642.7459820732288,111.92674204509015,59.0,5.0,2.0,network_bound,
2026-01-05 03:24:00,37.22620557111739,50.47979519645221,50.89618242297366,187.39010101196257,0.0,0.0,23.5204565875033,45.10838438829778,660.7259707302165,99.2084390360217,60.0,4.0,2.0,network_bound,
2026-01-05 03:25:00,37.76463857409489,51.31121148332774,51.16283293569652,187.2290878363281,1.0,0.0,26.110630104747294,43.58611374594177,658.9388871709467,106.05712689697148,61.0,3.0,2.0,network_bound,
2026-01-05 03:26:00,38.06231666593963,52.756386782292665,50.894842524571494,196.80738066761305,0.0,0.0,21.85870328271514,47.230446168932325,661.986703750167,93.30704590811047,62.0,5.0,2.0,network_bound,
2026-01-05 03:27:00,38.8492257930428,53.330188271982855,51.23448645107498,195.7986459599463,0.0,0.0,25.191316520396487,42.62608118197558,651.7523543038736,90.3465770487699,63.0,3.0,2.0,network_bound,
2026-01-05 03:28:00,33.501444275617196,53.28936714786056,51.16681803411895,167.85619161783242,0.0,0.0,30.414942536574436,41.0062163352723,650.1004240564716,85.61586049913666,64.0,5.0,2.0,network_bound,
2026-01-05 03:29:00,31.051010675030298,50.37838367131701,51.12132480343455,166.5457900461707,0.0,0.0,25.92572244437749,44.336356146891625,644.1116504610251,68.61888554639508,65.0,3.0,2.0,network_bound,
2026-01-05 03:30:00,30.810371353635944,46.90878760894389,50.83247397814495,171.10342837426563,0.0,0.0,22.53719950887721,45.8288893959107,665.3961700493536,53.480443237710176,66.0,6.0,2.0,network_bound,
2026-01-05 03:31:00,31.56082349942307,43.514725686269216,51.245328601625715,168.83982379607036,0.0,0.0,26.21437931380435,44.97948973594653,661.4424889465467,52.2796190671886,67.0,5.0,2.0,network_bound,
2026-01-05 03:32:00,31.20273331837304,45.05006177161182,51.006834275867575,167.39720707925383,0.0,0.0,29.54476619360732,44.92563414962949,666.597209605104,37.42348883826669,68.0,5.0,2.0,network_bound,
2026-01-05 03:33:00,31.703836603499596,44.60538162883843,51.38389355167551,164.1423937145427,0.0,0.0,25.150042121973797,45.473436257862616,674.5673678352903,35.31549066510766,69.0,2.0,2.0,network_bound,
2026-01-05 03:34:00,28.595630846187493,45.13137658826395,51.2655035061945,154.1526266640468,0.0,0.0,19.324023821283266,43.83491050969606,687.0541239812583,43.07638799146583,70.0,2.0,2.0,network_bound,
2026-01-05 03:35:00,26.224042440085455,44.95801255927192,51.15876500313945,147.7445119546575,0.0,0.0,19.075244480567783,46.02592630728144,660.8395569097347,33.22266658269366,71.0,2.0,2.0,network_bound,
2026-01-05 03:36:00,26.57894748597359,44.59255292365187,50.86249350193549,150.63341885622592,0.0,0.0,24.050868612961846,44.382652652020845,648.83462971896,35.44698107502377,72.0,6.0,2.0,network_bound,
2026-01-05 03:37:00,28.53702523265662,46.604621479992836,50.34283781747531,162.37388422120912,0.0,0.0,26.551144682054286,40.824817841657335,662.8275210489384,31.49252548763006,73.0,5.0,2.0,network_bound,
2026-01-05 03:38:00,33.31205669677185,44.72385398096166,50.27019804870548,169.88668988699794,0.0,0.0,23.67474002499968,40.20482346785375,692.6249228117244,47.63558926345462,74.0,4.0,2.0,network_bound,
2026-01-05 03:39:00,34.726934510150144,48.50537662964094,50.16370152573636,176.70449761816522,0.0,0.0,18.98539739982855,37.83910041225776,674.0436828842744,55.46448867402083,75.0,4.0,2.0,network_bound,
2026-01-05 03:40:00,34.99470534024282,48.66098140158425,50.42331393478066,169.4506025554569,0.0,0.0,23.788834885819416,37.21229362838376,677.7634329978172,84.81722281617564,76.0,4.0,2.0,network_bound,
2026-01-05 03:41:00,36.64844807173926,46.490394859248596,50.95980060897123,188.77974687155964,0.0,0.0,26.082652406466956,36.34208955164814,665.5053711131839,96.5906407720585,77.0,2.0,2.0,network_bound,
2026-01-05 03:42:00,33.13098553625385,43.55160658380014,50.87613602373832,175.45089238214595,0.0,0.0,27.766381872916376,35.153671645488515,660.8507946259067,85.701882027555,78.0,5.0,2.0,network_bound,
2026-01-05 03:43:00,33.06389294124985,43.44431025992017,50.69945975271545,178.64213714327747,0.0,0.0,26.69678783254961,35.5488577594417,666.2563737280342,87.00782231761767,79.0,5.0,2.0,network_bound,
2026-01-05 03:44:00,33.44468988060581,43.427026448330125,50.67969963090674,169.488426799287,0.0,0.0,26.057430236925093,36.732197339181326,628.3773147600489,81.66955946053888,80.0,3.0,2.0,network_bound,
2026-01-05 03:45:00,34.1724667424664,42.99051167642997,50.89025035419537,178.39082988770426,0.0,0.0,30.030278865080263,34.11520454574253,629.0311898676676,76.00423694994102,81.0,4.0,2.0,network_bound,
2026-01-05 03:46:00,33.320247160478175,45.96291170204393,51.01484373651656,167.88966219712714,0.0,0.0,29.281765319823435,34.04748573013575,632.5755289085661,74.45581844979735,82.0,3.0,2.0,network_bound,
2026-01-05 03:47:00,33.22296706215613,43.0319412848101,51.124554184171565,175.75316115162823,0.0,0.0,29.76364128896816,38.643475733117675,632.2444072885766,60.18956642334731,83.0,6.0,2.0,network_bound,
2026-01-05 03:48:00,29.999749941204144,43.64723957985822,50.4236768587897,160.81065598636275,0.0,0.0,36.02816689616633,41.63582731105278,627.6193049050571,52.721535297545834,84.0,8.0,2.0,network_bound,
2026-01-05 03:49:00,32.0057266426627,51.482933117668395,50.28407115846619,167.82105393752576,0.0,0.0,38.89463745254406,41.53336931561689,628.4939873920065,50.57567057398698,85.0,3.0,2.0,network_bound,
2026-01-05 03:50:00,32.30221188460432,47.76475689553037,50.26219526274129,171.13335367249232,0.0,0.0,39.36816977501091,42.726500557465755,625.9115786010902,64.40720689282591,86.0,7.0,2.0,network_bound,
2026-01-05 03:51:00,33.81476306995051,46.67290524892409,50.66104927536633,175.7445520220238,0.0,0.0,37.49122981171454,44.11326846075196,627.2754396384887,63.7375314137421,87.0,3.0,2.0,network_bound,
2026-01-05 03:52:00,30.769496262785715,46.61545712167149,51.084221831517965,168.76109147721988,0.0,0.0,35.124021868026404,43.457742980983504,626.4986824785578,61.89458840653334,88.0,2.0,2.0,network_bound,
2026-01-05 03:53:00,31.93104877580096,47.03133672863344,51.15570987556412,178.6256821126815,0.0,0.0,28.188985698845894,46.06575216167987,627.3924222712875,68.66490035193118,89.0,5.0,2.0,network_bound,
2026-01-05 03:54:00,33.139598970457456,44.75941387530077,50.913216935359664,170.86775947638705,0.0,0.0,25.087396879156177,47.79448746484676,637.7347982203758,77.58340684757687,90.0,3.0,2.0,network_bound,
2026-01-05 03:55:00,32.48043807419022,42.75956630498479,50.97642098236978,164.88954804304447,0.0,0.0,26.737537197527445,44.36568798168598,640.2920537422362,64.77985687572378,91.0,5.0,2.0,network_bound,
2026-01-05 03:56:00,30.537153412155035,41.53923626221295,50.838597637509345,161.2385829326613,0.0,0.0,26.58221265246678,41.684704352119255,653.8002713139261,59.27404322625772,92.0,5.0,2.0,network_bound,
2026-01-05 03:57:00,31.298051295138258,42.96072821200751,50.98522640611778,167.63255518843965,0.0,0.0,26.549879626600934,42.84327139667576,644.1538691003459,61.24391462313544,93.0,4.0,2.0,network_bound,
2026-01-05 03:58:00,32.19025516320046,39.32488816051224,50.98090405703014,174.7054194814346,0.0,0.0,29.92092275209448,43.27028668834192,625.085993598758,68.93495011562608,94.0,6.0,2.0,network_bound,
2026-01-05 03:59:00,30.153165085187393,38.04209294442459,50.97601902015157,159.31978441312887,0.0,0.0,31.028234254137317,38.860120476031476,632.5200658913947,54.7176185027164,95.0,3.0,2.0,network_bound,
2026-01-05 04:00:00,30.699740166267187,37.37901473636532,50.797276796063834,158.71585537986422,0.0,0.0,30.363378179642947,38.614773115595376,645.7441164790355,41.103854842369955,96.0,4.0,2.0,network_bound,
2026-01-05 04:01:00,32.30962377588716,37.19002925173277,50.858845093578644,177.45635449891824,0.0,0.0,30.150025804517064,38.91949654688736,649.067887780954,51.391838680216566,97.0,5.0,2.0,network_bound,
2026-01-05 04:02:00,29.742176858605443,41.16257840763002,50.71602141384297,163.3754976493349,0.0,0.0,29.071950411103206,42.20845361155066,659.1359158760412,60.79612064136234,98.0,3.0,2.0,network_bound,
2026-01-05 04:03:00,30.05428870770127,43.72717995050902,50.778028365026564,163.0277420557741,0.0,0.0,31.67422734797739,40.73368442297782,691.2628620906344,73.53768288126624,99.0,4.0,2.0,network_bound,
2026-01-05 04:04:00,27.861105619301206,42.858139085838445,50.38217086623888,159.6109876765134,0.0,0.0,29.254945124408653,39.68924141776475,708.5996130104751,76.10607801203736,100.0,3.0,2.0,network_bound,
2026-01-05 04:05:00,23.983144840859726,40.807832445710275,50.35551408968852,136.28848478542514,0.0,0.0,24.67531205742307,39.79016670199977,696.9828215822004,69.02146512587119,101.0,3.0,2.0,network_bound,
2026-01-05 04:06:00,26.022983633355647,42.174791015028404,49.915299144356354,144.7472948628533,0.0,0.0,25.60713980513824,41.79180957625444,703.8927919978961,51.68640740999159,102.0,7.0,2.0,network_bound,
2026-01-05 04:07:00,27.645554914613164,41.20679971985978,49.94297184996432,154.8980677269277,0.0,0.0,29.465627927480558,42.89517581935139,689.1563644613245,57.36875818870431,103.0,5.0,2.0,network_bound,
2026-01-05 04:08:00,28.911112577223975,41.33020339939941,50.369623420906095,155.27506920718426,0.0,0.0,27.59131744225992,41.581837295819966,671.4604603850073,66.69709556183234,104.0,3.0,2.0,network_bound,
2026-01-05 04:09:00,30.9968368311454,41.01854787752986,50.393597501017666,162.18895938062565,0.0,0.0,29.68926475564507,38.83741468763641,673.4161138082073,68.86104581529041,105.0,3.0,2.0,network_bound,
2026-01-05 04:10:00,32.47033958821626,40.88863996823251,50.5004230596441,168.18114481337153,0.0,0.0,28.04683781519576,39.26877451785588,646.067594965118,60.19902214876136,106.0,3.0,2.0,network_bound,
2026-01-05 04:11:00,33.38490765478889,42.32228160736238,50.641699962031325,176.8503046306169,0.0,0.0,30.425098963992482,38.7917420701965,664.2149842200797,46.78663732721643,107.0,5.0,2.0,network_bound,
2026-01-05 04:12:00,31.834401855873644,42.35801812777801,50.64934010188365,158.83090392673844,0.0,0.0,34.22413806354345,38.35032249132389,643.1153661980885,44.21926081808199,108.0,4.0,2.0,network_bound,
2026-01-05 04:13:00,36.61451640652461,43.161301592503364,50.411085846820576,181.58338492723442,1.0,0.0,28.853131268511618,35.08495975805838,630.9914727925548,39.32572004562775,109.0,2.0,2.0,network_bound,
2026-01-05 04:14:00,39.18105013607143,44.947600902858056,51.222788494848636,196.31610010171318,0.0,0.0,23.59497588031145,33.540249055817,634.6508315816312,39.37385772554875,110.0,3.0,2.0,network_bound,
2026-01-05 04:15:00,43.59136027014057,45.615087928660614,51.95098116473812,205.58175003467835,0.0,0.0,25.08764998130149,33.90516087553389,638.8828752178298,63.78181132719274,111.0,4.0,2.0,network_bound,
2026-01-05 04:16:00,42.2796055797501,45.46178438786488,52.29914239444088,200.83604795893498,0.0,0.0,29.562845194531437,37.089525640783634,630.4557432591859,60.158528005631254,112.0,4.0,2.0,network_bound,
2026-01-05 04:17:00,34.895711224443005,45.44757433263957,51.83291416198855,166.9013641725466,0.0,0.0,27.532748688432726,40.645950023500404,623.9410148591936,75.68343646570774,113.0,6.0,2.0,network_bound,
2026-01-05 04:18:00,32.974386801191805,49.411127320466456,51.43716926217613,173.00836457905837,0.0,0.0,29.477984716722112,45.459379710929284,617.576230594391,50.48778337821875,114.0,4.0,2.0,network_bound,
2026-01-05 04:19:00,32.00396045977012,48.86833789599748,51.42518051425004,163.5280194616312,0.0,0.0,33.96932993899273,47.47251231781513,617.7011105955347,44.924631354806216,115.0,3.0,2.0,network_bound,
2026-01-05 04:20:00,29.41680292366253,49.81801966084548,51.74359216138146,155.9184629524661,0.0,0.0,27.9569867967843,48.21473477510481,647.7062063662971,49.4599241379185,116.0,4.0,2.0,network_bound,
2026-01-05 04:21:00,31.263760810447003,49.308160869697666,51.476277674026804,164.1602143734412,0.0,0.0,25.41088425581418,47.9267845362948,641.647202149211,41.69887154453153,117.0,3.0,2.0,network_bound,
2026-01-05 04:22:00,30.545362381810424,46.86302409383695,51.49562908222653,162.71201048042994,0.0,0.0,28.246420389336233,43.45215741034037,642.3368484012678,58.699124122931934,118.0,3.0,2.0,network_bound,
2026-01-05 04:23:00,31.70078788529017,45.21497910911066,51.454706546036505,168.8186101127108,0.0,0.0,27.40225446527412,41.232281248944666,664.0134260125568,50.92328317473512,119.0,2.0,2.0,network_bound,
2026-01-05 04:24:00,30.824700633209652,46.64317411430541,51.204428363142,165.55828010024663,0.0,0.0,25.71447287684828,42.25507935883337,652.7429119270558,50.740391463046755,120.0,4.0,2.0,network_bound,
2026-01-05 04:25:00,30.36117196033757,46.950681645470134,51.00473894702477,150.79701806622222,0.0,0.0,25.97377277898844,40.28729613614873,644.7294162018705,70.38141920871755,121.0,4.0,2.0,network_bound,
2026-01-05 04:26:00,30.089961752859242,43.4318546575279,51.14027560293863,164.16474524634907,0.0,0.0,24.106588247851047,43.81888960333982,661.5136720919829,53.758429358214,122.0,4.0,2.0,network_bound,
2026-01-05 04:27:00,27.71007867809182,42.007807150090144,50.89298953487504,163.2242224157997,0.0,0.0,26.729039620332685,44.328836748216595,691.5231664245499,49.283856619909706,123.0,4.0,2.0,network_bound,
2026-01-05 04:28:00,26.85950719182194,43.24856394293127,50.74918541756365,148.8704901352071,0.0,0.0,26.079451763392683,45.31655567229899,701.4484019789785,60.36703002411811,124.0,5.0,2.0,network_bound,
2026-01-05 04:29:00,30.752927979644625,42.26745328936382,50.5712326041894,167.29013378744634,0.0,0.0,25.653211623528293,48.96456509959043,714.1058530395767,44.806515111982876,125.0,2.0,2.0,network_bound,
2026-01-05 04:30:00,32.197043483539524,42.356138347006514,50.81397180939726,176.86359899610832,0.0,0.0,31.37208449550744,47.82543533688785,738.4282117730615,35.603749382820375,126.0,5.0,2.0,network_bound,
2026-01-05 04:31:00,31.556031735160147,42.50744346091753,50.47370094528085,168.44744292327061,0.0,0.0,29.106617914382767,49.25427254671806,753.0687798110404,34.751191419276424,127.0,6.0,2.0,network_bound,
2026-01-05 04:32:00,35.20348801933945,40.05696413254279,50.85338715471174,181.42172532874264,0.0,0.0,29.968018704008536,44.5244966393399,741.2570315378752,40.009012365334875,128.0,3.0,2.0,network_bound,
2026-01-05 04:33:00,31.497067399632158,41.863618083657215,50.64691414200984,168.2178989857852,0.0,0.0,30.283316707258923,44.164789528538996,742.4724696861463,63.354947544744505,129.0,3.0,2.0,network_bound,
2026-01-05 04:34:00,35.0150735170482,40.84963064848923,50.30198282538805,173.51112323266616,0.0,0.0,28.686589323932004,42.56820142378196,711.7988967579826,58.32663069189453,130.0,3.0,2.0,network_bound,
2026-01-05 04:35:00,35.23511684258678,41.48319169349963,50.47024276610848,180.00362621270543,0.0,0.0,28.736836540334394,45.74615399508601,717.3322265239331,65.53298551102476,131.0,5.0,2.0,network_bound,
2026-01-05 04:36:00,38.5412378259259,45.22018756334522,50.83323925865612,191.69143077086312,0.0,0.0,30.292894066276855,45.70670724132155,695.8064853120626,73.80518148800547,132.0,3.0,2.0,network_bound,
2026-01-05 04:37:00,36.26898871778969,44.104762464541984,51.042920643625834,183.61951545369274,0.0,0.0,26.652389361112306,45.2136553821726,692.7730036173464,63.60463583418765,133.0,4.0,2.0,network_bound,
2026-01-05 04:38:00,40.7185847265345,43.84621948756526,51.43075444635912,194.8550373597536,0.0,0.0,29.379384547403887,44.515963788053014,701.7321557787309,68.86667715025673,134.0,4.0,2.0,network_bound,
2026-01-05 04:39:00,40.38543101497318,44.16521845996024,52.012928448156075,195.6349436288519,0.0,0.0,30.6905272072739,42.43280818512471,677.4205756927352,60.17539743162503,135.0,3.0,2.0,network_bound,
2026-01-05 04:40:00,36.08908535927969,43.7951235898013,51.57060602809728,179.63316203855734,0.0,0.0,31.2985539327886,42.435417741131936,673.2842879864041,59.675967086903874,136.0,4.0,2.0,network_bound,
2026-01-05 04:41:00,34.528200651464395,43.26180585081403,51.94439734410982,176.86812048097173,0.0,0.0,31.0861468163929,40.37118665998826,673.895960812801,64.63677782581065,137.0,5.0,2.0,network_bound,
2026-01-05 04:42:00,35.311224661490506,45.00833212194524,52.02668879509079,180.95755569956486,0.0,0.0,30.54691469408741,38.991628084811424,663.8094762836787,73.33354852847557,138.0,3.0,2.0,network_bound,
2026-01-05 04:43:00,33.52915161021972,47.19197717624199,51.8544543192825,175.95333285201534,0.0,0.0,32.083598441047634,40.29776825080421,678.9927761266132,85.90380689119708,139.0,3.0,2.0,network_bound,
2026-01-05 04:44:00,31.31187692330586,50.40289233622174,51.8238649481455,172.459692659922,0.0,0.0,30.82766631953039,40.4132741570349,690.6922038830876,96.20963807814061,140.0,5.0,2.0,network_bound,
2026-01-05 04:45:00,30.224710825712748,53.92736966937785,51.878864910390426,167.7001334001555,0.0,0.0,26.75123097795997,40.781337531436115,684.845976715151,103.69428554999799,141.0,4.0,2.0,network_bound,
2026-01-05 04:46:00,27.1378113645827,53.479553534123625,52.189646638834375,160.84670020368955,0.0,0.0,23.299323036364342,38.929940882604065,668.4510276317973,118.57468452346443,142.0,4.0,2.0,network_bound,
2026-01-05 04:47:00,24.37994482779503,56.24374009104319,51.49305149310716,137.24939543837456,0.0,0.0,24.285561599432185,40.117367297296646,702.3601796611872,114.68236561533051,143.0,4.0,2.0,network_bound,
2026-01-05 04:48:00,27.877986646679503,57.367017827464664,51.057352757910756,159.293230364018,0.0,0.0,23.711576621640038,38.79145043124458,706.7987629430976,97.01817291511898,144.0,3.0,2.0,network_bound,
2026-01-05 04:49:00,28.008448171105208,54.27993005346885,51.132225552322126,161.00485929240855,0.0,0.0,32.24348580970736,36.304640856032286,680.2468780861095,94.28780165948197,145.0,3.0,2.0,network_bound,
2026-01-05 04:50:00,4.393569156345839,17.562636771710046,49.37893616092909,74.95395974283198,0.0,0.0,1.122793112153675,29.670337448775328,46.42898726034014,36.26909982414147,0.0,0.0,0.0,idle,
2026-01-05 04:51:00,4.959733635960659,17.53329870700135,48.158198479451485,75.80951239284823,0.0,0.0,3.802163525509152,32.46614410232747,33.52912326751043,36.44614548212217,0.0,1.0,0.0,idle,
2026-01-05 04:52:00,3.9126792813251865,16.478851727973925,47.29443408605097,68.19373023107636,0.0,0.0,5.879292900833883,27.014640259014108,41.54237892409447,33.41614594233401,0.0,2.0,0.0,idle,
2026-01-05 04:53:00,2.9385337843269936,16.073492392839903,46.229186914608505,70.57161862702085,0.0,0.0,7.1443550062803585,29.009000323788577,38.6518849425353,41.81728516163755,0.0,2.0,0.0,idle,
2026-01-05 04:54:00,0.0,15.60420538932491,45.19789519660372,62.84991801259439,0.0,0.0,12.16985132185059,27.731200423228728,42.276098663784914,40.791863775795754,0.0,2.0,0.0,idle,
2026-01-05 04:55:00,0.0,14.341587915707866,44.189768164976385,59.04274993513428,0.0,0.0,11.16196191528407,27.368926011854285,66.39728550190836,18.679852992848176,0.0,2.0,0.0,idle,
2026-01-05 04:56:00,0.0,11.989289136064297,43.21579044067882,62.42503245550837,0.0,0.0,9.338487597706298,29.269283042755013,74.14291635741834,3.270778463771416,0.0,4.0,0.0,idle,
2026-01-05 04:57:00,0.0,11.925285829555936,42.544828741665484,67.59083833528288,0.0,0.0,8.154302135577012,35.33690248164608,66.91415010566453,8.847243617962715,0.0,1.0,0.0,idle,
2026-01-05 04:58:00,1.585608059056025,12.778848933462747,41.69936820206066,65.9794822883553,0.0,0.0,11.889172078216333,34.592655766671285,49.970557912176744,26.939123952411055,0.0,2.0,0.0,idle,
2026-01-05 04:59:00,3.270165317561599,9.508728888510788,41.25720495546005,72.58052413876034,0.0,0.0,12.856544199036513,33.031422378531154,63.18128732416533,14.235765679409477,0.0,0.0,0.0,idle,
2026-01-05 05:00:00,1.8546582268964338,8.103341560625385,40.789258674917996,71.31149499242997,0.0,0.0,8.39306403030136,32.51007915309703,35.6407633364985,13.47893713842074,0.0,1.0,0.0,idle,
2026-01-05 05:01:00,6.640705524573936,6.768139818598463,40.77977897333464,74.7673776327281,0.0,0.0,4.880498103345634,30.50034175933128,26.92555336284733,14.246575266660944,0.0,1.0,0.0,idle,
2026-01-05 05:02:00,5.525059656705078,7.927323014240484,40.565686446357724,84.57545241565106,0.0,0.0,6.781985626207534,31.544589223861,20.368715977559834,14.818403861593168,0.0,3.0,0.0,idle,
2026-01-05 05:03:00,6.574877908373653,10.528212681645385,40.29516909024587,87.39595905242554,0.0,0.0,11.85606297532716,33.3624482800861,33.90831077781734,13.434920343679778,0.0,2.0,0.0,idle,
2026-01-05 05:04:00,4.379904937974994,9.822055680827036,40.63450007833695,77.77506671075865,0.0,0.0,12.447276914479467,32.502522792751044,5.501124690761438,20.818743329596323,0.0,1.0,0.0,idle,
2026-01-05 05:05:00,0.7232159188446755,12.381821660081929,39.90354605072145,50.21014392837742,0.0,0.0,12.153930310798863,34.73227410115764,0.0,8.179246485004121,0.0,2.0,0.0,idle,
2026-01-05 05:06:00,3.3954660820933102,12.913121588550897,39.575275600708714,74.67543278035717,0.0,0.0,9.998655576357319,31.191814519538045,0.0,3.4898680159759095,0.0,0.0,0.0,idle,
2026-01-05 05:07:00,6.868217787796224,12.17742567054311,39.63740485811603,84.15253917484611,0.0,0.0,10.543649833932093,29.10319913296794,0.3601193870467032,0.0,0.0,2.0,0.0,idle,
2026-01-05 05:08:00,6.123494654778077,8.567332823144199,39.62415617532308,76.11682548691262,0.0,0.0,9.205728344400054,28.029912247902935,2.1218711126899246,23.022000875702325,0.0,2.0,0.0,idle,
2026-01-05 05:09:00,6.422198731557554,8.812809381610203,40.010524243351426,92.26844616493709,0.0,0.0,15.056999644674104,26.005578472980815,15.791628765728138,12.571041760751228,0.0,3.0,0.0,idle,
2026-01-05 05:10:00,5.353220350137623,6.933644361187726,39.85640893532865,76.96218792050864,0.0,0.0,16.68846443153318,25.941224733540444,6.313309640984523,0.0,0.0,2.0,0.0,idle,
2026-01-05 05:11:00,5.5231038873111045,8.972263736001757,39.87081593206601,83.53269729919322,0.0,0.0,13.93300570935029,30.27532034972629,0.0,3.197318349084257,0.0,2.0,0.0,idle,
2026-01-05 05:12:00,4.340318659650088,7.5633857469689225,39.912496303120314,60.343462309032766,0.0,0.0,11.48237031578957,30.518065432425747,0.0,2.3434600201936138,0.0,3.0,0.0,idle,
2026-01-05 05:13:00,3.4534011092953687,4.888857603359815,39.82880777131142,70.86458498379588,0.0,0.0,10.80680106057288,28.608382073769082,0.0,0.590128216749374,0.0,6.0,0.0,idle,
2026-01-05 05:14:00,3.812203613127341,4.471739490884846,40.022598709607735,73.47773863601441,0.0,0.0,10.869110846011367,28.729588488069247,0.0,16.066254251461267,0.0,3.0,0.0,idle,
2026-01-05 05:15:00,6.629024595669555,5.7408873101904465,40.438130196124966,89.77133181197632,0.0,0.0,9.96997790299627,28.54625285490852,0.0,19.1953939536442,0.0,3.0,0.0,idle,
2026-01-05 05:16:00,7.101669638799201,5.361316052892988,40.148143496018214,85.27864315367874,0.0,0.0,9.106710845786257,30.734416338340615,0.0,23.980363123818183,0.0,1.0,0.0,idle,
2026-01-05 05:17:00,5.401054776317277,0.3569514607208175,39.9346122694198,76.09898637595786,0.0,0.0,6.838987706561428,31.1179017860536,0.0,20.49172037443512,0.0,2.0,0.0,idle,
2026-01-05 05:18:00,4.416301810163329,2.9442348379257686,39.52978906029425,70.2214264379511,0.0,0.0,8.761322122230212,30.12997707099263,0.0,33.642038261549644,0.0,1.0,0.0,idle,
2026-01-05 05:19:00,3.1974101718495183,2.0768951863798524,39.44626154764111,78.76467948690359,0.0,0.0,3.1536603032978,29.959211605230763,0.0,30.278863890870536,0.0,4.0,0.0,idle,
2026-01-05 05:20:00,1.124074897728018,3.3030639826591175,39.3311440557309,65.49236257585059,0.0,0.0,4.041555057655431,30.281893546474542,8.899021696212538,33.12505165325945,0.0,2.0,0.0,idle,
2026-01-05 05:21:00,2.5433025135212857,4.282364737359683,39.35002863597907,68.81759389448551,0.0,0.0,0.9296203873306355,30.478544782760807,7.040998364879552,23.825041548846787,0.0,2.0,0.0,idle,
2026-01-05 05:22:00,0.0,5.208731502563854,39.28147790181855,66.41884123514107,0.0,0.0,3.1990035644278234,31.844684940793535,25.111938661197534,39.53057269273883,0.0,1.0,0.0,idle,
2026-01-05 05:23:00,0.31848655493953737,5.9051285928034005,39.10807630299778,64.05787606431326,0.0,0.0,8.69252468897675,34.27476658303281,56.8046461774613,14.505179547430743,0.0,0.0,0.0,idle,
2026-01-05 05:24:00,1.6168930189208623,7.929977121743588,38.79924650430081,62.642019331073584,0.0,0.0,11.96461282578544,35.310505568267224,30.253442495228292,12.859950543026908,0.0,3.0,0.0,idle,
2026-01-05 05:25:00,0.0,10.535474996984915,38.79794453184366,67.15267939559611,0.0,0.0,5.387012042286951,37.083826308307756,11.728308026762308,9.835360083175575,0.0,3.0,0.0,idle,
2026-01-05 05:26:00,0.0,11.567618452421108,38.46129429272124,62.94864815802964,0.0,0.0,4.180596333565919,36.59736054730028,16.809699640663304,1.9914824780236309,0.0,2.0,0.0,idle,
2026-01-05 05:27:00,2.4174822927912043,12.948555874588351,38.177654298975334,67.67700320311535,0.0,0.0,9.087835451158295,36.55777253134671,8.086132060029833,9.84902571408205,0.0,3.0,0.0,idle,
2026-01-05 05:28:00,93.51415000778674,58.434112542306586,43.5439126822289,384.88067686902593,0.0,0.0,59.71378265724692,54.010231451245986,147.55885246003342,46.13492994003079,0.0,3.0,2.0,compute_bound,
2026-01-05 05:29:00,94.93510593277672,59.88369277065156,47.553902917733936,379.4064040163941,0.0,0.0,56.99569848730013,55.01225904329392,147.11117090660997,59.31320776305836,1.0,5.0,2.0,compute_bound,
2026-01-05 05:30:00,92.23896229049882,57.57136085960865,51.02016644055859,375.0392381285601,0.0,0.0,53.997231185129564,52.08092974351877,123.28702774621159,63.24513766331724,2.0,3.0,2.0,compute_bound,
2026-01-05 05:31:00,93.24771490848491,58.17904191151319,53.914416317090165,383.7720795352236,0.0,0.0,50.62351393467467,51.831598817098886,115.31724562097443,49.216193306869926,3.0,3.0,2.0,compute_bound,
2026-01-05 05:32:00,92.01144101461703,58.3573186500838,56.29758482663628,364.4985088526202,0.0,0.0,55.095996532947815,53.055505189020785,91.10855512473623,43.50754927441961,4.0,3.0,2.0,compute_bound,
2026-01-05 05:33:00,90.74298201023313,58.586909428003345,58.8107293948907,376.0623966710435,0.0,0.0,48.26174903197763,51.62902607935541,119.78185905408593,25.947640845187976,5.0,5.0,2.0,compute_bound,
2026-01-05 05:34:00,93.39033397724685,55.748185281103424,61.177248940309305,378.25664403743843,0.0,0.0,45.3551738676252,53.78679182318062,128.40305543981827,28.021193063986615,6.0,2.0,2.0,compute_bound,
2026-01-05 05:35:00,97.04258511426185,55.494178270508336,63.80316582726246,391.86906284766786,0.0,0.0,50.19781887465722,55.629845457822,149.60391869834643,29.86744904067212,7.0,4.0,2.0,compute_bound,
2026-01-05 05:36:00,96.80186993848957,53.99467980665761,65.67195760748588,390.69330494300027,0.0,0.0,52.157729700002356,57.30745709236274,154.09119716579087,32.49954514792241,8.0,6.0,2.0,compute_bound,
2026-01-05 05:37:00,98.73910017859916,51.211789335906815,67.46165629019575,399.24369886311587,0.0,0.0,51.40629834836661,57.07364169420198,146.4269502273989,46.901046091324716,9.0,4.0,2.0,compute_bound,
2026-01-05 05:38:00,99.65463341965285,46.019083733233785,69.17191817325572,402.2333166872784,0.0,0.0,46.33746619938891,57.29490307192107,141.3408133991275,44.76208631862242,10.0,2.0,2.0,compute_bound,
2026-01-05 05:39:00,100.0,47.91772936387612,69.99716752225002,395.11429396060566,0.0,0.0,50.35763476984951,52.61525122619378,134.7087995481436,57.41660281826037,11.0,6.0,2.0,compute_bound,
2026-01-05 05:40:00,99.45784545316664,45.835824765260654,71.31138374091029,406.12572553536023,0.0,0.0,49.76894251848212,52.982452806010876,151.95174415137348,53.03989323316368,12.0,5.0,2.0,compute_bound,
2026-01-05 05:41:00,100.0,47.92954506054904,72.30651839497764,398.0106105668759,0.0,0.0,47.43335821834443,53.88194822131498,166.72311050346397,40.735712084947764,13.0,4.0,2.0,compute_bound,
2026-01-05 05:42:00,100.0,45.26207722346112,72.88949847317278,401.05332494148183,0.0,0.0,48.094392249430804,55.3477138382237,166.91617573828077,36.97270386779939,14.0,3.0,2.0,compute_bound,
2026-01-05 05:43:00,99.27370341236576,46.92910435800985,73.6480575822935,390.949443427702,0.0,0.0,49.62281765475634,54.82456478755353,164.43654525333645,40.264434691425954,15.0,6.0,2.0,compute_bound,
2026-01-05 05:44:00,100.0,45.22312404418288,74.11078602090791,398.37383817847723,0.0,0.0,51.3195057659902,56.39884468521436,147.35392212838823,48.85429514863159,16.0,3.0,2.0,compute_bound,
2026-01-05 05:45:00,100.0,46.61605835454078,75.02117755272634,390.05455548385606,0.0,0.0,53.47070264204717,57.13684371318752,142.460460382891,46.64921745518691,17.0,2.0,2.0,compute_bound,
2026-01-05 05:46:00,96.59626915828488,49.50527538099935,75.59872074716571,387.42279494316534,0.0,0.0,52.34500265714881,57.01246649361319,135.62310349698558,27.014458787440347,18.0,5.0,2.0,compute_bound,
2026-01-05 05:47:00,97.72333431854432,48.54840416924483,75.93168866766105,395.58605018677713,0.0,0.0,46.58800775359627,52.5918610602765,163.6676569626545,31.58425492990629,19.0,6.0,2.0,compute_bound,
2026-01-05 05:48:00,100.0,46.99599989955475,76.57458712033011,404.11989765695483,0.0,0.0,54.69629362970082,53.17311798763984,152.26794877638193,31.522165789296707,20.0,5.0,2.0,compute_bound,
2026-01-05 05:49:00,99.2280419795962,51.90196904164612,77.01777990904628,403.69147583184207,0.0,0.0,52.69199635483765,56.33181696104915,140.44847665437277,45.61677687502898,21.0,4.0,2.0,compute_bound,
2026-01-05 05:50:00,98.98703294443887,54.65869740236654,77.38035482525088,400.79728078349785,0.0,0.0,47.996899954182005,57.37098978726997,146.23125076511872,51.02501990989009,22.0,4.0,2.0,compute_bound,
2026-01-05 05:51:00,100.0,53.13073926435406,77.71260270099914,394.43325391172226,0.0,0.0,53.20207170665428,61.58195114448232,160.50185351920595,42.20296401721831,23.0,3.0,2.0,compute_bound,
2026-01-05 05:52:00,99.28706627051962,56.54012248605117,78.00376931515999,396.4401029556892,0.0,0.0,55.705657918931756,62.739608514821434,131.4032023432341,44.42970427687463,24.0,5.0,2.0,compute_bound,
2026-01-05 05:53:00,99.45894856694522,55.037461692771366,78.09004689635847,391.49515366873595,0.0,0.0,62.06907321330868,64.41822141313887,140.76598278960003,40.3554080481763,25.0,2.0,2.0,compute_bound,
2026-01-05 05:54:00,97.58125828175449,54.98858736595296,78.29400577399609,387.05519767153544,0.0,0.0,68.6915592216385,64.50559157606466,120.41170817747802,20.146148580210713,26.0,4.0,2.0,compute_bound,
2026-01-05 05:55:00,100.0,56.44358657322284,78.55556839570522,403.9741005791544,0.0,0.0,72.00705265462358,64.21165942006036,144.8065185964082,15.749922661864087,27.0,4.0,2.0,compute_bound,
2026-01-05 05:56:00,100.0,57.92204746075146,79.12424383684014,402.5001517523203,0.0,0.0,64.91055259375037,64.42546435838803,133.53472175747612,22.88312284485974,28.0,5.0,2.0,compute_bound,
2026-01-05 05:57:00,99.02512751600884,57.84859259763077,78.88911845302995,394.94208608710846,0.0,0.0,62.77411521478133,63.30692053811896,149.4101502957674,38.95521019330304,29.0,7.0,2.0,compute_bound,
2026-01-05 05:58:00,95.66295039527465,58.43267931858742,78.9423923797467,387.666176359683,0.0,0.0,60.915501185501945,63.065707384725194,149.1948342186632,59.803298903682204,30.0,5.0,2.0,compute_bound,
2026-01-05 05:59:00,93.29310294084573,55.434664784001846,78.84947155813438,375.20658260385466,0.0,0.0,61.86220428894454,60.7879365545982,152.11677116545533,58.819871480777934,31.0,6.0,2.0,compute_bound,
2026-01-05 06:00:00,94.09908584633172,55.7169101052254,78.4949377269601,379.62611295781954,0.0,0.0,62.39417841492675,60.86785244996749,165.67723036249953,65.71698139075029,32.0,2.0,2.0,compute_bound,
2026-01-05 06:01:00,94.39514288372,54.05217733753311,78.39386364953492,383.79276090518994,0.0,0.0,61.45433418934947,57.949917476497724,165.8675124995571,67.3694426359045,33.0,4.0,2.0,compute_bound,
2026-01-05 06:02:00,92.97165426597732,52.67140261584704,78.76637523979369,390.5200640925767,0.0,0.0,59.36377810553932,57.87462917953551,182.74120965897484,62.827531494529644,34.0,4.0,2.0,compute_bound,
2026-01-05 06:03:00,95.36460961055852,51.665990832605054,78.53860330049201,379.47577968575195,0.0,0.0,58.355766869476795,55.563506725119396,157.35819439969416,55.86558672237932,35.0,3.0,2.0,compute_bound,
2026-01-05 06:04:00,95.5592310106142,53.16700164483173,78.11796135144466,376.4414777231644,0.0,0.0,58.34480083239866,54.09667080255272,140.89184899586377,59.100513184880924,36.0,4.0,2.0,compute_bound,
2026-01-05 06:05:00,98.73938692687646,54.5806163650787,78.15300224480745,393.4687345492635,0.0,0.0,59.64613537492326,50.920088306275346,150.70250439095824,70.56456267174494,37.0,4.0,2.0,compute_bound,
2026-01-05 06:06:00,96.08957450757423,54.19368010137973,78.00539145818853,370.71754369388105,0.0,0.0,54.852263975397726,48.05446505608394,140.15853084977365,79.37942258659758,38.0,2.0,2.0,compute_bound,
2026-01-05 06:07:00,100.0,56.76208026796872,78.36861116763119,406.32408627273185,0.0,0.0,55.96832866536955,43.23291798062539,124.09311639752937,72.00626329078068,39.0,2.0,2.0,compute_bound,
2026-01-05 06:08:00,100.0,53.26458000664083,78.19308936728554,401.3752552461678,0.0,0.0,59.344764749900364,49.89461813101189,147.1331081963394,61.40915280731126,40.0,4.0,2.0,compute_bound,
2026-01-05 06:09:00,100.0,54.87172769438698,78.15206734015953,394.3950208233189,0.0,0.0,57.35394025004317,49.789321420417664,135.37248913468426,49.128778651763355,41.0,2.0,2.0,compute_bound,
2026-01-05 06:10:00,100.0,57.794433786445104,78.34483845651125,389.9442345573543,0.0,0.0,56.44458350436381,49.32427268356223,123.42598912770356,30.428564197305334,42.0,5.0,2.0,compute_bound,
2026-01-05 06:11:00,100.0,57.49661615616608,78.3603830176033,395.7043390135955,0.0,0.0,56.811883500265694,47.88614890301063,114.92454719165832,18.605841805793744,43.0,4.0,2.0,compute_bound,
2026-01-05 06:12:00,98.51588352903129,57.59857704539982,78.6793256453131,393.6728251277889,0.0,0.0,58.74146685752323,49.765605133833226,145.55415424296913,27.721035535517842,44.0,2.0,2.0,compute_bound,
2026-01-05 06:13:00,98.27469401716445,56.19409395306198,78.82778253608498,401.31801046910334,0.0,0.0,54.185385567061275,51.07665593918946,122.90187980771563,14.511291046134886,45.0,5.0,2.0,compute_bound,
2026-01-05 06:14:00,96.87809535885512,54.46087366848187,78.42586526019912,384.60183012288684,0.0,0.0,57.153814765455095,51.19719203873996,102.43086984800584,13.341664487110918,46.0,3.0,2.0,compute_bound,
2026-01-05 06:15:00,93.97196175244436,52.13672771040644,78.79098319363999,394.01701862275166,0.0,0.0,61.27031018961046,52.2122221748418,103.86831232839754,12.48352476386141,47.0,5.0,2.0,compute_bound,
2026-01-05 06:16:00,95.48046931312025,54.44043963138318,78.46868979095538,387.6331357273367,0.0,0.0,59.795651386024645,54.59046092163393,111.31164203922803,23.40673602423349,48.0,4.0,2.0,compute_bound,
2026-01-05 06:17:00,94.387402367875,58.04132142561484,78.27740900647547,379.1037166540645,0.0,0.0,55.503553180856436,55.04115511958671,134.9725773213322,16.927136248267857,49.0,3.0,2.0,compute_bound,
2026-01-05 06:18:00,94.63044769066205,59.12279821731636,78.2298932438464,378.92072437053565,0.0,0.0,51.91642131216421,55.49392465988361,156.9325973926968,34.96471133457451,50.0,6.0,2.0,compute_bound,
2026-01-05 06:19:00,94.81913684326625,57.455928519171785,78.278769269358,376.55684502914636,0.0,0.0,47.16282702256304,55.049402046235336,173.3291148111862,42.67350911437894,51.0,3.0,2.0,compute_bound,
2026-01-05 06:20:00,95.20822813106486,57.34710194614614,77.82647030249974,380.74608815809984,0.0,0.0,44.039500895425505,54.24344537830562,170.23300953952787,36.99104071164132,52.0,5.0,2.0,compute_bound,
2026-01-05 06:21:00,92.5609412821445,56.63376385312583,78.02883678402767,368.3983318402157,0.0,0.0,40.48618220679388,54.770902525924996,192.2591278614908,14.781533027090205,53.0,2.0,2.0,compute_bound,
2026-01-05 06:22:00,96.12212768601383,54.14987456450596,77.96392443696152,389.2935001207227,0.0,0.0,40.078734674186066,55.757450465030544,170.17103481069094,23.459150408757573,54.0,5.0,2.0,compute_bound,
2026-01-05 06:23:00,91.89209571497258,50.29556158777561,77.60407374090222,376.91212904389647,0.0,0.0,44.02523494054061,55.33793761857976,168.37882078571724,26.772172648069816,55.0,4.0,2.0,compute_bound,
2026-01-05 06:24:00,95.5914580021285,50.72482880651006,77.47318219307881,388.56962138370557,0.0,0.0,46.03529528420079,53.281862422821604,156.70903737051216,10.893735270968023,56.0,3.0,2.0,compute_bound,
2026-01-05 06:25:00,99.79468240809086,49.17923259918994,77.84015825489676,407.80109241470296,0.0,0.0,49.42648831840303,52.482722202888,165.28038057460793,2.3347454051414758,57.0,3.0,2.0,compute_bound,
2026-01-05 06:26:00,100.0,51.5866021400967,78.52382114802887,405.9003250919385,0.0,0.0,52.0967207584502,52.289622341498855,152.2289465489603,5.099298160131497,58.0,4.0,2.0,compute_bound,
2026-01-05 06:27:00,98.18307907944192,47.098370327538746,78.66493020781814,398.1876678347441,0.0,0.0,50.564647845402874,53.961580689809125,151.00202309791746,6.979632942757689,59.0,3.0,2.0,compute_bound,
2026-01-05 06:28:00,100.0,48.282951942138084,78.76607203656023,389.1863754559335,0.0,0.0,48.370230331110484,52.76072243013311,152.70523874253962,0.0,60.0,5.0,2.0,compute_bound,
2026-01-05 06:29:00,99.98329997435944,48.92046746032368,78.94552133857896,390.4901786128954,1.0,0.0,51.291753037672635,50.959118763832734,146.68601193515522,0.0,61.0,5.0,2.0,compute_bound,
2026-01-05 06:30:00,100.0,50.31111830950479,78.5578383270272,400.74525537600744,0.0,0.0,51.88697419856274,49.82924235951473,142.22621758241982,5.148317430861404,62.0,3.0,2.0,compute_bound,
2026-01-05 06:31:00,97.64184013296106,51.044032167823616,78.58923727913154,390.00542297984816,0.0,0.0,55.23407351588316,47.539739111015926,157.0644023086113,0.0,63.0,5.0,2.0,compute_bound,
2026-01-05 06:32:00,100.0,51.95216400471809,78.9550403036713,401.9431114295676,0.0,0.0,51.09162917554058,51.68742530775186,144.05299895017632,3.2100867724542255,64.0,5.0,2.0,compute_bound,
2026-01-05 06:33:00,98.76619996526586,51.287198338932804,79.33848205987651,398.34023297257346,0.0,0.0,55.10794204554098,55.05471656668184,169.53294508474005,1.250621911908894,65.0,6.0,2.0,compute_bound,
2026-01-05 06:34:00,100.0,50.0887734889443,79.46293988899168,404.7747243246975,0.0,0.0,57.49055281851348,53.76209112076349,175.64876387857092,0.0,66.0,3.0,2.0,compute_bound,
2026-01-05 06:35:00,100.0,49.39987464322169,79.13780803467341,400.677622875031,0.0,0.0,54.12168057084071,53.697922047738096,145.72488417391668,8.688669860129451,67.0,5.0,2.0,compute_bound,
2026-01-05 06:36:00,97.50162331001563,48.76112553090987,78.74970464143563,390.7017862652557,0.0,0.0,61.93264899838189,54.738653908546574,161.70674924361802,0.0,68.0,4.0,2.0,compute_bound,
2026-01-05 06:37:00,99.22872056748929,47.49565785230498,78.64522561018181,394.24356614034417,0.0,0.0,61.21802998974785,55.856427212182986,172.29315718175428,11.058391303665964,69.0,5.0,2.0,compute_bound,
2026-01-05 06:38:00,100.0,51.063365307845245,78.89464127425592,401.367428643493,0.0,0.0,62.52582717397485,53.605250740999125,165.5169331903267,15.178986514239078,70.0,5.0,2.0,compute_bound,
2026-01-05 06:39:00,100.0,53.43901661981571,79.25248653850116,401.8061930575687,0.0,0.0,64.52357477401024,53.53860539459262,134.54961771402816,20.27204149190196,71.0,2.0,2.0,compute_bound,
2026-01-05 06:40:00,100.0,54.141501039531114,79.26161357261694,396.08213032622905,0.0,0.0,65.34870015120491,55.8161926813879,138.3371311372,30.831748323767954,72.0,7.0,2.0,compute_bound,
2026-01-05 06:41:00,100.0,53.03202359958276,79.26948541707556,401.29606929936017,0.0,0.0,64.60320424543323,54.14064972757685,113.836071984934,23.56115209727947,73.0,2.0,2.0,compute_bound,
2026-01-05 06:42:00,100.0,53.15052709755552,78.93201223759353,397.4058816406248,0.0,0.0,54.54123755248586,50.68184884167593,116.21672281444799,38.29619421488682,74.0,2.0,2.0,compute_bound,
2026-01-05 06:43:00,100.0,49.765031941615106,78.54286456906341,398.27058752589227,0.0,0.0,55.373471866289385,50.0523628608338,134.36703698344488,42.411429029120015,75.0,3.0,2.0,compute_bound,
2026-01-05 06:44:00,97.56288881884689,49.66219409193943,78.63278675199557,378.848572263356,0.0,0.0,55.895543342660666,46.89260150963531,106.28877540945416,44.78226065231458,76.0,3.0,2.0,compute_bound,
2026-01-05 06:45:00,97.39766803742361,50.030527753537164,78.73734138360233,388.1215697694309,0.0,0.0,55.278347688770936,49.08324737930816,137.28104598359454,39.77014429702495,77.0,4.0,2.0,compute_bound,
2026-01-05 06:46:00,98.56232734471503,50.02919764352858,78.63573025107299,392.8911603451789,0.0,0.0,54.99670068009713,51.03164219865566,126.85598957891425,51.336589918720534,78.0,4.0,2.0,compute_bound,
2026-01-05 06:47:00,100.0,49.57992090434294,78.9561126869508,406.0544074505377,0.0,0.0,59.25159665950081,54.93116927379203,151.08576693085817,53.83757176582706,79.0,4.0,2.0,compute_bound,
2026-01-05 06:48:00,99.2815812829729,51.759767922132966,78.66296211429385,400.15901262699896,0.0,0.0,60.694709091525326,55.23759500039925,147.77165582970068,69.5827258700554,80.0,4.0,2.0,compute_bound,
2026-01-05 06:49:00,100.0,53.12208361688197,79.0880112356995,410.0,0.0,0.0,60.47208913737528,58.13089528588974,141.61801072392132,57.79094471197688,81.0,5.0,2.0,compute_bound,
2026-01-05 06:50:00,100.0,54.538150784369236,78.90691288559832,394.9390715162786,0.0,0.0,60.96691665462304,59.98998021305178,151.9409357845083,54.93117339946065,82.0,5.0,2.0,compute_bound,
2026-01-05 06:51:00,100.0,53.825158689288784,79.76588169976642,394.97894737759594,0.0,0.0,58.76007968741225,59.90368155118617,164.0365290962533,58.68772908905805,83.0,4.0,2.0,compute_bound,
2026-01-05 06:52:00,100.0,54.687708924112485,79.72422819830606,409.9695307950883,0.0,0.0,57.39785945967388,55.23369738211386,152.28326612539132,72.65933127662001,84.0,4.0,2.0,compute_bound,
2026-01-05 06:53:00,100.0,54.21203303982509,79.91248002086786,393.53631562972066,0.0,0.0,55.86492140950363,55.53186143654786,133.56032986944697,77.66588445374978,85.0,4.0,2.0,compute_bound,
2026-01-05 06:54:00,99.68701345594484,51.93477698052038,79.79986971459451,403.29717972972173,0.0,0.0,61.36241645467353,56.59222743679537,141.9932580814847,84.60851738580934,86.0,3.0,2.0,compute_bound,
2026-01-05 06:55:00,99.54279419181194,55.188573877159264,79.66943564514187,397.8335647066803,0.0,0.0,60.37700110248707,57.53028861156258,154.86191850948424,55.57533454698107,87.0,4.0,2.0,compute_bound,
2026-01-05 06:56:00,97.88140798113461,55.39436542185285,79.96850654576987,398.53743018203244,0.0,0.0,59.86891355081954,58.84892776713756,142.44124779178276,51.61586274300356,88.0,4.0,2.0,compute_bound,
2026-01-05 06:57:00,99.44503979057362,53.20575957989139,79.97451914384898,397.4915397437107,0.0,0.0,59.30193399204168,60.99682588436576,107.54551073978331,63.00513568344835,89.0,3.0,2.0,compute_bound,
2026-01-05 06:58:00,100.0,51.081555110493454,79.77300095257131,404.7589444464573,0.0,0.0,55.1643925653776,57.89786020835512,123.33960444734976,61.48963281718524,90.0,4.0,2.0,compute_bound,
2026-01-05 06:59:00,100.0,54.5037269483903,79.86934492720388,392.1695540678958,0.0,0.0,51.74359429102339,52.98117290240441,146.55713039830715,65.07070764470195,91.0,4.0,2.0,compute_bound,
2026-01-05 07:00:00,100.0,51.338955834598046,79.67923112268012,403.37824843916013,0.0,0.0,55.79806577514469,51.52340825902835,135.48987509239538,57.185517098794094,92.0,6.0,2.0,compute_bound,
2026-01-05 07:01:00,100.0,50.55318275930221,79.34831982323483,396.35611759847626,0.0,0.0,55.32939862601695,53.71081896508664,133.2671535967997,41.107008173086705,93.0,3.0,2.0,compute_bound,
2026-01-05 07:02:00,100.0,48.82658823578933,79.48066674045774,402.9737283827399,0.0,0.0,61.0834746436614,52.99915455106963,147.93535839392237,28.53186383372961,94.0,2.0,2.0,compute_bound,
2026-01-05 07:03:00,99.14076702569805,47.26242499455493,79.90469128340855,402.9724092937608,0.0,0.0,62.191502416711636,51.84249334656525,135.6097626470248,29.475668883234178,95.0,5.0,2.0,compute_bound,
2026-01-05 07:04:00,100.0,47.616926368402176,80.16923766880205,393.68623232049936,0.0,0.0,60.95334897412964,52.958470397308396,135.57516737936027,21.691654009971927,96.0,5.0,2.0,compute_bound,
2026-01-05 07:05:00,100.0,47.27152542210811,80.4523514678386,397.6077462642261,0.0,0.0,55.15161950030777,53.25068354423826,148.1913792670022,20.9232411096352,97.0,6.0,2.0,compute_bound,
2026-01-05 07:06:00,100.0,48.04490719939486,80.55192959015721,396.6387762245753,0.0,0.0,53.55002391685648,51.56876317044266,154.12216152094624,29.39747320181309,98.0,3.0,2.0,compute_bound,
2026-01-05 07:07:00,96.85748913769233,48.45331222484317,80.06867722427542,401.1585697151284,0.0,0.0,53.403892574965454,54.73516696873553,154.53963652810407,42.90323132457526,99.0,5.0,2.0,compute_bound,
2026-01-05 07:08:00,97.16791556455425,50.475477561633824,79.71402701484921,392.86841529124246,0.0,0.0,48.249024065492165,53.14011086572452,167.21247667268437,39.2127565678834,100.0,2.0,2.0,compute_bound,
2026-01-05 07:09:00,97.1567800661864,55.525248719661214,79.72639509064054,385.83049380428,0.0,0.0,48.99784003370893,54.14751959308666,163.0831525615534,52.48953605702741,101.0,3.0,2.0,compute_bound,
2026-01-05 07:10:00,98.17597367998331,57.01328184248869,79.39096157285779,390.2105171863393,0.0,0.0,51.55914998176429,52.04200285081761,153.09021301439833,45.856009227624874,102.0,4.0,2.0,compute_bound,
2026-01-05 07:11:00,98.26068287544201,53.79741695060668,79.27977167803425,389.90377467105174,0.0,0.0,55.20642451629401,49.24978284960221,138.9414840112731,49.551991909901794,103.0,3.0,2.0,compute_bound,
2026-01-05 07:12:00,96.89645203291967,55.90239578622651,79.08006436197586,394.469246675608,0.0,0.0,48.28979291285088,48.08594278951486,123.01468294795174,38.007330061829194,104.0,3.0,2.0,compute_bound,
2026-01-05 07:13:00,95.03714302870172,51.88139813366062,79.14154512795827,390.58602524572296,0.0,0.0,50.07093377695071,52.6928172621907,126.67731713460161,43.25182267491474,105.0,4.0,2.0,compute_bound,
2026-01-05 07:14:00,95.71867615933195,52.18464567456426,79.11494111958457,384.5278919198687,0.0,0.0,46.7204198350205,52.48619432850964,121.60076387544032,35.18730398387975,106.0,4.0,2.0,compute_bound,
2026-01-05 07:15:00,94.891222481492,49.15504468209519,78.83084683746998,374.7614008918809,0.0,0.0,44.680458005969456,54.862066482600945,97.97726069187036,48.059716737076215,107.0,4.0,2.0,compute_bound,
2026-01-05 07:16:00,94.69442492657932,47.91077877280837,78.75561178181299,381.41514999073144,0.0,0.0,46.85436619381342,55.10310848684604,98.77017965054029,41.942745359233996,108.0,3.0,2.0,compute_bound,
2026-01-05 07:17:00,96.98154238990972,49.112036036750766,78.82546549720239,389.61269647225527,0.0,0.0,49.38842302007233,54.56885519378161,97.80846074753961,39.97139102235537,109.0,4.0,2.0,compute_bound,
2026-01-05 07:18:00,95.2986504112346,44.96437974981533,78.72524729297062,387.81008732221017,0.0,0.0,52.899438701261246,53.13288036948543,125.59199948392182,38.95155196437612,110.0,5.0,2.0,compute_bound,
2026-01-05 07:19:00,95.49647630588314,46.27454378691427,78.3619271022125,382.33587975234485,0.0,0.0,48.332065283472645,51.57078490232837,126.41255645839529,34.14383599781995,111.0,3.0,2.0,compute_bound,
2026-01-05 07:20:00,96.07584876854037,47.719220676517374,78.21647278504284,388.83204429410677,0.0,0.0,49.6241985468446,51.3855709848481,118.60303215043311,43.150921713877636,112.0,4.0,2.0,compute_bound,
2026-01-05 07:21:00,100.0,50.96908923577549,78.90811620853275,400.09531566159905,0.0,0.0,48.831049916305126,51.484008620634306,112.37582639761388,46.36326436905654,113.0,2.0,2.0,compute_bound,
2026-01-05 07:22:00,95.86106340309337,49.51061167657529,79.53061810876106,384.1465732902443,0.0,0.0,52.03569155676796,52.125000296158234,137.6948926971186,37.140380225133164,114.0,4.0,2.0,compute_bound,
2026-01-05 07:23:00,91.71589725829504,48.48995618490879,78.80160744988251,367.609874464996,0.0,0.0,54.63260711719366,51.76072120019061,138.10483948724377,16.430726146487565,115.0,4.0,2.0,compute_bound,
2026-01-05 07:24:00,94.65180970237151,49.64396500705978,78.77820389124143,375.6433999388286,0.0,0.0,53.190552719964735,48.144895649406486,131.61888429485128,24.183739698113378,116.0,6.0,2.0,compute_bound,
2026-01-05 07:25:00,93.8374009775683,46.42353548700571,78.84208238078435,378.56675157315925,0.0,0.0,44.93194925314546,52.03202287381751,146.06573125510883,32.912565918747,117.0,3.0,2.0,compute_bound,
2026-01-05 07:26:00,96.01259275836314,48.30076461048573,78.23562817967594,386.8858975457818,0.0,0.0,50.564805247495606,53.870375853632645,146.91592573513861,37.23034896839832,118.0,6.0,2.0,compute_bound,
2026-01-05 07:27:00,94.57923907240192,48.06734708147549,78.08254272584837,384.6489430651101,0.0,0.0,48.83738543197071,56.89693673795409,147.8920438540652,43.569704263896625,119.0,3.0,2.0,compute_bound,
2026-01-05 07:28:00,96.15295485837323,45.79900667093506,78.1542899044347,385.1297985440851,0.0,0.0,53.04740523768908,58.2810434437409,157.23310425850883,44.42556246946303,120.0,4.0,2.0,compute_bound,
2026-01-05 07:29:00,97.88954013965821,45.64222384180014,77.84528875530818,398.7815925446976,0.0,0.0,55.522971711571074,56.6489261148256,163.2400317929255,52.35580997754825,121.0,5.0,2.0,compute_bound,
2026-01-05 07:30:00,99.7384493389755,53.00182065665398,78.70985793835692,394.87808245394183,0.0,0.0,53.47420866834145,52.15394847270492,159.73027191029243,49.778762435347076,122.0,3.0,2.0,compute_bound,
2026-01-05 07:31:00,93.1509911270544,54.42553009469754,78.74264035306614,380.99205501137664,0.0,0.0,53.526368718749545,51.72604281359982,134.44451191293993,56.389430371535425,123.0,4.0,2.0,compute_bound,
2026-01-05 07:32:00,93.99681015555232,52.06164419432958,79.03566685323146,390.96478849839224,0.0,0.0,53.21355439272972,55.610811234411656,146.01032758749892,49.235517818493435,124.0,5.0,2.0,compute_bound,
2026-01-05 07:33:00,91.71026138877187,56.1279070684207,78.90772307644986,375.9425433340776,0.0,0.0,49.985832181303735,57.950879547571766,178.7960307725569,64.62831936788695,125.0,3.0,2.0,compute_bound,
2026-01-05 07:34:00,89.70896461619505,51.87105572939293,78.15228419923442,364.6820153572584,0.0,0.0,50.7448369449763,62.63204097693745,165.1980457141994,69.73716176273777,126.0,3.0,2.0,compute_bound,
2026-01-05 07:35:00,94.32664139165747,53.77388412223776,78.18984927160943,382.8045316357959,0.0,0.0,49.09412403239177,57.538777144712235,164.25601589948656,52.79384392423631,127.0,3.0,2.0,compute_bound,
2026-01-05 07:36:00,97.4331185964642,51.76496491937559,78.48007090944692,393.7485201061386,0.0,0.0,51.73643940421431,59.91518762078493,157.7939182691073,59.0573380259493,128.0,4.0,2.0,compute_bound,
2026-01-05 07:37:00,100.0,51.42569897192963,78.63608826944538,402.88447544137387,0.0,0.0,54.04450071373014,64.68934067278845,149.7655253164316,62.064216156248705,129.0,2.0,2.0,compute_bound,
2026-01-05 07:38:00,98.04296005865487,51.903510388744074,78.79798762029948,393.11401235701527,0.0,0.0,55.06821661594817,62.150390582734566,153.18912537781483,62.30229464187235,130.0,2.0,2.0,compute_bound,
2026-01-05 07:39:00,4.252464178947048,7.461138224898928,74.01802037569493,77.60673218080316,0.0,0.0,5.965889506708448,42.747028592904215,10.779102590078606,25.652085935830698,0.0,3.0,0.0,idle,
2026-01-05 07:40:00,1.5614638668259104,6.483249241733104,69.70843809983778,71.03216749264298,0.0,0.0,7.229474156899571,42.00335982125761,8.212263456742434,12.3293096447503,0.0,4.0,0.0,idle,
2026-01-05 07:41:00,0.0,7.351060566309425,65.68641824709105,59.335754394673444,0.0,0.0,9.521714101329934,41.09732893137889,5.277382660653993,11.90371723381094,0.0,4.0,0.0,idle,
2026-01-05 07:42:00,0.0,4.104750111558819,61.86226629066818,55.56619973875507,0.0,0.0,9.305885770232567,38.304137966845815,13.472965265069798,25.788109115831105,0.0,2.0,0.0,idle,
2026-01-05 07:43:00,0.15962852056207233,6.328658786088875,59.15653309028969,63.84594735623891,0.0,0.0,9.39777593022,35.76807259082847,10.414523542073464,25.706167635523954,0.0,1.0,0.0,idle,
2026-01-05 07:44:00,5.796620869902631,7.873847732701929,56.543002102717516,74.69141481866632,0.0,0.0,5.762210867509895,35.47751220302712,17.815652219207465,18.150498551803935,0.0,3.0,0.0,idle,
2026-01-05 07:45:00,5.758167797778134,7.095862535561455,54.72405560611626,89.09671503639963,0.0,0.0,2.7479035983831492,34.05811045769822,35.40671083522825,7.857872723533129,0.0,3.0,0.0,idle,
2026-01-05 07:46:00,6.9745851503074014,2.0252335999048343,53.0988757108604,85.30997308037813,0.0,0.0,0.024446891527500902,31.767028934672364,59.258896126121996,10.996819616012026,0.0,0.0,0.0,idle,
2026-01-05 07:47:00,4.2428248213164546,0.0,51.508987409160795,72.9214898821524,0.0,0.0,0.33470215575482465,31.502464906039236,70.95362202070002,6.6288159377134495,0.0,2.0,0.0,idle,
2026-01-05 07:48:00,2.5413500792812234,0.0,50.398199535419174,65.4576673735996,0.0,0.0,0.0,33.026197676016665,63.744952024820535,4.407589830832308,0.0,1.0,0.0,idle,
2026-01-05 07:49:00,2.726324129264532,0.0,49.08799492763611,73.54642247276423,0.0,0.0,2.24079465303796,31.86668902694565,56.13702338869451,4.30246712953386,0.0,2.0,0.0,idle,
2026-01-05 07:50:00,6.454732326094254,0.0,47.6937556462076,83.56772439140401,0.0,0.0,3.3577581853180902,34.515431790829666,50.92604738650253,1.5177279933343808,0.0,1.0,0.0,idle,
2026-01-05 07:51:00,2.474172769309153,0.0,46.44182308818906,75.91957472680903,0.0,0.0,2.1438901561786095,31.032497661320132,56.125202452211134,22.10148451962323,0.0,1.0,0.0,idle,
2026-01-05 07:52:00,2.202309962651413,2.789592970963314,45.741328197716676,69.3453465564864,0.0,0.0,3.095938260160397,33.7149864441773,37.359080064522864,6.990908063890448,0.0,4.0,0.0,idle,
2026-01-05 07:53:00,3.0240405922231863,4.394709183613838,44.862818177875695,73.54324460203357,0.0,0.0,7.31751029543425,36.93814058693009,47.1506343978342,0.0,0.0,1.0,0.0,idle,
2026-01-05 07:54:00,0.0,5.965200705471016,44.15952185821244,58.076206251677206,0.0,0.0,5.733893023847807,35.757710545887534,33.7067053944858,0.0,0.0,2.0,0.0,idle,
2026-01-05 07:55:00,0.38112777704553313,4.7976614112067955,43.54429330732391,65.45213388659411,0.0,0.0,6.264295108149611,36.06669617265554,16.915757086300044,0.0,0.0,2.0,0.0,idle,
2026-01-05 07:56:00,0.0,3.4927736679785237,42.54875503510526,55.64480386133977,0.0,0.0,8.49811839264987,37.94055443928575,0.0,0.0,0.0,0.0,0.0,idle,
2026-01-05 07:57:00,2.130422102534929,0.4116154824179805,41.779941676235524,73.21409704165032,0.0,0.0,13.200983374912518,37.09431340697623,11.646377932290713,0.0,0.0,1.0,0.0,idle,
2026-01-05 07:58:00,0.0,0.0,40.87818592792236,60.22961494917035,0.0,0.0,5.65116501585831,38.915824777711414,22.050904251494536,6.215470335346544,0.0,1.0,0.0,idle,
2026-01-05 07:59:00,2.1004225999242134,0.0,40.84657771063225,72.32972938090698,0.0,0.0,4.398865891790782,41.14807474030253,18.394721471392067,31.436019334350114,0.0,1.0,0.0,idle,
2026-01-05 08:00:00,0.0,0.0,41.01035096600128,58.08309490956544,0.0,0.0,2.330210118218747,36.93033217122392,0.0,39.50093015658965,0.0,2.0,0.0,idle,
2026-01-05 08:01:00,0.0,0.0,40.11229433206389,58.61114504490946,0.0,0.0,4.961667863615146,35.38198553619545,0.0,28.23522141236399,0.0,0.0,0.0,idle,
2026-01-05 08:02:00,0.0,0.22467252248241998,39.780739919618,59.971893607148814,0.0,0.0,4.857711755678503,35.507553814059655,14.107587737977532,16.8171803071197,0.0,2.0,0.0,idle,
2026-01-05 08:03:00,0.0,1.6512747920918303,39.83130197107576,55.50554560837472,0.0,0.0,8.931316340739315,34.90783819459307,10.971665953543171,10.259364699187154,0.0,3.0,0.0,idle,
2026-01-05 08:04:00,0.0,8.137069353272093,39.51805879082766,57.62863434026232,0.0,0.0,7.112060284234862,34.537016731755386,9.476605542245743,7.874598585195681,0.0,2.0,0.0,idle,
2026-01-05 08:05:00,0.0,8.7203869702688,39.48652499882823,53.97169317896849,0.0,0.0,9.125264721553904,36.53086031170182,0.4543662815773395,0.0,0.0,0.0,0.0,idle,
2026-01-05 08:06:00,0.0,10.712212279873956,39.277739465246654,62.66812597980454,0.0,0.0,10.186536757538303,36.84789615777709,0.0,0.0,0.0,1.0,0.0,idle,
2026-01-05 08:07:00,0.0,10.671893143792364,39.51079047245957,62.59215110875604,0.0,0.0,9.320426877907778,35.54311140736944,0.0,0.0,0.0,3.0,0.0,idle,
2026-01-05 08:08:00,1.7128035681663119,7.662399524428919,39.15044972895538,63.10816761371063,0.0,0.0,6.822934716720959,35.397778832076874,0.0,3.2504877266487355,0.0,1.0,0.0,idle,
2026-01-05 08:09:00,61.82456066115838,71.81065717921298,42.16695289861661,278.1249769215553,0.0,0.0,58.14808763651939,61.26598330108153,362.4106457367799,102.62301688549941,0.0,6.0,1.0,mixed,
2026-01-05 08:10:00,60.10349990384113,73.1913415487121,44.8407892529563,259.23581326033167,0.0,0.0,57.00846654864375,61.67111410233976,337.3623858464757,107.34988075241874,1.0,4.0,1.0,mixed,
2026-01-05 08:11:00,60.35762693644924,75.19740170529818,47.01164212465721,272.66234344312574,0.0,0.0,58.29210805475374,65.55479708266611,319.4866417961282,81.55236446811219,2.0,4.0,1.0,mixed,
2026-01-05 08:12:00,64.20517366838077,75.48081276470381,49.42048559638633,280.4778337665494,0.0,0.0,57.06958725820345,63.86905312532198,324.8897559913792,76.66426701560877,3.0,6.0,1.0,mixed,
2026-01-05 08:13:00,66.67502499209172,77.22547874274218,51.04921463741612,284.86291870790535,0.0,0.0,57.73403342145388,63.71484313042828,308.0750069152224,84.08861713127239,4.0,4.0,1.0,mixed,
2026-01-05 08:14:00,65.72499703874071,77.33991098891462,52.610952166461914,278.9643007261594,0.0,0.0,50.42936894777155,62.98561927438985,333.7211450914483,82.26357535652636,5.0,5.0,1.0,mixed,
2026-01-05 08:15:00,67.38991190046731,74.94337550285749,54.2597294824987,286.06859234937673,0.0,0.0,48.56596767820976,64.91113695953798,320.52804502620035,81.46947898449213,6.0,2.0,1.0,mixed,
2026-01-05 08:16:00,69.14797633674786,74.76889462690878,55.70052218354753,289.5905333039217,0.0,0.0,46.6705865790749,63.68267094339507,313.5911661541128,92.26102162423051,7.0,2.0,1.0,mixed,
2026-01-05 08:17:00,69.02869571362541,75.28509477135083,57.22516187855422,295.2818134585341,0.0,0.0,54.02307036487711,61.43909603158905,332.31628219410726,89.77368273303325,8.0,3.0,1.0,mixed,
2026-01-05 08:18:00,65.46785694421234,75.1603553169253,58.82824755625579,282.0273361272605,0.0,0.0,49.910509127964914,59.84706230567807,333.7210005247116,88.38646538391723,9.0,5.0,1.0,mixed,
2026-01-05 08:19:00,67.9854270073616,75.00689929350031,59.5178962937568,292.9570335197284,0.0,0.0,51.30076842457459,60.22616990369262,339.24754535444464,88.69007156433099,10.0,4.0,1.0,mixed,
2026-01-05 08:20:00,63.83766725335852,77.64121951129718,59.97032911350278,283.7172153613172,0.0,0.0,51.61804045487186,59.83470840820189,334.16690632907256,95.73797142442587,11.0,5.0,1.0,mixed,
2026-01-05 08:21:00,63.986672990718446,74.07719499085273,60.620571947402084,284.41629287221707,1.0,0.0,50.1033317098109,60.819104744296766,320.4565654115517,118.91752770144974,12.0,5.0,1.0,mixed,
2026-01-05 08:22:00,61.62596513921448,72.00257103243656,61.43373114387763,268.78256650053277,0.0,0.0,54.27857826548772,59.861366390586696,334.51577921933483,125.29297154313625,13.0,2.0,1.0,mixed,
2026-01-05 08:23:00,63.8741735982417,72.0666851827262,61.53416200049786,278.502831257441,0.0,0.0,54.83536809431395,57.87439826265492,362.0977672637502,122.19039636927364,14.0,6.0,1.0,mixed,
2026-01-05 08:24:00,63.5749008928819,75.44094161385681,61.63054803461243,276.7770937405765,0.0,0.0,58.45699032776405,58.87208784257085,374.69862613839257,121.36348535408722,15.0,2.0,1.0,mixed,
2026-01-05 08:25:00,57.160088370168765,77.9168736892598,61.68343232122698,257.7224210106795,0.0,0.0,61.25136144595838,59.48155119760259,395.10232107349,130.018314842842,16.0,3.0,1.0,mixed,
2026-01-05 08:26:00,55.66759397384844,77.96344722649827,61.65303196958117,251.0866763582858,0.0,0.0,55.721111690488755,61.16540060077292,383.6619952754579,128.675633685058,17.0,3.0,1.0,mixed,
2026-01-05 08:27:00,57.59402424416498,75.8199640981236,61.209156211156234,251.72449397086433,0.0,0.0,54.37836267505295,61.03754883760414,429.03153528715865,138.36319260352136,18.0,4.0,1.0,mixed,
2026-01-05 08:28:00,60.83322026721579,74.23231180970414,61.418009590819246,272.74945894149266,0.0,0.0,53.80057249270045,62.08913955915195,416.3976204838832,133.96471051076742,19.0,3.0,1.0,mixed,
2026-01-05 08:29:00,58.6081058386369,70.01345644970878,61.5394003998257,252.79602087871896,1.0,0.0,55.63281236533902,61.88137533446985,423.4716699129407,132.80507331226872,20.0,4.0,1.0,mixed,
2026-01-05 08:30:00,58.62433113637591,70.91713039009356,61.88075837409349,255.60202710884334,0.0,0.0,53.8379046502522,61.72939626731865,402.04596399826227,144.98794673548025,21.0,4.0,1.0,mixed,
2026-01-05 08:31:00,59.366784948861145,69.38624305497127,61.88784740922681,253.30877669454537,0.0,0.0,51.65469687136109,65.2557985513772,393.1068682361431,131.0247360747048,22.0,6.0,1.0,mixed,
2026-01-05 08:32:00,56.63459229442391,69.41906869531839,61.833854696028176,253.16607100403982,0.0,0.0,54.560733516514624,65.99959897293378,369.6188895507008,145.81111394437806,23.0,4.0,1.0,mixed,
2026-01-05 08:33:00,58.00995631304526,70.31214423265068,61.633555058388104,256.0879383883263,1.0,0.0,56.65536440784408,64.10345824254021,386.35207115762836,131.3785693816824,24.0,4.0,1.0,mixed,
2026-01-05 08:34:00,57.121677472848425,69.92499608284265,61.23878316481114,251.94523802954558,0.0,0.0,59.33073610923941,61.30178193260646,394.23501922108727,129.716604757953,25.0,5.0,1.0,mixed,
2026-01-05 08:35:00,58.36318558398959,69.863066614739,61.199951092880234,257.17648925119096,0.0,0.0,58.669397119055404,60.5603009407343,367.1726011523897,123.48654684854517,26.0,4.0,1.0,mixed,
2026-01-05 08:36:00,63.43482812242303,74.13637960211602,62.042035920586365,280.4296795302291,0.0,0.0,56.91953676089621,60.824827566494335,347.32577705248605,142.60841015676368,27.0,2.0,1.0,mixed,
2026-01-05 08:37:00,60.96836638152771,73.63778122553767,62.55745566488857,276.83074024359064,0.0,0.0,54.03220379119363,59.29142793165349,360.8327157978589,146.13145929257632,28.0,2.0,1.0,mixed,
2026-01-05 08:38:00,61.08323322047649,76.52801383355867,62.67318983070695,271.61181269261317,0.0,0.0,57.3224625269549,61.04045341620724,380.755879857792,151.08209631221362,29.0,4.0,1.0,mixed,
2026-01-05 08:39:00,62.44902574038464,76.32961101355576,62.61126939730938,271.1557739091768,0.0,0.0,63.65561281676843,61.30489393054631,397.35382089591616,168.0196819189672,30.0,3.0,1.0,mixed,
2026-01-05 08:40:00,63.27333709416959,73.32589856060724,62.494072655988894,269.5919492339523,0.0,0.0,59.68113151176523,58.23416741096469,385.25413279283816,172.42699132377743,31.0,4.0,1.0,mixed,
2026-01-05 08:41:00,65.44629153752729,73.7558792399951,62.478706169119434,276.8969984451975,0.0,0.0,62.85849957799951,60.81129488020766,405.78207013241865,152.6991144724493,32.0,4.0,1.0,mixed,
2026-01-05 08:42:00,67.74577418873828,74.86356503403726,63.15103884120718,284.76601091470553,0.0,0.0,57.469069447350634,61.84915497729872,374.30020825786585,135.85379879296272,33.0,3.0,1.0,mixed,
2026-01-05 08:43:00,69.41264041631196,75.80658507720239,63.923377499756555,295.79797729589137,0.0,0.0,56.2498285076983,64.01753101625025,365.00044441003206,142.8508232210359,34.0,4.0,1.0,mixed,
2026-01-05 08:44:00,67.81967019272557,76.11711028192248,64.07240749416113,289.7295317384636,1.0,0.0,55.27736948572726,67.64530978990608,369.09473823214535,131.5292587500875,35.0,2.0,1.0,mixed,
2026-01-05 08:45:00,65.24168572733811,75.35925405264115,64.10906485822852,292.84794502833887,0.0,0.0,49.37536151786082,67.74121779158801,348.2577913560112,115.37335300573432,36.0,3.0,1.0,mixed,
2026-01-05 08:46:00,67.7719725701001,73.79736127977611,64.2742610052983,287.91617620058696,0.0,0.0,48.61049509797529,70.08415883506422,382.13840957432035,120.90339880768519,37.0,2.0,1.0,mixed,
2026-01-05 08:47:00,63.33835820636481,74.20897704227946,64.24640313758576,280.99655797491204,0.0,0.0,51.217718020542165,70.82035840528403,378.30737579620586,114.21994641668219,38.0,4.0,1.0,mixed,
2026-01-05 08:48:00,64.95476390448414,76.14227962368065,64.55735784994877,283.28672756408,0.0,0.0,51.4241582912179,71.95939169789877,366.2070977138009,100.91081268517419,39.0,2.0,1.0,mixed,
2026-01-05 08:49:00,65.67503527667533,82.93680079926527,64.39964236575152,277.03258500729964,0.0,0.0,52.22962477726698,72.19455922026685,361.4034033407092,102.0779444434461,40.0,7.0,1.0,mixed,
2026-01-05 08:50:00,63.60208385653086,80.87211339431585,64.7160117997855,275.82865575796467,0.0,0.0,53.95796413292158,73.3800295533081,348.625868169911,101.71984697651664,41.0,4.0,1.0,mixed,
2026-01-05 08:51:00,65.26670870276284,78.87792443094074,64.1826603480555,281.4690392022007,0.0,0.0,56.28817634095295,68.29248044221792,341.48984912570944,101.27699672697374,42.0,4.0,1.0,mixed,
2026-01-05 08:52:00,59.734133569636484,79.08564340852386,64.17693836053499,261.1993579646185,0.0,0.0,55.6284129703191,64.35054700979013,329.09821313650616,125.33972246141462,43.0,2.0,1.0,mixed,
2026-01-05 08:53:00,60.16664588325317,79.4179228041521,64.11842653408563,265.2111508954686,0.0,0.0,55.390265356122,61.4077255782158,341.9830457829348,129.6294028287892,44.0,2.0,1.0,mixed,
2026-01-05 08:54:00,62.58013209118637,81.01980713599782,64.00748163142863,270.08388531415045,0.0,0.0,57.337960828145874,60.044196939281285,317.49810325718465,120.51056716277549,45.0,2.0,1.0,mixed,
2026-01-05 08:55:00,56.57773944660555,75.18244753412156,63.92871498372513,250.73059864227483,0.0,0.0,58.88384900127327,59.01713536249488,338.8511853677318,121.61448031221825,46.0,6.0,1.0,mixed,
2026-01-05 08:56:00,54.05972322445779,72.37520569662426,63.4871833823335,241.669111171863,0.0,0.0,60.3975942178517,58.1545239169834,329.5097645704287,116.95673050832664,47.0,4.0,1.0,mixed,
2026-01-05 08:57:00,47.1856649526389,75.24752868469776,62.64498910923501,223.45786890381166,0.0,0.0,61.626216772394216,56.704586664185335,347.22149630776954,115.30721545232059,48.0,4.0,1.0,mixed,
2026-01-05 08:58:00,49.86071174071092,75.4040116408379,62.61719176957409,233.91023151095695,0.0,0.0,59.73440738088677,59.778642106153725,346.4252987924006,128.56994623221217,49.0,4.0,1.0,mixed,
2026-01-05 08:59:00,51.036122893432264,75.2206668913803,62.16731144975574,237.70356030087413,0.0,0.0,60.3052798577518,64.5102700933002,345.50446464087725,107.07573853659338,50.0,8.0,1.0,mixed,
2026-01-05 09:00:00,49.32359012699971,76.66429812343819,61.80238192432132,233.6409648163436,0.0,0.0,54.08053168849318,66.3796963207005,326.16871840655585,94.37008733049518,51.0,3.0,1.0,mixed,
2026-01-05 09:01:00,53.29806784980289,77.8878120398615,61.55602012300693,249.67884000687684,0.0,0.0,49.974633919392225,67.23394220336772,332.88758502562877,102.84697219779865,52.0,4.0,1.0,mixed,
2026-01-05 09:02:00,51.385367262275764,75.50585450267343,61.370471757469325,241.2310372209526,0.0,0.0,56.39750068037741,65.23965647890046,321.9206417359866,101.41032070773274,53.0,4.0,1.0,mixed,
2026-01-05 09:03:00,51.87226995175274,77.94768229883758,61.215194433462514,239.95020940397998,0.0,0.0,57.80327286051335,66.14818158840278,334.79812708332213,118.7699404135277,54.0,5.0,1.0,mixed,
2026-01-05 09:04:00,51.44439692598089,74.57255550335867,60.64317475741684,232.68408309555122,0.0,0.0,60.185345630054016,64.34340803911216,337.8041139515786,103.03804257697178,55.0,2.0,1.0,mixed,
2026-01-05 09:05:00,50.78201143113315,73.16858734910572,60.7258813672371,237.80554360090255,0.0,0.0,58.71549365557624,62.71921049690478,349.0874943357596,105.1797422616145,56.0,5.0,1.0,mixed,
2026-01-05 09:06:00,56.81122718174833,74.85635223015373,60.97756728033857,253.62625305253616,0.0,0.0,60.25849193363739,62.525067989390486,371.2400951939039,101.11059983676859,57.0,4.0,1.0,mixed,
2026-01-05 09:07:00,60.39656310483561,76.33121557979544,61.3709009264755,264.67396528559107,0.0,0.0,60.3552405880326,64.07100707901424,373.98527164532015,103.16048312191556,58.0,3.0,1.0,mixed,
2026-01-05 09:08:00,62.71232404570978,73.32587944417764,61.200578405518065,266.1216184499962,0.0,0.0,63.01334688362918,65.29972813524013,375.952943466972,107.10535312598277,59.0,3.0,1.0,mixed,
2026-01-05 09:09:00,64.41403262891193,75.24865954725695,61.81250932697523,284.40862976208933,0.0,0.0,64.83794191739032,64.59659454672116,364.5308767633958,102.25590274243888,60.0,4.0,1.0,mixed,
2026-01-05 09:10:00,66.14528715672496,74.23618549505316,62.46980034712254,298.831790221248,0.0,0.0,59.1896286072286,64.73605821224223,350.9658827040963,91.8680950983667,61.0,4.0,1.0,mixed,
2026-01-05 09:11:00,62.29811026998234,72.6663296223588,62.517789832324794,272.94916337269336,0.0,0.0,58.37588779960804,65.35944932029976,369.88141335429077,100.22621030983717,62.0,5.0,1.0,mixed,
2026-01-05 09:12:00,63.319056776922615,71.32705667307728,62.805178486014064,270.02374576955634,0.0,0.0,56.64275257202185,68.92202918858406,370.7472414117027,89.41981463905796,63.0,2.0,1.0,mixed,
2026-01-05 09:13:00,61.59460862949618,71.1038888337471,63.37197193871174,267.97173436623206,0.0,0.0,54.51780777701086,70.42917706050564,388.29549452376244,115.22860849572129,64.0,2.0,1.0,mixed,
2026-01-05 09:14:00,59.73703734197832,72.33256382599767,63.22228868112618,264.16331382711286,0.0,0.0,54.27450006095962,67.63985207268124,384.7358786017745,116.76951135459412,65.0,3.0,1.0,mixed,
2026-01-05 09:15:00,60.68002430356315,72.43344635500819,62.894673645145765,250.94926966459786,0.0,0.0,54.197543580631454,66.19087816152683,362.48607808469484,125.2930144137894,66.0,4.0,1.0,mixed,
2026-01-05 09:16:00,62.4795592126219,72.69519808232279,63.607434846297565,270.3127492965177,0.0,0.0,53.043559752117474,67.44087592032702,355.02401912909687,112.93769412292995,67.0,3.0,1.0,mixed,
2026-01-05 09:17:00,66.24028914738949,74.52096647718284,63.67752184649985,277.19688918646733,0.0,0.0,52.17202097416329,67.94153324417685,344.9425836266094,117.09653309716191,68.0,5.0,1.0,mixed,
2026-01-05 09:18:00,61.281780978914895,73.92730823282534,63.46896962932812,258.9603611182363,0.0,0.0,55.05627116708732,68.51104438777047,361.26509513172044,109.35876440575063,69.0,3.0,1.0,mixed,
2026-01-05 09:19:00,65.86045005684797,75.28317383487301,63.871791509465204,280.4244305707822,0.0,0.0,51.28752019174879,67.65508746703449,377.070830280521,125.28599869223643,70.0,3.0,1.0,mixed,
2026-01-05 09:20:00,63.2323605810747,80.37952011890725,64.12162132116349,278.3519909303946,0.0,0.0,51.38827623766056,69.22621781940863,370.1463277072547,118.85610799569585,71.0,4.0,1.0,mixed,
2026-01-05 09:21:00,60.86758509181555,80.04621683071171,63.839449153462525,271.85892921445696,0.0,0.0,53.9335127063783,69.03334215620609,383.22643536273125,118.74169436805731,72.0,4.0,1.0,mixed,
2026-01-05 09:22:00,61.40836582351319,79.73053273493149,64.04919434183745,268.1155480283066,0.0,0.0,57.857781640169065,69.93046200457496,372.5109843911439,119.70673876531788,73.0,4.0,1.0,mixed,
2026-01-05 09:23:00,62.51291668752652,80.57078771703162,64.3191481091796,263.61214894873245,0.0,0.0,60.120286982842515,68.3014149670412,379.74773086967116,113.69995180871791,74.0,4.0,1.0,mixed,
2026-01-05 09:24:00,63.59127342061306,77.85460822031516,64.4300970493224,271.7171816841961,0.0,0.0,61.54930351492584,68.46215759465107,375.4544544942545,118.59770800892124,75.0,5.0,1.0,mixed,
2026-01-05 09:25:00,64.83240854980914,76.9612849945048,64.29973717426009,286.33545708032517,0.0,0.0,63.42512921035444,70.66533136021741,367.5702115471776,129.84097589290496,76.0,7.0,1.0,mixed,
2026-01-05 09:26:00,64.60232885728341,76.24917114332185,64.67684588942575,285.1899948783257,0.0,0.0,62.19711125377287,68.7639538371,370.2412572133422,115.26459894087753,77.0,6.0,1.0,mixed,
2026-01-05 09:27:00,63.36148261972495,72.77671540412061,65.008056007378,264.89548564575904,0.0,0.0,60.8838046241374,70.6776801261102,397.8151734945743,126.30246979599069,78.0,3.0,1.0,mixed,
2026-01-05 09:28:00,64.95839486526239,73.05981852182812,64.94558235399228,281.41018738242167,0.0,0.0,57.02326802866654,64.80865047524904,359.6351508082985,114.76542960850617,79.0,3.0,1.0,mixed,
2026-01-05 09:29:00,60.28785222529888,74.27390400422946,64.47503806558967,266.1140043540752,0.0,0.0,53.509447394602255,60.91085894236095,354.6222740343833,106.7336107446084,80.0,5.0,1.0,mixed,
2026-01-05 09:30:00,62.37650861052675,72.53162894337999,65.00264870388553,279.31405306739197,0.0,0.0,52.696076549356434,58.85429678206003,356.81737749540684,120.34405182513584,81.0,2.0,1.0,mixed,
2026-01-05 09:31:00,59.70593409290063,73.23619342637264,64.75533158147556,261.94824461462383,0.0,0.0,50.00265809127293,56.642115513484434,355.4818916401889,133.8234414257569,82.0,3.0,1.0,mixed,
2026-01-05 09:32:00,62.817937979658645,71.233938108461,64.93857044297228,278.1427545525624,0.0,0.0,52.39194584039737,57.01842982107742,344.11968795740364,121.92495593775372,83.0,4.0,1.0,mixed,
2026-01-05 09:33:00,59.471657660839995,70.39709771476682,64.85700624686541,271.40528820055397,0.0,0.0,57.78874183063811,53.48628925714305,355.8890883525834,102.92826945553124,84.0,3.0,1.0,mixed,
2026-01-05 09:34:00,55.656526816045,71.89994914833008,64.28151766658732,249.3966927787725,0.0,0.0,52.95134259158776,54.85001805842057,375.6432932139994,115.97369810622753,85.0,4.0,1.0,mixed,
2026-01-05 09:35:00,57.127936734722226,72.25578463323022,64.02303417871676,257.7952557406699,0.0,0.0,51.764315519972754,55.431675771896515,385.0305469563658,116.61437755000831,86.0,5.0,1.0,mixed,
2026-01-05 09:36:00,58.6116925395089,69.20531933784505,63.85614649721714,264.1881281837462,0.0,0.0,56.01331959783507,56.66409934118922,392.47715535471326,125.1130740366931,87.0,5.0,1.0,mixed,
2026-01-05 09:37:00,61.507462522899885,69.50041432894034,63.83684239526563,262.95716496564216,0.0,0.0,55.23774792077992,58.37954582109263,364.14435592873997,138.93242188435968,88.0,3.0,1.0,mixed,
2026-01-05 09:38:00,57.396539920237316,71.72943005196058,64.30005129328724,269.479472513217,0.0,0.0,57.80335870423414,60.64913009613879,367.6249049604466,138.92618249654308,89.0,6.0,1.0,mixed,
2026-01-05 09:39:00,53.85174151514401,71.90843928859597,63.8209987249028,240.29254641184522,0.0,0.0,58.31085873989388,58.87042199021928,335.5855206199955,131.4036262954578,90.0,3.0,1.0,mixed,
2026-01-05 09:40:00,55.80164674181212,73.28843524498649,63.10228914252267,255.1538159432431,0.0,0.0,58.98815133237599,56.435988568697724,330.76911215148544,134.6938595706884,91.0,3.0,1.0,mixed,
2026-01-05 09:41:00,55.22279554365794,73.12336398610744,62.605106678701674,244.67442603702506,0.0,0.0,56.304397392655936,58.46766369539879,314.95434930000073,121.72668600295627,92.0,3.0,1.0,mixed,
2026-01-05 09:42:00,58.12885962396074,73.25214386609197,61.98316731539219,253.65262311196423,0.0,0.0,60.03186094235869,58.504901983867796,312.0497988616226,140.06609976209018,93.0,5.0,1.0,mixed,
2026-01-05 09:43:00,59.057252074535484,74.74222694794967,62.234362668388286,265.4832802986665,0.0,0.0,59.08903512887311,59.86042487573147,314.49728108978445,130.02677869125594,94.0,3.0,1.0,mixed,
2026-01-05 09:44:00,57.041462735403805,73.70740919971419,62.50013186097717,258.5497244656702,0.0,0.0,56.08152437711222,61.082510252888454,322.6633602968314,125.29670689370751,95.0,4.0,1.0,mixed,
2026-01-05 09:45:00,56.6072962154002,73.87333394753331,62.20878393339909,254.93680818888234,0.0,0.0,55.74889782434251,62.26787823198415,334.58461713914846,143.63668858971,96.0,5.0,1.0,mixed,
2026-01-05 09:46:00,56.887993772907436,73.77623966174798,61.98737590245187,252.57833735479804,0.0,0.0,60.05145639938859,61.94356885786379,332.0972509584303,142.44228631533107,97.0,3.0,1.0,mixed,
2026-01-05 09:47:00,58.31600483669649,71.54431927816299,61.86758033242523,255.68076853944845,0.0,0.0,49.49583822042516,64.9953294657148,311.6945659557224,135.37478237054,98.0,3.0,1.0,mixed,
2026-01-05 09:48:00,60.590453314713876,71.75968042443046,62.144140096489316,261.2400584160122,0.0,0.0,53.01065082378159,65.40611305800702,313.30156903279845,144.56956832041556,99.0,3.0,1.0,mixed,
2026-01-05 09:49:00,63.65837288525155,73.565690458214,62.07433374056718,281.27949977567863,0.0,0.0,51.659822059375514,66.82982432210922,309.9613242108027,128.89263262923342,100.0,2.0,1.0,mixed,
2026-01-05 09:50:00,58.84116403145796,75.02380073133702,62.19127972971966,265.1656365901586,0.0,0.0,57.10560428846314,62.26938993556006,299.1191771233671,125.78258541558773,101.0,3.0,1.0,mixed,
2026-01-05 09:51:00,61.764779012782284,75.85305547756468,62.18657669427136,266.52142899908586,0.0,0.0,57.2870292181058,61.18341813720998,332.0580325266016,109.76310829103704,102.0,3.0,1.0,mixed,
2026-01-05 09:52:00,63.5448317737246,76.49747975515402,62.035131181776705,269.5882961243107,0.0,0.0,54.92366589711287,60.93994984741256,346.36708359211207,121.26601386748683,103.0,6.0,1.0,mixed,
2026-01-05 09:53:00,63.69345661656462,74.42771084358408,62.29055588892195,278.0105956426162,0.0,0.0,57.355358079742096,64.93755866059612,364.749903704891,120.23417601444852,104.0,4.0,1.0,mixed,
2026-01-05 09:54:00,63.95897956367039,75.62768661708441,62.618630531641934,272.5895452543172,0.0,0.0,53.225975968029886,65.78403723657425,352.256173607225,119.78273784940579,105.0,2.0,1.0,mixed,
2026-01-05 09:55:00,61.022299254241005,75.96472527566716,63.03010950048136,269.7464374693027,0.0,0.0,62.019756257812425,63.131785884664346,354.94035155743563,128.05751418806443,106.0,3.0,1.0,mixed,
2026-01-05 09:56:00,61.21764756354991,72.1109386912027,63.17176430776283,264.54297687867097,0.0,0.0,64.48250479173132,62.40465580097932,348.0889896825596,135.28653811889467,107.0,3.0,1.0,mixed,
2026-01-05 09:57:00,64.6545493415693,74.10262414830666,63.38609904310121,277.0753751957159,0.0,0.0,64.97700985060422,64.19114283141161,346.6636380626523,121.86926288472264,108.0,2.0,1.0,mixed,
2026-01-05 09:58:00,64.8310305319804,75.19481922469085,63.62042040457825,272.9654878547757,0.0,0.0,63.56260466913624,63.19398074182373,351.5279188789381,126.8820338261483,109.0,2.0,1.0,mixed,
2026-01-05 09:59:00,68.08868351469361,75.82464746544287,63.638473562214,295.078872056712,0.0,0.0,65.63149800031749,59.10036819432418,367.3658693066409,128.61830824210787,110.0,5.0,1.0,mixed,
2026-01-05 10:00:00,64.86537651217299,74.02272214771922,63.95417653887757,280.72526607237404,0.0,0.0,65.26949507590905,60.63704030053771,350.7277526469987,140.60392780648706,111.0,4.0,1.0,mixed,
2026-01-05 10:01:00,66.67905800031693,73.91422090851972,63.80337213977196,286.6208725833217,1.0,0.0,57.123756680018126,59.54361369145293,354.8683838888826,135.10473393849304,112.0,5.0,1.0,mixed,
2026-01-05 10:02:00,69.76221716901054,73.2217528722641,64.14861250200084,299.8456811429522,0.0,0.0,56.48341731071912,59.502544736804516,332.45512957643535,122.65207721813033,113.0,4.0,1.0,mixed,
2026-01-05 10:03:00,64.49016204368498,74.70110900044969,64.18785493101437,284.07822988524646,0.0,0.0,56.85278367674784,59.477637553869094,312.27757411549226,123.17023490442206,114.0,3.0,1.0,mixed,
2026-01-05 10:04:00,68.75375574164103,76.1827549124566,63.93756559150045,291.7631412286627,0.0,0.0,59.13520191787183,62.276754489739965,329.4714397625215,130.5577339309759,115.0,5.0,1.0,mixed,
2026-01-05 10:05:00,68.35009807094204,76.69330034841359,63.86440314657052,286.9016533080805,0.0,0.0,65.08356128849087,60.18909926006977,337.3151939018793,118.40359572804878,116.0,4.0,1.0,mixed,
2026-01-05 10:06:00,65.78701718455957,77.02548380883806,64.35022730744335,292.1317496808077,0.0,0.0,61.277048224472395,60.41981718287168,336.6701907626118,125.57142045110139,117.0,3.0,1.0,mixed,
2026-01-05 10:07:00,69.79385458395028,75.17464126790226,64.75243661584105,295.89134906799933,0.0,0.0,60.25773606440663,61.48773262143401,342.55447139051097,112.5738810265787,118.0,4.0,1.0,mixed,
2026-01-05 10:08:00,67.71264600564211,77.00968451830973,64.83153965081081,287.26664872363244,0.0,0.0,60.81919148968618,59.0571238773861,340.74207614627824,125.37755928505453,119.0,3.0,1.0,mixed,
2026-01-05 10:09:00,65.25377785850911,76.74570515004963,65.3254198704686,284.0667709000849,0.0,0.0,57.502195403291964,60.79536137583562,354.98759105259046,127.27912671874678,120.0,3.0,1.0,mixed,
2026-01-05 10:10:00,65.47255241312678,75.63397541226728,64.90065078489003,281.1060684820197,0.0,0.0,59.056389473845556,60.41904204049453,346.4671995006654,137.06791919923634,121.0,5.0,1.0,mixed,
2026-01-05 10:11:00,64.07820767564955,76.61065338838644,65.10459399180361,270.90241751470114,0.0,0.0,61.289719229954734,57.39389519903728,345.40912070908274,153.80172778400762,122.0,4.0,1.0,mixed,
2026-01-05 10:12:00,63.782655386112424,79.09278168395896,65.22922577331808,276.65008941192247,0.0,0.0,61.68122048819459,57.20899879054148,319.4450752179607,150.45375902597237,123.0,5.0,1.0,mixed,
2026-01-05 10:13:00,58.126098444916536,78.97189693964167,65.07335277032053,260.080568915522,0.0,0.0,59.55288604341533,56.1558204242661,330.32054926076097,143.23306999213833,124.0,2.0,1.0,mixed,
2026-01-05 10:14:00,57.0701908673637,80.21033956161082,65.10795976138941,254.27435463449115,0.0,0.0,58.80955727114157,57.91125845714549,334.5799915810442,127.24268920113666,125.0,8.0,1.0,mixed,
2026-01-05 10:15:00,60.073293807496626,78.87071909620501,64.71087200683698,262.0907131538924,0.0,0.0,54.80299821519766,59.18973567007768,327.8506315175978,120.55107959567728,126.0,4.0,1.0,mixed,
2026-01-05 10:16:00,62.333362113919584,80.58281485641008,64.794526323978,271.4782376385625,0.0,0.0,52.00493561637103,57.19518766822725,336.84132175973946,103.93443633199938,127.0,5.0,1.0,mixed,
2026-01-05 10:17:00,63.589501684247985,76.79529704474622,64.63822084189738,282.1711227707422,0.0,0.0,54.164465546008095,58.54197644431473,341.93890566317947,116.63359575214498,128.0,7.0,1.0,mixed,
2026-01-05 10:18:00,61.98144377133076,74.73824575082541,64.74111117027006,275.528108329366,0.0,0.0,54.149540031995826,55.92419488028328,327.1214574275092,114.7895049510179,129.0,3.0,1.0,mixed,
2026-01-05 10:19:00,59.50369170461533,74.66292123873019,64.7365902749517,254.4252800390271,0.0,0.0,55.33778149109632,57.047206113919174,326.93652259622814,127.56193223239015,130.0,2.0,1.0,mixed,
2026-01-05 10:20:00,59.72054632981158,74.42227278365898,64.72646026515527,270.12694267686743,0.0,0.0,56.93468650609687,61.43994047348994,334.00856526194127,115.07139663648111,131.0,3.0,1.0,mixed,
2026-01-05 10:21:00,61.85900273697616,72.0918807791094,65.18097368277539,267.98105870641075,0.0,0.0,55.15711160036316,62.20532933269898,320.43181229927245,128.55847739314376,132.0,3.0,1.0,mixed,
2026-01-05 10:22:00,64.00309346466358,74.58469154421611,64.83380097374538,271.5064833435203,0.0,0.0,55.004757659118965,62.010585484797325,332.52437205618935,138.1834335803404,133.0,4.0,1.0,mixed,
2026-01-05 10:23:00,65.29649747105971,79.27768980510176,65.13809160672852,285.17493406331,0.0,0.0,55.25612423376378,61.95485515395216,350.15616183187,139.99087930029933,134.0,5.0,1.0,mixed,
2026-01-05 10:24:00,66.7034285424716,81.21861990849897,65.45978954570563,284.4144996394279,0.0,0.0,51.266866264640186,60.74850150100301,336.56498996116363,134.948564168645,135.0,7.0,1.0,mixed,
2026-01-05 10:25:00,65.24410695867482,81.23692760526329,65.56280339369614,283.6998450996809,0.0,0.0,52.28871125868683,63.80266137851206,324.0520478614349,125.53008569991376,136.0,4.0,1.0,mixed,
2026-01-05 10:26:00,69.48288926943967,81.20731887058244,65.68927738586544,298.4860993610436,0.0,0.0,52.500763151168506,65.54090352857075,321.62960200893076,129.85294088907395,137.0,4.0,1.0,mixed,
2026-01-05 10:27:00,65.18770433866028,80.50374187500427,65.78230690813636,283.17678288525667,0.0,0.0,51.99293833948261,66.52516962765809,309.24611642501304,126.19900400757075,138.0,5.0,1.0,mixed,
2026-01-05 10:28:00,65.87833473480939,77.94038575328429,65.77710439033929,287.73364186712524,0.0,0.0,49.06852290714826,68.01580979530817,336.5441829277181,138.53107782279736,139.0,5.0,1.0,mixed,
2026-01-05 10:29:00,65.93621081528649,76.96856378355474,65.54954035595807,283.4637511658988,0.0,0.0,55.398516743062864,67.5190006323922,346.59722788480457,138.07551769190513,140.0,3.0,1.0,mixed,
2026-01-05 10:30:00,64.81403161168667,75.72600650954284,65.30756433350831,273.6100788426588,0.0,0.0,56.970605991444174,69.17312939185929,365.80470302920196,134.06215642450337,141.0,4.0,1.0,mixed,
2026-01-05 10:31:00,65.44106878173014,75.11009490448814,64.95639282318106,283.39455154402924,0.0,0.0,57.25554305402247,66.7531956122276,367.2347206470769,126.4746953346656,142.0,2.0,1.0,mixed,
2026-01-05 10:32:00,60.01511478571807,73.98231186649355,64.68581752345918,262.03025418833994,0.0,0.0,61.10613055324071,65.27223243640422,370.3284577657264,109.29152006131127,143.0,6.0,1.0,mixed,
2026-01-05 10:33:00,58.79079138363645,74.48722644306032,64.34245353917038,260.81237177979835,0.0,0.0,62.46126968836434,64.03734391115069,371.66510214795414,97.93865042680507,144.0,3.0,1.0,mixed,
2026-01-05 10:34:00,60.628155069175946,75.97402456516032,63.98163206919195,264.7877316064168,0.0,0.0,57.23587327376802,61.14093260547507,379.65158599358483,95.57370553311969,145.0,4.0,1.0,mixed,
2026-01-05 10:35:00,64.29343911961205,74.14282456155955,63.71718273787724,278.7076511254972,0.0,0.0,61.071399604266496,59.2971044807151,384.40609368672267,93.83765361020244,146.0,4.0,1.0,mixed,
2026-01-05 10:36:00,60.818356945639344,73.63512014686755,64.07499919891913,265.9502052064819,0.0,0.0,61.476374960765476,60.817964350291405,381.3519464704051,112.99332940653532,147.0,6.0,1.0,mixed,
2026-01-05 10:37:00,58.887069673916514,73.04647936930165,63.87991637279531,257.25470255315247,0.0,0.0,61.79112740294643,62.3649146614862,391.0753242152769,107.04872903903615,148.0,2.0,1.0,mixed,
2026-01-05 10:38:00,60.856840243825744,73.54221556326317,63.9646039270489,264.0043055104845,0.0,0.0,60.94822082616672,60.525142206176966,384.9717032748025,144.37668874858517,149.0,4.0,1.0,mixed,
2026-01-05 10:39:00,66.07471704126014,71.59666831616812,64.2716703499816,280.199999345475,0.0,0.0,59.0507662621402,61.650664652447766,371.6511904171652,123.9110034342128,150.0,3.0,1.0,mixed,
2026-01-05 10:40:00,67.41121292100134,70.7043889598984,64.86313037525072,283.9005709218539,0.0,0.0,62.3960420138003,65.22895321926333,372.712794647344,129.83638501430414,151.0,5.0,1.0,mixed,
2026-01-05 10:41:00,67.12057223163936,72.66257489990934,64.83285551066126,289.1825848202179,0.0,0.0,60.88972560114928,64.86170177339791,387.9465297363946,128.33222440113212,152.0,3.0,1.0,mixed,
2026-01-05 10:42:00,73.78585435084432,69.53203745066753,65.06030085410924,307.2708348378399,0.0,0.0,63.8490896925827,63.43591684954995,371.96088669435244,125.2367103900802,153.0,5.0,1.0,mixed,
2026-01-05 10:43:00,71.450653360953,69.60391082035758,65.0164906247001,295.5784249768806,0.0,0.0,61.76281575181251,64.0087310625285,385.61207586351924,120.46996373701838,154.0,3.0,1.0,mixed,
2026-01-05 10:44:00,72.04490971173573,68.39860843495909,65.61035912718803,304.81130036374446,0.0,0.0,62.09366808470458,62.439186578953205,360.7183569449811,136.4123629379737,155.0,4.0,1.0,mixed,
2026-01-05 10:45:00,68.43968753286813,66.77740710725539,65.97019137302837,281.49588374596533,0.0,0.0,61.49465048917996,63.387434812839686,372.6511127229214,123.67494467500978,156.0,4.0,1.0,mixed,
2026-01-05 10:46:00,68.70070374785927,69.05722761899995,65.88047527741843,294.6469577378927,0.0,0.0,55.605567965378285,63.567256024599054,389.30452208872777,124.45875131412481,157.0,5.0,1.0,mixed,
2026-01-05 10:47:00,65.7613014525173,72.33716082851284,65.342368342518,276.877100013887,0.0,0.0,56.468399541056264,59.190147968843114,364.4899267855853,108.51220259272567,158.0,3.0,1.0,mixed,
2026-01-05 10:48:00,69.49321907213678,72.84197462226982,65.50334828185977,287.8377980206451,0.0,0.0,53.74134177162639,61.73125659990503,361.93015225006764,102.63099805981568,159.0,3.0,1.0,mixed,
2026-01-05 10:49:00,65.12493205947074,73.54423186399261,65.84035296228596,284.83235654483974,0.0,0.0,56.247515390356845,61.812079629053066,352.8495383574641,107.5451438289181,160.0,3.0,1.0,mixed,
2026-01-05 10:50:00,66.71814234118557,70.28074973756168,65.60742043017372,283.3578417249618,0.0,0.0,52.827251270268896,59.00334177965202,374.4311324332285,109.12307389510858,161.0,5.0,1.0,mixed,
2026-01-05 10:51:00,68.32294345022619,70.86393719096456,66.00887864727628,296.431047357495,0.0,0.0,57.23928022302715,61.85558326561295,365.5940916671853,112.27526838531689,162.0,2.0,1.0,mixed,
2026-01-05 10:52:00,67.64846589094846,69.54540549502967,66.01218136030137,292.46994750181324,0.0,0.0,58.84610713322057,60.784139736981935,352.86023147248636,108.66484754970445,163.0,4.0,1.0,mixed,
2026-01-05 10:53:00,71.72319916952199,67.56298517250758,66.4273826224246,300.32150788555424,0.0,0.0,55.61319045242235,63.130747215966906,343.86844274807373,106.92118575623104,164.0,2.0,1.0,mixed,
2026-01-05 10:54:00,73.876963800847,67.22815915015678,67.04118466473261,321.0311728567261,0.0,0.0,54.03342722641909,61.393523072482836,344.6001441996967,109.8345157833199,165.0,4.0,1.0,mixed,
2026-01-05 10:55:00,73.87758061556,69.96634737395591,67.50441497504482,311.1652298988868,0.0,0.0,54.403298909084334,61.136472969408096,342.642920240224,114.52487610640497,166.0,6.0,1.0,mixed,
2026-01-05 10:56:00,67.99466186516472,67.7978867961346,68.0342332409228,292.15384164938973,0.0,0.0,52.085371065817945,63.433783624657764,368.0283541972804,120.9835149638141,167.0,3.0,1.0,mixed,
2026-01-05 10:57:00,69.79309190515204,70.30262350940787,67.75816708816322,297.42141190407256,0.0,0.0,49.38243903658932,65.65691951586321,375.13902138693686,126.17035718577225,168.0,2.0,1.0,mixed,
2026-01-05 10:58:00,65.4168099056307,73.62241593857419,67.78855180458473,282.2470144356937,0.0,0.0,54.5121677630608,62.42237965603612,355.6286376029539,133.4721821686631,169.0,4.0,1.0,mixed,
2026-01-05 10:59:00,70.46946087732054,75.68993070125833,67.26909379732064,291.4084317778449,0.0,0.0,52.92533721513779,61.64348456915525,335.89029092475363,150.2431128913392,170.0,5.0,1.0,mixed,
2026-01-05 11:00:00,68.35248658273288,74.28301422285016,67.1968161799496,292.42156936242816,0.0,0.0,53.453537199991125,58.561800201216045,329.6889003319462,144.1316769503784,171.0,8.0,1.0,mixed,
2026-01-05 11:01:00,70.8381678724373,76.4869612800747,67.32756977667287,298.0686860318552,0.0,0.0,54.26273281951194,61.25858355251405,345.16568599401967,142.64469168640048,172.0,3.0,1.0,mixed,
2026-01-05 11:02:00,67.57456671714839,79.25868202324402,67.3208505089852,294.6753268292255,0.0,0.0,56.97569856504311,59.19963661372422,362.96014335067724,139.66013894803996,173.0,3.0,1.0,mixed,
2026-01-05 11:03:00,64.52155137244837,80.81507550056293,66.71969578563227,274.77602667749613,0.0,0.0,60.15171356098971,56.293411790580166,362.03248415437645,160.69625410587122,174.0,6.0,1.0,mixed,
2026-01-05 11:04:00,64.23981236211941,82.7073046582323,65.89743606410218,275.94991126574894,0.0,0.0,58.38781299338591,54.1031205860861,367.21011346380186,160.4336861116494,175.0,4.0,1.0,mixed,
2026-01-05 11:05:00,63.129106391100976,83.03441960462877,65.49754712367546,277.7852489545366,0.0,0.0,59.24057806586914,54.00349011856723,359.7800754704052,151.69410688765197,176.0,4.0,1.0,mixed,
2026-01-05 11:06:00,63.628117930543155,80.65169350632542,65.50568105727825,274.6546277351357,0.0,0.0,56.20457234816465,54.55340235125908,385.5972417557242,154.52545216763335,177.0,3.0,1.0,mixed,
2026-01-05 11:07:00,64.84456341078909,79.13514292676655,65.42081559741274,273.9837705633498,0.0,0.0,58.72393637392014,57.99177268825437,363.69561762359183,153.42495099527056,178.0,4.0,1.0,mixed,
2026-01-05 11:08:00,63.13621912881031,78.35511677199429,65.21093829922768,273.95905561045043,0.0,0.0,58.67998737062989,59.50499967362732,351.87844460623387,149.72010658614698,179.0,6.0,1.0,mixed,
2026-01-05 11:09:00,63.11580887718185,75.55617663812794,65.23530616601288,269.82435312371456,0.0,0.0,57.03039100225061,57.8809235265235,336.0727777447437,129.3149757624422,180.0,3.0,1.0,mixed,
2026-01-05 11:10:00,63.304029312391584,77.26554470675443,64.9687428763341,269.4409537521028,0.0,0.0,59.5210508698832,60.166536934132914,345.7875488297065,127.87602774086746,181.0,2.0,1.0,mixed,
2026-01-05 11:11:00,62.54594107034445,78.05076527871827,64.65161382353254,274.8037159659877,0.0,0.0,56.02196771371965,58.66753018096563,348.6966076441601,138.32285368694983,182.0,7.0,1.0,mixed,
2026-01-05 11:12:00,65.8169953416853,76.7697626575649,64.63113312445125,276.38667373769164,0.0,0.0,55.048124324092576,58.760259549514146,376.80083175621775,119.21783638682457,183.0,4.0,1.0,mixed,
2026-01-05 11:13:00,69.34958754104676,74.15155637086309,64.79231568319308,294.91720071992404,0.0,0.0,54.14092760622779,57.21555691359016,368.3497732413342,123.15910773362212,184.0,4.0,1.0,mixed,
2026-01-05 11:14:00,71.41030639351271,72.53140332622169,65.03513488482226,301.3693973683021,0.0,0.0,56.210754249038075,56.33859762156699,393.84021158256974,123.63280922359212,185.0,3.0,1.0,mixed,
2026-01-05 11:15:00,72.27263355942291,73.94256848768975,65.46134466755716,307.6470932720646,0.0,0.0,58.38054136214487,55.39641331924426,409.9752172723574,113.25740570873484,186.0,5.0,1.0,mixed,
2026-01-05 11:16:00,71.37020225850746,72.62475022592812,65.3582987287587,304.5205627189795,0.0,0.0,56.00883025675314,58.717890105515195,406.7289596181279,102.2346684232513,187.0,5.0,1.0,mixed,
2026-01-05 11:17:00,73.56933564325652,72.21216401013275,66.06722934817282,309.28414859315785,0.0,0.0,57.957060132682294,57.49422598569119,407.7993569783645,94.96742299375418,188.0,3.0,1.0,mixed,
2026-01-05 11:18:00,73.70378745347037,74.88213999453157,66.53282023963216,313.934777708396,0.0,0.0,55.97860172930788,55.79157431546466,416.5520272219935,89.74192170479671,189.0,3.0,1.0,mixed,
2026-01-05 11:19:00,76.15492795911378,75.71656900967768,66.73102636215789,308.9126747925505,0.0,0.0,51.03218814464454,56.10673471452452,421.1207822282653,95.38301382748031,190.0,3.0,1.0,mixed,
2026-01-05 11:20:00,73.88866537470793,76.26200090667591,67.16286780391782,313.5451155916472,0.0,0.0,48.89424643192658,53.594763554383555,423.3134636619217,111.3465553529355,191.0,2.0,1.0,mixed,
2026-01-05 11:21:00,66.51471821247878,75.55602889317859,67.08977916713326,294.24253568531844,0.0,0.0,49.311153133137395,53.45732039263949,426.8944072081283,99.51161617503024,192.0,4.0,1.0,mixed,
2026-01-05 11:22:00,64.12125549047586,77.44096458221614,66.9855100427436,279.5439463254082,0.0,0.0,51.96611341338457,52.68060443448091,412.4598658430382,88.29278129005802,193.0,4.0,1.0,mixed,
2026-01-05 11:23:00,63.258697134270015,75.84808254436149,66.82531844200926,269.0670462819078,0.0,0.0,49.910017767673125,53.74380066058606,420.48346709721505,98.40437017236758,194.0,2.0,1.0,mixed,
2026-01-05 11:24:00,58.551720251017386,72.33802100777733,66.47550965176745,259.1130447312168,0.0,0.0,48.52955830875726,59.1995738190294,406.1818375220577,104.19666437202478,195.0,3.0,1.0,mixed,
2026-01-05 11:25:00,60.14038706774415,70.06924513215323,66.30226917115995,268.42979113045516,0.0,0.0,48.47970877486322,59.51235104592149,394.3412956755597,106.58817252742777,196.0,7.0,1.0,mixed,
2026-01-05 11:26:00,59.61708644744371,72.60131890963827,65.87557609753104,260.19767613564085,0.0,0.0,48.455247189572596,61.5567612314864,392.9347548082371,112.46408713699044,197.0,4.0,1.0,mixed,
2026-01-05 11:27:00,58.085392011416346,74.94387535430526,65.19539493857121,250.515031815439,0.0,0.0,51.50731188074082,64.04679913770786,382.7543148224016,124.47845403901525,198.0,4.0,1.0,mixed,
2026-01-05 11:28:00,56.47682134719445,73.92042039226254,64.89118671500528,254.94805239615377,0.0,0.0,51.610433265708735,64.86282990168813,363.3871765204534,121.62042184458387,199.0,4.0,1.0,mixed,
2026-01-05 11:29:00,60.648662439577755,71.88324760544452,64.70251439210696,255.46306250950408,0.0,0.0,50.404287255734,63.808265851009544,356.09801166983897,114.19594671627996,200.0,5.0,1.0,mixed,
2026-01-05 11:30:00,57.26763342291003,74.71449498885376,64.22117210488194,258.1559879973547,0.0,0.0,51.23273176887504,65.38274361296718,351.08890361840935,112.17349653248058,201.0,4.0,1.0,mixed,
2026-01-05 11:31:00,63.80290043955036,74.92579314937073,64.64851649916181,274.33633170870286,0.0,0.0,51.808756334494916,62.5346193737632,350.6868329659898,122.38717798416683,202.0,6.0,1.0,mixed,
2026-01-05 11:32:00,66.92676384746889,75.53434720834167,64.42678974067093,283.59639143617085,1.0,0.0,52.56137831159118,60.60939760382224,351.96842400130043,116.0548991419606,203.0,5.0,1.0,mixed,
2026-01-05 11:33:00,73.05642509812083,73.56557118142665,65.06993415971881,305.6438570051859,0.0,0.0,47.957015638768915,67.2534573896869,375.3033088135599,122.65989645025664,204.0,4.0,1.0,mixed,
2026-01-05 11:34:00,74.47835924900534,78.65830829805567,65.65628375514416,309.2419514443367,0.0,0.0,52.257096556371295,67.42569181048447,383.0775776216935,127.5705372272938,205.0,3.0,1.0,mixed,
2026-01-05 11:35:00,75.456353635401,75.3896376996218,65.79186038787168,311.40024734570557,0.0,0.0,49.08111070873904,66.28640950360398,393.5203494959864,134.1450525643164,206.0,3.0,1.0,mixed,
2026-01-05 11:36:00,75.59585275841945,72.39012263272711,66.18073876595643,302.9904053545582,0.0,0.0,52.69293762885788,64.99315259940559,380.13925384995446,128.78205621096663,207.0,6.0,1.0,mixed,
2026-01-05 11:37:00,75.0927229852963,73.99624662841524,66.61905405686605,316.50502662308605,0.0,0.0,52.894995060858854,65.65971270114102,379.0906305748798,132.152459198936,208.0,3.0,1.0,mixed,
2026-01-05 11:38:00,75.56023154752216,75.35373206114602,67.09061416143497,319.4623708061227,0.0,0.0,54.37696944340959,71.8192530904041,370.5781016445993,128.6399779210634,209.0,4.0,1.0,mixed,
2026-01-05 11:39:00,73.86952126117006,74.79593064593953,66.90951771180958,315.552939745001,0.0,0.0,49.20781588177341,69.46450094992558,379.8896993543678,118.37748355246397,210.0,2.0,1.0,mixed,
2026-01-05 11:40:00,72.49765205951525,74.50438876894542,67.02583405005737,309.04538885626994,0.0,0.0,48.34447786679324,69.08812701746442,386.318150290773,98.20450769411704,211.0,3.0,1.0,mixed,
2026-01-05 11:41:00,6.5178352059507105,10.011576784321079,64.13734702933398,75.29464668488114,0.0,0.0,0.0,38.09938540055791,19.616329837024175,0.0,0.0,2.0,0.0,idle,
2026-01-05 11:42:00,9.19584717092647,7.305463317869153,61.25285422806645,86.37467069638652,0.0,0.0,0.15124101320420902,41.333030735305826,7.441503839724067,1.2669786399550178,0.0,2.0,0.0,idle,
2026-01-05 11:43:00,0.0,7.410525222370893,58.03374257406078,64.35310008053894,0.0,0.0,0.0,44.43208589833802,23.389154023606253,8.34611797210711,0.0,5.0,0.0,idle,
2026-01-05 11:44:00,1.3885367892150597,7.302980145794978,55.469058038673815,63.4193126325284,0.0,0.0,0.0,42.346947640544236,35.59025327982529,12.190680290469881,0.0,2.0,0.0,idle,
2026-01-05 11:45:00,0.0,8.906565256412469,53.52272905037432,62.50901928945195,0.0,0.0,0.0,39.20701195695596,34.65499922034023,14.815691839949958,0.0,3.0,0.0,idle,
2026-01-05 11:46:00,0.8666768549591547,8.313858007495444,51.91642177006737,65.31658069978971,0.0,0.0,1.3395367423099969,38.35138578423681,29.030634887968958,5.947936865819601,0.0,2.0,0.0,idle,
2026-01-05 11:47:00,5.759984398205805,9.497046970102925,50.7769977403849,83.99510422134927,0.0,0.0,0.0,39.81869851169004,8.83009098996222,1.2643050206671855,0.0,1.0,0.0,idle,
2026-01-05 11:48:00,6.305072703391858,12.587360429095389,49.594991342562594,81.88647874603322,0.0,0.0,0.0,38.37145246060913,4.048569467494344,0.36665948600537046,0.0,0.0,0.0,idle,
2026-01-05 11:49:00,9.025087416393395,8.070051342001907,48.67340031906841,91.63266413672434,0.0,0.0,3.6676897870074843,32.59741359791663,0.7991514293583699,15.462358479374995,0.0,3.0,0.0,idle,
2026-01-05 11:50:00,8.11693670636553,10.54163517042709,47.87956883986657,84.46790259727332,0.0,0.0,1.7318782172486462,33.04038845284901,0.0,19.18509600149231,0.0,4.0,0.0,idle,
2026-01-05 11:51:00,11.831822167390252,9.386896493547683,46.79702159365479,87.41568460736775,0.0,0.0,7.942285720760385,30.92890095955192,0.0,23.168038443572872,0.0,2.0,0.0,idle,
2026-01-05 11:52:00,9.99803854862033,9.860564371133382,46.71078706963649,97.19657377736395,0.0,0.0,4.173273180375019,33.22912366624868,0.0,19.88393685295325,0.0,1.0,0.0,idle,
2026-01-05 11:53:00,7.976509046096628,8.832281470711127,46.72533618419664,88.4941425825057,0.0,0.0,7.504251451736671,31.373265014220102,0.0,22.44931665963759,0.0,2.0,0.0,idle,
2026-01-05 11:54:00,7.147407600850513,8.982739457379862,46.04458656342464,81.82891967860307,0.0,0.0,7.915886499806128,33.599418026389706,10.159088802259928,3.918050960519624,0.0,1.0,0.0,idle,
2026-01-05 11:55:00,2.728116142735745,8.693269575325155,45.00629338131556,71.91893947540046,0.0,0.0,6.964847765632501,35.57450568130044,4.736322241522548,24.087691836218347,0.0,3.0,0.0,idle,
2026-01-05 11:56:00,3.4670416200404675,10.232973097539233,44.243827561797076,67.2234134776194,0.0,0.0,7.604678491617298,34.05237053703202,3.160943773827799,16.71918674264932,0.0,4.0,0.0,idle,
2026-01-05 11:57:00,0.0,10.612688194165765,43.28599636900927,59.45353577412177,0.0,0.0,2.7365300479733037,36.32819121299003,3.474770554747481,19.130981768241448,0.0,2.0,0.0,idle,
2026-01-05 11:58:00,0.0,10.140247144872356,42.195450772376944,61.38657076095651,0.0,0.0,4.812538467148364,33.94354826067843,3.5873163299448847,29.34757271055245,0.0,3.0,0.0,idle,
2026-01-05 11:59:00,0.0,9.500191093855388,41.93251762573607,65.38568279863186,0.0,0.0,0.34284639423535346,32.013078369583155,12.385190052721601,29.107749026045987,0.0,2.0,0.0,idle,
