timestamp,gpu_utilization,memory_utilization,gpu_temperature,power_consumption,ecc_errors,xid_errors,cpu_usage,ram_usage,network_throughput,disk_io,job_runtime,queue_length,active_processes,label,incident
2026-01-05 00:00:00,1.1511604214193096,12.670281477536786,38.0,65.02788465596423,0.0,0.0,7.021359517652044,33.34881833370582,1.7601846474318386,1.9232016363425852,0.0,3.0,0.0,idle,
2026-01-05 00:01:00,3.563025234369409,11.84233223842618,38.15748873019876,67.95854432468632,0.0,0.0,7.9562208750937815,32.81835081233775,22.656267775994888,0.0,0.0,2.0,0.0,idle,
2026-01-05 00:02:00,3.6695468584814463,13.687015424846342,38.11899366637953,65.25017204266446,0.0,0.0,7.318547303634292,31.12516702810394,18.599305766837944,5.788669230380624,0.0,0.0,0.0,idle,
2026-01-05 00:03:00,0.6040871211730083,15.869114572354393,38.07486928898786,67.76963082897974,0.0,0.0,7.069606072155271,32.15400584597257,20.588354582387357,0.0,0.0,0.0,0.0,idle,
2026-01-05 00:04:00,0.7648654818060692,15.176540716994904,38.140078886768606,65.63443527868999,0.0,0.0,5.042197692392115,34.9187487139826,26.548852503701195,0.0,0.0,2.0,0.0,idle,
2026-01-05 00:05:00,0.0,15.464714793728898,38.09663197019146,57.85128366186486,0.0,0.0,7.816802651285789,34.21226217262422,0.0,0.0,0.0,2.0,0.0,idle,
2026-01-05 00:06:00,0.0,14.763124302437083,38.31388104596265,58.38920240586917,0.0,0.0,7.152116447702687,34.00584244948911,7.4698884246491515,0.0,0.0,1.0,0.0,idle,
2026-01-05 00:07:00,0.0,12.893852739879142,38.29409076345412,55.08633116633973,0.0,0.0,6.916025978559944,33.65147199324448,0.0,0.0,0.0,3.0,0.0,idle,
2026-01-05 00:08:00,31.75043225767437,97.43667370267222,39.85499783325729,170.00108207408576,0.0,0.0,30.651213265475498,67.1130195976382,93.38066434498712,36.11909278695664,0.0,3.0,3.0,memory_bound,
2026-01-05 00:09:00,31.893206680661706,96.1005470647594,41.307322328694596,170.84071524634578,0.0,0.0,31.864203912479326,65.00921599551458,81.88291065105257,34.30507621510179,1.0,6.0,3.0,memory_bound,
2026-01-05 00:10:00,29.43281911879712,97.34260203241956,42.643106180103835,166.79410846544587,0.0,0.0,33.9280599219864,62.04338455609654,97.34288817993364,36.439575597018575,2.0,6.0,3.0,memory_bound,
2026-01-05 00:11:00,25.45803785534389,94.4039389342682,43.53494392662225,147.01206846669143,0.0,0.0,39.046388121924906,64.85564857498682,108.32091064096778,39.66737158654398,3.0,4.0,3.0,memory_bound,
2026-01-05 00:12:00,25.596667211678838,91.64920983254402,44.00227040769852,152.3404080998859,0.0,0.0,39.6834419974599,64.27015885849113,120.74583374417261,51.77566049135551,4.0,3.0,3.0,memory_bound,
2026-01-05 00:13:00,24.130024487188418,91.51595512649538,44.97081265819807,143.3824491226048,0.0,0.0,36.38362838562097,67.80046775877632,76.04536172561683,47.14886240783414,5.0,5.0,3.0,memory_bound,
2026-01-05 00:14:00,24.812125434504424,91.90216095365419,45.19288879406916,144.99461968007859,0.0,0.0,37.790370060296944,65.73504197707982,67.87436398404915,45.67074383182827,6.0,5.0,3.0,memory_bound,
2026-01-05 00:15:00,21.555849298755433,88.62097735528408,45.2500144395417,137.49753454486935,0.0,0.0,35.10974744843796,66.8148421171559,58.955583503660705,47.451978168867726,7.0,2.0,3.0,memory_bound,
2026-01-05 00:16:00,23.57937071870952,90.31016855707186,45.3973856281758,143.60900278797632,0.0,0.0,29.937339532867117,64.55926537733669,68.0021377276886,62.743590732803185,8.0,5.0,3.0,memory_bound,
2026-01-05 00:17:00,19.77884952914961,89.71157039801537,45.738316309143656,129.3997201713635,0.0,0.0,31.07549304254985,64.32723308604552,87.52267547624186,68.66528027274563,9.0,5.0,3.0,memory_bound,
2026-01-05 00:18:00,16.650294294707127,91.83335796639997,45.14359241808928,111.21659658317141,0.0,0.0,32.21144422921598,64.24888043681928,107.19909743021222,59.84087636968391,10.0,4.0,3.0,memory_bound,
2026-01-05 00:19:00,19.178915688784908,88.1774042876089,45.112309032206944,125.04866688751373,0.0,0.0,29.512988366168578,65.73410609180166,109.9911671764014,68.93778301002588,11.0,3.0,3.0,memory_bound,
2026-01-05 00:20:00,21.587415670168657,91.85546855498076,45.28766263236184,135.22581158138067,0.0,0.0,28.219733223599853,61.20004180116723,119.06399747092783,88.18044472764026,12.0,2.0,3.0,memory_bound,
2026-01-05 00:21:00,24.783730421659634,93.76246009095229,45.64742976908441,149.10042178969945,0.0,0.0,28.188868798783005,62.02134418776268,110.41380261475788,87.435047976385,13.0,3.0,3.0,memory_bound,
2026-01-05 00:22:00,27.246575059598772,97.72207214352187,46.38963349947919,154.34126780973318,0.0,0.0,22.69954442747631,65.50468877237071,109.32408245525315,83.16274254291591,14.0,4.0,3.0,memory_bound,
2026-01-05 00:23:00,25.397162292074615,93.08883267941356,46.757843198146325,151.7745278948685,0.0,0.0,22.766615930579235,64.65338437930502,116.26019277670153,78.11215387752551,15.0,7.0,3.0,memory_bound,
2026-01-05 00:24:00,21.582401569624473,92.52225206182997,46.11559531695442,121.9916388453365,0.0,0.0,24.544524237314366,66.06805617616386,118.21913016971618,78.75302317335247,16.0,3.0,3.0,memory_bound,
2026-01-05 00:25:00,20.461706891667262,93.2872265216566,46.27276135423513,131.22967005952475,0.0,0.0,21.47217099995327,66.69175428404911,103.98982828352467,82.2468504343116,17.0,3.0,3.0,memory_bound,
2026-01-05 00:26:00,25.600856951794462,94.33435171037618,46.49369342402002,150.09776725134066,0.0,0.0,24.019087841554395,68.87300094722532,95.57874378747596,70.6384278127445,18.0,5.0,3.0,memory_bound,
2026-01-05 00:27:00,23.624968120045253,92.12431966325083,46.92911137727074,137.33171778437398,0.0,0.0,29.023478519549638,69.15422277965213,98.9353240659441,77.23532870936191,19.0,5.0,3.0,memory_bound,
2026-01-05 00:28:00,19.222403531197457,91.25658412241162,46.757402868165855,124.02064646393893,0.0,0.0,29.63449339131281,64.82145518942411,64.68335197236095,79.45058576239539,20.0,2.0,3.0,memory_bound,
2026-01-05 00:29:00,20.67318013582159,94.10375252931405,46.800272250253464,130.57582995554108,0.0,0.0,32.961607058696835,66.55803514887931,58.54890153862233,74.11992672686921,21.0,4.0,3.0,memory_bound,
2026-01-05 00:30:00,21.2455435522823,93.33461451142864,46.30747323116766,132.61197399353915,0.0,0.0,33.74476095218531,69.30361195746154,52.75753264649093,91.46143688994763,22.0,6.0,3.0,memory_bound,
2026-01-05 00:31:00,22.201278364483613,93.677697898952,46.09082467972779,134.1816394063457,0.0,0.0,33.82413795165183,71.45697112068004,49.57082508652769,83.0962471240245,23.0,4.0,3.0,memory_bound,
2026-01-05 00:32:00,20.84546353976811,95.59795575946355,46.288959141235935,134.7732788953673,0.0,0.0,31.53414555824095,70.68959913055784,74.76109482314408,71.6100628575675,24.0,4.0,3.0,memory_bound,
2026-01-05 00:33:00,21.93368897285597,92.85355009550686,45.99015925745366,132.27090091255167,0.0,0.0,33.57317063742036,70.81593975985031,91.58641103909007,71.3873029448913,25.0,4.0,3.0,memory_bound,
2026-01-05 00:34:00,23.996845563108167,93.11294805311996,46.35327526772931,140.589075917811,0.0,0.0,34.56926646577867,69.5453348824801,82.46078695281064,79.0370515162966,26.0,3.0,3.0,memory_bound,
2026-01-05 00:35:00,29.202188274627577,94.23112828381244,47.23435300084097,156.89649928035738,0.0,0.0,35.34492110906008,68.84479156940047,64.96130873195511,60.338204050251136,27.0,4.0,3.0,memory_bound,
2026-01-05 00:36:00,30.162364262768506,94.43885596204673,47.62012283652658,156.34797074750642,0.0,0.0,38.37604573442026,70.38846468441434,77.6031726934763,70.73692116191253,28.0,3.0,3.0,memory_bound,
2026-01-05 00:37:00,31.91755455471416,97.15492448836883,47.78514639756205,161.42181446530148,0.0,0.0,34.69488128050721,68.16177969942864,100.26669060956712,59.484781318323286,29.0,5.0,3.0,memory_bound,
2026-01-05 00:38:00,32.12042793129953,99.88256142956165,48.176810719946154,164.03944464093058,0.0,0.0,35.566683420765486,63.82646195895639,104.92441434700011,47.1492907754502,30.0,5.0,3.0,memory_bound,
2026-01-05 00:39:00,33.5259208337675,97.82812144110183,48.840766334652194,166.29089774396311,0.0,0.0,34.88057268766469,63.23164421926605,122.87694276024781,53.81806918244979,31.0,3.0,3.0,memory_bound,
2026-01-05 00:40:00,35.67009993374875,99.79155274547594,49.216842463801704,172.0737846647623,0.0,0.0,34.87581570804581,64.19298155635109,105.15666691745461,43.91732683174305,32.0,3.0,3.0,memory_bound,
2026-01-05 00:41:00,38.500352822052946,100.0,49.8576285805157,190.59914861971643,0.0,0.0,34.45286499427294,61.84917015570589,97.88130208699334,36.00620103269308,33.0,6.0,3.0,memory_bound,
2026-01-05 00:42:00,36.59685357522261,100.0,49.852791473094975,178.9911048603994,0.0,0.0,34.62646191109711,63.761394787775664,96.5445774593273,37.40339349640166,34.0,3.0,3.0,memory_bound,
2026-01-05 00:43:00,35.47913445578834,99.66910640729796,49.92756857520304,184.98889590581132,0.0,0.0,30.378127586214244,68.03033837840802,86.02263349149838,39.63113558559033,35.0,8.0,3.0,memory_bound,
2026-01-05 00:44:00,34.80813434430811,100.0,50.19112190875526,174.18041211830595,0.0,0.0,33.75020075370709,72.1864091241951,93.16931906544636,36.625815300582445,36.0,3.0,3.0,memory_bound,
2026-01-05 00:45:00,31.116282475652742,97.51842042288436,49.80743462911404,169.32809961937082,0.0,0.0,31.606463201212676,66.99871235302675,91.81710596658925,48.715237537669054,37.0,6.0,3.0,memory_bound,
2026-01-05 00:46:00,31.832805650268323,100.0,50.22706055209589,167.79479028516454,0.0,0.0,27.85292468868959,69.01713464736767,91.15438206466246,39.95316831959216,38.0,5.0,3.0,memory_bound,
2026-01-05 00:47:00,29.174700548610573,100.0,50.16481334788858,159.00178622021193,0.0,0.0,29.188255191925723,70.79963189529644,80.08812985660659,33.78180204292851,39.0,4.0,3.0,memory_bound,
2026-01-05 00:48:00,30.76204553424399,100.0,50.270389193418914,163.05201368627598,0.0,0.0,26.95643421736476,71.14229971083323,87.82034717391902,34.144619056517925,40.0,5.0,3.0,memory_bound,
2026-01-05 00:49:00,25.849484963167235,99.27084721385462,50.47046748749157,145.87892180968305,0.0,0.0,23.667734128619237,69.7255021403997,49.67858784612782,48.3570977255192,41.0,6.0,3.0,memory_bound,
2026-01-05 00:50:00,28.473815347461457,98.27592534952898,50.11779806430757,159.22601509515738,0.0,0.0,23.65650366453042,71.11423631944444,56.94633373208029,50.91383386826053,42.0,4.0,3.0,memory_bound,
2026-01-05 00:51:00,26.43300064702585,93.42720230104347,50.18980434184728,148.49167352706067,0.0,0.0,20.9977438894108,70.23398683732576,53.68538258159777,43.99251129317346,43.0,3.0,3.0,memory_bound,
2026-01-05 00:52:00,29.835510386138708,93.61077867316713,50.15008373003885,163.83191894047965,0.0,0.0,19.562999624000284,66.96475558498133,52.117365005387384,61.0336504935338,44.0,7.0,3.0,memory_bound,
2026-01-05 00:53:00,32.57261333907532,95.89563451341776,50.02318078546211,173.27174606964869,0.0,0.0,23.821630000715615,72.17939001349119,52.14111338144344,47.29063316336771,45.0,4.0,3.0,memory_bound,
2026-01-05 00:54:00,31.136898250838033,96.4643544141095,50.31288086938789,160.76959176393652,0.0,0.0,29.90266413069085,73.67866361192233,47.74757135460776,43.45101057968816,46.0,5.0,3.0,memory_bound,
2026-01-05 00:55:00,29.71011866846181,95.96785420464326,50.36680258336894,152.26237971383983,0.0,0.0,31.415182962035264,72.51335608809606,51.07505979134922,51.28588405896498,47.0,6.0,3.0,memory_bound,
2026-01-05 00:56:00,28.47899532771672,98.7831751884519,50.17963329427934,160.03505868267158,0.0,0.0,29.791502956055847,69.970150354504,66.26258022096715,55.30144520868942,48.0,4.0,3.0,memory_bound,
2026-01-05 00:57:00,31.495161248260874,96.70145344620875,50.66203963484997,167.32842702340474,0.0,0.0,28.462089725243573,70.32145142986725,72.34346934601807,69.56636028517207,49.0,6.0,3.0,memory_bound,
2026-01-05 00:58:00,31.579497508624208,96.88140760061312,50.41607700704116,163.25596195045836,0.0,0.0,29.844187364058595,65.60286825750426,97.20769270169507,72.84843276151085,50.0,5.0,3.0,memory_bound,
2026-01-05 00:59:00,30.444241292665687,96.14517567461553,50.65109490013646,167.11694704930764,0.0,0.0,27.804963205329205,61.5967784886807,102.86151602094873,71.0327753020987,51.0,5.0,3.0,memory_bound,
2026-01-05 01:00:00,33.00330146514055,96.83988917856438,50.67779768912687,180.68009925068068,0.0,0.0,30.771522518772922,64.95630346691344,124.08806121184693,60.18709705101139,52.0,2.0,3.0,memory_bound,
2026-01-05 01:01:00,32.05508345720441,97.71098198814933,50.900942517277535,166.33349419999465,0.0,0.0,32.48137650517729,60.28292370100247,99.55620095241431,59.65942244667912,53.0,6.0,3.0,memory_bound,
2026-01-05 01:02:00,31.642096025395936,96.92949954070424,50.63146403031963,158.2610148822023,0.0,0.0,32.95729370323401,63.4571021889829,102.88673513386829,42.0990054119902,54.0,2.0,3.0,memory_bound,
2026-01-05 01:03:00,31.601314481343422,96.18613010652578,51.07662663283893,163.483987032296,0.0,0.0,34.44173439065368,63.65869299012619,89.74988948330179,25.089695157549986,55.0,4.0,3.0,memory_bound,
2026-01-05 01:04:00,35.60584330297497,97.67512525663547,51.029733390871705,179.66434170581542,0.0,0.0,36.89076329490798,62.164591573635775,92.40250726502336,23.17440715372917,56.0,4.0,3.0,memory_bound,
2026-01-05 01:05:00,38.49507443402403,97.3377172537006,51.85450275529799,194.8774112669161,0.0,0.0,34.11963474401681,63.61244485388101,85.46246714710225,19.768879084284933,57.0,4.0,3.0,memory_bound,
2026-01-05 01:06:00,39.94247416495673,99.5793864889246,51.85231858998346,191.59233921800507,0.0,0.0,33.454378832591836,62.115336789904894,109.67308373667767,34.4946719148888,58.0,6.0,3.0,memory_bound,
2026-01-05 01:07:00,37.80715645428688,96.09974016102805,51.99174653295848,188.14955537524108,0.0,0.0,32.11415700629924,64.40533117656916,97.77385904577514,34.42609603590834,59.0,3.0,3.0,memory_bound,
2026-01-05 01:08:00,34.830497970356355,97.61562654587671,51.722720247798954,181.00485649654516,0.0,0.0,29.910825174716308,65.28502350601966,84.0208764730699,38.17131795041202,60.0,3.0,3.0,memory_bound,
2026-01-05 01:09:00,38.16777392138424,98.85152071484472,51.487447188828035,178.55345890787126,0.0,0.0,32.0999328197102,62.84449171165526,94.98391394485616,49.98720411587974,61.0,4.0,3.0,memory_bound,
2026-01-05 01:10:00,36.59967639378897,98.7154403124393,52.2950165843529,192.08265277842958,0.0,0.0,34.236601292257355,62.28119489457733,100.47676190716751,47.90102076494428,62.0,2.0,3.0,memory_bound,
2026-01-05 01:11:00,31.458691607259468,99.66964849452984,51.83160567252752,161.92006559010218,0.0,0.0,31.602154009810057,63.551189381943416,90.2718830334579,47.26153435698352,63.0,5.0,3.0,memory_bound,
2026-01-05 01:12:00,33.92027572007987,100.0,52.46697858684017,171.69767855973737,0.0,0.0,31.743798262511355,61.43959967209324,61.46872249745381,25.414843379806353,64.0,3.0,3.0,memory_bound,
2026-01-05 01:13:00,32.75500720184537,100.0,52.126649500281445,165.47913133384193,0.0,0.0,34.700159958591314,63.0309812661667,56.31972439390989,26.72528564738637,65.0,4.0,3.0,memory_bound,
2026-01-05 01:14:00,30.960875478510708,99.7959570638722,51.977831831766,159.86425749473588,0.0,0.0,36.40520420435045,63.32613858730433,30.446589002183714,15.47550654254762,66.0,5.0,3.0,memory_bound,
2026-01-05 01:15:00,33.64037275549618,99.01861808429645,51.55799168942953,174.0120358879758,0.0,0.0,34.302107778367755,64.83547930179031,29.07269313828415,28.52997498715498,67.0,5.0,3.0,memory_bound,
2026-01-05 01:16:00,26.984362403516666,97.00574658412806,51.12373892182078,149.87925061917392,0.0,0.0,33.70225114470878,63.536259995596886,62.953832274526164,46.472293981682625,68.0,2.0,3.0,memory_bound,
2026-01-05 01:17:00,28.96783762843957,93.81069541090211,51.55335069566349,163.34806734628626,0.0,0.0,28.135985774030804,66.06566134084778,71.45312005751315,57.27299441687868,69.0,2.0,3.0,memory_bound,
2026-01-05 01:18:00,34.88017100267884,92.08388097057836,52.16422800463006,184.86592468288103,0.0,0.0,32.11957627068075,65.11523595778966,69.83479065500329,59.63527356187009,70.0,4.0,3.0,memory_bound,
2026-01-05 01:19:00,33.448050138836535,94.1522570269548,52.73234952897744,173.4737288020667,0.0,0.0,27.283752029113113,68.20102375871568,60.690479324736685,42.04049131117043,71.0,3.0,3.0,memory_bound,
2026-01-05 01:20:00,29.446408063143057,94.720442350133,52.52840656484012,162.8510372822346,0.0,0.0,22.37050964833042,68.05361252713162,33.66644822429962,48.85801421497679,72.0,3.0,3.0,memory_bound,
2026-01-05 01:21:00,30.96218189698045,93.84647061643693,52.463787240360155,162.258067946658,0.0,0.0,24.942104293109455,67.32130702445022,36.70676312788767,45.66082903168797,73.0,5.0,3.0,memory_bound,
2026-01-05 01:22:00,28.35473719970298,95.52781783638919,52.188446165981176,152.93236762916416,0.0,0.0,26.66221647543244,64.4660307015121,24.862040962211772,55.52590467578521,74.0,2.0,3.0,memory_bound,
2026-01-05 01:23:00,29.27147634408422,95.14714822449777,51.888037557219064,154.50974428813248,0.0,0.0,27.664108120670637,68.11972815494869,33.59787053811765,64.6717237822105,75.0,5.0,3.0,memory_bound,
2026-01-05 01:24:00,28.887577620788115,99.49799245605402,52.34901559682574,162.0848079676319,0.0,0.0,27.044147443899057,64.82400244356971,28.51379871545447,45.37860772777087,76.0,3.0,3.0,memory_bound,
2026-01-05 01:25:00,30.572168799789836,92.19503906604315,51.62566880291215,172.6075026889171,0.0,0.0,29.130907021691222,64.43753750409802,55.27460547326165,28.369161947335584,77.0,3.0,3.0,memory_bound,
2026-01-05 01:26:00,35.1112856064767,94.71890015448959,51.78775798171426,179.8611490082484,0.0,0.0,32.371121965826525,65.26223580902547,65.42897048661507,28.237187307629583,78.0,6.0,3.0,memory_bound,
2026-01-05 01:27:00,34.541647067102765,92.59526542427321,51.77699400922197,164.51449530201475,0.0,0.0,34.0308495218417,64.47928576143141,75.44822751101006,49.43589675840165,79.0,5.0,3.0,memory_bound,
2026-01-05 01:28:00,34.05084693522111,92.84673788629983,51.505363055244146,180.1686996783501,0.0,0.0,37.35922155988686,62.25401029557641,80.81270639946351,43.51439184756961,80.0,2.0,3.0,memory_bound,
2026-01-05 01:29:00,31.028504124626295,89.73061717525617,51.644588341846,165.1980117837906,0.0,0.0,35.9317348027801,60.51145919326068,93.74751372529438,44.639885296808586,81.0,2.0,3.0,memory_bound,
2026-01-05 01:30:00,26.152205649397764,90.92758380733703,51.64766777136786,148.63330669840232,0.0,0.0,36.03369456531934,60.46679790973512,117.17292676435923,68.36897089118645,82.0,7.0,3.0,memory_bound,
2026-01-05 01:31:00,28.61251527044462,90.91796409445111,51.27009724335827,156.0527894320499,0.0,0.0,35.07544719768898,62.112964511317514,115.96915269755796,60.660003146992594,83.0,6.0,3.0,memory_bound,
2026-01-05 01:32:00,29.54088078252882,88.34808498259075,50.84248522897705,163.60365543317593,0.0,0.0,31.501155656089427,65.07821180368664,98.8072239055968,64.85781661777165,84.0,2.0,3.0,memory_bound,
2026-01-05 01:33:00,29.752159134851716,88.11441777878426,50.19477748122302,158.47983989628594,0.0,0.0,31.141535855118995,66.6802694444518,108.01704942150981,54.39728322366833,85.0,3.0,3.0,memory_bound,
2026-01-05 01:34:00,33.38225570256674,87.90214996183684,50.51934233675897,168.78761018948708,0.0,0.0,22.61283386084457,67.14794657781637,127.16097199047688,45.229710014872246,86.0,3.0,3.0,memory_bound,
2026-01-05 01:35:00,27.063277592123832,88.8107203698151,50.4993227056978,155.28681233230034,0.0,0.0,26.092026904116786,67.3071002127597,116.72939164316202,40.6368396781779,87.0,4.0,3.0,memory_bound,
2026-01-05 01:36:00,23.57478059422741,90.20644169250811,49.86457061449748,141.28925192704688,0.0,0.0,27.225790279554058,67.84565531061787,91.31273585334608,40.200614206926275,88.0,3.0,3.0,memory_bound,
2026-01-05 01:37:00,23.336207044691236,89.7518900731606,49.797262179752266,151.97863062175423,0.0,0.0,27.822217701863615,70.32663550420702,85.26303297388611,43.0597253785458,89.0,8.0,3.0,memory_bound,
2026-01-05 01:38:00,27.241271690043977,92.42146684226522,50.083755712464054,158.33275965182966,0.0,0.0,27.260136980804653,69.75971689106797,107.82097999616397,43.38380015004816,90.0,5.0,3.0,memory_bound,
2026-01-05 01:39:00,31.765425950809387,93.23930751003316,49.976367196194346,177.8156515627047,0.0,0.0,23.71171129560817,67.76496923101519,80.0251174656428,32.72972993046515,91.0,2.0,3.0,memory_bound,
2026-01-05 01:40:00,29.373838947986133,91.81847994612613,49.882073119252375,158.10756683936208,0.0,0.0,20.964875349161176,70.28985308558079,70.35480061253935,26.127937473468684,92.0,3.0,3.0,memory_bound,
2026-01-05 01:41:00,30.095013353211286,90.22190060673992,50.049232515300275,159.5398961734203,0.0,0.0,24.91326326939841,68.70025496153943,85.82115577358641,30.434493409871326,93.0,2.0,3.0,memory_bound,
2026-01-05 01:42:00,32.101890033202686,89.06192380246026,50.00399992952515,160.66918411919247,0.0,0.0,25.01417257557776,68.94625986163696,96.62545433340183,44.89639860002861,94.0,3.0,3.0,memory_bound,
2026-01-05 01:43:00,28.513024244698002,90.78771035513145,49.832835595641875,148.73947761682322,0.0,0.0,24.104264230911856,67.7730042574566,98.37195433357262,57.594735071722916,95.0,5.0,3.0,memory_bound,
2026-01-05 01:44:00,24.93406941721764,91.39112545526106,49.260833165193304,137.91143961454702,0.0,0.0,24.666850531568862,66.64591228535942,115.956306068355,52.81286430299386,96.0,5.0,3.0,memory_bound,
2026-01-05 01:45:00,23.707367565451072,88.16076547477203,49.19340178934271,141.22261027279433,0.0,0.0,24.777007329818545,69.29425240910398,91.13128313006598,47.8934889269252,97.0,9.0,3.0,memory_bound,
2026-01-05 01:46:00,26.887429077159283,87.81073920308465,48.89661839870743,152.534464373238,0.0,0.0,25.932710295083865,68.16329238192543,111.59124856853086,44.23744960302754,98.0,4.0,3.0,memory_bound,
2026-01-05 01:47:00,27.452740370263406,88.75724988027925,49.02728364429868,148.08506099112012,0.0,0.0,25.22521293248739,67.33687858340062,103.80075503024815,52.86486781511072,99.0,6.0,3.0,memory_bound,
2026-01-05 01:48:00,30.162750145785953,89.2741084373453,49.62892009692792,162.26317948693696,0.0,0.0,25.164107286921258,67.7309179497513,88.31585065701364,45.9110321488661,100.0,3.0,3.0,memory_bound,
2026-01-05 01:49:00,30.552696387368208,89.41780972443298,49.54423157105882,157.2428168401301,0.0,0.0,23.06649844815641,69.08222883921177,113.51227858793573,36.88774937472567,101.0,5.0,3.0,memory_bound,
2026-01-05 01:50:00,35.372579257837494,88.98751191857447,50.060236981108474,177.60766389029178,0.0,0.0,23.97394794642761,69.21745589710221,101.413303235607,32.95708305056645,102.0,4.0,3.0,memory_bound,
2026-01-05 01:51:00,37.1002271585566,89.54442230622395,50.36881970934156,195.17590662156366,0.0,0.0,28.171366414500344,70.46401888386265,116.78849151941043,40.401812052528044,103.0,3.0,3.0,memory_bound,
2026-01-05 01:52:00,33.40714920364909,90.92059682079793,50.37165460525647,160.81067841905764,0.0,0.0,30.166136747024105,69.21213993733383,134.33086412734716,36.32455559125398,104.0,4.0,3.0,memory_bound,
2026-01-05 01:53:00,35.75095694410908,94.57501586549954,50.49184574409101,178.5686022131331,0.0,0.0,29.659555414030386,68.67141448264637,120.29822046367258,24.301545070343046,105.0,6.0,3.0,memory_bound,
2026-01-05 01:54:00,37.665045638995785,95.3666291701916,50.68095682897327,191.08907337118399,0.0,0.0,31.56144960046396,69.08218927383554,109.46087264919198,33.53599334606815,106.0,6.0,3.0,memory_bound,
2026-01-05 01:55:00,34.95450086037697,92.78639930105558,51.27930574842363,184.66947051889872,0.0,0.0,32.64098470715216,67.7273338920358,114.4237643682385,20.694106861060614,107.0,4.0,3.0,memory_bound,
2026-01-05 01:56:00,32.73391763645863,93.1150860669414,51.54074845677158,171.04897066992498,0.0,0.0,25.237828992020308,68.43280965280846,109.11638095326342,15.430365416303815,108.0,4.0,3.0,memory_bound,
2026-01-05 01:57:00,35.47855224938306,93.35779017756728,52.09473690188368,187.61486699367163,0.0,0.0,28.45050332888735,61.3832323418203,89.3062649486993,9.913679052533489,109.0,6.0,3.0,memory_bound,
2026-01-05 01:58:00,35.37002240238557,95.95102471770473,52.185803306034,177.07055638211645,0.0,0.0,23.99389685172698,60.24581542079945,91.45198477250243,5.746000220429835,110.0,4.0,3.0,memory_bound,
2026-01-05 01:59:00,39.99294757126273,94.24732104398382,52.29604227349279,188.66778930703597,0.0,0.0,22.049468455088174,61.41843463399838,77.75294589611522,12.08170640150238,111.0,2.0,3.0,memory_bound,
2026-01-05 02:00:00,39.15087416858009,95.97629208615507,52.58813379588991,189.2024799339703,0.0,0.0,26.032720493900335,60.54861326370221,55.63282714626682,12.846503352085477,112.0,3.0,3.0,memory_bound,
2026-01-05 02:01:00,43.42123620894268,97.70633971203573,52.934753226055804,206.27315693824994,0.0,0.0,27.563292507707857,60.27627154594383,64.3551608262234,12.205565903326736,113.0,5.0,3.0,memory_bound,
2026-01-05 02:02:00,42.17284303502579,96.8656085757885,53.21105548701057,208.08104898349234,0.0,0.0,28.105463873260824,61.76009383028272,69.27579395796751,32.51805578235219,114.0,3.0,3.0,memory_bound,
2026-01-05 02:03:00,40.43919738021915,95.39896339619278,53.385993458365206,200.73225273824755,0.0,0.0,30.50636277830288,62.10134076683583,75.63951696434614,35.392091572965676,115.0,3.0,3.0,memory_bound,
2026-01-05 02:04:00,36.108442585600145,92.92342081879455,53.57461255378544,185.97180527467708,0.0,0.0,30.869982402053516,64.0377820197915,72.5299768476436,52.28245537525157,116.0,3.0,3.0,memory_bound,
2026-01-05 02:05:00,38.523109134609946,91.81806638564527,53.95926749717224,196.09533024835355,0.0,0.0,30.72920852792199,64.60582419726879,70.74043050376257,30.9081009202329,117.0,6.0,3.0,memory_bound,
2026-01-05 02:06:00,39.43668023077758,93.72003660361833,54.2142345119643,188.45698755795013,0.0,0.0,32.73723631990387,64.8332690696196,95.47684971233144,32.363393622883535,118.0,7.0,3.0,memory_bound,
2026-01-05 02:07:00,36.88240396910655,92.86915476034505,54.05769063511767,190.82699380427403,0.0,0.0,26.894811095787468,65.48172649006239,82.44810199872018,32.78736717921909,119.0,4.0,3.0,memory_bound,
2026-01-05 02:08:00,41.897192773797336,92.54674919171586,53.93087892833099,191.07414882756856,0.0,0.0,26.849141276753517,65.29072870218835,92.56641044707264,51.437114541724384,120.0,4.0,3.0,memory_bound,
2026-01-05 02:09:00,39.3067462199387,91.33592173113365,54.17406389737133,192.66462686681353,0.0,0.0,28.64180348980699,61.40000589335102,87.2466406927146,38.31871307318477,121.0,3.0,3.0,memory_bound,
2026-01-05 02:10:00,36.97405567367815,90.4405868268651,54.20994885726515,193.8602949835687,0.0,0.0,30.779928789068027,64.23713942981264,83.23426573532524,37.38580407318647,122.0,4.0,3.0,memory_bound,
2026-01-05 02:11:00,35.573475514952364,92.88056977483551,53.853465030485495,172.99915364400715,0.0,0.0,29.150633488894748,67.38792967371113,67.9966411423196,51.93653386318173,123.0,3.0,3.0,memory_bound,
2026-01-05 02:12:00,33.22127438692891,94.1322756508776,53.37255154662379,170.6326362710761,0.0,0.0,29.42223304571038,68.93062606471538,62.920506798894976,55.480990663051784,124.0,5.0,3.0,memory_bound,
2026-01-05 02:13:00,35.806343111662756,92.89710556426121,53.168521292650155,178.86283978651664,0.0,0.0,30.77363478720918,67.46932567648555,70.23750513358975,59.03833844204821,125.0,2.0,3.0,memory_bound,
2026-01-05 02:14:00,32.83547163858506,93.01098392909891,53.054882214244,169.64103797249697,0.0,0.0,28.371208599204184,68.41519868568187,83.70443723846418,44.813951350063135,126.0,2.0,3.0,memory_bound,
2026-01-05 02:15:00,32.43217680015263,92.08350471807452,52.74339979527071,163.9279569033985,0.0,0.0,27.650140184000005,71.8300862382081,76.39077526123869,31.02272939715396,127.0,3.0,3.0,memory_bound,
2026-01-05 02:16:00,34.73027985510219,92.28169174889416,53.12286900039539,185.07123166003927,0.0,0.0,24.141143787080587,67.92516537164957,66.3884347355841,45.13612716998832,128.0,4.0,3.0,memory_bound,
2026-01-05 02:17:00,34.61697679932156,92.38368844141402,52.89452786789949,175.58640491315813,0.0,0.0,18.04244211063839,68.9153045609308,64.34200214176873,65.37972719303065,129.0,4.0,3.0,memory_bound,
2026-01-05 02:18:00,39.21163981760946,93.90679930613415,53.411096394053864,194.11996727536226,0.0,0.0,15.837366669295658,70.90769647169068,97.23780748446978,89.38988343427722,130.0,3.0,3.0,memory_bound,
2026-01-05 02:19:00,36.65406931480633,94.03109134430281,53.0531778960699,196.6187293165338,0.0,0.0,21.301001860808256,70.93146416816491,106.31891082629289,87.95271873125887,131.0,3.0,3.0,memory_bound,
2026-01-05 02:20:00,34.54341353904145,95.78521260503877,53.144846396201146,187.60027601253975,0.0,0.0,27.514260360032623,70.14733021536027,104.44164226985941,79.00036837887197,132.0,4.0,3.0,memory_bound,
2026-01-05 02:21:00,34.03536375009603,92.37792472511182,52.203736037753046,160.14496545664076,0.0,0.0,30.94708678821065,68.19109786991966,84.43412492145792,79.90711558016658,133.0,7.0,3.0,memory_bound,
2026-01-05 02:22:00,30.62479835627991,89.80492034419153,51.68041501284448,158.82768244565173,0.0,0.0,27.23332130691603,67.1852328996833,88.49556729779268,69.89763357217703,134.0,2.0,3.0,memory_bound,
2026-01-05 02:23:00,34.22117922618178,87.16868474428297,51.93055145463008,183.18295605726277,0.0,0.0,24.249653163281327,68.99764129386236,68.83759927051436,54.227998583692106,135.0,6.0,3.0,memory_bound,
2026-01-05 02:24:00,34.069852963489474,86.70409587017782,51.794512719561986,168.27245231664915,0.0,0.0,23.45376700304825,70.43635621045676,94.92925625248188,68.41704062435167,136.0,4.0,3.0,memory_bound,
2026-01-05 02:25:00,35.288288610144264,85.29086712594395,51.649109875948085,186.09107110240782,0.0,0.0,20.43546033603537,68.36401853070022,113.66280889163042,53.73792022105258,137.0,2.0,3.0,memory_bound,
2026-01-05 02:26:00,34.74654811096274,92.18470213675222,51.622323324331454,173.50193376376595,0.0,0.0,20.041352380186545,67.0770233388987,122.22346958676259,61.15368468807098,138.0,3.0,3.0,memory_bound,
2026-01-05 02:27:00,40.14405935926751,92.2086097391535,51.95743041779649,195.62420718103812,0.0,0.0,29.13610619458326,65.88750355234846,104.86459368052826,66.47011589707127,139.0,5.0,3.0,memory_bound,
2026-01-05 02:28:00,40.75671220110111,90.00440597711449,52.22366916293868,185.73367808893337,0.0,0.0,25.25442566223138,62.51893361389425,139.02052456775584,46.29783385190747,140.0,3.0,3.0,memory_bound,
2026-01-05 02:29:00,33.78651470560204,91.61113801767243,52.149328570646404,164.34722441857502,0.0,0.0,25.59492115570285,61.91211158991547,132.61959501622965,37.055296234370644,141.0,9.0,3.0,memory_bound,
2026-01-05 02:30:00,36.50899633323033,92.52777997082865,52.64009752355023,191.3565573873015,0.0,0.0,27.70162966752436,60.14148846306729,101.46642587227468,48.53641433966473,142.0,2.0,3.0,memory_bound,
2026-01-05 02:31:00,37.170105160243736,95.85639896203249,52.7057482261188,190.2353542811055,0.0,0.0,31.85287664314244,62.601637718696225,109.05835928862828,47.218082149736546,143.0,3.0,3.0,memory_bound,
2026-01-05 02:32:00,33.45513556064274,94.4819189754442,52.87188103122411,174.5277680705962,0.0,0.0,34.077118862600415,64.45765415835771,107.93027130054861,58.06847075597384,144.0,4.0,3.0,memory_bound,
2026-01-05 02:33:00,31.03422635348337,91.97976830206001,52.83222928590305,166.58270031515846,0.0,0.0,33.44339887156544,67.19163732378979,85.81850300866677,54.57298979426577,145.0,4.0,3.0,memory_bound,
2026-01-05 02:34:00,27.385760576883804,91.60486485572912,52.123420910228255,155.19999681931142,0.0,0.0,28.254107214468615,65.93711575049967,93.04680188257504,53.038219205299,146.0,6.0,3.0,memory_bound,
2026-01-05 02:35:00,30.317947409489605,93.01036157421692,52.07381433015442,161.16409458219104,0.0,0.0,21.871103627248097,66.90764137403498,83.27862850767225,33.34265916977208,147.0,7.0,3.0,memory_bound,
2026-01-05 02:36:00,31.816409707009083,92.8487661776543,51.58803201500416,174.9429872693487,0.0,0.0,21.915410622690025,74.28551053225569,78.97936789632408,30.244652292433106,148.0,4.0,3.0,memory_bound,
2026-01-05 02:37:00,35.44279475303122,90.41002635817934,51.850945812540026,182.78768566821955,0.0,0.0,24.21195503460105,72.96755512069136,69.74957537628475,46.816059340865785,149.0,4.0,3.0,memory_bound,
2026-01-05 02:38:00,35.34895937245281,89.33099536531282,51.48008151053738,184.65883339810648,0.0,0.0,22.615288819686512,72.09240294851195,82.5964607523839,43.134713972522995,150.0,3.0,3.0,memory_bound,
2026-01-05 02:39:00,32.26503846639407,88.73207721567198,51.528349146622986,174.58268179020476,0.0,0.0,20.722579637256516,71.17838130737368,92.32524687911214,44.64992727982582,151.0,2.0,3.0,memory_bound,
2026-01-05 02:40:00,32.086162504589524,86.18470725701023,51.42863318210354,166.61311755338227,0.0,0.0,23.26951116442669,67.68890626804792,75.04456769918392,49.5724703398583,152.0,6.0,3.0,memory_bound,
2026-01-05 02:41:00,33.45810180305068,88.95915064698887,51.54743193988482,170.31573085470257,0.0,0.0,30.807928608820248,66.91783204850763,50.75133207531581,45.726784032074974,153.0,4.0,3.0,memory_bound,
2026-01-05 02:42:00,35.254892044537684,91.0013706231224,51.33487705528645,182.53658615116194,0.0,0.0,29.67141815812507,61.70434673991413,13.634609598720289,65.12360352294064,154.0,4.0,3.0,memory_bound,
2026-01-05 02:43:00,37.95638723554946,90.47024680909719,51.744916558992315,176.78537726120595,0.0,0.0,30.8885897009155,62.59247012750275,23.726287461571843,57.21612018510859,155.0,3.0,3.0,memory_bound,
2026-01-05 02:44:00,39.29517692382462,91.04215280944376,51.99665444157863,189.3850719408053,0.0,0.0,35.55807265145841,64.35719061350696,37.35902482419753,40.05314240621597,156.0,4.0,3.0,memory_bound,
2026-01-05 02:45:00,42.134057704423036,92.11918589692587,52.24992180087436,198.4008859437245,0.0,0.0,34.81556234584484,63.2608335193779,16.250070596936304,61.7434872951586,157.0,4.0,3.0,memory_bound,
2026-01-05 02:46:00,41.54271673922733,93.15791507611725,52.64179126325012,194.59341531085784,0.0,0.0,35.3257282832883,64.74901357950625,17.247128853225014,63.507523344516756,158.0,5.0,3.0,memory_bound,
2026-01-05 02:47:00,6.943348938582849,9.94736606724757,51.81963964581516,87.65107155427242,0.0,0.0,10.123584327995696,32.68083543988703,0.0,10.794608586756278,0.0,1.0,0.0,idle,
2026-01-05 02:48:00,6.033072617062455,9.391274913589875,50.70840633482621,86.65057448172833,0.0,0.0,8.943746957480062,29.779088024155676,0.0,19.27647638740996,0.0,3.0,0.0,idle,
2026-01-05 02:49:00,3.0482265078787996,11.248927332655636,49.517011631838415,71.2280606243745,0.0,0.0,6.110380060294995,31.224861314298764,0.0,7.97426828176346,0.0,3.0,0.0,idle,
2026-01-05 02:50:00,6.4851017003094995,14.723083970096335,48.356313092981246,81.10838014780785,1.0,0.0,8.091434231252588,29.39660198417439,0.0,17.859558285654753,0.0,1.0,0.0,idle,
2026-01-05 02:51:00,7.154089657180638,13.225692564868663,46.82788418509656,85.23233787241885,0.0,0.0,6.767025492631773,34.31107817650584,0.0,20.856087997333344,0.0,5.0,0.0,idle,
2026-01-05 02:52:00,2.6860769912867295,15.31766565660624,45.877526639421866,71.96708555357836,0.0,0.0,7.533908691157043,31.915986984364014,0.0,13.791074140546211,0.0,1.0,0.0,idle,
2026-01-05 02:53:00,0.7783021724863188,9.31923622253486,44.746451673161495,59.2177004475957,0.0,0.0,7.4107306425851425,33.112562946265,0.0,17.856210092011125,0.0,1.0,0.0,idle,
2026-01-05 02:54:00,0.306953444342995,10.36523914529909,43.69107259422484,62.35771986892107,0.0,0.0,11.782728878550893,32.00169913290116,0.0,38.809780681297475,0.0,4.0,0.0,idle,
2026-01-05 02:55:00,1.2844112073565264,9.095727425061538,42.7681955236445,57.60312511967318,0.0,0.0,13.082750618124166,31.364485014041108,0.0,27.996507539764085,0.0,3.0,0.0,idle,
2026-01-05 02:56:00,0.0,8.99192187911387,41.95236750777797,50.36066009452265,0.0,0.0,11.135043193486762,27.707740761704905,2.3265402690741013,19.585273460779522,0.0,2.0,0.0,idle,
2026-01-05 02:57:00,0.0,11.387904383268058,41.46854117901042,57.51666551617374,0.0,0.0,9.832216551107086,29.645722901075,0.0,17.26964520395939,0.0,4.0,0.0,idle,
2026-01-05 02:58:00,0.0,12.81068839610805,41.13634342067031,53.35653498278373,0.0,0.0,10.328389369829772,28.845256397601265,18.907224926368126,0.0,0.0,3.0,0.0,idle,
2026-01-05 02:59:00,0.0,16.540203397731705,40.52212827227882,57.85510182443252,0.0,0.0,8.379538646417576,23.804649883811095,5.5332840739975016,0.0,0.0,1.0,0.0,idle,
2026-01-05 03:00:00,0.8683734963812655,17.996285186632697,39.85159042097773,58.318455220261214,0.0,0.0,9.189163814313687,23.698220047925776,3.0380553866631326,0.0,0.0,2.0,0.0,idle,
2026-01-05 03:01:00,1.6799725550761568,16.027700655101896,39.83531835630718,72.64547089978691,0.0,0.0,6.218068595261072,24.491197512846632,0.0,0.0,0.0,0.0,0.0,idle,
2026-01-05 03:02:00,0.0,15.736069420664053,39.8035733550997,55.35582442192742,0.0,0.0,6.775715529670547,28.9851149517691,0.0,0.0,0.0,3.0,0.0,idle,
2026-01-05 03:03:00,3.308205374404565,14.999305209191268,40.05832711511652,64.1274911338558,0.0,0.0,3.3220368445725668,32.298350909084654,0.0,9.613113765351883,0.0,2.0,0.0,idle,
2026-01-05 03:04:00,6.676484096910739,15.70879826117552,39.79750892648717,75.3105044264544,0.0,0.0,0.9167278278686544,31.91680525415856,2.689348186288722,3.8501161929613197,0.0,1.0,0.0,idle,
2026-01-05 03:05:00,4.617993802308668,16.440922716507135,39.176524059416884,70.44548730725423,0.0,0.0,0.0,33.49982920889146,14.11333135849321,6.175050614176727,0.0,3.0,0.0,idle,
2026-01-05 03:06:00,2.93491251383987,13.608133855621805,39.29780349527751,64.76393668589714,0.0,0.0,0.0,32.692913818925504,0.0,0.3608155026612907,0.0,2.0,0.0,idle,
2026-01-05 03:07:00,4.584193044728266,13.3883417887401,39.52423327203694,81.22404520840036,0.0,0.0,0.0,29.481645849607165,0.0,5.134252082008095,0.0,2.0,0.0,idle,
2026-01-05 03:08:00,3.680334968680613,11.836701788910728,39.69560587660044,73.3603920502767,0.0,0.0,0.0,33.896873836119596,0.0,0.0,0.0,4.0,0.0,idle,
2026-01-05 03:09:00,0.0,11.244048304121927,39.28610250440489,56.93750667694446,0.0,0.0,0.0,36.76862961692102,0.0,5.923376888248847,0.0,4.0,0.0,idle,
2026-01-05 03:10:00,0.0,9.586837829181196,39.12056562866486,66.97963927403882,0.0,0.0,0.0,33.09360949967474,0.0,0.0,0.0,1.0,0.0,idle,
2026-01-05 03:11:00,17.7573525558885,37.49688871897138,40.01104500663269,120.65252732587007,0.0,0.0,24.539183008413858,52.98960143782236,42.53320769714462,376.86582960959737,0.0,3.0,3.0,io_bound,
2026-01-05 03:12:00,20.84932926533194,40.90479217390916,41.03155106502593,139.8656749473577,0.0,0.0,27.991808063657036,53.61917924691618,37.64459838015508,390.89827609816973,1.0,4.0,3.0,io_bound,
2026-01-05 03:13:00,23.58418644147258,43.882333107961244,41.53829484328332,138.592312095015,0.0,0.0,31.218558786533936,55.55734534658446,29.649156764042253,379.4070833032246,2.0,3.0,3.0,io_bound,
2026-01-05 03:14:00,25.68958427022608,44.45268457954907,42.556526023027125,150.77763855277072,0.0,0.0,31.729497004645282,55.03188710340906,24.940582258790663,379.0627429239911,3.0,4.0,3.0,io_bound,
2026-01-05 03:15:00,22.569794372195755,44.865270638189216,42.91559126995682,133.16362710100134,0.0,0.0,33.199541339439804,54.83064251839733,19.51368001088332,386.4106563570381,4.0,4.0,3.0,io_bound,
2026-01-05 03:16:00,23.24411446574237,44.089011397734474,43.49502726098943,137.36382155664157,0.0,0.0,30.35919921483758,53.54364222410003,32.494993435354615,379.63173496962145,5.0,6.0,3.0,io_bound,
2026-01-05 03:17:00,26.735299678638043,43.9311786512795,44.35704303177478,155.9749409096909,0.0,0.0,31.86805965405849,53.6750279670088,30.419902419709857,374.464289508075,6.0,3.0,3.0,io_bound,
2026-01-05 03:18:00,21.64755481780375,44.33936277666766,44.60979011639333,140.82527953046366,0.0,0.0,31.536601562695555,52.80501899026534,37.35488494249222,357.2079549412831,7.0,4.0,3.0,io_bound,
2026-01-05 03:19:00,25.54029529918311,43.20573092336968,45.104479944871386,144.31438553145597,0.0,0.0,33.91254509555745,53.72488075985596,32.700689276454284,357.47646379423884,8.0,4.0,3.0,io_bound,
2026-01-05 03:20:00,26.150947215757743,45.08386891979937,45.412809640486614,146.53093813584016,0.0,0.0,27.31016790731411,53.30059065164984,21.0926094988641,336.83236383904955,9.0,3.0,3.0,io_bound,
2026-01-05 03:21:00,26.72827909731055,41.081730418183064,45.99641654495133,148.02575807165096,0.0,0.0,24.6569011478841,51.690058380647415,38.95135338688461,336.11297987072936,10.0,5.0,3.0,io_bound,
2026-01-05 03:22:00,24.804253106533494,43.3582800914361,46.28697520061353,144.78139177022933,0.0,0.0,27.016234756331432,51.32984859642524,41.04734427177547,335.57729318593204,11.0,4.0,3.0,io_bound,
2026-01-05 03:23:00,22.22988157097929,46.71922331077452,46.21923808322565,130.41003998553214,0.0,0.0,28.41337707969837,49.67467529123067,53.890547633287184,350.54647647692445,12.0,4.0,3.0,io_bound,
2026-01-05 03:24:00,28.349585286845485,44.08451412465772,46.40535317900143,151.14258514625763,0.0,0.0,29.300036041368166,48.3095220904858,34.36003194945929,363.26480997311734,13.0,2.0,3.0,io_bound,
2026-01-05 03:25:00,26.66922781671511,42.45227939782681,46.19591054159865,136.5656002303129,0.0,0.0,29.432690738152715,52.023789480311876,42.662509558984844,362.64758035194683,14.0,6.0,3.0,io_bound,
2026-01-05 03:26:00,25.656940439898992,39.15899569538704,46.548367350130334,146.2829973315549,0.0,0.0,29.93594604063084,53.03677898957523,63.601512262239794,363.72140766806217,15.0,5.0,3.0,io_bound,
2026-01-05 03:27:00,21.804151696642467,36.822925184653165,46.30180254530219,125.47925466577578,0.0,0.0,29.207452485968375,51.74852684207884,64.17717915920376,361.5211836362707,16.0,4.0,3.0,io_bound,
2026-01-05 03:28:00,20.65076015547493,36.596827381684946,46.1921536044613,129.42169626311673,0.0,0.0,30.61575156262896,52.32669879342573,80.38162762038175,363.37485186641493,17.0,4.0,3.0,io_bound,
2026-01-05 03:29:00,16.174846265604998,37.72856331894425,45.9241682523289,115.46426535606246,0.0,0.0,28.972646516842673,55.72465411954141,71.57826356651606,353.24120735582534,18.0,6.0,3.0,io_bound,
2026-01-05 03:30:00,13.252206255824277,37.293290936834254,45.64053673086639,101.74518782686009,0.0,0.0,25.24897350074158,54.95060615349576,56.48774138639703,360.2650490574987,19.0,2.0,3.0,io_bound,
2026-01-05 03:31:00,16.17795058740134,38.603914294768494,45.56316493875108,109.93218563709064,0.0,0.0,29.199124561307105,56.26744331032984,61.93678226992584,350.7307156047013,20.0,3.0,3.0,io_bound,
2026-01-05 03:32:00,21.366862488591885,38.17022014285057,46.25619164820071,141.84716069240872,0.0,0.0,27.840774830427804,54.25786050197762,41.87698187785036,344.2130827460617,21.0,2.0,3.0,io_bound,
2026-01-05 03:33:00,17.12902211888583,39.625515690442526,45.96496571769819,115.03348658342033,0.0,0.0,28.879645881376547,54.30074309008058,62.84478726712655,342.1882099675541,22.0,4.0,3.0,io_bound,
2026-01-05 03:34:00,14.828238532039396,34.161424039952486,45.387593421120144,103.98510020185402,0.0,0.0,27.741290876405923,52.894979603656466,35.64906936722235,349.3836009310882,23.0,3.0,3.0,io_bound,
2026-01-05 03:35:00,13.714850974129652,33.47253693421592,45.0246449967164,112.65555470916523,0.0,0.0,29.742453735068647,53.6817940634854,59.22602904307429,364.0835264879584,24.0,4.0,3.0,io_bound,
2026-01-05 03:36:00,17.304361739873713,31.699556709253784,44.79046014040766,117.3997106545585,0.0,0.0,35.487709916008704,57.69464720588106,68.29310535085578,365.94780604099134,25.0,5.0,3.0,io_bound,
2026-01-05 03:37:00,19.443837984525434,32.97105378174945,44.7036632092097,123.90302376850289,0.0,0.0,34.534716823129315,54.101996734639506,74.66014209971615,384.9616985851182,26.0,4.0,3.0,io_bound,
2026-01-05 03:38:00,17.941418740827235,34.00563024778074,44.565442305565675,119.75125745680612,0.0,0.0,38.08610259930718,51.47934059134265,82.89043918265703,378.2615561936751,27.0,5.0,3.0,io_bound,
2026-01-05 03:39:00,21.66792132192321,34.32654917547896,44.66680021625739,138.42000063546445,0.0,0.0,39.09513645647269,51.69332590019139,98.94421914033269,362.1447389219956,28.0,4.0,3.0,io_bound,
2026-01-05 03:40:00,16.733637382001454,35.22020720010834,44.740436829561034,121.78879437332789,0.0,0.0,40.24009237888315,49.23268745226906,77.58168973732232,386.91659830115105,29.0,4.0,3.0,io_bound,
2026-01-05 03:41:00,17.18147722043807,35.96950648949684,44.635603375294444,109.62771666577618,0.0,0.0,41.31849970951326,46.06062201977561,60.50486916841267,395.46925322232516,30.0,4.0,3.0,io_bound,
2026-01-05 03:42:00,19.06257641444645,37.153167885812884,44.927846039605114,117.14687856814135,0.0,0.0,43.95234627392247,44.273532097904805,71.87321816907442,389.57873601426627,31.0,4.0,3.0,io_bound,
2026-01-05 03:43:00,17.579380934960707,34.21836928696968,45.064355492465836,119.20380471137838,0.0,0.0,43.91977015930142,46.188382880643616,59.07284347558338,371.2775268305587,32.0,6.0,3.0,io_bound,
2026-01-05 03:44:00,15.663488801106512,35.00443389610386,45.019927930404734,120.41382370937151,0.0,0.0,44.12498639374871,45.4458804140656,66.56800437547112,363.30790477239543,33.0,8.0,3.0,io_bound,
2026-01-05 03:45:00,17.74218529249724,35.639646051343625,44.89116874580221,119.70046208757283,0.0,0.0,42.84467654988415,45.47491312329368,87.15949111637482,364.5570718451483,34.0,3.0,3.0,io_bound,
2026-01-05 03:46:00,19.06635236104834,34.7603094449236,44.89313953230118,119.10408927346901,0.0,0.0,43.669938450558206,45.026893233176786,104.28941978336336,362.89091732797215,35.0,4.0,3.0,io_bound,
2026-01-05 03:47:00,16.87299392893747,34.065835832183616,44.86757180632174,114.14877808802021,0.0,0.0,41.58017125205253,47.43237159940508,96.88078381130022,363.1802208338314,36.0,2.0,3.0,io_bound,
2026-01-05 03:48:00,20.68902004987594,33.44525473009717,45.125455123621244,120.19462308406446,0.0,0.0,39.25081517374865,46.49714809754631,104.81976972525452,389.9242699016995,37.0,2.0,3.0,io_bound,
2026-01-05 03:49:00,20.525916202522655,32.93038553361058,45.17150261421294,132.61720294313704,0.0,0.0,40.04388117917779,51.518944820260856,91.73190891725716,385.29586070605103,38.0,5.0,3.0,io_bound,
2026-01-05 03:50:00,19.915310728106014,34.08232949728915,45.177468806717826,129.0533321464312,0.0,0.0,31.48932395673387,53.301303718806174,93.28372936666437,376.1492214193759,39.0,5.0,3.0,io_bound,
2026-01-05 03:51:00,19.460078030295776,32.44393983210565,44.979980045305695,132.05340872601437,0.0,0.0,31.237272007479884,56.9948099316032,103.3394044934749,354.8850182334852,40.0,4.0,3.0,io_bound,
2026-01-05 03:52:00,17.59221626980354,32.03834554317136,45.03028497789945,122.55235110744266,0.0,0.0,34.375865219879344,52.985634994622686,94.8491510120073,354.3747497649916,41.0,7.0,3.0,io_bound,
2026-01-05 03:53:00,15.005917494440276,31.36625193939218,45.199480293081805,117.3137124523825,0.0,0.0,29.790770018138858,52.570011129896336,100.00837385326389,365.431768440014,42.0,7.0,3.0,io_bound,
2026-01-05 03:54:00,19.12000553221485,32.19467068431228,45.107186741324185,124.69572305647067,0.0,0.0,31.70082435428715,53.752067968303535,124.16128523323778,346.99584043471305,43.0,3.0,3.0,io_bound,
2026-01-05 03:55:00,20.725911946255202,35.35776983614149,45.419629214036775,129.06966077233344,0.0,0.0,30.294068473724394,53.511507036767995,117.42926026627312,342.5386318268906,44.0,6.0,3.0,io_bound,
2026-01-05 03:56:00,14.670421651324547,36.66648961223938,45.36507430916583,113.87977015519732,0.0,0.0,26.264574472515122,55.318517140939164,112.87138570581078,355.04953164412456,45.0,6.0,3.0,io_bound,
2026-01-05 03:57:00,18.391873019292404,39.04763290006363,45.446864469230285,128.9001003217015,0.0,0.0,27.02554405570747,55.41695647468496,87.52380450675092,362.1324833399413,46.0,6.0,3.0,io_bound,
2026-01-05 03:58:00,15.98571328738489,36.12182235753604,45.5550698769359,110.26283311498214,0.0,0.0,29.185432588442318,56.45555891017633,120.38872854531722,378.09976046237097,47.0,3.0,3.0,io_bound,
2026-01-05 03:59:00,20.042078928555455,36.15188409753301,45.720343889705916,125.86995126095712,0.0,0.0,27.20450198018812,54.80046777511308,102.73106033606976,370.7783482585998,48.0,5.0,3.0,io_bound,
2026-01-05 04:00:00,21.845671233442864,36.1842048741159,46.14910906812056,140.2445085301981,0.0,0.0,31.41788958979411,54.496645361269316,80.84357470569898,363.79977061830675,49.0,5.0,3.0,io_bound,
2026-01-05 04:01:00,22.59281332434677,34.584089195213664,46.13823516781642,144.60765991127573,0.0,0.0,33.25843143051448,49.37211524984771,65.69466005984239,379.7807010669179,50.0,5.0,3.0,io_bound,
2026-01-05 04:02:00,21.26836434790141,31.860245180056808,46.52738231297606,132.6431150098586,0.0,0.0,38.25414166830313,49.60156607180944,66.06920493817691,366.67399942916586,51.0,4.0,3.0,io_bound,
2026-01-05 04:03:00,18.982953291446524,29.189817221989003,46.58342920568003,121.04265303379913,0.0,0.0,35.113816445653484,49.931407682495355,45.32714000240987,372.93230800042596,52.0,4.0,3.0,io_bound,
2026-01-05 04:04:00,19.294552867063253,31.34079702314846,46.23108851345246,123.6248649215391,0.0,0.0,33.87677650746558,53.64263273482386,27.266479707936266,372.2028855101919,53.0,3.0,3.0,io_bound,
2026-01-05 04:05:00,18.628629445607775,31.82714193157145,46.2325001918889,122.15622012077272,0.0,0.0,27.02349837971831,55.164002491664604,28.77770613061517,353.4960460919831,54.0,4.0,3.0,io_bound,
2026-01-05 04:06:00,20.590349046010914,33.49945963909422,46.10632872343097,135.02991473436848,0.0,0.0,21.215944666472513,53.394521369488295,35.671785838740036,349.4102107978617,55.0,4.0,3.0,io_bound,
2026-01-05 04:07:00,21.445822159500917,33.280216460920606,46.154984117394,133.4813659773185,0.0,0.0,23.056622126649806,49.93244392868137,21.924806377210466,360.9223064640014,56.0,5.0,3.0,io_bound,
2026-01-05 04:08:00,19.038053690720652,34.35266281366205,46.05289715650545,117.09992679187431,0.0,0.0,21.32253080510293,52.312424900860634,36.54433976637709,362.83222688312424,57.0,5.0,3.0,io_bound,
2026-01-05 04:09:00,18.01222820829905,36.51212418408356,46.04416719442551,109.78071765419972,0.0,0.0,19.83559691004486,50.90445424823347,59.39821611603721,376.7286990180181,58.0,8.0,3.0,io_bound,
2026-01-05 04:10:00,18.856731065224448,37.4392813212409,46.0127821947182,129.6942830558333,0.0,0.0,22.21750601289947,47.66344086787268,71.65024105713916,364.51460129258083,59.0,5.0,3.0,io_bound,
2026-01-05 04:11:00,18.553261801597618,36.108910654415446,46.33465428990697,122.03234668886621,0.0,0.0,28.722066146531898,50.67599031075436,66.0700339094441,375.09585659498964,60.0,5.0,3.0,io_bound,
2026-01-05 04:12:00,16.440594495329513,32.573117440684115,46.43952097771753,125.80033107916752,0.0,0.0,28.848679875848863,50.72396638535154,61.224178311647776,383.615940721817,61.0,6.0,3.0,io_bound,
2026-01-05 04:13:00,10.929305135119062,31.054993463014036,45.74991105981778,93.77036039648726,0.0,0.0,27.967020926885887,50.38343187920615,67.44835108706623,391.17967523212326,62.0,4.0,3.0,io_bound,
2026-01-05 04:14:00,8.732825040714332,30.919872662581557,45.29889217610621,93.96443699077119,0.0,0.0,28.35369665790997,50.043768842351255,53.682344652684165,399.8890793231549,63.0,3.0,3.0,io_bound,
2026-01-05 04:15:00,10.6830028062443,32.035403673289316,44.76305652018021,93.37634699100738,0.0,0.0,24.284841015635173,52.55953308033422,54.798067712339524,375.0550338942038,64.0,3.0,3.0,io_bound,
2026-01-05 04:16:00,11.549269213433114,30.029269757014546,43.814720546318114,97.94462378683001,0.0,0.0,25.68184351980529,54.44997702168175,54.47018326418859,373.03124724413135,65.0,3.0,3.0,io_bound,
2026-01-05 04:17:00,8.454079643166919,29.884011380123574,42.774124268072406,78.13005839409368,0.0,0.0,25.952800279588267,54.40761567927046,53.45936244109915,378.78142075674987,66.0,5.0,3.0,io_bound,
2026-01-05 04:18:00,13.235100593096664,32.09024161100519,43.357577116425745,116.38533499096583,0.0,0.0,25.05569403370308,56.63839752938904,71.82798620245373,361.18009453369916,67.0,5.0,3.0,io_bound,
2026-01-05 04:19:00,18.91441263916971,30.795746077737327,44.131495905103506,131.38114603895826,0.0,0.0,30.80788772138991,55.95355528754329,63.28896116092109,364.5733853912389,68.0,4.0,3.0,io_bound,
2026-01-05 04:20:00,22.724331073658853,30.72362764106646,44.63429361214576,134.55338095456904,0.0,0.0,30.853107098845317,51.741341638677795,51.68779278121737,377.4314728306997,69.0,4.0,3.0,io_bound,
2026-01-05 04:21:00,20.376549145320254,35.30494776137067,45.00307190734727,122.80815518078664,0.0,0.0,27.602566765330923,53.15376168636344,66.35268705230737,384.2554288434046,70.0,4.0,3.0,io_bound,
2026-01-05 04:22:00,20.241810208531014,39.98971066929876,45.446588895548665,129.01139031758595,0.0,0.0,29.022829774232733,53.834706105743166,74.37785497999218,380.88178051042576,71.0,4.0,3.0,io_bound,
2026-01-05 04:23:00,19.425884036368423,39.63491520985203,45.39331627711809,116.65926102817,0.0,0.0,33.49301770463399,52.250482857136916,67.84712484166309,376.3810206742315,72.0,6.0,3.0,io_bound,
2026-01-05 04:24:00,21.255740778264638,39.07243091728416,45.5428148955523,127.57657861455824,0.0,0.0,30.029209991641192,53.58810467632629,22.199540461187983,384.8233155000311,73.0,7.0,3.0,io_bound,
2026-01-05 04:25:00,21.15798959277984,37.50225012195916,45.03893460846205,129.62738181218745,0.0,0.0,34.70994247634851,50.99964372637536,22.266980986660634,369.6729009159931,74.0,3.0,3.0,io_bound,
2026-01-05 04:26:00,24.8354603399394,38.25769215214129,45.08804140614217,141.42805625049428,0.0,0.0,32.836410502950876,48.559015859073575,23.55843860920733,383.0280711830096,75.0,6.0,3.0,io_bound,
2026-01-05 04:27:00,27.72368809943094,41.877624154975564,45.70572506446544,156.17573650443887,0.0,0.0,26.983263476366574,48.58287644045575,0.0,381.54583869793026,76.0,3.0,3.0,io_bound,
2026-01-05 04:28:00,22.262518095853803,41.67841328205721,45.75000093076604,133.34068733290908,0.0,0.0,29.815389469267792,49.8506277029292,0.0,389.7430185573746,77.0,4.0,3.0,io_bound,
2026-01-05 04:29:00,17.667242139465905,38.15743100227387,45.321907574176,128.15612803971806,0.0,0.0,32.961191932200016,51.233948042955404,9.211560283730591,373.5299016691933,78.0,3.0,3.0,io_bound,
2026-01-05 04:30:00,18.668585806908375,36.21350778111537,45.700476319281805,124.68990711074383,0.0,0.0,30.804198147841753,51.83530872380311,7.213198915750247,366.0319931606913,79.0,3.0,3.0,io_bound,
2026-01-05 04:31:00,22.888459525682414,36.91632154257536,45.84874002795127,138.39644012466908,0.0,0.0,31.94008724859755,49.03786026615149,41.36076113620069,359.9535909780258,80.0,2.0,3.0,io_bound,
2026-01-05 04:32:00,20.639126523115575,36.58440989280438,45.70399815166989,128.84279697807358,0.0,0.0,27.309242412203524,47.30927523074744,42.532924863291605,371.75509814618243,81.0,5.0,3.0,io_bound,
2026-01-05 04:33:00,19.420383609833504,36.86483888157617,46.026970210130145,126.25824023780623,0.0,0.0,28.82032630827876,48.16029486271329,43.144652622942736,375.61205419193317,82.0,4.0,3.0,io_bound,
2026-01-05 04:34:00,24.840694887943926,35.278740461682155,45.942428723457994,140.93751804919225,0.0,0.0,34.45215472929034,47.054382968615336,25.469719788441438,368.06765733560604,83.0,5.0,3.0,io_bound,
2026-01-05 04:35:00,23.935527519214617,36.28798966625776,46.51404048697925,133.66383629974504,0.0,0.0,32.88427150505284,48.05098053778795,19.41474046150259,360.5506704289045,84.0,2.0,3.0,io_bound,
2026-01-05 04:36:00,26.349667938752027,38.318313334777265,46.350015656643016,148.78920470929,0.0,0.0,29.206562082481692,51.992056341737154,28.236054503719842,363.7026678430149,85.0,6.0,3.0,io_bound,
2026-01-05 04:37:00,25.35975528878402,38.982999029474165,46.93777073532767,154.8331668990225,0.0,0.0,30.473964120523625,53.88313745762287,31.834200362130264,367.91203703857457,86.0,5.0,3.0,io_bound,
2026-01-05 04:38:00,25.856815578301344,40.77321578277312,47.305128184655,147.57270511743914,0.0,0.0,30.741417345240936,51.67150471697661,44.182829041076374,348.7174740236068,87.0,5.0,3.0,io_bound,
2026-01-05 04:39:00,26.531857067837183,41.38945006628425,47.383335562974516,147.52671527214662,0.0,0.0,29.525813321995063,55.59779066987417,31.1474413115393,342.81330784975455,88.0,3.0,3.0,io_bound,
2026-01-05 04:40:00,28.275410712416786,39.75114844146393,48.023731613158844,161.82991884146935,0.0,0.0,32.292881206612535,56.16706583177726,43.478178911681205,333.9556493263505,89.0,4.0,3.0,io_bound,
2026-01-05 04:41:00,27.944212932323296,38.93803370263746,48.322977573837,157.186940375669,0.0,0.0,29.073374877354354,55.5510916493942,35.52311526962869,331.5244780094434,90.0,2.0,3.0,io_bound,
2026-01-05 04:42:00,24.356552643714352,41.413988705651406,47.81095043087519,145.60876390832013,0.0,0.0,29.226655217845536,51.315337567985985,28.862082935630916,330.02671537606415,91.0,4.0,3.0,io_bound,
2026-01-05 04:43:00,26.865787380107967,40.907118358113706,47.951553731817675,153.94151422936065,0.0,0.0,27.524458971789656,52.23151327695505,33.33689291215178,336.17083578521016,92.0,3.0,3.0,io_bound,
2026-01-05 04:44:00,29.74172586667444,39.28503962299758,48.25627230951571,162.07505165485955,0.0,0.0,30.474031737298596,51.26979378118633,38.58550251308861,352.01991960784045,93.0,6.0,3.0,io_bound,
2026-01-05 04:45:00,25.015297881338554,35.57857346929164,47.94691484955931,131.3900618385295,0.0,0.0,33.86738288120201,52.44799572565961,27.4908659395752,358.4321046579171,94.0,5.0,3.0,io_bound,
2026-01-05 04:46:00,19.701671230902264,35.54233925988243,47.96403851979345,124.25377325926804,0.0,0.0,33.16554037891464,55.07908114499,35.15255513175224,360.06687001407846,95.0,5.0,3.0,io_bound,
2026-01-05 04:47:00,19.03665107331817,39.5574352140334,47.50498940964907,122.06272182073491,0.0,0.0,33.61139275084143,57.26973823738557,34.93070758516548,365.88410960095683,96.0,5.0,3.0,io_bound,
2026-01-05 04:48:00,19.81001826247447,39.289854105924,47.01053506358687,127.71514274889677,0.0,0.0,33.694539746512824,59.97911736040553,38.56451056874319,356.10380611718415,97.0,4.0,3.0,io_bound,
2026-01-05 04:49:00,22.861428787890887,41.468861139051015,47.00414305137608,137.88137722277185,0.0,0.0,31.72727098052225,58.31238825916237,45.035674940603485,355.23757926283037,98.0,4.0,3.0,io_bound,
2026-01-05 04:50:00,21.70568632075321,40.77272976610172,47.12869498691419,134.20191326548021,0.0,0.0,32.77149458929643,57.498182655419946,57.33388162052021,361.2980898496544,99.0,3.0,3.0,io_bound,
2026-01-05 04:51:00,23.76494446004601,42.72351323407082,47.69976248873576,140.86892766853535,0.0,0.0,36.547773222420666,53.787529378856235,47.96027999768876,370.3154656585608,100.0,2.0,3.0,io_bound,
2026-01-05 04:52:00,23.825861841332163,43.98249153059011,47.873679634632225,143.94203701461072,0.0,0.0,37.080033638884096,54.39715246446438,33.84915121476331,374.0851011525589,101.0,2.0,3.0,io_bound,
2026-01-05 04:53:00,23.394782275110657,46.366572757439,47.84574869882132,135.8657188706537,0.0,0.0,36.20351490876847,55.128029306024786,9.950655654737247,372.95995214598935,102.0,5.0,3.0,io_bound,
2026-01-05 04:54:00,26.207868074546244,41.10745328529593,47.9829708516242,155.1715052366503,0.0,0.0,38.46747712432024,52.76071153829837,9.656518689932312,379.7013829520342,103.0,9.0,3.0,io_bound,
2026-01-05 04:55:00,24.23229274849431,37.031727708307315,48.31723010850522,141.20258568202746,0.0,0.0,38.511153181599326,52.96931950952804,2.4465558822013094,379.57600068498886,104.0,6.0,3.0,io_bound,
2026-01-05 04:56:00,22.474792850814826,37.136412845532426,47.90617721716864,136.79568712444944,0.0,0.0,39.46521359681736,57.194719961934574,0.0,381.17194821595905,105.0,2.0,3.0,io_bound,
2026-01-05 04:57:00,20.124374372914552,36.73356283069215,47.57179203381427,129.67088387251925,0.0,0.0,35.640445243979514,58.66178101123838,0.0,392.21727763022693,106.0,3.0,3.0,io_bound,
2026-01-05 04:58:00,22.213692592411775,34.38220517135669,47.69001411999008,135.29293864997595,0.0,0.0,34.49919917899212,57.34869436190506,0.0,384.1116201145735,107.0,5.0,3.0,io_bound,
2026-01-05 04:59:00,18.5189899643896,28.51022862369,47.61729626212549,125.09008163997082,0.0,0.0,33.89928241451736,55.833593031382954,0.0,389.6929027956031,108.0,4.0,3.0,io_bound,
2026-01-05 05:00:00,21.46245707188418,31.571744431200255,47.34306171986733,125.66582706966184,0.0,0.0,32.76470568743208,56.102077752000184,0.0,395.3823386585289,109.0,4.0,3.0,io_bound,
2026-01-05 05:01:00,21.995916890996696,30.488201853321236,47.320335025810216,139.6414434236312,0.0,0.0,29.009768898838168,56.08802319427072,18.04852900770493,391.1158822575146,110.0,3.0,3.0,io_bound,
2026-01-05 05:02:00,21.41084556469813,31.792749124792575,47.6496714315748,134.43282214428513,0.0,0.0,33.55388209901705,58.495347624706,20.72784606207434,394.5129411136025,111.0,5.0,3.0,io_bound,
2026-01-05 05:03:00,21.02156181995416,34.562860604043664,47.52693556151954,130.82120273616044,0.0,0.0,35.24887883177835,58.45730621521194,30.266295603255728,378.1828815494572,112.0,6.0,3.0,io_bound,
2026-01-05 05:04:00,21.14073380770803,36.73005929165617,47.0794234738638,129.67642671405434,0.0,0.0,33.47873748134111,57.055038769683485,39.686301858368324,378.1648326881524,113.0,3.0,3.0,io_bound,
2026-01-05 05:05:00,22.62663349065153,37.74642945994867,47.01151010971964,129.36927988121155,0.0,0.0,27.77867916276226,56.766372325337095,40.85109867384662,366.7960776201002,114.0,5.0,3.0,io_bound,
2026-01-05 05:06:00,20.95460264227023,38.043385956112864,46.815774431341985,134.79637635372933,0.0,0.0,31.511623185244456,57.34590169568204,72.54925512953002,351.65341938741017,115.0,3.0,3.0,io_bound,
2026-01-05 05:07:00,24.56095536001477,37.3170783299383,47.058098935472124,146.30247005823287,0.0,0.0,31.169959814625386,56.21915168768583,86.57676237467219,358.45939207439733,116.0,3.0,3.0,io_bound,
2026-01-05 05:08:00,23.716827755966165,34.947292165588685,47.23137111521423,141.60933231244394,0.0,0.0,26.866856098389995,52.258659061994834,78.37059060319628,360.1918480904206,117.0,3.0,3.0,io_bound,
2026-01-05 05:09:00,25.102923477142237,35.62365455476689,47.40434080432167,147.69739079920336,0.0,0.0,28.433360069498768,55.60633785257975,42.77313166135161,356.9600474086177,118.0,3.0,3.0,io_bound,
2026-01-05 05:10:00,6.391711322566181,10.944004943545268,46.080242969393204,72.90263684655999,0.0,0.0,6.0365547816470055,34.24181636921702,0.0,0.0,0.0,4.0,0.0,idle,
2026-01-05 05:11:00,7.000027532170398,8.422678696934227,45.287364633515566,72.26640537374485,0.0,0.0,5.725305475637985,36.94776901810599,0.0,3.8572505153251138,0.0,2.0,0.0,idle,
2026-01-05 05:12:00,0.0,10.465972731694928,43.8856361034209,60.229012017722276,0.0,0.0,0.7932196386263888,39.941176703848626,2.52363782587332,0.0,0.0,3.0,0.0,idle,
2026-01-05 05:13:00,3.8945084810833794,15.689662987667754,43.42875408349552,69.06104298409186,0.0,0.0,0.0,39.61949217088617,8.618192590014871,1.8360061936918235,0.0,1.0,0.0,idle,
2026-01-05 05:14:00,1.9890820084242717,14.586416211028723,42.50153044108268,65.61053796864799,0.0,0.0,0.0,40.30681452583476,2.942857805491431,10.872927021943038,0.0,1.0,0.0,idle,
2026-01-05 05:15:00,0.0,13.01110170037304,41.71705138345321,61.09534193497944,0.0,0.0,0.0,37.38265201168683,15.675207161165972,0.0,0.0,2.0,0.0,idle,
2026-01-05 05:16:00,0.0,13.296773421582063,41.0689662130163,64.38061788300358,0.0,0.0,0.0,38.133446865013426,19.92484239551323,0.8852906363316275,0.0,1.0,0.0,idle,
2026-01-05 05:17:00,0.0,10.942581383186965,40.64737952047798,59.360285441240976,0.0,0.0,0.0,36.7106977759568,21.51773043967596,0.7676626706055496,0.0,3.0,0.0,idle,
2026-01-05 05:18:00,0.0,11.241965719172894,40.142197473969894,54.02806238193206,0.0,0.0,3.870776628109919,32.416027101713205,24.502074876758535,8.904513132845738,0.0,3.0,0.0,idle,
2026-01-05 05:19:00,0.0,11.31561801591867,39.66088098439428,57.49924656709704,0.0,0.0,0.0,31.86063075936665,17.99884318352753,20.129745323380707,0.0,0.0,0.0,idle,
2026-01-05 05:20:00,0.0,12.696812600937914,39.52202122156663,58.24263015202268,0.0,0.0,2.8661427888404063,30.833118102074483,11.92262257500414,35.57364040661635,0.0,1.0,0.0,idle,
2026-01-05 05:21:00,0.0,14.280399355579494,38.81999248638922,57.474486212994854,0.0,0.0,1.7401935527594903,27.677233556593457,25.406062560751256,24.153048136607303,0.0,0.0,0.0,idle,
2026-01-05 05:22:00,0.0,18.290948743145638,39.0993138977539,65.01711971371334,0.0,0.0,3.614803928819921,34.17779903492545,23.182977465470284,33.18835273641027,0.0,1.0,0.0,idle,
2026-01-05 05:23:00,0.0,19.02116761935835,38.84873040102588,59.42011134903207,0.0,0.0,3.694717700953229,34.805667205574984,17.389315820213334,37.19610664576052,0.0,1.0,0.0,idle,
2026-01-05 05:24:00,0.0,17.343538981799167,38.57053155978134,60.02267159330822,0.0,0.0,6.289277713610311,34.770126527251065,18.670276897326872,23.135621442782384,0.0,1.0,0.0,idle,
2026-01-05 05:25:00,0.0,15.444933201034864,38.59272909334822,61.759815779486246,0.0,0.0,11.977610380670871,33.18592880407239,46.19907659386652,21.034459345424068,0.0,1.0,0.0,idle,
2026-01-05 05:26:00,0.7535224836787093,10.316809165302413,38.53675243906457,67.39004314887002,0.0,0.0,15.154826832843225,34.39219798377787,37.87185456276126,15.25243898960022,0.0,1.0,0.0,idle,
2026-01-05 05:27:00,1.8040115721481165,11.134726345784896,37.93505469038537,59.5864001084743,0.0,0.0,10.112117370789898,33.23266549721343,83.74573458699419,21.17664777770518,0.0,4.0,0.0,idle,
2026-01-05 05:28:00,0.6734824568983642,12.484861883254927,37.44211705285439,64.69248089789156,0.0,0.0,7.701136388489146,32.71361485187863,71.18512501476987,25.01209858705184,0.0,1.0,0.0,idle,
2026-01-05 05:29:00,0.0,11.949923472860782,37.1383242798325,61.93446496779699,0.0,0.0,6.473761068836192,33.814403021458695,53.01847273837653,10.762913098787086,0.0,3.0,0.0,idle,
2026-01-05 05:30:00,3.0278033814032006,11.68120070454571,37.85475551316428,73.25846038717194,0.0,0.0,5.506718419937954,33.387600026095875,50.08754002867279,15.48253292141194,0.0,1.0,0.0,idle,
2026-01-05 05:31:00,4.570549855295825,11.321276934126683,38.04728818724727,88.85724495492292,0.0,0.0,6.908702504778784,30.53825193154376,37.588867836881064,2.4862823232973996,0.0,1.0,0.0,idle,
2026-01-05 05:32:00,9.2738122236552,7.614995823010938,38.39502965072484,82.75139570715267,0.0,0.0,5.662682198642976,32.39543364546226,33.43330289561354,5.074044016441212,0.0,2.0,0.0,idle,
2026-01-05 05:33:00,10.109124053008355,11.867927239389966,38.555120156557635,92.673849760819,0.0,0.0,7.450021589410489,33.894002370798674,9.417039181616929,3.7202801040384195,0.0,4.0,0.0,idle,
2026-01-05 05:34:00,8.246899494220674,12.236908607767754,39.07089773332859,81.84459324256896,0.0,0.0,3.331651783385899,29.675573716637654,0.0,3.2533949820397945,0.0,2.0,0.0,idle,
2026-01-05 05:35:00,7.589276789625233,12.994078764086558,39.13559888908515,83.29947591359081,0.0,0.0,2.053076459016819,31.35047754590398,0.0,0.0,0.0,1.0,0.0,idle,
2026-01-05 05:36:00,4.788154009879477,10.732287140767726,38.737140525241344,75.55661653493515,0.0,0.0,6.226683467965569,32.55653191861768,0.0,0.0,0.0,1.0,0.0,idle,
2026-01-05 05:37:00,4.445327707496915,12.163615315354285,38.62149475803801,74.84304712622159,0.0,0.0,7.8626172654009725,28.197549705454783,0.0,0.0,0.0,1.0,0.0,idle,
2026-01-05 05:38:00,2.8518486478378042,9.930767218189184,38.90486348078573,70.84830408382564,0.0,0.0,6.627130143367991,29.48088267451827,0.0,0.0,0.0,0.0,0.0,idle,
2026-01-05 05:39:00,0.6480629489682561,7.620779343979706,39.09861027718819,63.41661154590708,0.0,0.0,8.412118507170195,31.428714674168006,0.0,0.0,0.0,1.0,0.0,idle,
2026-01-05 05:40:00,2.4842879854931654,13.303563960255879,39.56450764962191,65.4135494292135,0.0,0.0,9.841036377234236,32.6650196970788,0.0,0.0,0.0,3.0,0.0,idle,
2026-01-05 05:41:00,0.0,13.938849448938768,39.23885804705004,61.46835436507133,0.0,0.0,6.272785042998137,31.188093686824008,0.0,22.66089049440962,0.0,4.0,0.0,idle,
2026-01-05 05:42:00,2.1855152980876045,17.031403815423033,39.208998249686566,75.28131094325104,0.0,0.0,11.479761791432246,31.92964138836272,0.0,25.02419839442043,0.0,1.0,0.0,idle,
2026-01-05 05:43:00,3.304374331229031,14.615861001438194,39.150938324943944,67.51806037038196,0.0,0.0,11.490592879903623,31.206285539205425,0.0,14.805316340950208,0.0,2.0,0.0,idle,
2026-01-05 05:44:00,3.0468027288836748,13.209022002468359,39.06454936691679,77.15703828901381,0.0,0.0,11.277154286436254,35.195904003878596,0.0,12.079662005098063,0.0,3.0,0.0,idle,
2026-01-05 05:45:00,5.088201057277574,13.217542862836387,39.19342461520086,79.97096697952732,0.0,0.0,8.246874975033375,31.798933272195285,0.0,1.8263936493916748,0.0,1.0,0.0,idle,
2026-01-05 05:46:00,1.8748268912951755,12.574513613584495,39.15438918773754,63.33131171794145,0.0,0.0,15.024341851269181,32.12936441073665,0.0,23.32950048204087,0.0,3.0,0.0,idle,
2026-01-05 05:47:00,1.0467499980949406,11.185907797699318,39.07628763839841,68.79708404642356,0.0,0.0,13.80368579763363,27.948461472345425,0.0,31.727226036105495,0.0,4.0,0.0,idle,
2026-01-05 05:48:00,0.0,12.138023856160345,39.29707651566987,57.98362816247907,0.0,0.0,14.461475440128217,32.102713887089024,19.664948815977926,34.57076044952264,0.0,1.0,0.0,idle,
2026-01-05 05:49:00,0.0,12.663118965547385,39.42492002893973,64.2435517181324,0.0,0.0,17.12002034053466,31.674304553865493,49.016877722284875,37.50341875982791,0.0,3.0,0.0,idle,
2026-01-05 05:50:00,0.0,11.502509353497821,39.40291790142642,61.983273854147065,0.0,0.0,7.966506096799526,32.814489169788075,48.88908977431481,20.2930565625806,0.0,1.0,0.0,idle,
2026-01-05 05:51:00,0.0,11.547769600300434,39.221296693477136,55.54207593804755,0.0,0.0,5.472951984585079,33.060200375417025,36.72932330631487,25.509865295619175,0.0,0.0,0.0,idle,
2026-01-05 05:52:00,2.339934393452924,11.773033700471164,39.04606043569136,66.74451374225042,0.0,0.0,3.99569891021229,32.571462675501685,26.35860776884694,23.022015557027974,0.0,2.0,0.0,idle,
2026-01-05 05:53:00,5.47863845127949,11.21146632924114,39.37635675792835,79.77981644343026,0.0,0.0,8.338329006823656,34.388083302078286,17.589707671095926,5.812121364067816,0.0,4.0,0.0,idle,
2026-01-05 05:54:00,5.812948402719849,13.155526798657709,39.459273698931874,78.39186885218368,0.0,0.0,11.026023852708674,35.592029747878144,8.489070544413426,15.371769328419594,0.0,2.0,0.0,idle,
2026-01-05 05:55:00,6.481459914453929,15.487821842184562,39.360855504300815,79.54091113809498,0.0,0.0,12.537568118530624,35.64118914599905,13.95503094014212,9.260872528145484,0.0,3.0,0.0,idle,
2026-01-05 05:56:00,5.929094188768326,14.60321907903803,39.55820570354932,84.37416926113399,0.0,0.0,14.292855708085495,36.859122393944865,19.329254574603542,7.5970274085586,0.0,0.0,0.0,idle,
2026-01-05 05:57:00,4.287841607500946,15.352464775444533,39.556769195060674,79.0960955752925,0.0,0.0,13.640881170753119,33.23317213550382,24.4611562031649,0.0,0.0,0.0,0.0,idle,
2026-01-05 05:58:00,4.700533973670158,16.498356872238155,39.592047949931946,83.04067595669717,0.0,0.0,10.753992885122774,33.14534691308268,22.535322361926244,0.0,0.0,0.0,0.0,idle,
2026-01-05 05:59:00,3.759275442884652,13.092845830915714,39.82332984068766,70.7772588850419,0.0,0.0,10.67872779832957,34.424647716857955,19.32882508252831,0.0,0.0,3.0,0.0,idle,
2026-01-05 06:00:00,6.825849502077519,17.197320765829577,40.14231754319388,88.42003320448592,0.0,0.0,11.180495294319737,29.122364060060818,2.6688993207134803,0.0,0.0,2.0,0.0,idle,
2026-01-05 06:01:00,9.499353483239648,18.001184835751204,40.042355602328044,86.76337524892566,0.0,0.0,7.735860902954609,28.010190082399923,0.0,0.0,0.0,0.0,0.0,idle,
2026-01-05 06:02:00,6.464902996433935,18.500269437602917,39.8536354546549,76.80662297049449,0.0,0.0,8.659900099289107,25.67893160101784,0.0,0.0,0.0,0.0,0.0,idle,
2026-01-05 06:03:00,4.725322426439357,22.16178525717632,39.94324786840384,81.80566673137255,0.0,0.0,5.206338620567147,29.45031420953824,0.0,0.0,0.0,2.0,0.0,idle,
2026-01-05 06:04:00,2.795087592007251,20.656202805022225,39.83194173096299,70.97109479917559,0.0,0.0,4.967894484518168,36.450396084312786,0.0,0.0,0.0,2.0,0.0,idle,
2026-01-05 06:05:00,0.724789990937339,20.454748006085023,39.73708399511629,59.69907091321964,0.0,0.0,7.610203287975008,39.67117760287532,0.0,5.329983118466666,0.0,1.0,0.0,idle,
2026-01-05 06:06:00,2.878708429012792,20.325750123374085,39.805989003531,65.22419750175384,0.0,0.0,8.546531151497739,42.19030641445441,0.0,6.505565665691482,0.0,1.0,0.0,idle,
2026-01-05 06:07:00,3.3937334817485576,19.655095543382394,39.663176698338276,62.52665256169826,0.0,0.0,4.277087324256632,42.751220190352804,0.0,13.898790915313226,0.0,2.0,0.0,idle,
2026-01-05 06:08:00,3.4499656947266653,20.11493113697913,39.538947509588596,72.90383888195583,0.0,0.0,5.472191595750186,40.83712930103515,27.19352667050514,17.444648212111503,0.0,3.0,0.0,idle,
2026-01-05 06:09:00,4.406137305813973,16.676448655852262,39.55298867652583,69.09913682983895,0.0,0.0,1.9681949805123544,43.12071724862017,33.686370441772866,12.816702052328257,0.0,1.0,0.0,idle,
2026-01-05 06:10:00,4.502949970871089,14.886358736085448,39.732535934983645,67.72611175420487,0.0,0.0,0.27965156454902385,40.24454198376691,47.933461076780674,14.426850099793159,0.0,3.0,0.0,idle,
2026-01-05 06:11:00,4.5696675694919175,16.313298045791267,39.41009153861186,74.40175812337169,0.0,0.0,0.0,38.72780895587006,40.980251156258745,0.0,0.0,2.0,0.0,idle,
2026-01-05 06:12:00,0.0,13.700301887973087,39.160812157569055,66.2348396353723,0.0,0.0,0.0,37.43234046686943,36.72456594904908,0.38295505202113644,0.0,1.0,0.0,idle,
2026-01-05 06:13:00,2.9162637893113517,14.936058195148746,39.71298542131735,68.00356825375282,0.0,0.0,0.0,35.99086803054006,32.50663156420096,0.33985841797787475,0.0,2.0,0.0,idle,
2026-01-05 06:14:00,3.3901608332393582,16.42281109766608,40.0366411446579,80.01835998610925,0.0,0.0,0.0,36.90021654250804,20.287906045436166,13.884143340352853,0.0,2.0,0.0,idle,
2026-01-05 06:15:00,1.4858124156662187,17.249967830698374,39.53764753735439,56.34489876500264,0.0,0.0,0.0,37.481437188535196,0.0,3.5341169640163477,0.0,2.0,0.0,idle,
2026-01-05 06:16:00,3.2399445973691114,13.849850067534497,39.324142857936565,71.7087140088953,0.0,0.0,0.6997793600632498,41.57670878816373,0.0,4.924316830309978,0.0,3.0,0.0,idle,
2026-01-05 06:17:00,100.0,53.532902694843024,44.00338945122319,399.84117516144624,0.0,0.0,44.567228347114316,72.10773562753243,70.90701561989316,32.39640478674476,0.0,7.0,1.0,compute_bound,
2026-01-05 06:18:00,98.49257916383999,53.197901501603496,47.909153641910876,386.30131114498636,0.0,0.0,44.158533801278274,64.44126804390783,73.49568230845867,31.900463896904743,1.0,3.0,1.0,compute_bound,
2026-01-05 06:19:00,95.37117664486495,54.46059412976955,51.18021061061272,383.4567744039446,0.0,0.0,51.41072205397963,62.8706861394028,90.58153072428406,31.01126503015262,2.0,3.0,1.0,compute_bound,
2026-01-05 06:20:00,95.11175197318803,54.857325182602025,54.642261098350495,379.43291690208264,0.0,0.0,50.48925577372579,62.18557508976031,87.97412307876299,17.500024620701915,3.0,4.0,1.0,compute_bound,
2026-01-05 06:21:00,93.26357917356027,54.57741564973091,57.11029210522764,376.0217647841384,0.0,0.0,48.328050456103554,57.45543284757462,101.64902647427446,20.3107866256128,4.0,2.0,1.0,compute_bound,
2026-01-05 06:22:00,92.81469650935335,54.13545363381595,59.17998019899837,369.0371950483612,0.0,0.0,48.384580837376184,61.705634064957415,114.9974038761389,9.074440243801984,5.0,3.0,1.0,compute_bound,
2026-01-05 06:23:00,96.18984819908562,52.031853451809084,61.59990453323699,386.16271183772795,0.0,0.0,41.22047218536642,58.74250398057337,99.35805127653524,19.955639691483064,6.0,4.0,1.0,compute_bound,
2026-01-05 06:24:00,100.0,52.28658846501287,63.75005002131826,400.3552466114023,0.0,0.0,44.24650077213674,56.5232315185379,93.7680716233679,25.45937041559931,7.0,2.0,1.0,compute_bound,
2026-01-05 06:25:00,99.80417687141502,53.32200075810904,65.32577777837142,395.0112528133174,0.0,0.0,48.046413120134474,57.14311934917109,91.88952035666551,24.39593202822676,8.0,4.0,1.0,compute_bound,
2026-01-05 06:26:00,100.0,52.26685441613107,66.87677811925529,398.88940998286904,0.0,0.0,48.592936930432934,57.80735239419471,108.84015103578493,17.229724626186176,9.0,2.0,1.0,compute_bound,
2026-01-05 06:27:00,96.84733060260199,53.093223432914506,68.22697723412341,393.36741341073866,0.0,0.0,49.20880854472786,55.49819550037838,114.37253664909976,17.278961683265322,10.0,6.0,1.0,compute_bound,
2026-01-05 06:28:00,96.52589506348781,54.3708845111413,69.48729556577159,383.4122856014837,0.0,0.0,47.88057654914218,56.08480992237503,100.24724199589757,29.699705987984313,11.0,5.0,1.0,compute_bound,
2026-01-05 06:29:00,97.35314949002294,55.9923478628602,70.8072284147921,398.10437870087657,0.0,0.0,48.23127332175714,56.71326631610258,70.97311594124415,26.44734159075428,12.0,4.0,1.0,compute_bound,
2026-01-05 06:30:00,100.0,54.239872820326916,71.7940133541086,398.48246303976157,0.0,0.0,43.3640278884516,56.88570109123609,77.49638371610868,41.99492703890846,13.0,4.0,1.0,compute_bound,
2026-01-05 06:31:00,100.0,54.279431474124586,72.70913004421652,399.8159048755665,0.0,0.0,44.378234574203546,58.04265611764536,80.73130291690968,42.616444372809795,14.0,2.0,1.0,compute_bound,
2026-01-05 06:32:00,100.0,51.535843937760944,73.38739476171624,395.15997806642446,0.0,0.0,48.97399449822798,60.032362373443874,79.65698840456612,52.73736147437708,15.0,5.0,1.0,compute_bound,
2026-01-05 06:33:00,100.0,50.165311034613175,73.64026838976734,402.155278571232,0.0,0.0,48.56769710982466,60.45946965048104,86.74838486376474,40.75856703968056,16.0,3.0,1.0,compute_bound,
2026-01-05 06:34:00,100.0,49.58419866369647,74.79086837122311,404.58654917739113,0.0,0.0,48.83646359687185,62.03277948402938,74.46387023823846,29.693663100728386,17.0,2.0,1.0,compute_bound,
2026-01-05 06:35:00,100.0,53.77830637707475,75.11891443959594,401.54102080355784,0.0,0.0,48.81387948470221,60.459045283034975,85.71711615095974,28.32419296478014,18.0,3.0,1.0,compute_bound,
2026-01-05 06:36:00,100.0,53.8903169965886,75.76720413192287,408.60718100537525,0.0,0.0,48.75706291706016,60.081141986403566,87.72800305237945,56.528233375149455,19.0,3.0,1.0,compute_bound,
2026-01-05 06:37:00,99.44722740016303,51.2254562148044,76.01367710685496,400.8621021758622,0.0,0.0,49.93427314057374,63.86191688250555,93.58389271660954,46.745198761689366,20.0,5.0,1.0,compute_bound,
2026-01-05 06:38:00,100.0,48.59890392080906,76.24009246289134,397.4800995490604,0.0,0.0,55.3823736907437,61.723574452537285,93.99693685000128,48.636023306797,21.0,3.0,1.0,compute_bound,
2026-01-05 06:39:00,100.0,50.262249199760525,77.03941942121125,392.2717089740296,0.0,0.0,50.34491465994897,59.265863068830846,55.918530785331285,44.87981788165624,22.0,4.0,1.0,compute_bound,
2026-01-05 06:40:00,100.0,50.314952929095355,77.17362921531598,398.1305516934163,0.0,0.0,52.894101610762526,62.56352888265602,58.57953981647053,50.154629185051974,23.0,3.0,1.0,compute_bound,
2026-01-05 06:41:00,99.08608538918945,45.91754339219225,77.68243263661532,391.37843000299944,0.0,0.0,50.76058759207997,61.73566655354674,58.04475124885119,48.836135067852894,24.0,4.0,1.0,compute_bound,
2026-01-05 06:42:00,95.56420424248213,47.40655994474484,78.21444842849317,384.8833822864524,0.0,0.0,53.800351608659184,61.27078123416898,53.99505448497974,53.592551330161285,25.0,2.0,1.0,compute_bound,
2026-01-05 06:43:00,93.82594451154787,49.0837780271998,77.91130458885834,373.8352409780144,0.0,0.0,55.00826971329771,59.174475692850834,41.584636079146264,51.40335574948614,26.0,2.0,1.0,compute_bound,
2026-01-05 06:44:00,94.16448671113103,45.01055871289617,77.57587564222663,373.5426967001511,0.0,0.0,56.62940436025862,61.86721780405611,46.2296608260898,65.65720752052627,27.0,4.0,1.0,compute_bound,
2026-01-05 06:45:00,92.93319970556077,45.90575100184918,77.71711744625516,382.17504171340386,0.0,0.0,52.10979639035018,62.57909413354172,51.71387532428596,60.47158684109007,28.0,2.0,1.0,compute_bound,
2026-01-05 06:46:00,94.48967986885684,45.10725408910685,77.50972532999234,378.74780444201275,0.0,0.0,43.17983736644137,61.41765816924907,45.10628658783732,46.320661207705854,29.0,3.0,1.0,compute_bound,
2026-01-05 06:47:00,91.12003427178328,46.420396973351686,77.35780020624843,374.7683255664559,0.0,0.0,45.823263713136015,62.6716109263475,46.23481624050291,54.229274892835704,30.0,4.0,1.0,compute_bound,
2026-01-05 06:48:00,94.84709015226323,51.43130410506669,77.28917600281655,381.1654534779763,0.0,0.0,48.35037600797264,60.69771811925116,32.743942150839864,59.72880140585342,31.0,6.0,1.0,compute_bound,
2026-01-05 06:49:00,97.10083038007775,51.727434409570925,77.59449191559257,393.52629566295354,0.0,0.0,46.69863881363376,61.441429645081314,22.862133017139755,53.17632694204268,32.0,3.0,1.0,compute_bound,
2026-01-05 06:50:00,98.04669362015386,49.57149987586854,77.68582703116633,394.9314356795468,0.0,0.0,47.88005223831793,61.36413396710758,43.44596203392617,34.915878651072575,33.0,4.0,1.0,compute_bound,
2026-01-05 06:51:00,99.17695140405067,48.15377874953644,78.36994382169036,401.1277350131474,0.0,0.0,51.36643491033474,62.80762103191329,45.48030783044841,9.604741814965713,34.0,2.0,1.0,compute_bound,
2026-01-05 06:52:00,100.0,46.920744668907865,78.64634015539289,398.85028432308127,0.0,0.0,55.97470995987757,64.40333455682779,54.397854792805845,0.0,35.0,5.0,1.0,compute_bound,
2026-01-05 06:53:00,100.0,48.29911921802115,79.03391386803146,402.749797697882,0.0,0.0,56.98509751341968,61.66714457228507,52.38164390071402,8.188855845939141,36.0,4.0,1.0,compute_bound,
2026-01-05 06:54:00,100.0,51.38257342857073,78.569367427562,391.30981830974787,0.0,0.0,51.279930923108104,64.44641841509929,38.32778626908605,10.182238645521881,37.0,6.0,1.0,compute_bound,
2026-01-05 06:55:00,100.0,51.13577701525429,78.59787902985242,399.3172427255949,0.0,0.0,51.6021473388741,62.38143556210061,52.9879063583927,1.7407460136337214,38.0,3.0,1.0,compute_bound,
2026-01-05 06:56:00,100.0,50.249455071553825,78.56637324431847,405.2552719109251,0.0,0.0,51.17533931062391,59.7854679503475,61.22590355357973,3.5428314630147497,39.0,4.0,1.0,compute_bound,
2026-01-05 06:57:00,100.0,52.71937542586855,78.79568991528808,397.43013336992067,0.0,0.0,47.66316333665169,59.83786680807894,87.97283538565414,8.415477107769075,40.0,2.0,1.0,compute_bound,
2026-01-05 06:58:00,100.0,52.81251570807245,79.03267310177694,407.64777294071746,0.0,0.0,48.86383555418229,61.68009847821541,108.92449544419979,0.0,41.0,5.0,1.0,compute_bound,
2026-01-05 06:59:00,100.0,52.54227060320629,79.24440962071766,402.17248016896,0.0,0.0,46.29147408041446,61.885756773757045,111.67284068317743,0.0,42.0,4.0,1.0,compute_bound,
2026-01-05 07:00:00,100.0,51.69701332693234,79.31984434201391,402.67468187840734,0.0,0.0,45.55278119702212,62.45005780929774,92.67211505276428,0.0,43.0,3.0,1.0,compute_bound,
2026-01-05 07:01:00,100.0,49.691005056782735,79.20423932108204,396.75837606918236,0.0,0.0,54.29972425255697,63.92995878917113,98.82109719286055,0.0,44.0,3.0,1.0,compute_bound,
2026-01-05 07:02:00,100.0,47.00952523241939,79.59100336224617,405.5630773298378,0.0,0.0,52.59040526340112,65.97164157753264,117.02046753473462,2.96997928927453,45.0,4.0,1.0,compute_bound,
2026-01-05 07:03:00,100.0,45.7628445902257,79.53910232023657,401.8303998270988,0.0,0.0,56.25834992157354,68.61830803157413,119.87293972067029,15.62797451991999,46.0,7.0,1.0,compute_bound,
2026-01-05 07:04:00,100.0,44.67117381292627,79.2188613691028,393.0324936865033,0.0,0.0,48.706317363649404,66.3278670320859,112.05045918248942,29.427374440386963,47.0,4.0,1.0,compute_bound,
2026-01-05 07:05:00,100.0,44.948888459543255,79.45143004599304,395.5611760270279,0.0,0.0,48.278049653985434,65.16634582002291,97.41904086433212,30.522095798383983,48.0,3.0,1.0,compute_bound,
2026-01-05 07:06:00,100.0,45.58456070881647,79.14741412726916,408.4342385943982,0.0,0.0,51.82609480939402,62.386062933829834,115.78242395216903,26.477742788577174,49.0,2.0,1.0,compute_bound,
2026-01-05 07:07:00,99.89564790660339,46.85272435182593,79.6939105219468,401.29954506622164,0.0,0.0,56.66994352733734,61.29407643803578,101.37006494792965,28.399599101393033,50.0,8.0,1.0,compute_bound,
2026-01-05 07:08:00,100.0,46.89081488650224,80.41553752290969,406.12532328598564,0.0,0.0,53.21961341576075,64.21596103681055,116.13537532285736,20.876032365404306,51.0,3.0,1.0,compute_bound,
2026-01-05 07:09:00,100.0,44.71467478222548,80.66443353172906,399.24238271524075,0.0,0.0,48.41003228350348,65.78488491505526,85.9878173493825,1.9539657240237922,52.0,4.0,1.0,compute_bound,
2026-01-05 07:10:00,100.0,41.622645869931354,80.64361703240105,409.3568229678133,0.0,0.0,48.157987126516026,68.1127603469727,97.0832328187811,32.240669025671366,53.0,4.0,1.0,compute_bound,
2026-01-05 07:11:00,100.0,41.437441979174494,80.67986236214864,404.5213834687906,0.0,0.0,45.837120358966054,68.33123367887991,101.65046008096759,45.065359252672025,54.0,4.0,1.0,compute_bound,
2026-01-05 07:12:00,100.0,43.97903616806052,80.55492777245911,395.4297032737816,0.0,0.0,42.26342461850342,66.91644362316688,93.56564912454986,31.62829291369897,55.0,5.0,1.0,compute_bound,
2026-01-05 07:13:00,100.0,40.578295888953505,80.87954164975817,407.82359431605846,0.0,0.0,43.1212830296822,66.46526973355071,74.61060383492,18.191997444937016,56.0,5.0,1.0,compute_bound,
2026-01-05 07:14:00,100.0,40.34840834355344,80.86936293538707,402.79406400564204,0.0,0.0,42.873767509813916,64.29316032997455,119.41523416929917,12.279982758554318,57.0,4.0,1.0,compute_bound,
2026-01-05 07:15:00,100.0,42.35962166612649,81.21847687610224,405.41000272298874,1.0,0.0,46.27564020668194,66.5097285018242,91.9607321830024,5.6346149439759365,58.0,3.0,1.0,compute_bound,
2026-01-05 07:16:00,100.0,42.05397641012151,80.93163060280952,396.4188275032773,0.0,0.0,48.05441446115314,65.03553745875287,68.26619440254085,15.89333502827402,59.0,5.0,1.0,compute_bound,
2026-01-05 07:17:00,100.0,41.298418730786466,80.91734672136893,402.7230631826438,0.0,0.0,51.90237963010855,66.57521407752296,87.5621560550794,8.709807708927865,60.0,4.0,1.0,compute_bound,
2026-01-05 07:18:00,100.0,46.91881557139977,80.82899019335386,404.6299080646318,0.0,0.0,51.92391702777041,64.55156221934723,81.59907563339056,11.034787912868808,61.0,4.0,1.0,compute_bound,
2026-01-05 07:19:00,100.0,49.53200463702316,80.75835291993639,408.1138140201557,0.0,0.0,55.57921171797335,63.09544079705663,92.9527833613393,24.426850700140974,62.0,3.0,1.0,compute_bound,
2026-01-05 07:20:00,100.0,48.91121870658362,80.5694468133492,396.08715707174633,0.0,0.0,53.95436864297885,63.08650494777978,84.97197480723008,22.18328142411005,63.0,5.0,1.0,compute_bound,
2026-01-05 07:21:00,100.0,47.9532112745314,80.526980815621,395.2045818375305,0.0,0.0,56.152297302516665,61.97554399459405,86.50523596246711,22.478734934615293,64.0,2.0,1.0,compute_bound,
2026-01-05 07:22:00,100.0,52.13603713509077,80.60094106058898,403.6318055378918,0.0,0.0,56.83845522400228,63.33340106305834,102.50206548175484,32.83638892696112,65.0,5.0,1.0,compute_bound,
2026-01-05 07:23:00,100.0,52.47595425762749,80.92933483575113,402.0255976875694,0.0,0.0,54.409469521375804,64.68833600771312,98.7917200687236,39.69066750659406,66.0,3.0,1.0,compute_bound,
2026-01-05 07:24:00,100.0,47.64557119995755,80.59703500581209,396.5685490392422,0.0,0.0,57.777151451230885,64.37964447238896,112.99102765037675,38.3241848747412,67.0,6.0,1.0,compute_bound,
2026-01-05 07:25:00,100.0,49.45195128840016,80.8144130788523,408.1684959753072,0.0,0.0,56.24774178549965,63.75349194806787,104.22638446941887,51.22968096874894,68.0,3.0,1.0,compute_bound,
2026-01-05 07:26:00,98.89628077378654,51.2769769046698,81.01496717491477,392.51166443221575,0.0,0.0,54.2278661545047,61.56252560724728,90.87383299501714,35.99057934615131,69.0,3.0,1.0,compute_bound,
2026-01-05 07:27:00,97.29431460112077,53.99565514181784,81.16226940489292,391.89101302285184,0.0,0.0,57.04655540688036,62.178660547563766,111.95285326874264,35.20870746964407,70.0,3.0,1.0,compute_bound,
2026-01-05 07:28:00,97.70981956461912,50.093211395553844,80.8404761015996,397.07378909133206,0.0,0.0,60.97744356385206,62.056485341795145,97.24693633972282,35.23318493591913,71.0,2.0,1.0,compute_bound,
2026-01-05 07:29:00,98.23858908676311,48.09291682916571,80.76653255794012,395.36950443975667,0.0,0.0,57.61989994976622,62.750041138158416,74.04261362463191,29.534946499847358,72.0,4.0,1.0,compute_bound,
2026-01-05 07:30:00,98.16597496845272,49.90412519146535,80.38862835913872,397.58343119623834,0.0,0.0,57.5115447378376,62.76012946023328,49.929183067517805,17.54733288373057,73.0,5.0,1.0,compute_bound,
2026-01-05 07:31:00,96.72836972756785,49.38654723654922,80.36208649750397,386.77652425472746,0.0,0.0,56.80739258239817,65.38282118652069,7.674604792916142,13.506754360500688,74.0,6.0,1.0,compute_bound,
2026-01-05 07:32:00,100.0,50.72093793895314,79.90985976278819,398.3373441255581,0.0,0.0,64.37080915233452,66.11155538963257,25.064090331131517,21.151234625248414,75.0,3.0,1.0,compute_bound,
2026-01-05 07:33:00,100.0,51.36847497147927,80.15058592507398,403.06026511475,0.0,0.0,56.30732635302012,63.407502464422876,37.37056962169776,15.030461259926396,76.0,6.0,1.0,compute_bound,
2026-01-05 07:34:00,100.0,51.52752026737656,80.50326608005291,402.0801423581602,0.0,0.0,53.258504424548654,62.95138343565802,46.72863236460947,19.995469643138783,77.0,3.0,1.0,compute_bound,
2026-01-05 07:35:00,100.0,50.181966077347454,80.6451721459305,401.73030094572016,0.0,0.0,50.3844233976791,62.06887357659199,30.07763582149405,35.237998811732915,78.0,3.0,1.0,compute_bound,
2026-01-05 07:36:00,100.0,51.55486980967819,80.80619113894629,400.539489409536,0.0,0.0,51.764290853400865,59.17745041897124,32.9018067415289,30.211017274860385,79.0,4.0,1.0,compute_bound,
2026-01-05 07:37:00,100.0,50.4433086238171,80.96167667389523,403.9369156740571,0.0,0.0,54.37564476585009,59.97302318043949,30.781910299624272,43.120457002728585,80.0,3.0,1.0,compute_bound,
2026-01-05 07:38:00,100.0,46.55694707029894,80.81059526891873,406.33061778194303,0.0,0.0,57.43377934387728,61.87864657588573,34.44517847429264,55.60393238712103,81.0,5.0,1.0,compute_bound,
2026-01-05 07:39:00,100.0,44.47104097581745,80.75372585190773,393.38677881308956,0.0,0.0,54.013935474935415,60.45968558491045,56.66400337059132,55.18019106914285,82.0,5.0,1.0,compute_bound,
2026-01-05 07:40:00,100.0,44.00448424206586,80.70830538464978,404.7340166680888,0.0,0.0,55.79998629178352,59.09522783370399,20.280524268503427,44.15946392624825,83.0,4.0,1.0,compute_bound,
2026-01-05 07:41:00,100.0,47.87096975376682,81.13490822254599,399.6700310835923,0.0,0.0,54.52360406047282,59.2977639726902,42.392176714667585,50.024249404399235,84.0,4.0,1.0,compute_bound,
2026-01-05 07:42:00,100.0,50.279477326966266,81.05033900435122,401.88032756126387,0.0,0.0,55.382569828551084,59.97762621409101,48.98689695213293,39.15437930886604,85.0,3.0,1.0,compute_bound,
2026-01-05 07:43:00,100.0,49.541847315114815,81.00335510369904,397.2223733794895,0.0,0.0,58.606860230812714,61.69059440739131,74.48229268193623,28.684824855537073,86.0,5.0,1.0,compute_bound,
2026-01-05 07:44:00,99.7363232880783,49.55617261853783,81.01076258220559,404.7647882585336,0.0,0.0,62.817541860248305,66.3721556331533,80.12030180178887,19.71738296392876,87.0,3.0,1.0,compute_bound,
2026-01-05 07:45:00,96.66372380818048,51.408647303048305,80.3943992961268,385.7526145698294,0.0,0.0,61.676087800324964,65.60806396795232,69.4154048839063,27.099974302384986,88.0,4.0,1.0,compute_bound,
2026-01-05 07:46:00,99.06962757386198,51.81233666617355,79.89431197055886,396.9374107520827,0.0,0.0,61.17119333725078,62.65597787854647,66.18768538542042,48.20920483588809,89.0,2.0,1.0,compute_bound,
2026-01-05 07:47:00,96.46375544357275,52.758030778055925,79.9063089870245,391.723235210131,0.0,0.0,59.74136270016853,64.99683384793126,71.49634443115455,37.31807734557604,90.0,4.0,1.0,compute_bound,
2026-01-05 07:48:00,96.07438424931857,52.87816689809275,79.78615579201943,390.02028669237444,0.0,0.0,56.742582606687634,62.668152408541864,68.58188619929852,36.64169503217457,91.0,4.0,1.0,compute_bound,
2026-01-05 07:49:00,96.97106029803314,51.452898335155545,79.35192829653803,382.56491679786467,0.0,0.0,58.76883430284492,67.11918191687121,58.22790893441178,23.79322723190363,92.0,4.0,1.0,compute_bound,
2026-01-05 07:50:00,96.86458302250476,49.71694355351546,79.25374363272734,389.83931494424826,0.0,0.0,69.86051633139697,66.90520200996005,82.55975999852602,20.355341518969524,93.0,3.0,1.0,compute_bound,
2026-01-05 07:51:00,100.0,51.298954863065696,78.93232672822711,401.4891257789651,0.0,0.0,65.34806589010307,67.18184109532,79.13241761339852,28.621042958871875,94.0,5.0,1.0,compute_bound,
2026-01-05 07:52:00,100.0,53.28488919583209,79.20674772440137,410.0,0.0,0.0,57.480734197751445,64.35919833028565,97.51524443702762,26.084911678944337,95.0,2.0,1.0,compute_bound,
2026-01-05 07:53:00,100.0,52.722088112339044,79.04648246783307,398.918053028054,0.0,0.0,58.54749915383147,64.50065405579106,106.86877649188573,36.76397300585286,96.0,4.0,1.0,compute_bound,
2026-01-05 07:54:00,100.0,52.955227364751,79.4075986467427,394.02779510820153,0.0,0.0,55.34718030128476,62.94551534668928,119.2582658869743,31.667552361296913,97.0,4.0,1.0,compute_bound,
2026-01-05 07:55:00,100.0,51.89397730206639,79.19729647474088,390.70670019063414,0.0,0.0,54.189161401162394,64.33979138201957,105.84829056089015,36.69823010969316,98.0,4.0,1.0,compute_bound,
2026-01-05 07:56:00,100.0,50.88065498258232,79.37324508676954,401.88178856198545,0.0,0.0,56.769170412938045,60.82557499192524,111.9223666339322,35.07602628153076,99.0,3.0,1.0,compute_bound,
2026-01-05 07:57:00,100.0,47.593194723602096,79.53224542063771,398.3879331289991,0.0,0.0,55.795339986990555,58.82468111040735,91.80478085720515,17.77396823785013,100.0,5.0,1.0,compute_bound,
2026-01-05 07:58:00,97.67190471690807,47.531364925834694,79.69776005222916,381.93804982078757,0.0,0.0,54.066758002607656,57.86023689808027,75.25370820675441,25.978165976849155,101.0,3.0,1.0,compute_bound,
2026-01-05 07:59:00,95.53301886445368,47.7132895255525,79.65085428744128,378.9933763971796,0.0,0.0,54.165809106097925,56.52332592852281,76.13985324381926,18.30834360794146,102.0,3.0,1.0,compute_bound,
2026-01-05 08:00:00,93.50901179490191,50.62307314197864,79.28495645595288,379.6217723788619,0.0,0.0,54.22562687123346,55.260274759640765,84.70768698075105,9.511507725945126,103.0,5.0,1.0,compute_bound,
2026-01-05 08:01:00,95.56660322744227,50.66047744183508,79.10751746106509,383.9975897459231,0.0,0.0,55.06240121506987,57.80227742495289,95.15711310164171,21.975140593280067,104.0,3.0,1.0,compute_bound,
2026-01-05 08:02:00,97.92106521168783,49.90093478465678,79.11669329120522,385.4859458518312,0.0,0.0,64.42936739683726,59.181360130257005,67.04240411900935,11.122741794760202,105.0,4.0,1.0,compute_bound,
2026-01-05 08:03:00,95.62752094648319,48.14714513071779,78.94074917045168,387.3932283365266,0.0,0.0,64.4325039297955,60.255517768033975,76.88889002369172,22.884372209935634,106.0,4.0,1.0,compute_bound,
2026-01-05 08:04:00,93.22451552878539,53.8477758985615,79.08421103610534,383.99614060658354,0.0,0.0,59.594577648254585,60.76670742056443,89.70507645914425,11.564640436806343,107.0,6.0,1.0,compute_bound,
2026-01-05 08:05:00,89.99330903544666,50.54171151557234,78.61899980682999,362.39846925671833,0.0,0.0,57.78585702728871,61.45019148017658,89.2153733811937,9.629230498567082,108.0,4.0,1.0,compute_bound,
2026-01-05 08:06:00,93.07068303010054,50.2854485271812,78.5001956313728,376.2117377246407,0.0,0.0,54.276122308932,64.74055463663508,104.13735146818942,11.53001451911531,109.0,2.0,1.0,compute_bound,
2026-01-05 08:07:00,91.56570820713222,50.04406056378269,78.14821498906782,368.8638888259917,0.0,0.0,48.555947057065964,65.1143199609622,104.59802497000732,4.158376578237235,110.0,5.0,1.0,compute_bound,
2026-01-05 08:08:00,93.02684156349694,52.02767833598489,78.07646868905535,378.2323423753225,0.0,0.0,51.48275690737691,63.1313398815944,100.29930793160808,8.468041312856936,111.0,5.0,1.0,compute_bound,
2026-01-05 08:09:00,94.91113388715014,49.28257492799898,77.99803824824522,372.98835359313733,0.0,0.0,52.1753760132559,62.03628928363628,85.7225750458522,2.4251956960062877,112.0,4.0,1.0,compute_bound,
2026-01-05 08:10:00,93.63114790814984,51.86139255283836,77.72887455061787,371.38232446272644,0.0,0.0,48.15179156991964,63.78942769349366,81.14308614719057,13.466207799393008,113.0,3.0,1.0,compute_bound,
2026-01-05 08:11:00,91.41496571030245,50.89911782416388,77.6484957175601,371.18215588493365,0.0,0.0,53.09678267016309,63.13071271846819,83.90023165194695,25.917821722240127,114.0,7.0,1.0,compute_bound,
2026-01-05 08:12:00,93.67484734108467,48.57027405795872,77.8140954569805,377.721354190226,0.0,0.0,52.84539730390206,60.54822950510111,93.50484360192392,34.57385399812067,115.0,3.0,1.0,compute_bound,
2026-01-05 08:13:00,93.23600002065265,49.8566876267335,77.86492925458163,373.35615382999634,0.0,0.0,51.353438777156896,61.159563783267096,66.97122347909749,36.48510927688506,116.0,6.0,1.0,compute_bound,
2026-01-05 08:14:00,95.23042856844542,50.84358707708923,77.96910141305653,388.09328447323463,0.0,0.0,54.05997600269046,59.87547926123494,91.7390151705567,58.76220967003258,117.0,6.0,1.0,compute_bound,
2026-01-05 08:15:00,91.79289452080997,50.16718640738374,77.4145005178085,376.50115272636043,0.0,0.0,54.746466583508486,62.15825873540213,53.02254121349601,51.15899217258594,118.0,4.0,1.0,compute_bound,
2026-01-05 08:16:00,95.44730355509972,45.61816757722996,77.25471002219942,379.9315634922535,0.0,0.0,55.739645031465784,61.3374678879988,52.577434217556856,64.08324236095388,119.0,4.0,1.0,compute_bound,
2026-01-05 08:17:00,96.48314637633187,43.65617192763564,77.07349456719287,386.5576038132861,0.0,0.0,52.840817148793974,64.26884714526807,35.1809574132732,62.15178688437649,120.0,5.0,1.0,compute_bound,
2026-01-05 08:18:00,91.28015727021224,45.905351116755455,76.93901048269039,375.02723694124376,0.0,0.0,54.56949026852957,68.1095384017651,71.16850843944162,73.00124648450758,121.0,4.0,1.0,compute_bound,
2026-01-05 08:19:00,92.97849942245341,46.9553796756449,76.71154059152418,365.3958582218904,0.0,0.0,54.341466293508795,66.71500895244618,51.751737527812175,59.34562514832078,122.0,4.0,1.0,compute_bound,
2026-01-05 08:20:00,91.76398873329153,49.70708699513143,76.41394893900687,373.47230766674784,0.0,0.0,55.71450880292512,63.03692976732387,75.96518020138109,67.65691596937025,123.0,3.0,1.0,compute_bound,
2026-01-05 08:21:00,95.40154732732915,48.65761875085009,76.69615081313029,382.6822421601658,0.0,0.0,53.63691470168587,61.12090436107208,71.99875679681571,66.63010729691966,124.0,3.0,1.0,compute_bound,
2026-01-05 08:22:00,95.92430180750415,53.09646742626679,76.42976926311613,378.0326183488075,0.0,0.0,52.87913540815021,60.33716024430372,66.92505034151156,61.622618829107566,125.0,6.0,1.0,compute_bound,
2026-01-05 08:23:00,98.98692104560632,52.983149923018104,76.76403545457191,395.880650553288,0.0,0.0,55.098001484811206,62.334562256551415,81.7608018077275,69.54705650399757,126.0,3.0,1.0,compute_bound,
2026-01-05 08:24:00,100.0,53.35588757191956,77.2902534124262,397.3402597486913,0.0,0.0,52.62206832541507,65.09767869156431,56.6055193417804,55.872743056956445,127.0,3.0,1.0,compute_bound,
2026-01-05 08:25:00,100.0,50.26298853963013,77.65921210010191,397.6113270940194,0.0,0.0,53.68312162618183,64.10591289498409,42.85236825408432,46.05552017740432,128.0,2.0,1.0,compute_bound,
2026-01-05 08:26:00,100.0,49.09435357213629,78.50012767992342,402.2711448034318,0.0,0.0,48.85712069447557,66.75750687142109,39.98243559450989,46.04347284882701,129.0,4.0,1.0,compute_bound,
2026-01-05 08:27:00,100.0,52.69738446826321,78.3060217564151,398.1468007399327,0.0,0.0,45.409763304398936,65.01476772042025,64.73066742454279,35.25706978079353,130.0,4.0,1.0,compute_bound,
2026-01-05 08:28:00,100.0,50.446981682658745,78.10298454897287,398.95820785574216,0.0,0.0,41.493098511918134,67.01380060753225,47.56648351126408,32.65863475777217,131.0,2.0,1.0,compute_bound,
2026-01-05 08:29:00,100.0,50.912260614399834,78.0169201679889,389.124578288598,0.0,0.0,46.671530949291835,68.65219548442671,65.18356787567576,22.220700115324195,132.0,4.0,1.0,compute_bound,
2026-01-05 08:30:00,100.0,49.56371352906213,77.98428125078016,401.39957501175724,0.0,0.0,45.682956626335695,67.33258872352866,56.80086396438077,23.11549566226852,133.0,4.0,1.0,compute_bound,
2026-01-05 08:31:00,96.74053034477527,45.88598337780381,78.21301826721296,384.4850394161265,0.0,0.0,48.19400147280882,63.75117831310067,57.96323056582876,20.021032885791357,134.0,5.0,1.0,compute_bound,
2026-01-05 08:32:00,95.62233098263546,47.89430090642989,78.55204962769353,379.32303928511567,0.0,0.0,51.407993480018874,63.15237991459446,60.7754065735538,12.482846238899928,135.0,5.0,1.0,compute_bound,
2026-01-05 08:33:00,95.80081330576984,50.31465718660794,78.85155383446127,395.3456228678748,0.0,0.0,46.584322274500295,58.39540159918677,68.2219586970753,5.3605397375264765,136.0,4.0,1.0,compute_bound,
2026-01-05 08:34:00,94.49057030357528,51.25115446033338,78.44634866776991,384.98834058270245,0.0,0.0,50.29908935377208,59.52552161406136,83.24346905770788,15.40917857158251,137.0,2.0,1.0,compute_bound,
2026-01-05 08:35:00,100.0,52.873447494172574,78.28909859859193,405.8515297876672,0.0,0.0,47.557449015908254,58.42939512789408,117.1602054071102,0.0,138.0,2.0,1.0,compute_bound,
2026-01-05 08:36:00,100.0,50.76345128238795,78.54651651910224,398.77628323044524,0.0,0.0,50.25865230144236,58.51459838046435,84.92219927263227,17.479243567992395,139.0,3.0,1.0,compute_bound,
2026-01-05 08:37:00,100.0,53.1996280462315,78.83701244097807,402.2417179027954,0.0,0.0,51.10383428674207,59.153586618075224,103.68045810521568,15.257700671920311,140.0,4.0,1.0,compute_bound,
2026-01-05 08:38:00,100.0,52.40630959160854,78.46971878433946,397.6524493061141,0.0,0.0,52.97551668620219,65.01563967973881,120.64649029202987,2.6430191413795576,141.0,3.0,1.0,compute_bound,
2026-01-05 08:39:00,100.0,48.785695660989475,78.51574178812125,402.2256894756317,0.0,0.0,54.34688838956264,62.13399028032583,111.66236546007052,0.0,142.0,5.0,1.0,compute_bound,
2026-01-05 08:40:00,100.0,48.45838132625383,78.87853475475487,405.1483240023839,0.0,0.0,53.57832603832949,61.412799228842424,99.54177003772135,15.067672458177935,143.0,2.0,1.0,compute_bound,
2026-01-05 08:41:00,100.0,47.47944420398409,79.06435554851683,402.58786400479335,0.0,0.0,50.93634462183312,62.13932711287757,100.72512921716557,17.76557014915667,144.0,7.0,1.0,compute_bound,
2026-01-05 08:42:00,100.0,49.35053954276941,79.08302918188718,394.70809501283316,0.0,0.0,45.37800485115217,61.92046418768799,121.4148413054463,26.078377639968565,145.0,4.0,1.0,compute_bound,
2026-01-05 08:43:00,100.0,51.7388762494513,78.89875620137806,399.3852584764373,0.0,0.0,46.873817171640205,58.849471981453604,134.52226421496363,42.463858731388655,146.0,4.0,1.0,compute_bound,
2026-01-05 08:44:00,100.0,48.066875234221754,78.99642528498728,393.85586737021924,0.0,0.0,47.93269390708581,56.93785708574451,133.8713848535577,48.14508670178698,147.0,3.0,1.0,compute_bound,
2026-01-05 08:45:00,100.0,48.11230045216018,79.0250285476726,397.10174642100964,0.0,0.0,48.44911211324229,57.41168487800459,124.02841773752851,45.766607956204766,148.0,3.0,1.0,compute_bound,
2026-01-05 08:46:00,98.77435041313711,48.207223083145955,78.8551262688156,392.2562525290387,0.0,0.0,46.83062021864751,59.147095117134306,106.87393502984374,48.21553415888043,149.0,7.0,1.0,compute_bound,
2026-01-05 08:47:00,99.97983015747225,50.7813020446289,78.95478065861253,407.0668650774686,0.0,0.0,51.50229606798618,59.730566712809285,89.76647156419718,54.021010605078715,150.0,4.0,1.0,compute_bound,
2026-01-05 08:48:00,98.80416726944927,48.52320391072437,78.70408339108398,384.9931270304436,0.0,0.0,53.14171226832988,57.659434957392875,89.55806155383569,57.01163275822678,151.0,2.0,1.0,compute_bound,
2026-01-05 08:49:00,97.3872752509081,49.8384289650636,78.631394302814,395.3325584403299,0.0,0.0,56.624864560834496,55.464398762522784,76.33410587463142,54.81962642111408,152.0,3.0,1.0,compute_bound,
2026-01-05 08:50:00,100.0,48.571107988123536,78.85976365056102,397.2047605184659,0.0,0.0,51.230141598340154,56.16035339528328,71.22725174770068,39.454922085901444,153.0,4.0,1.0,compute_bound,
2026-01-05 08:51:00,99.33050674456095,48.96318638178031,78.99926630944879,401.04841417853504,0.0,0.0,51.948813988730365,54.64050684423613,76.14433112815375,34.73499141615365,154.0,2.0,1.0,compute_bound,
2026-01-05 08:52:00,95.69044185868228,50.41959342865,79.1083930950647,386.6489778011371,0.0,0.0,53.04744563881592,54.84412046290542,70.5492649021717,38.31781606971119,155.0,3.0,1.0,compute_bound,
2026-01-05 08:53:00,93.03773948860345,50.6691227340784,78.45642377080074,376.90210457276953,0.0,0.0,54.936703598403035,58.291118592041485,62.443157595751785,50.2223207532397,156.0,2.0,1.0,compute_bound,
2026-01-05 08:54:00,96.54679227577543,49.88935301991665,78.73916318265728,393.54530246656554,0.0,0.0,50.11378047043259,60.679322424877,70.86500653278021,46.12586248583343,157.0,3.0,1.0,compute_bound,
2026-01-05 08:55:00,97.10678737531764,51.422350737460086,78.36383765408587,395.6565652747279,0.0,0.0,52.01355886898482,61.11968776173061,81.09981522975002,34.32026370930848,158.0,3.0,1.0,compute_bound,
2026-01-05 08:56:00,98.43091187714437,50.418446831655125,78.79764807142918,390.82124055120505,0.0,0.0,50.93640913851856,59.83402872406809,57.17258380620389,39.008230357631604,159.0,2.0,1.0,compute_bound,
2026-01-05 08:57:00,97.6801552667773,51.37332432281179,78.59847059519562,395.9520744430481,0.0,0.0,52.43143339177644,58.25071688346123,40.95854018289532,38.995969057655216,160.0,3.0,1.0,compute_bound,
2026-01-05 08:58:00,96.85596383748204,50.10022157250812,78.78283696541892,394.7668039052421,0.0,0.0,54.666873251164205,62.03809122407709,18.4081171349562,57.67680646505961,161.0,3.0,1.0,compute_bound,
2026-01-05 08:59:00,97.83972356625954,49.08138638159295,78.5444723040169,391.4285278527319,0.0,0.0,52.40871981682227,62.095594570912525,6.828443694364935,72.63047195322298,162.0,7.0,1.0,compute_bound,
2026-01-05 09:00:00,96.59582771270385,46.84367032355246,78.63147479167588,388.05430804235124,0.0,0.0,52.993158130039006,62.01976338022481,13.836169146074269,65.88455952796325,163.0,5.0,1.0,compute_bound,
2026-01-05 09:01:00,94.07610523712876,46.09495159055505,78.70873133745876,378.2222989182481,0.0,0.0,49.614517462495236,65.39547373460395,37.512445384144215,56.66071499114957,164.0,4.0,1.0,compute_bound,
2026-01-05 09:02:00,96.17882759526384,48.27094040432285,78.23989997257858,381.1215829766474,0.0,0.0,51.18871026312274,64.14301701590884,25.964207596341467,52.401853090579266,165.0,5.0,1.0,compute_bound,
2026-01-05 09:03:00,99.66609081433936,46.11108833901206,77.99246820809046,403.0595499671947,0.0,0.0,55.57700900011883,66.08540428652024,81.02146365246247,37.08308693631421,166.0,5.0,1.0,compute_bound,
2026-01-05 09:04:00,98.07621983406878,44.35558553401735,78.40834003976454,391.83832351792313,0.0,0.0,54.2958218508756,66.68310645701254,66.27377232561902,33.90929235355514,167.0,5.0,1.0,compute_bound,
2026-01-05 09:05:00,96.14858740292085,47.46845896448467,78.30061053190529,389.7068009821662,0.0,0.0,53.97443753514746,66.16783998167871,78.9071643738347,33.951200147919266,168.0,6.0,1.0,compute_bound,
2026-01-05 09:06:00,98.7416715676184,48.24486779656327,78.28830384971977,389.3644703950982,0.0,0.0,53.951916867162275,64.39602496277827,43.86827101554906,43.60888363919162,169.0,2.0,1.0,compute_bound,
2026-01-05 09:07:00,99.64637123477202,51.62908545511641,78.43476309788694,398.49170894769026,0.0,0.0,51.58507588872593,65.50873043281418,46.72696653084659,35.57971906886162,170.0,2.0,1.0,compute_bound,
2026-01-05 09:08:00,99.72985062125339,52.28946936824715,78.82269203506353,392.34596205331076,0.0,0.0,49.40993921729378,65.32747409904569,47.8986812793875,24.13623822838221,171.0,3.0,1.0,compute_bound,
2026-01-05 09:09:00,99.95610238859098,53.22877809809407,79.00362515911205,408.07780965645543,0.0,0.0,48.362920382425344,65.43795374985629,53.8848253406692,50.064520331014656,172.0,5.0,1.0,compute_bound,
2026-01-05 09:10:00,99.07343031210726,53.18300129870177,79.53481540712514,392.1200134542143,0.0,0.0,45.40582156725634,63.96826368270653,64.75252280732205,57.15285631345071,173.0,6.0,1.0,compute_bound,
2026-01-05 09:11:00,100.0,54.07313493482116,79.34249334560728,397.5578586474171,0.0,0.0,46.601672996801994,62.99140904917566,55.32114187254366,45.88424211028098,174.0,5.0,1.0,compute_bound,
2026-01-05 09:12:00,99.9686897639331,55.14718651528264,79.5461843567366,405.587299548907,0.0,0.0,53.16240499408554,59.35390056403316,66.16367626336009,53.60959703998465,175.0,3.0,1.0,compute_bound,
2026-01-05 09:13:00,99.09225555495314,56.369072604954304,79.73792751368265,405.15417199065894,0.0,0.0,51.578060338145754,57.68991705399489,79.33166222853383,62.45965025095461,176.0,4.0,1.0,compute_bound,
2026-01-05 09:14:00,100.0,52.082702763871076,80.09812242400282,402.5612936538915,0.0,0.0,51.71588313382187,57.24704560670026,77.72755428305231,58.12851280537038,177.0,4.0,1.0,compute_bound,
2026-01-05 09:15:00,96.60053950186979,52.82358942040831,79.69251750102539,395.93796145080296,0.0,0.0,54.459767245663976,63.35979818135864,66.32435183967016,34.34418237131318,178.0,4.0,1.0,compute_bound,
2026-01-05 09:16:00,95.52524709328502,52.065111561658405,79.51966117043574,388.3299500542653,0.0,0.0,56.14453255783008,62.067426906935005,48.639110100244324,22.395213736843793,179.0,3.0,1.0,compute_bound,
2026-01-05 09:17:00,98.47871057393347,48.780654407455934,79.51775256218953,391.00612302924935,0.0,0.0,59.16219583939364,61.977863279427396,71.28954536059979,24.742714160793064,180.0,4.0,1.0,compute_bound,
2026-01-05 09:18:00,98.73378905645177,53.07742059751664,79.05934343150986,381.63366109892127,0.0,0.0,56.757418306576525,62.53359989748182,85.03083356825216,30.369978138756874,181.0,3.0,1.0,compute_bound,
2026-01-05 09:19:00,97.8761710302944,51.288859408514995,79.34432921650648,389.2682018442885,0.0,0.0,46.469316738279275,64.06244494720265,92.80052955697242,30.470232909365485,182.0,5.0,1.0,compute_bound,
2026-01-05 09:20:00,97.07981953590435,48.7478134335356,79.23188851385987,391.3752285803166,0.0,0.0,43.66035517464105,65.31675794277247,141.06985503499794,22.66112570297728,183.0,4.0,1.0,compute_bound,
2026-01-05 09:21:00,97.81038476315634,48.942282989100185,78.46348506925906,385.2184171453919,0.0,0.0,43.3866975352599,65.58911008032706,131.6713474553802,30.55908592169743,184.0,5.0,1.0,compute_bound,
2026-01-05 09:22:00,95.57348467449812,49.66691412165331,78.41679988158275,371.59469635521384,0.0,0.0,42.67140273640049,67.43512539010248,122.53609371463524,45.36785309305765,185.0,3.0,1.0,compute_bound,
2026-01-05 09:23:00,93.59233115341424,48.83397962402049,78.17465830917457,376.60379989375696,0.0,0.0,45.275355514434715,69.92129855111395,124.3372657466376,15.52307324977712,186.0,4.0,1.0,compute_bound,
2026-01-05 09:24:00,93.65781296281602,50.681287250607646,78.16482151701346,384.5039211913226,0.0,0.0,50.0558427789316,70.62515640511464,115.5002445963271,0.0,187.0,5.0,1.0,compute_bound,
2026-01-05 09:25:00,97.92627357874832,51.19075449690561,78.03827479425587,399.079849896793,0.0,0.0,42.12226639247274,71.82040581262132,147.33778336526126,4.193160072287991,188.0,3.0,1.0,compute_bound,
2026-01-05 09:26:00,99.6057005653985,50.158151699268714,77.95392258138882,395.47956907340955,0.0,0.0,46.62289362282052,68.93754754876959,138.022013035185,12.499980944613329,189.0,6.0,1.0,compute_bound,
2026-01-05 09:27:00,100.0,50.18803024912394,78.37943341821956,410.0,0.0,0.0,48.583091126405485,66.83621633400989,118.07465267117882,13.620045212099399,190.0,5.0,1.0,compute_bound,
2026-01-05 09:28:00,100.0,44.696673027970036,78.68404406186947,397.99962107163793,0.0,0.0,47.964216971692565,68.94653229320119,97.06527723689769,10.580434545532437,191.0,3.0,1.0,compute_bound,
2026-01-05 09:29:00,100.0,46.81953216482336,78.90093822924513,393.20680373126856,0.0,0.0,41.8209274408037,67.83242449007666,114.64226821178616,17.926002443338337,192.0,4.0,1.0,compute_bound,
2026-01-05 09:30:00,100.0,50.304640556641786,79.02897629519437,392.3384480949752,0.0,0.0,49.98399579066615,64.92226301056805,98.35826661326831,25.462783927947402,193.0,2.0,1.0,compute_bound,
2026-01-05 09:31:00,99.84357538917396,51.00384293297309,79.27174578690325,400.3597996633775,0.0,0.0,46.720001955758946,67.71511304060091,95.1161811747082,23.782419566109198,194.0,3.0,1.0,compute_bound,
2026-01-05 09:32:00,97.64196822806531,48.713555479445624,79.02264243296487,390.188856774089,0.0,0.0,48.250108234890384,67.67123370082346,98.82305117731951,29.753605464877772,195.0,2.0,1.0,compute_bound,
2026-01-05 09:33:00,97.89594703989734,51.560998395941105,79.8223201903543,393.87687725098607,0.0,0.0,56.76566967777967,68.70127841617062,96.1354431308917,35.97014071003872,196.0,3.0,1.0,compute_bound,
2026-01-05 09:34:00,94.3496464611697,50.47214474809199,79.45897942001672,382.5354603829894,0.0,0.0,54.48290679385197,65.77619995710772,113.23636376391937,42.64918093333969,197.0,3.0,1.0,compute_bound,
2026-01-05 09:35:00,94.61987313571312,50.52540034972738,79.1658833065149,381.48622916996834,0.0,0.0,49.76348725025513,66.99975054802216,118.87720693628269,30.39936086790901,198.0,5.0,1.0,compute_bound,
2026-01-05 09:36:00,98.00483004880131,49.312896659866325,79.43422076837783,388.2219192274604,0.0,0.0,47.93653729199638,69.58207710838776,98.6645575970965,29.731258307957834,199.0,4.0,1.0,compute_bound,
2026-01-05 09:37:00,98.67523460230127,47.528945869371434,78.64909227638572,387.62451272409993,0.0,0.0,49.44844231158368,67.4117581400756,97.73318160035986,41.282701664925305,200.0,3.0,1.0,compute_bound,
2026-01-05 09:38:00,4.4966968497358675,9.58945935052431,73.66663593124258,72.28150907524586,0.0,0.0,9.891605159653956,37.870161158590335,19.181926820867098,25.232603988476253,0.0,5.0,0.0,idle,
2026-01-05 09:39:00,2.3637956493046994,6.790026726456251,69.61111647214197,70.97883108780371,0.0,0.0,4.250030530067491,39.28110048305581,7.911874166971328,25.409052333635096,0.0,2.0,0.0,idle,
2026-01-05 09:40:00,0.2467047958518993,9.53026545481366,65.29740031908479,52.332064026612755,0.0,0.0,0.0,36.14760071956136,24.134587892637505,16.322150361337066,0.0,0.0,0.0,idle,
2026-01-05 09:41:00,3.8687028910652344,15.474991518106071,62.01990928786496,73.71258926392828,0.0,0.0,0.0,37.33950087424479,0.0,24.1241430758482,0.0,2.0,0.0,idle,
2026-01-05 09:42:00,0.0,13.003245190941804,59.40523391631944,60.402471651918965,0.0,0.0,2.1554775856754755,36.240078675890146,0.0,25.650759616058483,0.0,2.0,0.0,idle,
2026-01-05 09:43:00,0.0,14.500609419951452,56.73223732069279,65.5005713782086,0.0,0.0,1.242329875457349,37.09473751379593,0.0,34.61570044131632,0.0,2.0,0.0,idle,
2026-01-05 09:44:00,0.0,13.287957788242217,54.72578467679103,62.7058089991096,0.0,0.0,2.57887084285332,35.36387832768654,14.054516934046354,31.434609921825455,0.0,1.0,0.0,idle,
2026-01-05 09:45:00,0.0,13.870994867110992,52.784702052079545,66.81256988726349,0.0,0.0,9.678303654050644,34.44191737830353,21.116524928323305,18.470916293847527,0.0,0.0,0.0,idle,
2026-01-05 09:46:00,0.0,12.056203924761242,50.85700465313908,61.57892138893444,0.0,0.0,11.58400865316459,32.25444061285536,10.608805478234462,6.640725324214906,0.0,2.0,0.0,idle,
2026-01-05 09:47:00,0.0,14.11497319939453,49.045625940317194,51.41576007572965,0.0,0.0,7.534284978065751,33.194353512740314,11.56742588678147,14.148434859921373,0.0,4.0,0.0,idle,
2026-01-05 09:48:00,0.0,13.158125295105924,47.89352859143736,67.33204723127747,0.0,0.0,2.3365442248458432,34.563158792753846,23.178997347025657,19.020678431795705,0.0,0.0,0.0,idle,
2026-01-05 09:49:00,0.0,11.176511187019818,46.962139931853976,58.57218511292785,0.0,0.0,0.16491471639120725,34.399065539459194,28.258839768954555,17.721830978717183,0.0,1.0,0.0,idle,
2026-01-05 09:50:00,0.0,11.675476357107977,45.778728494350496,54.83392467772243,0.0,0.0,1.996443193612806,36.61419094101232,27.00858100638828,0.0,0.0,5.0,0.0,idle,
2026-01-05 09:51:00,0.0,10.712273201750756,44.73476528070485,62.96138955339572,0.0,0.0,8.098057916939744,31.540923488639518,15.85482224554477,0.0,0.0,2.0,0.0,idle,
2026-01-05 09:52:00,0.0,7.025141346937315,43.876266201750155,65.05045562876353,0.0,0.0,12.272809405923013,29.98873776632621,34.238350458347924,0.0,0.0,4.0,0.0,idle,
2026-01-05 09:53:00,0.0,7.613049926589531,43.079528663115404,51.595214471757856,1.0,0.0,10.241269719194545,32.503487701630554,5.890275546004236,0.2850235914468644,0.0,2.0,0.0,idle,
2026-01-05 09:54:00,0.56201095009016,8.76824642598049,41.99912194265147,59.340163945614776,0.0,0.0,15.711718968753571,35.20863018587708,0.0,0.0,0.0,0.0,0.0,idle,
2026-01-05 09:55:00,2.801699096430524,9.419431505889628,41.51244312255397,71.9865784818133,0.0,0.0,15.028145110634286,37.22058006122403,0.0,0.0,0.0,0.0,0.0,idle,
2026-01-05 09:56:00,2.658956976734233,8.127937952394795,40.91685313462994,62.63523885836079,0.0,0.0,13.116302964851432,36.7198160268574,0.0,0.0,0.0,0.0,0.0,idle,
2026-01-05 09:57:00,0.0,6.51751641097382,40.75361194330659,62.04493712356332,0.0,0.0,9.24875680629776,35.87594094198566,0.0,0.0,0.0,0.0,0.0,idle,
2026-01-05 09:58:00,0.0,6.500100455069257,40.44091439486672,63.697847891576394,0.0,0.0,3.899973782337111,36.151767976952954,0.0,0.0,0.0,0.0,0.0,idle,
2026-01-05 09:59:00,0.0,6.229330798257607,40.07294645730574,64.14774358398336,0.0,0.0,0.4389918046300032,33.46393887633776,0.0,0.0,0.0,0.0,0.0,idle,
2026-01-05 10:00:00,0.0,9.088609140520765,40.10708129639461,67.01903244553793,0.0,0.0,0.8687111387260789,35.41307997374681,0.0,0.0,0.0,4.0,0.0,idle,
2026-01-05 10:01:00,0.0,10.315822185748646,40.14478342657162,70.2452303864262,0.0,0.0,4.6175463525871665,36.9886916202601,0.0,0.0,0.0,3.0,0.0,idle,
2026-01-05 10:02:00,0.0,10.199655494181616,40.01539111138519,65.3982867910337,0.0,0.0,6.2620443425651615,36.33770494476236,2.5791777254294903,0.0,0.0,3.0,0.0,idle,
2026-01-05 10:03:00,1.0007928274127078,12.53640725501874,40.517778534764716,64.03992381149975,0.0,0.0,5.341544333125984,34.32965585197667,28.943230016414446,0.0,0.0,1.0,0.0,idle,
2026-01-05 10:04:00,2.214608987579759,9.34469033463755,40.289510380578704,59.0377482108752,0.0,0.0,5.15741641845228,33.65063459467864,24.463536195866187,0.0,0.0,2.0,0.0,idle,
2026-01-05 10:05:00,3.029102374474853,12.781301438540794,39.8623030019156,63.561291112523946,0.0,0.0,4.566474142733331,30.377116970038486,30.04250882447506,0.0,0.0,2.0,0.0,idle,
2026-01-05 10:06:00,0.5544516884793473,12.282166046461368,39.53803351621703,56.744230451582666,0.0,0.0,9.43147428871752,32.599674930851904,19.582941472451008,0.0,0.0,1.0,0.0,idle,
2026-01-05 10:07:00,0.0,8.732275755492918,40.13386216009065,65.27988602982809,0.0,0.0,8.789200356395705,33.31263087805831,0.15097175741912316,0.0,0.0,2.0,0.0,idle,
2026-01-05 10:08:00,0.0,10.200963989512148,39.758444756759395,63.035028322280766,0.0,0.0,14.07796179051687,33.81932465835302,41.85764466038535,0.0,0.0,2.0,0.0,idle,
2026-01-05 10:09:00,2.1816235183777115,10.95077535560019,39.467444859344134,63.90798418547805,0.0,0.0,16.1694027609676,34.287516261785754,19.483891252110386,0.0,0.0,2.0,0.0,idle,
2026-01-05 10:10:00,0.5151749572456243,14.136797299793336,39.267964036049925,55.20869970879987,0.0,0.0,13.77892985078939,34.36919573920348,13.080053973221458,0.0,0.0,4.0,0.0,idle,
2026-01-05 10:11:00,3.1508014143023364,15.532032501609557,38.92373475511471,66.04649778793964,0.0,0.0,13.334223957066042,32.68096265015443,3.1528597381494787,0.0,0.0,1.0,0.0,idle,
2026-01-05 10:12:00,3.0963583782495876,12.392115289538244,39.2672127854183,77.21121699068796,0.0,0.0,15.350802282313293,32.82852411729759,1.4068220280925072,0.0,0.0,3.0,0.0,idle,
2026-01-05 10:13:00,3.340628952536234,9.351423399864165,38.89620735152839,73.80806537951248,0.0,0.0,16.371526997283446,30.36661959865498,4.071841255936571,0.0,0.0,3.0,0.0,idle,
2026-01-05 10:14:00,0.0,7.36420317963164,38.759546135788696,67.35066834252052,0.0,0.0,14.628784841423776,28.692403690044173,8.574873474117116,0.0,0.0,1.0,0.0,idle,
2026-01-05 10:15:00,4.423449729442879,7.181248696308721,38.90366410783616,79.63204497332767,0.0,0.0,20.815043121171946,30.6762060816934,0.0,0.0,0.0,0.0,0.0,idle,
2026-01-05 10:16:00,1.7509199511972073,5.338794196032632,39.02787339900356,65.75835089659854,0.0,0.0,17.50736603132103,31.08087852938479,0.0,0.0,0.0,1.0,0.0,idle,
2026-01-05 10:17:00,0.0,8.583632864294534,38.918854274794626,70.81549317625961,0.0,0.0,18.336544193324094,31.735036342103484,0.0,0.0,0.0,1.0,0.0,idle,
2026-01-05 10:18:00,0.0,8.301503208620794,38.881055045373806,54.1890075539525,0.0,0.0,16.736241582856078,32.85892552196306,0.0,11.790183370029022,0.0,0.0,0.0,idle,
2026-01-05 10:19:00,0.0,9.212650324765946,38.93424011493079,55.499531088079806,0.0,0.0,13.670391048240448,33.11573778317984,0.0,26.117393107752438,0.0,2.0,0.0,idle,
2026-01-05 10:20:00,0.0,11.49095783910939,38.780718473296425,57.268748112799855,0.0,0.0,12.975006738239728,36.070203097445884,0.0,26.71048208052562,0.0,1.0,0.0,idle,
2026-01-05 10:21:00,0.0,10.36073366482286,39.28225297368884,61.162714976342485,0.0,0.0,13.432977147345511,39.97070732187389,0.0,28.54172534999002,0.0,1.0,0.0,idle,
2026-01-05 10:22:00,0.0,10.399772912940223,39.084270409387436,63.04013717726181,0.0,0.0,13.60936132356487,37.300800854435394,0.0,29.446947046395465,0.0,2.0,0.0,idle,
2026-01-05 10:23:00,0.0,7.877937148673538,38.6338432954303,58.5149319308684,0.0,0.0,12.866796573958032,36.40646768382681,0.0,18.855016939217908,0.0,2.0,0.0,idle,
2026-01-05 10:24:00,0.0,8.968287951760646,38.20660221599897,56.96296611206733,0.0,0.0,15.14776209546065,36.26547969472956,0.0,23.598109695573395,0.0,1.0,0.0,idle,
2026-01-05 10:25:00,3.3927252123793257,10.746517501760492,38.21439423041292,65.37555302252018,0.0,0.0,12.258758283141924,39.453580592019605,0.0,18.105317911373795,0.0,1.0,0.0,idle,
2026-01-05 10:26:00,26.050405789318354,39.87429620081549,39.63455529774715,155.18043095821258,0.0,0.0,26.17142629439759,51.9433131777852,684.7605669134051,29.959357909462454,0.0,5.0,2.0,network_bound,
2026-01-05 10:27:00,21.874334434329825,37.23390204064972,40.412386931641855,130.30185751866864,0.0,0.0,26.676258273641682,51.56949262263194,710.5068935766291,27.980439401231777,1.0,5.0,2.0,network_bound,
2026-01-05 10:28:00,23.840462311358536,36.43925756281756,41.713809531372256,149.14446041304973,0.0,0.0,29.603698790551285,50.565457282970186,709.3265639764239,20.062678868636883,2.0,4.0,2.0,network_bound,
2026-01-05 10:29:00,29.04976280417889,36.388190044492084,43.225726560168006,157.41525562155468,0.0,0.0,28.486351508272904,48.74195681352707,690.4633637223114,23.233681335616737,3.0,5.0,2.0,network_bound,
2026-01-05 10:30:00,28.494064183945483,37.67641531168154,43.817382987983784,161.45644155380936,0.0,0.0,30.466437091781984,44.50208592202091,678.8481166877455,34.03537239153922,4.0,5.0,2.0,network_bound,
2026-01-05 10:31:00,35.02303146804819,39.890008026081304,44.92055553761272,181.6424134247964,0.0,0.0,28.98371092666207,47.18427686116135,673.537477827165,32.19911161152238,5.0,4.0,2.0,network_bound,
2026-01-05 10:32:00,35.520567216193356,37.89496226845785,45.833632738854725,174.96504001623185,0.0,0.0,27.797064385832105,48.4418314096692,684.6929945106917,46.97028170056148,6.0,6.0,2.0,network_bound,
2026-01-05 10:33:00,31.684636742253936,37.680502763490445,46.152408033836274,166.14161636288637,0.0,0.0,25.80790832951785,47.517426890259856,697.7918825370755,52.1090392194685,7.0,4.0,2.0,network_bound,
2026-01-05 10:34:00,30.064130753520548,37.463845659373604,46.276129060896956,153.77922753015247,0.0,0.0,31.67525055413427,45.57117323219196,694.4630982246558,36.00005409172992,8.0,6.0,2.0,network_bound,
2026-01-05 10:35:00,28.58530757001034,37.223408747286285,46.3181953896015,160.62635543405796,0.0,0.0,23.438355152787445,43.75366611164643,683.4763719767958,20.783780622887424,9.0,2.0,2.0,network_bound,
2026-01-05 10:36:00,29.172141194080506,35.85459437340048,46.757804879301894,155.3263556838767,0.0,0.0,23.79138386080889,44.752717689052204,688.9239901637702,20.303415930606644,10.0,6.0,2.0,network_bound,
2026-01-05 10:37:00,30.885132394831878,41.330995233074354,47.49670602317963,177.12511798571163,0.0,0.0,19.881398924063365,44.06992805778244,668.4427483801549,20.709937315242282,11.0,4.0,2.0,network_bound,
2026-01-05 10:38:00,30.68815851683511,43.360658560629375,48.01418346340958,171.50813881041807,0.0,0.0,23.656616142226557,40.608232342705016,670.5915127626254,23.502092102419425,12.0,3.0,2.0,network_bound,
2026-01-05 10:39:00,27.024438811865224,42.47992999202816,47.791163148255684,148.07671843362195,0.0,0.0,25.570944867097015,41.897324991511674,660.226482625028,21.450062473590926,13.0,4.0,2.0,network_bound,
2026-01-05 10:40:00,25.901933305801357,42.02321794208296,47.62309653607349,149.20589514232486,0.0,0.0,28.673445480898838,46.71877295290222,664.9390230392933,29.079471553255022,14.0,5.0,2.0,network_bound,
2026-01-05 10:41:00,26.265613582383086,44.7506800232984,47.64536497337857,148.88720149094155,0.0,0.0,24.50436688156974,45.8593645976151,657.1904011295401,31.926185231847562,15.0,2.0,2.0,network_bound,
2026-01-05 10:42:00,24.582948219066022,45.20005453740043,48.064255569751694,144.62518223414415,0.0,0.0,25.647726532149495,50.228382138977146,652.100038681105,41.26098260069124,16.0,6.0,2.0,network_bound,
2026-01-05 10:43:00,24.99004911715533,42.97840942376213,48.20974689944681,147.73547255380927,0.0,0.0,22.503335677305625,49.69149267876947,666.1052678266213,25.88888957908216,17.0,3.0,2.0,network_bound,
2026-01-05 10:44:00,22.538748777864598,40.088115500991655,48.04722332112602,136.16281562670974,0.0,0.0,16.74019576425929,44.89106013099545,684.7463029697882,27.363803004183502,18.0,4.0,2.0,network_bound,
2026-01-05 10:45:00,24.994806622346943,40.268333278534406,47.89000327129324,141.62908378443964,0.0,0.0,17.466900609587615,42.921547051961745,677.2822749232262,14.761504062528973,19.0,5.0,2.0,network_bound,
2026-01-05 10:46:00,31.177019455814786,39.76269099402333,48.344078163828954,163.05289537268263,0.0,0.0,16.34145347975837,43.71903524741225,676.6042096646011,11.717903968747898,20.0,3.0,2.0,network_bound,
2026-01-05 10:47:00,29.361822837695854,41.40684521117336,48.62139508737958,157.45367774555052,0.0,0.0,17.20555811414434,43.131516508133735,692.4864903776844,15.137404065259185,21.0,6.0,2.0,network_bound,
2026-01-05 10:48:00,23.178314296001183,42.50652258494102,48.37116468323853,129.6785839655022,0.0,0.0,20.4078486121364,46.720649874994066,689.6633401133236,16.758138898394854,22.0,3.0,2.0,network_bound,
2026-01-05 10:49:00,21.044682322655127,43.65241592995951,48.376612902115895,139.222868275218,0.0,0.0,14.201025903798502,44.73727036339692,668.7085073535419,27.29015199584928,23.0,2.0,2.0,network_bound,
2026-01-05 10:50:00,17.6258452744797,42.86048438522433,48.07227242492321,131.649239048141,0.0,0.0,12.00423343239984,44.12214107038699,670.8492789038467,18.13517892734396,24.0,8.0,2.0,network_bound,
2026-01-05 10:51:00,21.16377827895039,41.91293190861952,48.46883314168239,140.83465153103387,0.0,0.0,14.794565275591681,42.10126445150476,673.7387903032408,13.029853384041338,25.0,4.0,2.0,network_bound,
2026-01-05 10:52:00,25.92335888150746,41.57863831659402,48.69948822898746,154.83427821821255,0.0,0.0,15.86983357876131,44.90606443002821,688.6678451563406,19.61367277088756,26.0,4.0,2.0,network_bound,
2026-01-05 10:53:00,26.327615618425718,42.69037645204584,48.3703345359199,146.7569629297297,0.0,0.0,15.477019064102059,45.73294789181807,680.8462036876793,8.649481810683525,27.0,3.0,2.0,network_bound,
2026-01-05 10:54:00,28.90457897391708,44.038657215381306,47.92609772703883,151.45224549983786,0.0,0.0,13.345861099817743,46.87891175919838,684.99271683918,18.485495603634753,28.0,3.0,2.0,network_bound,
2026-01-05 10:55:00,31.44398474641303,46.77038017086126,47.988218911442736,167.17923164596576,0.0,0.0,13.028390650364411,48.27246907885254,659.1400906263502,19.436284913490567,29.0,3.0,2.0,network_bound,
2026-01-05 10:56:00,32.80106663887223,45.861530794317986,47.79320342386605,167.1833827442841,0.0,0.0,12.593088476218744,46.56966144650679,664.4267705695071,14.125586957717346,30.0,2.0,2.0,network_bound,
2026-01-05 10:57:00,34.97001016408165,47.558039824625446,48.191893526648826,176.55507949204372,0.0,0.0,16.541214838671333,48.03898162703138,676.0806118015486,10.846310783052328,31.0,4.0,2.0,network_bound,
2026-01-05 10:58:00,32.30844809163554,47.44157596826776,48.69204838686157,169.21029438324638,0.0,0.0,11.635430275157713,46.07962307393038,689.8393687271757,0.0,32.0,3.0,2.0,network_bound,
2026-01-05 10:59:00,31.56000677353082,46.521371936508935,48.699783728631054,168.20073793345483,0.0,0.0,13.522649624734534,47.41453181452319,698.9654021944609,1.7637395437064853,33.0,4.0,2.0,network_bound,
2026-01-05 11:00:00,30.105814058424674,43.33854031450299,48.41690243949646,153.65513950033665,0.0,0.0,12.188150286426584,52.15420024624851,698.1717932626681,0.0,34.0,3.0,2.0,network_bound,
2026-01-05 11:01:00,30.00672343781135,44.481141106170114,49.06121708250607,168.3971700466075,0.0,0.0,11.974975390009881,53.72151467463589,689.4427586335662,10.855403853293229,35.0,3.0,2.0,network_bound,
2026-01-05 11:02:00,30.373566837240425,44.65707419186614,49.7274595763663,171.77998465716246,0.0,0.0,10.84708509283635,53.16625808514851,701.4337203292589,13.214834498639478,36.0,4.0,2.0,network_bound,
2026-01-05 11:03:00,29.77435003997777,44.645757970772664,50.092522004860314,165.7853068504841,0.0,0.0,14.1527183867122,50.22756270809109,674.4243040961276,0.0,37.0,6.0,2.0,network_bound,
2026-01-05 11:04:00,29.733821409282115,44.00833373556896,49.954559077085335,147.19296004587187,0.0,0.0,9.946287373773032,52.17185480790097,671.3128720049881,0.0,38.0,6.0,2.0,network_bound,
2026-01-05 11:05:00,30.621798509505062,46.233961396108576,49.89743977366089,158.86743973035107,0.0,0.0,12.731220076181534,53.921394830111865,701.712714823662,7.993606679028957,39.0,3.0,2.0,network_bound,
2026-01-05 11:06:00,28.172489385392005,40.59468611044415,49.655309749395684,158.64556876145485,0.0,0.0,19.513678858489094,51.79344990445155,695.186845312608,10.900668091794302,40.0,5.0,2.0,network_bound,
2026-01-05 11:07:00,25.490841762156837,43.21371752123521,49.38867099926679,146.6035131827016,0.0,0.0,22.5021484162453,50.82466932477538,674.1347309976333,5.021495565838162,41.0,5.0,2.0,network_bound,
2026-01-05 11:08:00,31.25386227155822,43.37682250637146,49.17338125933443,163.6249813126607,0.0,0.0,21.206448577838465,48.856346898177904,684.634948921512,4.960065952356299,42.0,5.0,2.0,network_bound,
2026-01-05 11:09:00,32.60585719615894,42.844124171973576,49.530255219082235,173.46905905243383,0.0,0.0,18.941414798967237,46.7047216756831,703.9548192135534,0.0,43.0,4.0,2.0,network_bound,
2026-01-05 11:10:00,33.14259908523483,44.873878374032024,49.378373721266726,172.5600054620726,0.0,0.0,16.13479129048303,48.040583439103784,710.0230839937362,5.318402248007729,44.0,5.0,2.0,network_bound,
2026-01-05 11:11:00,31.447286584946756,44.70515633263139,49.43436877236758,165.40195030089018,0.0,0.0,15.485630051345426,45.86021985161714,705.539323769472,20.438496016043402,45.0,3.0,2.0,network_bound,
2026-01-05 11:12:00,29.827282054854216,43.54643386781733,49.32798717676447,169.47078751839035,0.0,0.0,13.748390051138834,45.36964498887787,695.9876444179336,27.728817488260034,46.0,4.0,2.0,network_bound,
2026-01-05 11:13:00,32.04888817815354,44.539418862811715,49.96501439440612,171.15796072630465,0.0,0.0,14.179053023636651,47.548158139835806,691.8622067867841,37.94739126572212,47.0,3.0,2.0,network_bound,
2026-01-05 11:14:00,31.11805087332314,42.016858283271695,50.0761866961687,167.16510830358175,0.0,0.0,21.208932481817097,50.09323645433274,693.257042070172,53.133173998863,48.0,4.0,2.0,network_bound,
2026-01-05 11:15:00,31.551192490545237,39.46442995957612,50.126614042658034,156.1481955344691,0.0,0.0,27.20622136235782,46.95923425690636,698.4303643791127,25.94541303512492,49.0,2.0,2.0,network_bound,
2026-01-05 11:16:00,33.75527809194101,39.22692507281136,50.166081925350575,172.34280883732222,0.0,0.0,25.48854900298004,46.913311693508525,692.7182232075655,35.12817932972079,50.0,7.0,2.0,network_bound,
2026-01-05 11:17:00,33.71631047010478,41.77154989642236,50.58223149205902,175.72582025865373,0.0,0.0,29.87253341463066,44.97031158118395,671.2901375395431,47.425341323026295,51.0,5.0,2.0,network_bound,
2026-01-05 11:18:00,32.67405731187228,43.48708370072431,50.73756379814275,169.88903995314425,0.0,0.0,28.826498578090494,43.511773113051426,639.0416147222236,34.72982598484287,52.0,3.0,2.0,network_bound,
2026-01-05 11:19:00,35.11926268214815,40.37059604859263,51.028056929104174,182.25290268396338,0.0,0.0,27.884721429955544,46.55716397751538,648.0784270644592,54.04798185322076,53.0,3.0,2.0,network_bound,
2026-01-05 11:20:00,31.849242018354968,38.28372876986416,51.0294370422174,157.82254945037536,0.0,0.0,23.35675434252888,49.47641892025186,644.2468437243452,39.957106020622184,54.0,6.0,2.0,network_bound,
2026-01-05 11:21:00,31.418581623665958,37.522994242543305,51.10487680973971,165.04490006558785,0.0,0.0,26.812582513063212,47.55258711771306,633.8557447429635,36.372547800613525,55.0,3.0,2.0,network_bound,
2026-01-05 11:22:00,35.644219485811746,34.81526029550594,51.423299361671425,183.24749110110898,0.0,0.0,21.29899332839493,51.47200994582182,641.3708709559085,27.79529103639087,56.0,5.0,2.0,network_bound,
2026-01-05 11:23:00,34.982948593001225,31.49004174955177,51.8800771350536,182.6098187990693,0.0,0.0,22.031778658834696,49.615482830580014,627.817488541043,39.34996184827734,57.0,5.0,2.0,network_bound,
2026-01-05 11:24:00,38.808721837430895,34.1663923301965,52.4447768609224,190.36196600769887,0.0,0.0,23.21151521132675,52.94457536104415,626.337245909778,36.83089248937256,58.0,4.0,2.0,network_bound,
2026-01-05 11:25:00,37.019289834438894,33.058827942835464,52.26002573282121,181.14281304255167,0.0,0.0,23.9599297544649,51.44962898225127,641.0029146146255,14.798739364181502,59.0,3.0,2.0,network_bound,
2026-01-05 11:26:00,35.993557665523795,34.94620163361194,52.57229278654013,186.18530912969325,0.0,0.0,28.34572461676044,52.52978151728165,637.9545348643007,25.983816220302383,60.0,4.0,2.0,network_bound,
2026-01-05 11:27:00,37.82195310938246,36.2238664144006,53.01622387637364,192.67000736374953,0.0,0.0,29.646387344875663,52.51993252147837,663.5435888112734,16.543882238809616,61.0,3.0,2.0,network_bound,
2026-01-05 11:28:00,38.64328029917253,36.90681934020334,52.395006385950126,193.12370318814854,0.0,0.0,29.996213252030003,47.12341379032383,663.2335880224983,14.319882009155066,62.0,10.0,2.0,network_bound,
2026-01-05 11:29:00,39.74926803954898,35.437770913799405,52.54249720027997,195.0760835701892,0.0,0.0,31.89738893974989,47.419292001183194,671.3227467410743,18.591291943882716,63.0,4.0,2.0,network_bound,
2026-01-05 11:30:00,38.24076200354073,33.35314958493105,52.44054883324689,188.5786379026812,0.0,0.0,33.498727568604075,45.292442547823946,671.2166096753778,31.821255668693397,64.0,2.0,2.0,network_bound,
2026-01-05 11:31:00,34.47457658383036,35.65829259874415,52.22577111327182,174.8867621372529,0.0,0.0,32.60350103534512,45.47160347051918,657.6296104496685,35.8338934719099,65.0,3.0,2.0,network_bound,
2026-01-05 11:32:00,32.15383596489112,38.43286618262007,51.69274799287643,168.15910454328025,0.0,0.0,34.59596130123054,45.970590148072496,648.3596224228544,40.092246791683706,66.0,3.0,2.0,network_bound,
2026-01-05 11:33:00,31.845291317089078,40.15884157630002,51.595351754340584,172.0154721189849,0.0,0.0,34.956665068337905,45.73751671578046,631.675710588923,32.95098476268427,67.0,4.0,2.0,network_bound,
2026-01-05 11:34:00,5.267589579374208,10.229127867651197,50.266636745053496,78.60301217217012,0.0,0.0,16.83750577332165,33.4753492794697,0.0,6.012179097620848,0.0,1.0,0.0,idle,
2026-01-05 11:35:00,2.0826770164103974,13.59526972091878,49.22922382311966,71.27616439438835,0.0,0.0,14.270836321625834,37.191193025917585,0.0,0.0,0.0,1.0,0.0,idle,
2026-01-05 11:36:00,3.2817843230297465,13.941681932287443,48.111877047217696,73.02267155067025,0.0,0.0,16.622875088722985,35.10605566810841,0.0,0.0,0.0,1.0,0.0,idle,
2026-01-05 11:37:00,0.0,12.822161697646264,47.18005297230069,63.290395126179945,0.0,0.0,21.11570185474961,29.952350969879795,0.0,0.0,0.0,2.0,0.0,idle,
2026-01-05 11:38:00,0.0,12.484255397081867,45.871407201744624,60.444087812063565,0.0,0.0,16.44087791610388,26.600854207246943,0.0,0.0,0.0,2.0,0.0,idle,
2026-01-05 11:39:00,0.0,12.48463492873045,44.95775272702838,69.01308346027164,0.0,0.0,21.06120376416058,30.209418919371533,0.0,0.0,0.0,1.0,0.0,idle,
2026-01-05 11:40:00,0.0,13.914707218301922,43.96699131782619,64.5835327860927,0.0,0.0,24.079053757564395,32.919391744645935,12.179885046614782,0.0,0.0,2.0,0.0,idle,
2026-01-05 11:41:00,0.0,15.421243145999275,42.81003636691986,58.11348336804875,0.0,0.0,18.00199698001709,32.91638601126104,22.703279957754205,4.744593349175754,0.0,3.0,0.0,idle,
2026-01-05 11:42:00,0.0,13.516150900235338,42.09971996273343,50.94493791731345,0.0,0.0,11.78537618328118,33.202331392484815,21.67188487911888,3.8171458780121643,0.0,2.0,0.0,idle,
2026-01-05 11:43:00,0.0,12.316275966288941,41.34380537902412,56.23500910719952,0.0,0.0,16.291893260654156,33.87527517786058,12.229690880134441,5.009344273525944,0.0,1.0,0.0,idle,
2026-01-05 11:44:00,0.0,10.444884797242917,41.04688321275788,63.7828862820119,0.0,0.0,16.224384553030404,38.19764060144418,6.060324515058804,24.239066700356176,0.0,1.0,0.0,idle,
2026-01-05 11:45:00,1.8815142777323746,13.166906308182833,40.693929080046466,66.29897312307875,0.0,0.0,15.661202820336635,35.80196119390674,0.0,27.11950062122713,0.0,3.0,0.0,idle,
2026-01-05 11:46:00,0.19892888577045065,12.831649117049938,40.08385173634858,55.79636422248015,0.0,0.0,14.14041990264235,35.06715502308549,0.0,0.13276925633789705,0.0,1.0,0.0,idle,
2026-01-05 11:47:00,0.0,10.20184591464777,40.12285839918214,58.02954594632212,0.0,0.0,10.635949873142112,35.16067789321889,0.0,19.840016815460928,0.0,1.0,0.0,idle,
2026-01-05 11:48:00,1.3197211680249743,11.27486358169087,39.800755401302375,66.01402182693688,0.0,0.0,9.625180398886648,31.21450564567735,0.0,25.557207836958984,0.0,1.0,0.0,idle,
2026-01-05 11:49:00,1.6694125695275834,9.211418386432042,39.52368718407864,67.16770649374672,0.0,0.0,9.977471391025176,32.95859360210345,0.0,23.38300077330198,0.0,3.0,0.0,idle,
2026-01-05 11:50:00,1.5834321300018477,5.6214072781697695,39.574456028270646,67.76260872228302,0.0,0.0,5.474765353604848,32.01490458837187,0.3942357668291665,23.21413211643427,0.0,1.0,0.0,idle,
2026-01-05 11:51:00,1.7958106606277684,6.829832206188779,39.626687169453206,68.60257960295314,0.0,0.0,0.6031609149263746,36.813634209788944,6.828153220385483,20.573683961244043,0.0,0.0,0.0,idle,
2026-01-05 11:52:00,0.13805032929974503,8.886244835635495,39.24754066150196,61.87601297033357,0.0,0.0,0.0,33.967158898083525,7.806023943515037,11.602134449373988,0.0,3.0,0.0,idle,
2026-01-05 11:53:00,1.9647784209832706,11.396629609274779,39.14129199437747,69.8513813436428,0.0,0.0,1.5273457818797391,33.35859740761923,41.29302985274691,0.0,0.0,3.0,0.0,idle,
2026-01-05 11:54:00,0.0,9.266782403774208,38.554082694308796,63.08362718017134,0.0,0.0,0.0,30.212567177230177,35.15738975320801,0.0,0.0,2.0,0.0,idle,
2026-01-05 11:55:00,0.0,9.770003160729589,38.2777576616496,61.93598942485899,0.0,0.0,1.8468840910314457,33.09720158822595,49.519629975021644,0.0,0.0,1.0,0.0,idle,
2026-01-05 11:56:00,0.0,9.357691790812503,38.65773867508929,57.80753068851261,0.0,0.0,2.670450821709081,30.792337623410944,41.30669449916937,0.0,0.0,3.0,0.0,idle,
2026-01-05 11:57:00,0.22564013605466782,8.964704538455168,38.61706581279214,60.45077948899387,0.0,0.0,1.1219864216086135,31.157273761686348,34.892656923974144,0.0,0.0,3.0,0.0,idle,
2026-01-05 11:58:00,3.386776059555329,7.239200805565127,38.393894094824624,59.82422416848286,0.0,0.0,0.9131347999569801,33.07930662528837,10.652929659684467,1.2561445885052904,0.0,3.0,0.0,idle,
2026-01-05 11:59:00,3.5343526239075174,7.750042005371194,38.322704427215385,65.25735425893161,0.0,0.0,0.21629569483041422,34.566018378449336,0.0,14.453263676690707,0.0,2.0,0.0,idle,
