timestamp,gpu_utilization,memory_utilization,gpu_temperature,power_consumption,ecc_errors,xid_errors,cpu_usage,ram_usage,network_throughput,disk_io,job_runtime,queue_length,active_processes,label,incident
2026-01-05 00:00:00,0.5046538617413544,14.091342920361836,38.0,59.89272262075493,0.0,0.0,6.575921404676087,23.881447811111542,8.943440285812962,2.000288853688903,0.0,1.0,0.0,idle,
2026-01-05 00:01:00,0.0,11.998732869743291,38.06369983062304,66.33480011057325,0.0,0.0,8.482134974830357,25.918993748739446,16.57463001376376,18.17584271771987,0.0,3.0,0.0,idle,
2026-01-05 00:02:00,0.0,13.106798546152783,37.8901045899001,58.789995296756956,0.0,0.0,13.426348612324041,25.71063655220407,0.0,11.850345771958391,0.0,1.0,0.0,idle,
2026-01-05 00:03:00,0.0,9.153279465345822,37.902615392658745,60.713911220600146,0.0,0.0,11.447536709697108,25.10382130223175,0.0,17.097018276039737,0.0,1.0,0.0,idle,
2026-01-05 00:04:00,3.2176483673235854,6.708417081222619,38.15026474391361,71.02647858093962,0.0,0.0,7.5343730952179575,27.658424590934967,19.841100539572665,0.0,0.0,3.0,0.0,idle,
2026-01-05 00:05:00,0.5649617488494209,8.237550025558917,38.0148636480512,59.68764601884676,0.0,0.0,8.265591837306602,24.8637706608503,4.120736771825717,6.388289179172491,0.0,1.0,0.0,idle,
2026-01-05 00:06:00,1.032637168080866,3.9192881859838753,38.07488834163744,68.96070348460935,0.0,0.0,6.7758891355762465,26.503215948203756,27.808564898489333,2.282755042429566,0.0,4.0,0.0,idle,
2026-01-05 00:07:00,0.7803683492964602,5.517900918329053,38.021417013709524,60.563283700681005,0.0,0.0,8.93723763384667,22.499011140477688,38.04782123424732,0.0,0.0,1.0,0.0,idle,
2026-01-05 00:08:00,5.130449955305534,3.6543729089708155,38.29232435343394,73.1808496936647,0.0,0.0,11.577619427752227,23.181062021093716,27.16996137359282,13.802668107958432,0.0,1.0,0.0,idle,
2026-01-05 00:09:00,3.548219547520765,6.126949356628378,38.92715353360445,72.87759339634246,0.0,0.0,9.8447040955251,22.552191776316636,17.168769447235437,26.40343658441885,0.0,1.0,0.0,idle,
2026-01-05 00:10:00,0.859705774584333,7.855175012427902,38.731566928599904,62.55220406302375,0.0,0.0,12.931438825185246,22.842548478582955,0.0,24.25939119220732,0.0,1.0,0.0,idle,
2026-01-05 00:11:00,3.324440002042555,8.364049096918407,38.73640659860903,74.46878307553372,0.0,0.0,12.70855485262453,25.018472812197906,0.0,6.706002039265717,0.0,2.0,0.0,idle,
2026-01-05 00:12:00,3.647643120208398,10.63927714503875,38.76284263525539,66.20117295069237,0.0,0.0,15.44590679105443,25.699082504219774,0.0,22.629575610914625,0.0,8.0,0.0,idle,
2026-01-05 00:13:00,5.720285477311497,9.969148428576585,39.039931704921315,78.30153110242122,0.0,0.0,8.973474274296528,26.23067786586309,0.0,10.561915724671419,0.0,0.0,0.0,idle,
2026-01-05 00:14:00,3.1513291422271217,8.634181866426173,38.744652715762435,66.42754929232937,0.0,0.0,8.026944784947277,22.757677408896384,0.0,4.51071551812102,0.0,4.0,0.0,idle,
2026-01-05 00:15:00,1.7142451689882532,5.57457337545743,38.7130136206393,65.10794192923561,0.0,0.0,11.146828111360467,21.46451172582375,0.0,0.0,0.0,1.0,0.0,idle,
2026-01-05 00:16:00,0.8316386988151147,7.56065793003384,38.50318451357544,55.742341982633825,0.0,0.0,11.900867437897155,19.74294062503629,0.0,0.3261523328099636,0.0,4.0,0.0,idle,
2026-01-05 00:17:00,0.07672366464622371,4.4284216266014536,38.47995592398708,62.55287241603919,0.0,0.0,17.104379319292065,20.778300634115716,0.0,14.63751508482309,0.0,2.0,0.0,idle,
2026-01-05 00:18:00,4.451341151776877,4.963767866891249,38.62591254487396,84.56950086676956,0.0,0.0,15.956648452487952,23.67260066959838,7.60986879109195,8.432586391879848,0.0,2.0,0.0,idle,
2026-01-05 00:19:00,4.146863637071948,7.403839186989979,37.92176220772538,67.15298223714224,0.0,0.0,14.287641682368015,24.606814262003077,3.73123273780911,27.451258763261603,0.0,4.0,0.0,idle,
2026-01-05 00:20:00,4.237749202634544,6.135460363305034,38.56714749373274,69.65526693493311,0.0,0.0,12.444843688187731,25.043499034172676,13.8677038580462,23.602336659852362,0.0,2.0,0.0,idle,
2026-01-05 00:21:00,0.2197792341519954,9.235818851489181,38.6361206109083,50.0,0.0,0.0,15.990362923985838,23.332545303587924,9.181484191535985,22.403226949819903,0.0,6.0,0.0,idle,
2026-01-05 00:22:00,1.1222867898804036,9.2548401815089,39.06482196525109,65.0526696305481,0.0,0.0,14.83285153189233,22.6046519224406,2.728924622200168,22.2539688629164,0.0,2.0,0.0,idle,
2026-01-05 00:23:00,3.5114277997094097,12.679661319455438,38.53789302125667,63.990563226455095,0.0,0.0,12.432749610508097,25.167695913934136,41.68501751979683,14.809815913623286,0.0,0.0,0.0,idle,
2026-01-05 00:24:00,6.32682604203409,11.489733772829332,38.970725019271235,86.9707126893789,0.0,0.0,12.348537798703909,24.80669510350147,21.72957752698236,6.3958947712345555,0.0,2.0,0.0,idle,
2026-01-05 00:25:00,1.5943669334379367,12.039434911022948,38.50024791593127,64.8853346643618,0.0,0.0,13.60011470792817,28.40545200225564,25.50118487393609,7.448092288391938,0.0,2.0,0.0,idle,
2026-01-05 00:26:00,4.920149418462489,12.37446923577783,38.57250178931287,79.5110464447381,0.0,0.0,19.045908341316572,24.60460169803969,34.67761482979838,11.28923202289645,0.0,5.0,0.0,idle,
2026-01-05 00:27:00,4.301561840282928,12.661285986922376,39.121023564580945,82.21026748210608,0.0,0.0,13.996710378754138,23.326987038384612,32.36484285353255,0.0,0.0,3.0,0.0,idle,
2026-01-05 00:28:00,5.41339930564479,14.348462369903372,39.7689481917822,78.58863918065474,0.0,0.0,13.547974770274788,28.20698163326572,42.90762936376017,1.4835615910660573,0.0,4.0,0.0,idle,
2026-01-05 00:29:00,2.892818495489657,16.735433393331085,39.548205308539735,72.41512354287654,0.0,0.0,13.55538461258234,25.86071662328181,33.04770819060704,2.935862420830568,0.0,3.0,0.0,idle,
2026-01-05 00:30:00,1.476959502810593,17.131273493327498,39.271101964439765,52.1563998101072,0.0,0.0,13.686767976050469,26.635880390409596,27.286838288318148,0.0,0.0,1.0,0.0,idle,
2026-01-05 00:31:00,0.0,15.871058214320461,38.98916819311852,63.40872959957413,0.0,0.0,13.566540090664757,25.745347614792976,8.909428619271983,13.526958608752388,0.0,3.0,0.0,idle,
2026-01-05 00:32:00,0.34981066941810635,14.52050047943075,38.67931355455492,61.029278934848406,0.0,0.0,11.7084712616481,25.92634241449982,11.201756722294304,2.2537917660615845,0.0,4.0,0.0,idle,
2026-01-05 00:33:00,1.8928600102094122,17.17227250348013,38.09341432237006,59.633433934594244,0.0,0.0,16.26311899755819,24.83149651091633,9.992426451311667,19.576004636537498,0.0,3.0,0.0,idle,
2026-01-05 00:34:00,3.231729358834975,14.5051563374461,38.15200823234315,71.8436277018328,0.0,0.0,13.92597612112824,22.234988882815657,2.830749197746597,28.250914561218284,0.0,0.0,0.0,idle,
2026-01-05 00:35:00,6.73046067591813,12.516912813573057,38.58767404852084,83.88347832447937,0.0,0.0,13.239765766737278,23.696517244575553,9.239133461545446,36.435965039892196,0.0,4.0,0.0,idle,
2026-01-05 00:36:00,4.425668034848002,16.175876394799328,38.22125463910119,77.4046182271166,0.0,0.0,16.26803073640797,23.198186216477104,0.0,23.69542798551575,0.0,2.0,0.0,idle,
2026-01-05 00:37:00,6.776755736608015,16.54216429146747,38.440461384154034,89.25670794616406,0.0,0.0,11.411582345161927,25.868014104259025,0.0,13.124381645046604,0.0,3.0,0.0,idle,
2026-01-05 00:38:00,4.427874584120665,16.876117561228455,38.63968035980059,69.25198155361515,0.0,0.0,7.169610576611746,25.836297231238174,0.0,26.15539130848109,0.0,2.0,0.0,idle,
2026-01-05 00:39:00,4.404270737042439,17.545685411311332,38.52890416447689,73.99330310684319,0.0,0.0,7.904065800664696,24.87460824781377,0.0,28.412848984905505,0.0,2.0,0.0,idle,
2026-01-05 00:40:00,3.895688275853258,16.02057123228103,38.54120439997977,75.24062070775653,0.0,0.0,3.4130565099485897,27.97869642481108,0.0,7.723381586840051,0.0,2.0,0.0,idle,
2026-01-05 00:41:00,5.031439918579111,13.17921230397022,38.554129941653436,77.28707843411554,0.0,0.0,6.848687323049776,28.04300856890294,18.17872982959811,0.0,0.0,2.0,0.0,idle,
2026-01-05 00:42:00,2.3671867537260853,17.28245096176232,38.28855390457178,64.76107802053997,0.0,0.0,9.071365198411005,27.973626686206636,19.188933091762202,0.0,0.0,4.0,0.0,idle,
2026-01-05 00:43:00,0.0,12.30924687234795,38.158652727073424,56.52169582514864,0.0,0.0,11.898885300520202,25.35602496183451,41.49932469379825,0.0,0.0,2.0,0.0,idle,
2026-01-05 00:44:00,3.132598041241359,12.538659353313594,38.02341541692674,71.12787787761361,0.0,0.0,6.843472489436853,25.35238303577564,49.35365028980665,0.0,0.0,2.0,0.0,idle,
2026-01-05 00:45:00,4.6581725317856755,10.089657984485413,38.21949281460841,68.89788070901328,0.0,0.0,8.195201300430398,22.285332432294982,53.50713094768255,0.0,0.0,0.0,0.0,idle,
2026-01-05 00:46:00,2.949569575910808,9.013409331987903,38.702429143865686,70.67720940227635,0.0,0.0,3.6684834428827786,22.603772867493063,33.867589524624954,0.0,0.0,3.0,0.0,idle,
2026-01-05 00:47:00,1.6443728471685377,7.967946525078807,39.000709339769465,59.990081546502054,0.0,0.0,0.0,20.98293612252234,32.98021364321218,0.0,0.0,0.0,0.0,idle,
2026-01-05 00:48:00,4.84221849918957,5.345422161327313,39.280898063809076,78.26124905020926,0.0,0.0,0.0,24.707739625337236,13.291430399365709,0.0,0.0,5.0,0.0,idle,
2026-01-05 00:49:00,4.896787658943203,8.506671144196568,39.28255407799574,79.50653170291717,0.0,0.0,0.0,26.549217932258706,19.02532936074092,0.0,0.0,5.0,0.0,idle,
2026-01-05 00:50:00,39.52807719294259,84.47986664385023,41.16874874858147,203.2769886821132,0.0,0.0,31.89139209203379,83.44206913541375,109.58745705966287,16.139831069130597,0.0,3.0,1.0,memory_bound,
2026-01-05 00:51:00,37.70808517025278,86.17712905825198,42.748050887881654,186.92123479087348,0.0,0.0,34.84183950413964,80.57039116485208,103.51351170316687,0.31679855039786275,1.0,3.0,1.0,memory_bound,
2026-01-05 00:52:00,38.28148859254018,83.61507561581416,43.95621752953454,190.52973697731736,0.0,0.0,35.763482079740925,81.34707558743685,110.34114112229571,21.976972106332113,2.0,6.0,1.0,memory_bound,
2026-01-05 00:53:00,38.510904051180425,83.63468608616526,45.19726529250895,181.44842213207178,0.0,0.0,36.1936904495512,79.3292957758632,116.67778527694577,45.00599436838688,3.0,3.0,1.0,memory_bound,
2026-01-05 00:54:00,37.086174997830575,82.19321159359689,46.39098425757401,183.0296856479123,0.0,0.0,36.26239828658889,78.98822471325782,140.7748539758302,52.51870561987393,4.0,4.0,1.0,memory_bound,
2026-01-05 00:55:00,38.227240618887464,83.5832063578814,47.308515220399634,197.40940954250627,0.0,0.0,36.19457461571785,80.49785489040902,143.9229566907586,46.20393010490995,5.0,3.0,1.0,memory_bound,
2026-01-05 00:56:00,38.06762621441249,84.94503338395032,47.82240768088578,186.0807515028415,0.0,0.0,37.09245479293008,80.09631482171676,142.61520640154484,32.41439800558726,6.0,3.0,1.0,memory_bound,
2026-01-05 00:57:00,37.7622753555599,84.99610681883452,48.59948771875984,182.74262976716162,0.0,0.0,38.94860509553562,77.73240248501557,146.26198287534532,45.44433416362992,7.0,7.0,1.0,memory_bound,
2026-01-05 00:58:00,39.37698660753124,84.05615721765417,49.86993767408816,196.09498148586795,0.0,0.0,36.68926345076411,79.9699468763955,147.3455773010259,62.241685442833834,8.0,3.0,1.0,memory_bound,
2026-01-05 00:59:00,40.0061565715126,84.11844041705157,50.09291354693034,193.62310190899032,0.0,0.0,34.92845560066469,77.73983372233614,139.28667052275404,71.92800473980282,9.0,5.0,1.0,memory_bound,
2026-01-05 01:00:00,38.847217368394936,83.0668889513428,50.542665343424,193.07463015953064,0.0,0.0,34.46570349485486,77.52393993803746,123.73110021447545,53.81379956932652,10.0,7.0,1.0,memory_bound,
2026-01-05 01:01:00,36.256520570554564,82.75965055338898,50.894997868360804,187.1659197170839,0.0,0.0,37.94266993665786,79.6570972097943,97.01969986803117,70.27392775176628,11.0,6.0,1.0,memory_bound,
2026-01-05 01:02:00,35.319657851098754,81.56056950737583,51.111778017332206,181.92254137472008,0.0,0.0,37.57752829938413,84.46231112430064,112.66180644564892,53.432435332663374,12.0,4.0,1.0,memory_bound,
2026-01-05 01:03:00,35.81697460587129,83.03353864152943,51.11436278350334,186.82607654698504,0.0,0.0,36.151238600894736,82.72791530991668,93.8926099316813,33.8588034966726,13.0,5.0,1.0,memory_bound,
2026-01-05 01:04:00,37.92758167258512,84.82396669287621,51.686814474976266,192.17652150977253,0.0,0.0,35.70029645619051,79.10334492101721,105.51288879565092,33.989793739132644,14.0,3.0,1.0,memory_bound,
2026-01-05 01:05:00,35.54615298054065,89.83786159602181,51.9921653604698,180.97425676382338,0.0,0.0,29.882403377210537,79.82270492482418,93.87413862374763,39.8925796544495,15.0,3.0,1.0,memory_bound,
2026-01-05 01:06:00,36.12861665326746,91.89441999447446,52.11697195623528,180.34931656110155,0.0,0.0,26.570336916321864,79.95405243383148,122.86773450482296,30.33037873016283,16.0,4.0,1.0,memory_bound,
2026-01-05 01:07:00,34.231570270419,93.79265993258487,51.965533483563156,178.69532244280035,0.0,0.0,29.5998815705252,78.19201489577517,91.14291388511306,48.15780081982321,17.0,6.0,1.0,memory_bound,
2026-01-05 01:08:00,32.934727371420706,93.50787571750092,51.84480755465326,168.81078193834048,0.0,0.0,31.287414651279253,78.47910026551445,106.8887825338503,53.7200293606971,18.0,2.0,1.0,memory_bound,
2026-01-05 01:09:00,29.853392704391332,88.48874467141452,51.507075196379894,154.55811527695548,0.0,0.0,28.733449708227674,79.596636097211,87.20912569089361,58.44070491502467,19.0,4.0,1.0,memory_bound,
2026-01-05 01:10:00,30.589842753672254,86.4114133311491,51.4452717401281,165.96233370647752,0.0,0.0,29.787768549922035,80.34355274056048,104.52249939226905,47.31249284940296,20.0,4.0,1.0,memory_bound,
2026-01-05 01:11:00,27.112789716425148,88.03778271899621,50.812513596365015,151.23299935549036,0.0,0.0,35.7981313071115,80.19941694722033,101.40447983445515,27.84333066594305,21.0,4.0,1.0,memory_bound,
2026-01-05 01:12:00,24.83803651875503,86.21708724812784,49.94723408750529,146.0161737224352,0.0,0.0,33.69880306937897,82.474632105619,105.3815735730491,31.63286426209555,22.0,4.0,1.0,memory_bound,
2026-01-05 01:13:00,27.947605621393656,88.91355706946341,50.01473810235361,161.86734783343306,0.0,0.0,32.74911172036691,81.16114353490798,101.74644955967185,27.81011829582421,23.0,4.0,1.0,memory_bound,
2026-01-05 01:14:00,32.843371393306754,89.16589872025675,50.08238139812835,167.27466348349904,0.0,0.0,36.39827951858794,82.86270799532394,95.85999501744892,42.44485920193165,24.0,3.0,1.0,memory_bound,
2026-01-05 01:15:00,32.22257860837329,90.2444659043996,50.51326208953715,177.48728031671624,0.0,0.0,37.102564279316226,83.68893034506138,110.20522687297766,49.186308594069814,25.0,5.0,1.0,memory_bound,
2026-01-05 01:16:00,39.35183739827091,90.17701807244082,50.90852658001397,190.07690510495758,0.0,0.0,40.2731465749205,77.65791417295918,97.23214117484403,57.851429992991214,26.0,2.0,1.0,memory_bound,
2026-01-05 01:17:00,38.60509480651209,88.69150364989912,51.35678203551967,196.82911537730755,0.0,0.0,37.26568776651621,79.70076139848553,116.5177086758654,53.155656640888154,27.0,4.0,1.0,memory_bound,
2026-01-05 01:18:00,34.9318208198931,92.17248830978052,51.467792427058235,181.7424819880964,0.0,0.0,41.557257308122644,80.49732191552472,94.37039504531104,51.376909460749275,28.0,7.0,1.0,memory_bound,
2026-01-05 01:19:00,35.98359843061001,94.53384143260477,51.68145230025595,179.88865355670103,0.0,0.0,40.99062315018095,79.39543870948597,95.4490410755749,68.61080769851608,29.0,4.0,1.0,memory_bound,
2026-01-05 01:20:00,38.853971802363446,93.5185114408039,52.07645169921656,195.16091563760446,0.0,0.0,40.77532099171459,77.54349794932959,103.33720591456134,59.21941242293778,30.0,2.0,1.0,memory_bound,
2026-01-05 01:21:00,40.25683808461241,94.11508274629747,52.53755718392645,194.87016748589096,0.0,0.0,44.103091417293264,79.10922568845994,93.4682057370297,44.842373775370504,31.0,5.0,1.0,memory_bound,
2026-01-05 01:22:00,42.17839013451838,94.03946232214338,52.61195052366103,203.39698751109347,0.0,0.0,42.630024628227616,83.38407097764095,71.13272045064288,36.91838609020126,32.0,2.0,1.0,memory_bound,
2026-01-05 01:23:00,36.33138994046767,95.00781266058998,52.48359627096355,183.06674123788395,0.0,0.0,37.6098021400736,81.28818839003947,68.316517219248,32.6823502894521,33.0,5.0,1.0,memory_bound,
2026-01-05 01:24:00,34.35769869640855,94.85206314799387,52.85217165962088,184.05421560732898,0.0,0.0,38.56417628568213,84.55065570840142,83.71274273446191,39.18341171524223,34.0,5.0,1.0,memory_bound,
2026-01-05 01:25:00,33.29383873075278,94.12027082757932,52.7387713459857,167.43201698527403,0.0,0.0,39.45091330676825,87.56023521408848,94.5487882793212,44.94210220559685,35.0,4.0,1.0,memory_bound,
2026-01-05 01:26:00,36.6651034823472,93.65366864885972,52.679796526173035,188.37082303310532,0.0,0.0,36.7645442265355,86.48121855201673,97.2786271964149,42.495593742972865,36.0,7.0,1.0,memory_bound,
2026-01-05 01:27:00,36.34029384590576,93.22420708269036,52.93384499337132,182.14840063217738,0.0,0.0,40.41380987917662,86.57143447691136,94.38270979487025,43.897516689417415,37.0,5.0,1.0,memory_bound,
2026-01-05 01:28:00,33.60232941544644,89.99861910252125,52.64353960415148,168.7672664983959,0.0,0.0,35.01030576687059,85.2595860873989,87.94441177102478,61.582713147627096,38.0,3.0,1.0,memory_bound,
2026-01-05 01:29:00,39.417447346321225,90.35678160986005,52.85353183543556,196.24174458198826,0.0,0.0,33.27008718341196,83.4580279215844,88.73450062450192,49.645322813073534,39.0,5.0,1.0,memory_bound,
2026-01-05 01:30:00,38.246844697363855,92.20674447251919,52.611389687076475,187.3141400311182,0.0,0.0,36.67183070372109,82.01864348542661,90.26968209339795,53.78533980506931,40.0,4.0,1.0,memory_bound,
2026-01-05 01:31:00,36.84805569491114,91.33931416631685,52.721560537626196,183.30172008844826,0.0,0.0,36.96106178230477,80.99187791781588,74.89940727166396,63.546855780311674,41.0,2.0,1.0,memory_bound,
2026-01-05 01:32:00,33.48959830659729,90.20551330537445,52.52906908026478,176.78877758738813,0.0,0.0,38.99166197707834,83.6016150335435,75.26111058628143,75.08701094026762,42.0,5.0,1.0,memory_bound,
2026-01-05 01:33:00,33.486225222561956,86.90187355205643,53.01923885472277,182.58413733264697,0.0,0.0,40.784525805063396,82.91956484637264,82.5270956109043,60.563996661192334,43.0,3.0,1.0,memory_bound,
2026-01-05 01:34:00,31.333635826986356,89.02799224810659,52.703538129250965,162.77485799422132,0.0,0.0,39.185899199501364,81.87623628098648,72.91592605786298,62.401794194167294,44.0,5.0,1.0,memory_bound,
2026-01-05 01:35:00,37.36361729173321,91.17013423478328,52.62195238875643,184.79997668270514,0.0,0.0,43.04553051032218,82.31000748514789,70.29847208101776,66.25783997352161,45.0,3.0,1.0,memory_bound,
2026-01-05 01:36:00,37.92789614649839,91.51663763802999,52.89496763167098,192.19970963982345,0.0,0.0,46.01489855529941,82.85745532882989,89.39799484673232,52.48363014955015,46.0,6.0,1.0,memory_bound,
2026-01-05 01:37:00,37.901279863859855,90.58213184455607,52.727904245336084,183.61256401789734,0.0,0.0,43.44192551148237,84.2752763451156,108.030338997947,53.96504661032097,47.0,4.0,1.0,memory_bound,
2026-01-05 01:38:00,33.096791104094706,91.69271768423347,52.92166825614481,166.21199920656017,0.0,0.0,42.23590431184874,83.98034453825359,98.91708844169017,53.29722675046178,48.0,3.0,1.0,memory_bound,
2026-01-05 01:39:00,29.828974350289656,91.06745303459368,52.64860414506268,159.65728313691676,0.0,0.0,43.21653009470505,82.54829410491912,84.73351089635636,47.12495226916475,49.0,3.0,1.0,memory_bound,
2026-01-05 01:40:00,32.28570805004924,91.5406319618408,52.55925270004826,166.0231550105547,0.0,0.0,50.95641007279386,82.28959635639508,81.25874517763073,48.68474918026735,50.0,4.0,1.0,memory_bound,
2026-01-05 01:41:00,31.97145162866982,88.89557874974084,52.544341900528615,173.2703827250308,0.0,0.0,47.42290913002404,82.54323830105663,40.25442031514093,34.29749894327169,51.0,5.0,1.0,memory_bound,
2026-01-05 01:42:00,34.59027124669137,87.15455494969413,52.54483888519514,182.0750147296774,1.0,0.0,49.849750523384756,79.95292448387383,76.49965014677018,32.68720703662721,52.0,3.0,1.0,memory_bound,
2026-01-05 01:43:00,36.340626064789504,89.86636848250632,52.98133065764494,187.45452113741436,0.0,0.0,49.83337433453852,75.69648425581188,66.25306488004703,28.4216197254879,53.0,3.0,1.0,memory_bound,
2026-01-05 01:44:00,34.6116595300319,91.28147353795839,52.74376877504384,181.0914818541061,0.0,0.0,47.33782154507825,76.91301487609344,49.02112952577703,41.345920111967644,54.0,6.0,1.0,memory_bound,
2026-01-05 01:45:00,35.141742342247355,89.81484772504498,52.824020752404905,182.40501492805998,0.0,0.0,42.4893998919267,72.64998111446083,33.07782367834976,30.490257993127482,55.0,7.0,1.0,memory_bound,
2026-01-05 01:46:00,34.361768589913616,90.21734442553611,53.09019337931632,176.24872823607646,0.0,0.0,46.328100015484374,75.57146863377898,54.839143217261075,33.40337731160457,56.0,2.0,1.0,memory_bound,
2026-01-05 01:47:00,34.50413617988494,89.98231005218017,53.44488833833565,189.76867274192796,0.0,0.0,49.74076075781612,73.73118105113159,81.09010150969384,28.53311551576657,57.0,2.0,1.0,memory_bound,
2026-01-05 01:48:00,36.144217299464565,90.0035648376019,53.416504581042595,183.90001691137448,0.0,0.0,48.44410021463685,74.75095925452179,43.36276312434135,24.30939505704953,58.0,4.0,1.0,memory_bound,
2026-01-05 01:49:00,41.5883732486968,89.88925426654357,53.81982570294717,199.53994748173275,0.0,0.0,41.20820592735495,75.82353868226708,51.75462653270973,26.62099487106514,59.0,2.0,1.0,memory_bound,
2026-01-05 01:50:00,42.160980245101,90.47645267951924,54.21451403517866,197.45022277477477,0.0,0.0,37.062396759732366,72.60891326443667,67.44830419953666,31.60707397036183,60.0,5.0,1.0,memory_bound,
2026-01-05 01:51:00,46.778006360069,88.01966642713012,54.495517232895345,220.97661121522074,0.0,0.0,39.398126861625386,72.56181779058748,83.11337588816049,20.598941357049945,61.0,6.0,1.0,memory_bound,
2026-01-05 01:52:00,45.69424926981468,86.89864855756672,54.906076880776716,214.78431801496137,0.0,0.0,36.83550255475095,75.51382258951504,83.00581455858611,21.129047493341105,62.0,4.0,1.0,memory_bound,
2026-01-05 01:53:00,47.847942642142264,91.03417239995795,55.125050829586,221.4300044121938,0.0,0.0,36.49492402939977,76.3345880231628,87.18872186593335,25.55023717973427,63.0,2.0,1.0,memory_bound,
2026-01-05 01:54:00,47.50398971198806,88.77115848192099,55.53160490709369,223.12889327783162,0.0,0.0,35.962813513475886,78.57964616211903,98.52719751735654,32.81464898302322,64.0,5.0,1.0,memory_bound,
2026-01-05 01:55:00,41.26033342523955,87.91331944326171,55.472842050995304,202.06582565867728,0.0,0.0,34.00170030398701,77.79210993816802,105.28871161141655,24.068321384948423,65.0,6.0,1.0,memory_bound,
2026-01-05 01:56:00,37.24423293300884,89.66368531817079,55.66809612068096,182.32750830801868,0.0,0.0,32.17757414232226,77.36664697769122,97.93076477527502,17.078398864294083,66.0,3.0,1.0,memory_bound,
2026-01-05 01:57:00,36.344691287900936,91.55378128573437,55.435562818858095,191.0731356906472,0.0,0.0,33.41871448476095,78.38071356123253,113.42180258298158,12.268144376695275,67.0,6.0,1.0,memory_bound,
2026-01-05 01:58:00,37.400242879550795,90.5818385067126,55.54713086409107,195.1692145700566,0.0,0.0,35.70234355181228,79.87539280474171,113.15697996331815,18.12878060772542,68.0,4.0,1.0,memory_bound,
2026-01-05 01:59:00,35.52842152185008,91.20498273595075,54.80625891549636,172.55315747734062,0.0,0.0,36.4108937425038,83.87688607180499,103.2921592036241,26.272977122986333,69.0,4.0,1.0,memory_bound,
2026-01-05 02:00:00,34.268617387091446,91.21116894992159,54.79329586210281,175.38709322056062,0.0,0.0,34.83166630899302,80.31958117835363,128.41325059493087,30.579636277064587,70.0,2.0,1.0,memory_bound,
2026-01-05 02:01:00,29.712338421602656,88.43027446316377,53.89751085415649,162.22673725284685,0.0,0.0,38.61530120356641,81.53351642529864,143.99533173106482,22.740495368623613,71.0,4.0,1.0,memory_bound,
2026-01-05 02:02:00,32.39289828714666,85.8894980001948,53.80444883529483,172.32637183689735,0.0,0.0,35.57397393938236,82.40576092640552,143.60803389692032,35.03168393670653,72.0,2.0,1.0,memory_bound,
2026-01-05 02:03:00,32.02757743470045,84.8217683372836,53.29507786500572,168.26606094183012,0.0,0.0,40.1430223237214,82.57302560876167,151.97353496132376,33.79474762222224,73.0,2.0,1.0,memory_bound,
2026-01-05 02:04:00,33.86712839641437,83.80724526256745,53.09767775210887,174.42234156065322,0.0,0.0,35.32444163366063,82.56799208282474,158.13831089218485,34.47316540661689,74.0,3.0,1.0,memory_bound,
2026-01-05 02:05:00,28.602782308553035,84.15101970814578,52.849750103447754,161.9883120434368,0.0,0.0,35.92125649759111,83.33923195609886,162.34009184501238,28.532927314167754,75.0,4.0,1.0,memory_bound,
2026-01-05 02:06:00,32.55454633047142,85.42962259733558,52.63147719043938,167.8173792163827,0.0,0.0,37.16400647716296,83.57088722105028,103.68902956840546,20.32527379171924,76.0,2.0,1.0,memory_bound,
2026-01-05 02:07:00,30.125371375722573,89.03630822150593,52.188908493998134,169.64648078563502,0.0,0.0,36.434657783689815,83.46105949412315,123.11888437947884,24.458300601444904,77.0,4.0,1.0,memory_bound,
2026-01-05 02:08:00,33.02657507450774,90.78703766110553,52.306489368692496,173.3026607116051,0.0,0.0,37.805806038236305,83.36670602079589,99.30941964903086,8.394173232616772,78.0,3.0,1.0,memory_bound,
2026-01-05 02:09:00,28.366558732991948,91.20665588609074,51.655199289875085,162.14697266835498,0.0,0.0,39.1663008934238,80.13953379274326,78.45431468672844,21.164106859669662,79.0,4.0,1.0,memory_bound,
2026-01-05 02:10:00,29.62410860416872,90.19047158851706,51.283654934469894,164.7270237436433,0.0,0.0,38.94072890360537,79.51566096570198,58.544298736744956,23.269707892801446,80.0,5.0,1.0,memory_bound,
2026-01-05 02:11:00,32.58422513223041,86.94718985745645,51.39901391834464,172.3324273208972,0.0,0.0,39.68722824071618,80.83725259603561,64.4213059702725,20.231979867501977,81.0,3.0,1.0,memory_bound,
2026-01-05 02:12:00,31.721950603932896,85.67160745622772,51.7622165381841,171.2860139319919,0.0,0.0,35.741149392116114,84.13153162255199,64.37926887777158,28.37374344895616,82.0,4.0,1.0,memory_bound,
2026-01-05 02:13:00,30.895105487864335,86.75110308388108,52.180785015482925,165.1552350726661,0.0,0.0,32.16327888250283,83.69925307069494,95.88655250525295,24.570371553621605,83.0,2.0,1.0,memory_bound,
2026-01-05 02:14:00,32.14387585671604,92.88538534253364,51.8622792046592,169.64476401469204,0.0,0.0,25.2371861691782,81.48993035858058,94.16587928655095,22.68133423977733,84.0,3.0,1.0,memory_bound,
2026-01-05 02:15:00,36.161215173101965,91.72417746921059,51.983794464487296,181.62193646915708,0.0,0.0,28.6395038531677,80.12270724466022,102.35252240522904,4.428127518879457,85.0,3.0,1.0,memory_bound,
2026-01-05 02:16:00,37.21256694568443,91.28944080490892,52.14852897595787,192.21024751753285,0.0,0.0,28.798769364927768,80.7086313050721,113.73225586426676,15.227820492915292,86.0,2.0,1.0,memory_bound,
2026-01-05 02:17:00,33.81133925917736,88.80095394199954,52.31571570029248,180.5878640336549,0.0,0.0,33.59540867860737,81.29580837651831,118.03350270290355,19.84910081265501,87.0,2.0,1.0,memory_bound,
2026-01-05 02:18:00,34.16850751329734,89.0241049523756,52.42653722072452,172.2350160080828,0.0,0.0,35.17529934593618,78.69809464737693,118.79830154675452,21.110138663125614,88.0,6.0,1.0,memory_bound,
2026-01-05 02:19:00,38.91555382915582,90.98763836758988,52.89830512537485,192.8205467629119,0.0,0.0,35.06190173532009,78.68130301274954,127.79820923281514,27.29897696844352,89.0,4.0,1.0,memory_bound,
2026-01-05 02:20:00,35.50475072336039,92.28979559059432,52.431485514600375,171.8790043420136,0.0,0.0,32.280397274841164,78.62247779846291,129.73671472249245,48.83531344590136,90.0,4.0,1.0,memory_bound,
2026-01-05 02:21:00,32.75705346096639,90.26081048970917,52.28426504376507,166.7761283152743,0.0,0.0,40.882561686410185,77.63752005418097,102.43573561500335,43.61759009557096,91.0,3.0,1.0,memory_bound,
2026-01-05 02:22:00,32.76389293243685,89.77806126212185,51.77776908704998,175.7098333463577,0.0,0.0,42.82994823107501,77.85360646118049,91.11488968087346,60.63922153248777,92.0,6.0,1.0,memory_bound,
2026-01-05 02:23:00,28.57541011425472,90.36427250057284,51.84256845439527,162.48325932825927,0.0,0.0,41.461423645210985,80.37700394353715,81.56798826212291,51.312545486104256,93.0,3.0,1.0,memory_bound,
2026-01-05 02:24:00,26.897468569299544,91.57125529173375,50.9058874368869,141.47843093176252,0.0,0.0,36.195785028774836,79.6791022352654,68.11963558524009,65.89213623827389,94.0,4.0,1.0,memory_bound,
2026-01-05 02:25:00,27.944315133558874,89.57557699541817,50.62800271765211,157.52314374973227,0.0,0.0,36.19850823392877,82.67199934417953,79.12656923815146,43.37510406342941,95.0,3.0,1.0,memory_bound,
2026-01-05 02:26:00,29.892290020568236,89.8652078675004,50.643154189735476,167.1554058748189,0.0,0.0,35.82541927754597,82.40945020482421,89.74203879573395,28.869767584778668,96.0,6.0,1.0,memory_bound,
2026-01-05 02:27:00,30.778693675913154,90.30425756767353,50.742015574156,164.7913470279792,0.0,0.0,35.949684384341104,80.55049944445105,62.836395334003655,5.26032262254385,97.0,5.0,1.0,memory_bound,
2026-01-05 02:28:00,31.589724861084054,90.26208336530524,51.10277291425598,174.39625542662492,0.0,0.0,38.34336941622268,80.28106409986485,58.616535495520445,24.652938795194956,98.0,5.0,1.0,memory_bound,
2026-01-05 02:29:00,29.125130930999816,85.92739881450977,50.73955603498966,164.44280540639346,0.0,0.0,34.83356503689936,80.36268471661452,68.53751503611402,5.134125035771483,99.0,3.0,1.0,memory_bound,
2026-01-05 02:30:00,29.52048765124772,83.83408185025395,51.247328812523264,153.87339771232413,0.0,0.0,34.9987747686078,81.11972694214344,56.769267204192815,14.088859878305016,100.0,6.0,1.0,memory_bound,
2026-01-05 02:31:00,30.550215242559915,79.48443884632904,51.14440349226964,168.9187427807972,0.0,0.0,34.10013316776842,80.13966768383295,81.20445771248774,14.467012523836509,101.0,2.0,1.0,memory_bound,
2026-01-05 02:32:00,29.17280190652844,80.31276890640373,51.202725702259,166.15845182795817,0.0,0.0,32.76755523273661,85.57384903225861,100.22962185802383,9.154918654632773,102.0,4.0,1.0,memory_bound,
2026-01-05 02:33:00,34.48399542471531,80.1659264434299,51.30296413077796,181.01852104539273,0.0,0.0,37.9231445308616,83.63353434926282,88.12735808100761,21.30574819359856,103.0,3.0,1.0,memory_bound,
2026-01-05 02:34:00,37.772787751820346,83.45381765188424,51.38745116256476,184.94566620806768,0.0,0.0,41.22583988375738,84.83512082654848,98.13931758238192,19.020908601179517,104.0,5.0,1.0,memory_bound,
2026-01-05 02:35:00,40.36072878612087,83.69924282054025,51.894677371203905,198.07072476583568,0.0,0.0,42.58224554137732,82.04039945982697,103.03450306979052,17.10053216275943,105.0,2.0,1.0,memory_bound,
2026-01-05 02:36:00,40.49550247236422,84.12041073196043,52.17058585000407,201.0138470372228,0.0,0.0,50.73401982194571,82.76847223268844,107.39682946546363,26.9504318645377,106.0,3.0,1.0,memory_bound,
2026-01-05 02:37:00,37.176508813115795,83.09816471708544,52.67610905615179,180.12007637669382,0.0,0.0,49.327258784301314,81.980192813196,131.9909748611666,36.62987315554829,107.0,5.0,1.0,memory_bound,
2026-01-05 02:38:00,37.17029073050288,81.84432531331795,52.750710873844454,190.8592976707484,0.0,0.0,52.523674077097,82.41825191799067,134.04835712833338,17.78962364460385,108.0,4.0,1.0,memory_bound,
2026-01-05 02:39:00,35.6400967918528,81.46305301967962,52.87643207603065,179.4934053307373,0.0,0.0,52.40238201919388,77.15476047223089,135.2217048208364,27.857625449796878,109.0,5.0,1.0,memory_bound,
2026-01-05 02:40:00,34.75625878530526,82.54152697325326,52.65876806564715,179.0941008371897,0.0,0.0,52.96320609567995,77.30854256512133,130.07777300977517,21.79303437423608,110.0,3.0,1.0,memory_bound,
2026-01-05 02:41:00,39.18467609891757,82.0691169112099,53.273389552332276,203.78815268933164,1.0,0.0,54.80020692419127,76.92485542808213,116.30371817137654,19.422691412871327,111.0,6.0,1.0,memory_bound,
2026-01-05 02:42:00,41.12183240589847,84.32098821483692,53.54251951686023,194.09067686839234,0.0,0.0,54.48612441931998,77.17426702565223,120.47917835151839,23.006212711098698,112.0,3.0,1.0,memory_bound,
2026-01-05 02:43:00,39.240154120981394,82.68253398882686,53.51536424299118,193.14507531814274,0.0,0.0,48.91260542060929,78.96976900304134,106.96795062975036,42.35869090598298,113.0,5.0,1.0,memory_bound,
2026-01-05 02:44:00,38.371105776862606,81.8725425693797,53.42663059509597,188.1799630646459,0.0,0.0,44.669626489287324,76.21442187035913,89.62267628583768,29.816607298891736,114.0,2.0,1.0,memory_bound,
2026-01-05 02:45:00,35.32796242248659,85.62713265602893,53.37925333754785,193.91914878397478,0.0,0.0,44.255788316343825,76.81702824134757,109.01038516385023,38.79096805650488,115.0,4.0,1.0,memory_bound,
2026-01-05 02:46:00,38.25403219868247,85.24232649031144,53.02055755467995,195.46363439113657,0.0,0.0,40.73301538383294,72.91586149793142,116.15840956771501,18.900486986491337,116.0,5.0,1.0,memory_bound,
2026-01-05 02:47:00,42.972317960600634,83.59455442556306,53.236258291233845,205.32054544512582,0.0,0.0,42.75288150874544,73.61573628766949,114.70553076371205,35.56831169878552,117.0,3.0,1.0,memory_bound,
2026-01-05 02:48:00,37.93466817284305,84.07613725423138,53.30884029536962,186.39186339274565,0.0,0.0,40.396820334061466,71.74190361135273,116.07394579634959,44.99254670290455,118.0,2.0,1.0,memory_bound,
2026-01-05 02:49:00,33.07296715030275,84.7088870739409,53.20702152652702,172.175481187461,0.0,0.0,40.59996320959043,71.65955556557435,96.71494067267702,28.384527401711793,119.0,3.0,1.0,memory_bound,
2026-01-05 02:50:00,34.75560184982192,85.5409047655284,53.742968856228444,188.19821565714665,0.0,0.0,39.48793546935787,70.90545983045031,81.58367722294328,15.329320312794803,120.0,4.0,1.0,memory_bound,
2026-01-05 02:51:00,34.54358413965579,79.3290044406003,53.42715974045494,180.48927824065578,0.0,0.0,37.042088159035366,74.59395262369432,67.81901033432615,21.11820734206647,121.0,2.0,1.0,memory_bound,
2026-01-05 02:52:00,35.36579521730634,80.27375089854853,53.685881706815934,185.34481038767757,0.0,0.0,36.95580533263779,74.42028417138044,74.10739038564475,22.194851900433775,122.0,5.0,1.0,memory_bound,
2026-01-05 02:53:00,36.175801197715785,79.07541237738212,53.37862245891306,176.40010809774103,0.0,0.0,36.37244299059615,72.233068831464,79.33184338392401,24.019403161559413,123.0,3.0,1.0,memory_bound,
2026-01-05 02:54:00,33.2382315498886,75.07135006800448,52.76311624507624,170.32565154856468,0.0,0.0,38.99889974219831,71.71447089476148,87.13695679710744,17.861768143584584,124.0,4.0,1.0,memory_bound,
2026-01-05 02:55:00,31.30649438111694,76.16267164230304,52.679046422615734,169.9101130298508,0.0,0.0,38.983848906902274,72.97181001033205,92.44528698844884,8.429737852136121,125.0,5.0,1.0,memory_bound,
2026-01-05 02:56:00,32.28819518599063,82.25117320443641,52.27873434191758,175.4267805178045,0.0,0.0,39.701384511380134,73.39566580290074,91.68444464139256,0.0,126.0,4.0,1.0,memory_bound,
2026-01-05 02:57:00,32.870418975015006,82.82044306346,51.84789935426128,170.48236182833398,0.0,0.0,37.14501421521416,75.03231292107478,70.06600578032597,0.0,127.0,3.0,1.0,memory_bound,
2026-01-05 02:58:00,31.61053571149912,80.7792377667207,51.739328331901,174.60845512436998,0.0,0.0,38.08697350647193,72.51466220418004,61.620638003849294,0.0,128.0,2.0,1.0,memory_bound,
2026-01-05 02:59:00,34.51029820071216,80.59986880890146,51.2995201360122,179.75206561036902,0.0,0.0,40.05916006372868,76.79096006968398,67.08876364675348,0.0,129.0,3.0,1.0,memory_bound,
2026-01-05 03:00:00,34.08739188670015,82.62244135590929,51.04940809183304,173.95126925553512,0.0,0.0,39.147482509479985,76.4058668724324,90.28584020516914,2.5840142582266523,130.0,3.0,1.0,memory_bound,
2026-01-05 03:01:00,2.0332656211853988,11.607943131192368,49.58281280424193,75.37790868001109,0.0,0.0,2.883503280698707,18.75579310352261,19.100553258848194,0.0,0.0,0.0,0.0,idle,
2026-01-05 03:02:00,0.0,14.55559222342624,48.376414218093466,61.63400507030971,0.0,0.0,0.8251897623549596,17.624382993913812,32.2751218253138,0.0,0.0,2.0,0.0,idle,
2026-01-05 03:03:00,1.4145767092370687,10.69704427232022,46.83126678325698,64.38880127162457,0.0,0.0,2.185155809372116,20.78163084261083,14.476543668943433,0.0,0.0,2.0,0.0,idle,
2026-01-05 03:04:00,6.206585737714842,11.21482045116841,46.09092344375391,79.17204571394295,0.0,0.0,1.788470816008605,21.477011191362937,38.89166514901055,7.391134222510979,0.0,2.0,0.0,idle,
2026-01-05 03:05:00,6.860527775284635,12.026966040095395,45.490511506582685,89.74856991901537,0.0,0.0,2.2792701750389215,26.39109389793383,21.05549114969852,0.0,0.0,1.0,0.0,idle,
2026-01-05 03:06:00,11.125223318555326,12.449803018094322,45.499273492578475,96.11365207468825,0.0,0.0,0.0,25.039939374424787,17.688539368520587,1.8465124203856513,0.0,2.0,0.0,idle,
2026-01-05 03:07:00,7.2610205034668445,13.40855480679982,44.91334406704373,75.49295354725295,0.0,0.0,0.0,24.98929572849661,0.0,9.72435712102644,0.0,3.0,0.0,idle,
2026-01-05 03:08:00,6.336869294947668,13.809860631149315,44.41901769911186,87.52679955845724,0.0,0.0,0.0,25.260481476298303,0.0,4.375530887363728,0.0,2.0,0.0,idle,
2026-01-05 03:09:00,96.85125460087401,42.55723450053489,48.17756228514087,390.4208277955506,0.0,0.0,54.81888049681104,61.96940204616836,34.952660339351766,19.056584115192223,0.0,5.0,3.0,compute_bound,
2026-01-05 03:10:00,94.79213036498018,43.34070808555535,51.634709541572654,390.19219844734545,0.0,0.0,54.409024257333954,61.359220171556004,20.239191380206705,16.598142950463057,1.0,3.0,3.0,compute_bound,
2026-01-05 03:11:00,95.09684835794498,43.10708863853821,55.237944937503215,377.5915921752472,0.0,0.0,57.634599404701014,59.53309107039066,33.12908018960792,32.498826893949726,2.0,4.0,3.0,compute_bound,
2026-01-05 03:12:00,95.49496832365497,38.827934014106134,58.0717225316125,386.0561488631344,0.0,0.0,52.67292882450295,61.602860716201576,18.85239187389122,31.60473319160431,3.0,4.0,3.0,compute_bound,
2026-01-05 03:13:00,94.57882549766478,38.80924145973482,60.45204639188982,384.2824040881321,0.0,0.0,50.46590548710965,61.61336138004331,25.611134899347707,36.37694761908811,4.0,9.0,3.0,compute_bound,
2026-01-05 03:14:00,91.66985408926475,36.979241746619735,62.48619524026524,371.1841923190182,0.0,0.0,55.717845734263754,65.47065409148918,16.584712230955844,40.58336808759702,5.0,5.0,3.0,compute_bound,
2026-01-05 03:15:00,93.93202762096163,37.300207768571866,63.82876782164078,368.59062432697687,0.0,0.0,53.76242758672013,65.65964348985261,5.825826267023288,34.47798877471183,6.0,6.0,3.0,compute_bound,
2026-01-05 03:16:00,97.22789261640908,38.015480050485095,65.86524238113701,397.80422022944646,0.0,0.0,59.53329663461925,66.65698728014074,33.85817196604545,46.50605166103235,7.0,5.0,3.0,compute_bound,
2026-01-05 03:17:00,93.47506936633698,39.61964683867234,67.26104477429608,382.89311539096633,0.0,0.0,60.134807836314245,64.70078333801936,35.71689824165393,30.661722059375087,8.0,4.0,3.0,compute_bound,
2026-01-05 03:18:00,92.92671958269983,40.8876952540769,68.31351234040702,377.1624666771937,0.0,0.0,57.93615728413635,65.14392787742118,46.98305215986596,36.52014071080791,9.0,3.0,3.0,compute_bound,
2026-01-05 03:19:00,93.07314575128919,37.85991760760265,69.33892915952083,372.1872557148978,0.0,0.0,53.4121199947908,66.23414235413905,67.67150666109569,27.02629407236408,10.0,5.0,3.0,compute_bound,
2026-01-05 03:20:00,91.98094120091375,38.65043471492188,70.15731676709366,376.8461321260089,0.0,0.0,47.53888116127126,61.29656434254101,51.43790249077519,35.85386005724266,11.0,3.0,3.0,compute_bound,
2026-01-05 03:21:00,93.28397150035424,36.71319418769349,71.48912760608619,376.7680388647843,0.0,0.0,52.60497921432638,58.230232328177095,39.73175947958718,20.936370878476247,12.0,4.0,3.0,compute_bound,
2026-01-05 03:22:00,89.11710914141804,37.990441818936695,72.06718444144931,366.0763410798127,0.0,0.0,55.2028864061304,58.23097365546249,51.30833099096318,6.807262878948844,13.0,3.0,3.0,compute_bound,
2026-01-05 03:23:00,86.32850695942157,39.693644411231375,72.33166614494988,359.05119396778747,0.0,0.0,53.832226802933874,59.878121202473174,37.41044287708897,5.523433489174728,14.0,3.0,3.0,compute_bound,
2026-01-05 03:24:00,91.08197593898439,42.272382009304415,72.71019398806541,378.3482076120167,0.0,0.0,54.24728930852863,61.856395833984536,47.096464176237006,0.0,15.0,4.0,3.0,compute_bound,
2026-01-05 03:25:00,92.3049762416796,44.24993500259714,73.2314871980387,371.5997065460755,0.0,0.0,54.71246611157643,61.96797090610981,33.4452994502657,6.256316054008391,16.0,5.0,3.0,compute_bound,
2026-01-05 03:26:00,90.71005320016936,46.32994151818324,73.6068758988764,365.037003489244,0.0,0.0,57.19377740391331,62.60171796243381,34.75772246122886,16.620146354466698,17.0,5.0,3.0,compute_bound,
2026-01-05 03:27:00,92.30509874521157,45.35527750878505,74.043417801962,365.47881733818247,0.0,0.0,53.52529298962945,62.56297091498309,45.950550451521885,16.009006277913763,18.0,5.0,3.0,compute_bound,
2026-01-05 03:28:00,91.52906967836176,42.524697190830686,74.40416625964443,369.92867578997556,0.0,0.0,61.28646500505016,61.49925763861342,32.264127772169886,8.592044616330888,19.0,4.0,3.0,compute_bound,
2026-01-05 03:29:00,90.46867016347402,41.386292630810416,73.85675218531057,365.7317002552817,0.0,0.0,62.37405090280653,64.57863822563694,10.8886641524062,19.392957308090626,20.0,5.0,3.0,compute_bound,
2026-01-05 03:30:00,90.2941169850469,39.662363036426925,74.51932687384502,370.6996337616004,0.0,0.0,60.07821675899894,63.766699169312155,23.191342861669668,9.787809138026617,21.0,5.0,3.0,compute_bound,
2026-01-05 03:31:00,91.09215634914784,41.66064077467773,74.48512684130459,371.133154824464,0.0,0.0,65.25540527880385,58.95118530165909,28.94495555043942,22.75872560435767,22.0,2.0,3.0,compute_bound,
2026-01-05 03:32:00,93.88511390362815,39.39078675602093,74.64015900026365,374.5797057572375,0.0,0.0,58.89839357297445,58.99136284258701,45.48991270919019,20.985074099117224,23.0,3.0,3.0,compute_bound,
2026-01-05 03:33:00,92.32986015462373,39.99901173452084,74.46959782439293,375.9633358655241,0.0,0.0,62.64974533652209,59.231255888229725,34.08253559080204,20.82081769897657,24.0,3.0,3.0,compute_bound,
2026-01-05 03:34:00,92.42539051149701,37.84923760204494,74.60713714545692,371.0958970006754,0.0,0.0,67.36249058587617,55.464397948053104,55.32059203309066,32.889097052978954,25.0,2.0,3.0,compute_bound,
2026-01-05 03:35:00,93.68805989889769,37.82095626179478,75.02146881354619,377.615143976535,0.0,0.0,70.35053939934343,53.29370116485616,58.24467595266334,35.48149526877501,26.0,3.0,3.0,compute_bound,
2026-01-05 03:36:00,90.63788893110988,40.30673223339948,75.50067650688167,372.15292157505075,0.0,0.0,67.89083522822287,55.51315309894311,61.730288849459775,50.74211444797049,27.0,4.0,3.0,compute_bound,
2026-01-05 03:37:00,88.27912326257722,36.072330025909096,75.19676125652754,352.4224666590486,0.0,0.0,63.43894227521537,59.88985039419431,86.53055759725703,69.38366478053166,28.0,4.0,3.0,compute_bound,
2026-01-05 03:38:00,93.24848026862574,34.703861276355845,75.49950973878371,378.5940566891367,0.0,0.0,63.35430959891563,63.1026311429379,98.73867460159391,59.883201240896526,29.0,3.0,3.0,compute_bound,
2026-01-05 03:39:00,97.23810252094503,36.91379660183315,76.26667973223405,387.1827147181525,0.0,0.0,61.281598817421944,67.30226858203626,93.9012352464445,53.99331900231577,30.0,4.0,3.0,compute_bound,
2026-01-05 03:40:00,94.50423762302867,37.134467151536114,76.04787963991667,376.26586875272073,0.0,0.0,62.404658883294715,66.78427452545112,119.12562396919964,47.283632139318954,31.0,2.0,3.0,compute_bound,
2026-01-05 03:41:00,94.67436457422696,36.37186216926202,76.07438334407674,376.24302986352853,0.0,0.0,61.729930500339854,64.84134241757512,103.35190244870145,44.54425516339363,32.0,5.0,3.0,compute_bound,
2026-01-05 03:42:00,94.75364266009579,36.57433305157982,76.32823690330932,378.55097202879347,0.0,0.0,69.20975616707224,64.71502295969844,70.53010856921966,49.91651034945822,33.0,4.0,3.0,compute_bound,
2026-01-05 03:43:00,94.62458873627715,42.0117653092117,76.07380965324093,375.6531297166516,0.0,0.0,66.99872148099591,68.1521107137429,45.415526306112184,36.45139091334363,34.0,3.0,3.0,compute_bound,
2026-01-05 03:44:00,95.29198297257277,42.719677569481476,76.01014557003654,387.8615052867224,0.0,0.0,64.95164620563807,65.56549419152114,38.940628152890596,38.95825200935671,35.0,4.0,3.0,compute_bound,
2026-01-05 03:45:00,98.42612142380678,38.95137600247862,76.28419594964373,389.458142905245,0.0,0.0,67.05594086471365,63.23853699983377,33.74763350122183,32.46536044168687,36.0,5.0,3.0,compute_bound,
2026-01-05 03:46:00,96.17304268001214,38.69509837218875,77.19056712870184,390.90686636786245,0.0,0.0,63.13621704880782,64.78426046217994,32.68426141417761,36.16837681427093,37.0,2.0,3.0,compute_bound,
2026-01-05 03:47:00,96.2759096728382,41.25018232784319,76.73099926845774,383.7744898503857,0.0,0.0,65.76417765776884,64.31697130968713,44.664955719225915,54.93370652556489,38.0,4.0,3.0,compute_bound,
2026-01-05 03:48:00,95.69673638329063,41.448893387749884,76.94950186024263,381.1351144328573,0.0,0.0,64.99926955858213,62.98600036928076,59.06388552390996,54.08268738646298,39.0,4.0,3.0,compute_bound,
2026-01-05 03:49:00,93.62103918464102,44.442848494942055,77.15092538807394,390.6219329875909,0.0,0.0,60.293855583434954,62.79509108813701,62.04723564400756,42.488420128592665,40.0,5.0,3.0,compute_bound,
2026-01-05 03:50:00,90.88050902709278,45.71905041855352,77.11414582738155,372.90067003890306,0.0,0.0,60.092618573397175,63.274169846606654,69.03007487965955,27.44007711074813,41.0,4.0,3.0,compute_bound,
2026-01-05 03:51:00,91.00008200673945,43.607440100305475,77.45260233380768,373.53679704311475,0.0,0.0,61.607647343151065,64.15227893407075,95.45541594218818,10.397114192502436,42.0,4.0,3.0,compute_bound,
2026-01-05 03:52:00,92.72013339468946,42.30547776085753,77.43302652754876,376.1492053939753,0.0,0.0,60.97547730455268,63.59907770311105,115.1351860601086,20.297576235132702,43.0,10.0,3.0,compute_bound,
2026-01-05 03:53:00,92.54170926716947,40.42150894543261,77.83922498482607,372.09862081575784,0.0,0.0,60.05672171911165,63.06921676951498,81.28264698445571,12.946850439238204,44.0,6.0,3.0,compute_bound,
2026-01-05 03:54:00,94.94714642045307,38.97975650078249,78.55412320538044,398.65956095765654,0.0,0.0,59.65846336182673,61.95140933127711,69.6247013401746,14.24287930800991,45.0,3.0,3.0,compute_bound,
2026-01-05 03:55:00,94.88431776825249,40.55754611230057,78.47194526954928,380.44073365724176,0.0,0.0,58.67480997188304,61.793634815596725,81.0572547749903,16.550850775028536,46.0,6.0,3.0,compute_bound,
2026-01-05 03:56:00,91.25854376192062,41.70680363239845,78.07361954847386,369.406496200202,0.0,0.0,58.778700113940644,57.88209526212301,82.37318076139576,20.956512599599353,47.0,3.0,3.0,compute_bound,
2026-01-05 03:57:00,89.86550552456383,42.91111049917004,77.6264819990266,364.6326027731017,0.0,0.0,57.07463397802097,57.54881216284616,92.02414070353896,3.835103823367948,48.0,3.0,3.0,compute_bound,
2026-01-05 03:58:00,87.08081900133264,44.13685393434386,76.95467812305152,358.7806223461683,0.0,0.0,65.46961460222848,56.301801909692315,113.20172556004295,0.0,49.0,6.0,3.0,compute_bound,
2026-01-05 03:59:00,87.62623069221284,42.30502218974218,76.80984503253715,358.20166108239056,0.0,0.0,65.47811987208794,56.66948868745542,86.977066064424,0.0,50.0,5.0,3.0,compute_bound,
2026-01-05 04:00:00,87.68161439716391,41.812021331934005,76.59034268881841,358.27749126282066,0.0,0.0,65.6711490349939,56.38866499578765,87.87644472243318,2.4416927958394545,51.0,4.0,3.0,compute_bound,
2026-01-05 04:01:00,86.29764426468071,36.54807242223818,76.14506787428749,358.59862753220165,0.0,0.0,56.077758962239656,57.39444126063923,86.73917590591583,10.843536144701938,52.0,3.0,3.0,compute_bound,
2026-01-05 04:02:00,85.91830034547444,37.57320902011915,75.72805939226895,341.88254710351146,0.0,0.0,54.80257546544062,56.344131833884624,70.53926731959035,17.16339975183895,53.0,3.0,3.0,compute_bound,
2026-01-05 04:03:00,87.41657630634698,35.61325082144547,75.58782271559285,356.6116969883399,0.0,0.0,52.82196920430883,56.36874563499846,75.18727051768946,40.063010911874365,54.0,6.0,3.0,compute_bound,
2026-01-05 04:04:00,87.75161340681896,37.50041552684223,75.2050511085088,356.77562790594425,0.0,0.0,53.524538365306526,58.89185761662099,87.66801277230559,33.54846116663886,55.0,4.0,3.0,compute_bound,
2026-01-05 04:05:00,85.76713158572753,37.03793698541831,75.25772609488833,344.97172510509085,0.0,0.0,55.18567341604251,59.773766691411126,62.241262530286974,29.27086029802269,56.0,2.0,3.0,compute_bound,
2026-01-05 04:06:00,78.72450863692073,34.885606500694806,75.40599146052863,339.68506999774075,0.0,0.0,56.22617189685296,58.17533252159494,41.70591602868649,35.0640242853713,57.0,3.0,3.0,compute_bound,
2026-01-05 04:07:00,77.36952758598999,35.79939086296169,74.28773064860128,317.4159261396424,0.0,0.0,50.950063976070965,58.08226729995456,35.968534092552524,44.10460420572579,58.0,3.0,3.0,compute_bound,
2026-01-05 04:08:00,75.61773980561496,36.249459338902184,73.27496795233367,319.05167734226796,0.0,0.0,49.6766602578895,59.975662671969026,36.96610065580576,41.371244265552036,59.0,5.0,3.0,compute_bound,
2026-01-05 04:09:00,75.74335529249306,38.105510019202825,72.62365667891812,310.6798346374585,0.0,0.0,51.697595229142394,62.99956349016744,29.705366743435896,41.088705109884636,60.0,7.0,3.0,compute_bound,
2026-01-05 04:10:00,80.72211441761593,39.43487453299707,72.21075573325892,332.065020340388,0.0,0.0,49.417093644504305,63.94552461944535,41.44707640709224,33.831671669247825,61.0,5.0,3.0,compute_bound,
2026-01-05 04:11:00,81.75726841602112,39.42909328524872,72.13500419938356,330.49955926381574,0.0,0.0,51.92836824253496,62.91935247575329,45.44440834093281,50.56157138532227,62.0,5.0,3.0,compute_bound,
2026-01-05 04:12:00,80.93699819822875,41.376502620566086,71.8677184501101,339.58575323287323,0.0,0.0,53.71238575422505,64.93926337806147,38.41453608148858,42.60339542952137,63.0,2.0,3.0,compute_bound,
2026-01-05 04:13:00,80.80153333638404,39.24240035140866,72.15044449248289,334.4046098842261,0.0,0.0,58.02421801604444,67.78986503663339,23.94943772494942,27.692554636339608,64.0,3.0,3.0,compute_bound,
2026-01-05 04:14:00,82.61557991483775,40.67913729283546,72.00179204385779,339.8761843595931,0.0,0.0,61.938716250829536,64.0475041526033,9.541614515490295,28.168566010058118,65.0,6.0,3.0,compute_bound,
2026-01-05 04:15:00,84.3163252728466,39.20401997441466,71.95834807473437,343.1268148937374,0.0,0.0,61.80777568614716,61.847416029051416,32.85878534501872,19.100102809113828,66.0,6.0,3.0,compute_bound,
2026-01-05 04:16:00,82.2359463608392,35.166405314620775,72.17102663340434,338.44669056227093,0.0,0.0,60.44789254941013,61.77975476149872,49.52894940462605,18.67995248122677,67.0,3.0,3.0,compute_bound,
2026-01-05 04:17:00,77.12790901598274,35.87734365390853,72.23241670810329,324.2301187013361,0.0,0.0,61.67449203816839,64.59899504395565,46.19931281679096,25.04563187399227,68.0,2.0,3.0,compute_bound,
2026-01-05 04:18:00,78.85882012769486,35.77341885340618,72.34724648928395,322.9999107556083,0.0,0.0,60.99416201595321,66.25862283230613,53.946500261401006,36.39676815613956,69.0,4.0,3.0,compute_bound,
2026-01-05 04:19:00,81.45954557134445,36.51269844619622,72.51337996463926,338.1077928094443,0.0,0.0,66.46050343209657,61.23921426847318,59.82576726663632,28.047867924385145,70.0,2.0,3.0,compute_bound,
2026-01-05 04:20:00,81.86117417455328,36.02679658166569,72.80254029963113,337.50306098996555,0.0,0.0,67.80545655276319,63.896066951720904,58.728222211580395,27.696206009743577,71.0,5.0,3.0,compute_bound,
2026-01-05 04:21:00,81.0272128455236,34.17798727264294,72.7515470573396,340.66968504292913,0.0,0.0,65.32163328162027,58.33637174766599,47.79005973550667,7.626328868541661,72.0,6.0,3.0,compute_bound,
2026-01-05 04:22:00,79.97297898587946,36.34207408944688,72.46814099034977,335.4143137628569,0.0,0.0,62.54248825624922,57.941638094089335,11.143822072426573,19.55494023290069,73.0,2.0,3.0,compute_bound,
2026-01-05 04:23:00,84.0399730661079,38.71970006510783,72.43264458963033,348.50412671545365,0.0,0.0,59.101014905279804,64.73349313904578,36.11976532811187,27.829138273303634,74.0,3.0,3.0,compute_bound,
2026-01-05 04:24:00,82.23452037046746,40.59974470807503,72.16460524543973,337.325791359404,0.0,0.0,60.258226145388406,65.6956972840629,72.71545926703824,26.312296353011302,75.0,3.0,3.0,compute_bound,
2026-01-05 04:25:00,82.22478581458246,40.544978910537885,71.8954621614105,336.67742900631913,0.0,0.0,65.7435304177235,68.47877145855298,72.09459339451675,35.223821913578945,76.0,5.0,3.0,compute_bound,
2026-01-05 04:26:00,76.55134722225307,43.159207134754695,71.57174331718913,324.09648743310754,0.0,0.0,68.87747112301821,63.83686670109647,68.21775567380209,40.11660973941417,77.0,5.0,3.0,compute_bound,
2026-01-05 04:27:00,74.46397833316361,43.280741689219184,71.64170674615747,320.0207336831896,0.0,0.0,71.48514122199997,65.62379221973399,88.56041688648233,35.294885539252526,78.0,3.0,3.0,compute_bound,
2026-01-05 04:28:00,74.01325203553398,42.67138885388054,71.40204876490662,310.48531488092834,0.0,0.0,72.84081551700902,67.76407732115601,60.56371489526879,32.05601533496332,79.0,5.0,3.0,compute_bound,
2026-01-05 04:29:00,77.57151280314578,43.951131376721534,71.2224113476431,317.2807322335322,0.0,0.0,63.89717698178207,68.60789240689309,50.84054912042817,36.00333634141771,80.0,2.0,3.0,compute_bound,
2026-01-05 04:30:00,76.77379001412642,44.539232038602584,71.15819951312224,327.9515888326884,0.0,0.0,64.78607171848049,67.53954394328244,44.207025757835204,26.49401798948003,81.0,3.0,3.0,compute_bound,
2026-01-05 04:31:00,82.78122346978532,41.5988463478349,71.62859487457591,350.4160666169558,0.0,0.0,63.41622606248225,66.97838138085008,58.053665214827404,28.162873136205736,82.0,6.0,3.0,compute_bound,
2026-01-05 04:32:00,83.5858061279071,42.06582884043115,71.67217527088978,336.25389055117824,0.0,0.0,62.89476396966504,70.15840062173186,63.19166167636178,38.88686416466821,83.0,3.0,3.0,compute_bound,
2026-01-05 04:33:00,85.93891450544149,41.39512448338619,71.92082565719718,345.89492472262936,0.0,0.0,65.76885954351094,66.3452616173813,70.14546470498537,40.066393664293805,84.0,6.0,3.0,compute_bound,
2026-01-05 04:34:00,93.96261177803147,39.45204600752671,72.12804530038676,385.38670999071167,0.0,0.0,63.9666189822167,64.89609423291887,60.91698775687446,34.21448351813077,85.0,6.0,3.0,compute_bound,
2026-01-05 04:35:00,94.02419618467759,39.40467496991105,72.65762042884411,368.9806695589098,0.0,0.0,62.35793889404017,63.999192983100336,42.8830901109587,43.67073241006551,86.0,2.0,3.0,compute_bound,
2026-01-05 04:36:00,95.45446654384742,38.74654973622374,73.68571252359446,384.0976052236133,0.0,0.0,65.5142737290381,65.38364177746074,46.49023954556364,48.72069732167419,87.0,5.0,3.0,compute_bound,
2026-01-05 04:37:00,95.32273861053227,40.849334722796314,74.16696368337911,379.5739728381347,0.0,0.0,60.223422120225024,64.9065468407728,50.476401343220545,35.978443988622246,88.0,3.0,3.0,compute_bound,
2026-01-05 04:38:00,96.34266117962116,41.04323244255782,75.00626180000859,386.31185755042566,0.0,0.0,56.494667107098174,62.699975005981294,50.30722282404962,34.4021330384657,89.0,5.0,3.0,compute_bound,
2026-01-05 04:39:00,93.93233465161727,41.36619609799639,75.11304088614008,374.5875029435397,0.0,0.0,55.03352446254569,63.653573976751716,66.08744774392075,27.850658512885687,90.0,2.0,3.0,compute_bound,
2026-01-05 04:40:00,92.107236567937,43.17891662266403,75.14435864289456,374.64479623144337,0.0,0.0,52.952994753870776,64.05614473501656,42.74157239236991,19.408183329051226,91.0,3.0,3.0,compute_bound,
2026-01-05 04:41:00,90.3425229027443,44.69964885584572,75.04286969269492,366.8453620191149,0.0,0.0,53.89538461272489,65.19470295146459,48.84647163053431,18.658854703464122,92.0,4.0,3.0,compute_bound,
2026-01-05 04:42:00,93.0493471651903,46.8111778984118,75.2534903720061,380.4168612529814,0.0,0.0,55.86182948637694,67.49040568453083,44.05569226226452,23.200961309044484,93.0,5.0,3.0,compute_bound,
2026-01-05 04:43:00,94.47469217434195,45.6679371575025,75.5739649550717,378.9883163805905,1.0,0.0,58.71805265537313,69.65756193844243,31.701530365838202,6.469489026517213,94.0,2.0,3.0,compute_bound,
2026-01-05 04:44:00,92.28056889291837,44.2779006151331,75.40819883818092,372.4517014315591,0.0,0.0,55.21946492004416,69.64747238655141,66.50152249219543,17.968648037842364,95.0,5.0,3.0,compute_bound,
2026-01-05 04:45:00,91.06361474780044,44.16937377428892,75.88675966442483,370.61421991724956,0.0,0.0,58.01031980937976,69.05861434013653,72.0522534874774,21.483667424783263,96.0,5.0,3.0,compute_bound,
2026-01-05 04:46:00,90.61463642933376,39.178418605038694,75.90221712047631,362.3485547237006,0.0,0.0,58.97349692100215,69.99320932480725,88.02098735490063,14.258573253984357,97.0,2.0,3.0,compute_bound,
2026-01-05 04:47:00,90.01695289173121,39.88663981821462,76.22370696067163,365.823756808311,0.0,0.0,56.94269076333064,64.94363877887888,69.45313106540931,0.0,98.0,6.0,3.0,compute_bound,
2026-01-05 04:48:00,92.60664125342694,41.94358476042986,76.37765017270819,369.3745310778353,0.0,0.0,56.221402493285325,66.22845158609911,85.75691390735976,0.8213741541035979,99.0,5.0,3.0,compute_bound,
2026-01-05 04:49:00,93.61076805812927,44.405670290024894,76.4229112011219,379.2240288049177,0.0,0.0,56.80974219177169,65.20943378836822,90.36446566336102,12.75166731989856,100.0,2.0,3.0,compute_bound,
2026-01-05 04:50:00,93.08158133233889,41.140514062466046,76.76259664493297,379.39742199858387,0.0,0.0,50.76997082343972,66.60007277201072,111.10877356975459,4.30292547761281,101.0,3.0,3.0,compute_bound,
2026-01-05 04:51:00,91.46776907849365,39.03950408841954,76.90682899775936,375.9052880183514,0.0,0.0,54.454680582338206,62.2347169770085,118.6164556621685,14.796717472657797,102.0,4.0,3.0,compute_bound,
2026-01-05 04:52:00,95.2637661476744,42.7681913150244,77.02996864352517,385.37295871820197,0.0,0.0,60.38333379476872,62.731415475924855,112.35919169436312,14.011903963880505,103.0,4.0,3.0,compute_bound,
2026-01-05 04:53:00,94.34085025767898,44.12051563131536,77.20507834775884,388.5484999731632,0.0,0.0,64.9993247799378,62.86316055033484,115.06369347750794,14.133450236465274,104.0,3.0,3.0,compute_bound,
2026-01-05 04:54:00,92.65965359405446,42.11357393178719,76.97108117559513,376.600777988485,0.0,0.0,65.72997474720252,58.810658466536296,105.44536366298149,7.427132202773503,105.0,3.0,3.0,compute_bound,
2026-01-05 04:55:00,90.00566027571531,39.871682534362826,76.78818124614335,361.89547962795405,0.0,0.0,66.90132689631449,57.744267137957166,73.92352562507787,3.8460499399270525,106.0,4.0,3.0,compute_bound,
2026-01-05 04:56:00,86.18923170379554,39.79169543434071,76.74238062257932,354.970312050966,0.0,0.0,66.75732653529485,56.95702328454354,75.76506501532106,10.050343600009063,107.0,5.0,3.0,compute_bound,
2026-01-05 04:57:00,84.61349108602593,42.53906149136244,76.30939870645737,358.30615075621535,0.0,0.0,67.54408886854829,59.588502566766095,92.56403377957032,35.008627035471086,108.0,5.0,3.0,compute_bound,
2026-01-05 04:58:00,81.58312663317274,43.28352819804646,76.161843803803,341.85370243336877,0.0,0.0,66.98835580778992,62.031464571711155,100.38659999505917,41.98297702816772,109.0,4.0,3.0,compute_bound,
2026-01-05 04:59:00,82.92783484765101,39.191740454123156,75.46368583767598,332.45135052747804,0.0,0.0,67.9737737753994,61.783237346571866,79.48876293358754,42.60728175482428,110.0,3.0,3.0,compute_bound,
2026-01-05 05:00:00,87.52290425917823,34.54070383512182,75.2629437474436,356.28313413294194,0.0,0.0,65.7900065357083,61.82275171593673,81.67185351482784,50.64333533184058,111.0,3.0,3.0,compute_bound,
2026-01-05 05:01:00,87.78876464704645,35.22468132711122,75.23800752680734,358.68531721540825,0.0,0.0,61.07452231323184,64.12306377204655,51.02523969180626,59.08231596497461,112.0,5.0,3.0,compute_bound,
2026-01-05 05:02:00,92.1884543733718,35.61310352987988,75.74133135930956,371.5495860993147,0.0,0.0,61.573691223394796,66.05185536854654,59.13087014573446,60.322281924042386,113.0,4.0,3.0,compute_bound,
2026-01-05 05:03:00,93.5051323775657,35.26594228777365,75.9926728309505,372.6895754255017,0.0,0.0,61.83069256615231,68.9192889921277,55.703643870870216,59.404356911244356,114.0,3.0,3.0,compute_bound,
2026-01-05 05:04:00,90.50616188376631,35.5871441848265,75.70985840128711,363.26578975461376,0.0,0.0,62.604206633875535,68.11598466391779,92.28849534317055,61.442500088092295,115.0,3.0,3.0,compute_bound,
2026-01-05 05:05:00,95.66733511293229,36.267345111467165,75.61771585804232,378.88972831023864,0.0,0.0,63.123564634555706,69.74005071956756,98.92381259925163,59.82561476066212,116.0,5.0,3.0,compute_bound,
2026-01-05 05:06:00,93.78713737898957,38.24091225527147,75.55948614765852,367.8073109320427,0.0,0.0,65.24934273841289,70.49427838068391,89.55866403510174,54.57141981052166,117.0,4.0,3.0,compute_bound,
2026-01-05 05:07:00,0.0,6.239589795276734,70.75821614713593,58.072646696450306,0.0,0.0,8.447175311650378,31.756049461381444,59.157842476991384,16.65397839988905,0.0,2.0,0.0,idle,
2026-01-05 05:08:00,0.0,7.110660534538924,66.59976469627561,54.565129336043654,0.0,0.0,3.3502938096680692,28.41337502812847,56.00756407924918,13.09373088352925,0.0,2.0,0.0,idle,
2026-01-05 05:09:00,0.0,9.549919809493861,63.48980285181663,63.510545323319775,0.0,0.0,6.647031787097072,30.090726424173404,50.960081971528,4.466588667681502,0.0,1.0,0.0,idle,
2026-01-05 05:10:00,0.0,12.011585089487076,60.48349160804301,54.750555449167585,0.0,0.0,7.990874652895295,31.68291445956669,53.67873348065864,0.0,0.0,1.0,0.0,idle,
2026-01-05 05:11:00,2.7905900610092957,15.761885334548628,57.717629794271254,71.38767711790663,0.0,0.0,5.821476642222451,30.424664705734376,4.594238908224412,0.0,0.0,5.0,0.0,idle,
2026-01-05 05:12:00,4.007830969278166,17.561089953578747,55.05299899552564,66.2024159893178,0.0,0.0,3.7653459538671545,28.480437914382144,6.285552420377636,0.0,0.0,2.0,0.0,idle,
2026-01-05 05:13:00,0.8470348959970772,18.68937849608053,52.99862882703767,66.11577835336278,0.0,0.0,4.971649229028375,27.702828838413463,0.0,0.0,0.0,4.0,0.0,idle,
2026-01-05 05:14:00,3.1899516049040404,17.407921499987644,51.09261577415361,68.39194222155331,0.0,0.0,3.1328010997693956,26.551225478250725,0.0,0.0,0.0,2.0,0.0,idle,
2026-01-05 05:15:00,0.0,15.613599368697493,49.33901279382704,59.87694783503711,0.0,0.0,4.0508450456463265,23.693609005697752,0.0,9.214661270930069,0.0,2.0,0.0,idle,
2026-01-05 05:16:00,5.0201365607450645,14.043027962786562,47.82404546491794,76.42106812388805,0.0,0.0,5.27733027882682,23.439370321133893,11.972982197926232,11.44013582034452,0.0,0.0,0.0,idle,
2026-01-05 05:17:00,5.697800186839709,11.239050252289491,46.48871583945355,72.40512375550664,0.0,0.0,7.814975756089859,22.578758599333998,38.547000640427996,6.430026154431102,0.0,1.0,0.0,idle,
2026-01-05 05:18:00,6.60081124428792,11.30539238513078,46.01739889065504,84.23147596870668,0.0,0.0,7.070948711478749,23.61768802029184,38.5839501034488,19.667665757189614,0.0,1.0,0.0,idle,
2026-01-05 05:19:00,6.099983263880253,8.211802128458876,45.12230655498751,83.10440934613833,0.0,0.0,9.114689419043959,28.244151224819475,38.43500441769119,23.141871072259555,0.0,4.0,0.0,idle,
2026-01-05 05:20:00,6.996937042242736,10.472201351527502,44.82952724196767,90.19650751062018,0.0,0.0,3.159410641427371,30.063717830881203,41.96013940308094,21.36422815115306,0.0,2.0,0.0,idle,
2026-01-05 05:21:00,0.0,14.50226782940632,43.454599338900785,60.98215613702439,0.0,0.0,0.0,25.78661042704126,35.74390924257008,21.401563044695227,0.0,2.0,0.0,idle,
2026-01-05 05:22:00,0.0,11.984273378322895,42.577864896965444,58.50577139930103,0.0,0.0,0.8235006045493174,26.77511324760923,25.994925920649223,32.34691351049898,0.0,2.0,0.0,idle,
2026-01-05 05:23:00,0.0,12.283967683646143,41.60041267061142,60.222888267226004,0.0,0.0,2.4312509942813083,25.094335287528576,15.648921102867288,27.181046525836198,0.0,2.0,0.0,idle,
2026-01-05 05:24:00,0.0,13.50099703501121,41.181935493510075,57.375019349763306,0.0,0.0,0.0,23.95653710523554,0.36763046199867055,17.772564613753975,0.0,2.0,0.0,idle,
2026-01-05 05:25:00,0.0,14.737077877528588,40.88157350205376,58.78008116173357,0.0,0.0,3.712429610368505,25.558403510180813,0.0,11.782971706501616,0.0,1.0,0.0,idle,
2026-01-05 05:26:00,0.0,12.758280690773569,40.75171871787705,71.4134211981708,0.0,0.0,3.6274363800672726,24.97477553709398,7.69098921023992,8.10387537172329,0.0,3.0,0.0,idle,
2026-01-05 05:27:00,0.0,15.465172197991063,40.610270511897966,64.4453858614139,0.0,0.0,7.235442735131797,22.382451396237396,2.8012392197880818,10.134553479876136,0.0,1.0,0.0,idle,
2026-01-05 05:28:00,0.0,12.190008762625848,40.20590261945171,54.497539389422634,0.0,0.0,4.148803394088093,25.66735684817034,11.168617066748258,1.2328716487476736,0.0,3.0,0.0,idle,
2026-01-05 05:29:00,0.1784056733845184,14.338442102168816,39.5297347174355,55.152511029109014,0.0,0.0,3.833587752440834,26.307714190641832,9.648182428413037,7.97105197522351,0.0,0.0,0.0,idle,
2026-01-05 05:30:00,0.0,13.902331159080319,39.25162492182777,60.31640645569934,0.0,0.0,7.125606577545562,25.364358751754843,34.471236393603945,3.906337798672038,0.0,4.0,0.0,idle,
2026-01-05 05:31:00,0.43819666655783995,12.241126140881528,38.99730559378201,59.49759460307763,0.0,0.0,8.051148288323816,23.502020531264876,27.977734080410162,14.71011319416624,0.0,5.0,0.0,idle,
2026-01-05 05:32:00,0.0,9.851556160178754,38.853722891232024,64.46257079440838,0.0,0.0,10.173869241390165,25.928827503068188,41.76635387712399,8.443943059253746,0.0,1.0,0.0,idle,
2026-01-05 05:33:00,0.0,10.339557074737565,38.59956943486337,53.79783954870962,0.0,0.0,6.711434896187839,25.597510395354423,35.996830894964205,2.798923970187211,0.0,3.0,0.0,idle,
2026-01-05 05:34:00,0.0,12.89702925787008,38.33743145225975,60.06264425492533,0.0,0.0,6.013203184815239,22.67193969917083,26.189863917835897,6.67975556598946,0.0,0.0,0.0,idle,
2026-01-05 05:35:00,0.0,13.0442807684498,37.84858160263877,52.63461158383356,0.0,0.0,5.76748594521435,24.389147452184186,33.21786526547029,6.461506573132887,0.0,4.0,0.0,idle,
2026-01-05 05:36:00,2.865767329180387,13.114880290074636,37.4373544063826,70.66009174369665,0.0,0.0,10.072438122471379,29.297159786739186,37.46029269662114,0.0,0.0,0.0,0.0,idle,
2026-01-05 05:37:00,3.6615043947602284,11.960651930763678,37.384121656200044,71.42966157470129,0.0,0.0,11.260440814893883,27.545838307155567,40.02157345976648,7.026563547935095,0.0,2.0,0.0,idle,
2026-01-05 05:38:00,3.1973525851930367,12.718856936122663,37.509092465020515,64.80728329655041,0.0,0.0,8.05231951049529,28.48891686144679,47.56474806711208,8.324549076425736,0.0,2.0,0.0,idle,
2026-01-05 05:39:00,0.0,14.404023034501733,37.05505763479873,61.33519086988862,0.0,0.0,0.39799892844598084,25.8899811985287,67.0834958889351,0.0,0.0,3.0,0.0,idle,
2026-01-05 05:40:00,2.5350625426800373,13.796791998200884,36.90386842678774,59.79879333261116,0.0,0.0,4.382871236300969,24.06830209914276,81.02568744353155,0.0,0.0,4.0,0.0,idle,
2026-01-05 05:41:00,24.28256086557961,38.5442947442598,38.1742656551816,136.13413689267367,0.0,0.0,46.159629835909854,39.443486992661605,920.7677925824692,22.498705754082778,0.0,4.0,3.0,network_bound,
2026-01-05 05:42:00,24.237354684011763,36.265559297234034,39.53965298691266,142.52137097556997,0.0,0.0,46.911130634870766,38.39926286926731,895.6730737290006,31.28433044742904,1.0,5.0,3.0,network_bound,
2026-01-05 05:43:00,19.030280846440416,37.880378229136824,40.59231120273542,123.68010906671229,0.0,0.0,43.74780219903432,41.04937670836689,909.1278988939123,31.397283413164452,2.0,4.0,3.0,network_bound,
2026-01-05 05:44:00,21.23546834971272,36.27290898106472,40.9173494241513,137.94657521406063,0.0,0.0,43.43552197601035,42.211279041888034,906.0334226846664,28.213863599949804,3.0,2.0,3.0,network_bound,
2026-01-05 05:45:00,20.805416473671606,34.3752711807211,41.39999805813535,125.96135911799078,0.0,0.0,42.926095037050985,44.34486312824672,878.8853761263714,28.34916343112429,4.0,3.0,3.0,network_bound,
2026-01-05 05:46:00,21.272995391398464,35.821101727447534,42.115030620275725,130.87443199161427,0.0,0.0,44.10104730047269,43.20344234722481,878.5716992788751,30.67321059749961,5.0,4.0,3.0,network_bound,
2026-01-05 05:47:00,21.35167757178839,34.665627337707086,42.61913709679544,132.67245832072112,0.0,0.0,41.0675074226193,41.27806442555499,879.2940101256692,23.507168727751164,6.0,5.0,3.0,network_bound,
2026-01-05 05:48:00,22.601129527271045,36.75333291052252,42.772787586115875,135.11267538361963,0.0,0.0,45.60387734331289,42.635360883039496,909.078226107958,16.25602237232955,7.0,3.0,3.0,network_bound,
2026-01-05 05:49:00,24.537862004910487,38.38141968842531,43.42150869837688,147.8375956209956,0.0,0.0,47.97116728639369,42.869699874466036,886.4829327261748,9.938594409780169,8.0,3.0,3.0,network_bound,
2026-01-05 05:50:00,24.21051648068759,37.766929899166556,43.85498447386225,140.78762798200654,0.0,0.0,47.68800750508758,41.55508239247439,875.2212492911307,13.540143286028067,9.0,3.0,3.0,network_bound,
2026-01-05 05:51:00,28.60260995018984,38.40630141704947,44.221089003714006,159.42204224064187,0.0,0.0,46.84897981854257,40.825291206638596,888.037054395149,0.0,10.0,4.0,3.0,network_bound,
2026-01-05 05:52:00,27.70061772309326,40.65321812991891,44.93551572655189,162.1313224357348,0.0,0.0,42.328265336280566,37.85292221412205,842.6383948923016,0.12079149939958,11.0,3.0,3.0,network_bound,
2026-01-05 05:53:00,23.311207849287076,37.96768084345811,45.05285467513233,143.44552147161173,0.0,0.0,45.81128444751451,37.09158196549473,833.3202509012755,0.0,12.0,2.0,3.0,network_bound,
2026-01-05 05:54:00,26.411812646357316,40.04372097452307,45.578779291011124,148.232585673594,0.0,0.0,37.186624998422374,37.83034246281094,840.5700854645194,0.0,13.0,3.0,3.0,network_bound,
2026-01-05 05:55:00,23.986367943784124,37.054411080095065,45.58266036358976,137.2989869627552,0.0,0.0,38.407262015017906,38.02717819674676,843.7532813744169,0.0,14.0,5.0,3.0,network_bound,
2026-01-05 05:56:00,25.022624291717776,38.86446082293104,46.27625166893363,153.38186328774353,0.0,0.0,36.2591757238168,40.31231921838555,853.9944845629478,0.0,15.0,3.0,3.0,network_bound,
2026-01-05 05:57:00,23.202865883810166,38.8720052786992,45.77564850233545,126.02396643081917,0.0,0.0,40.12339304664168,39.299407146110674,839.5772855630105,0.0,16.0,3.0,3.0,network_bound,
2026-01-05 05:58:00,21.39813446686573,37.39793006162988,45.8715885571263,133.26974046511236,0.0,0.0,39.24391776166594,41.5568197826119,818.4068432984093,9.987628445875416,17.0,5.0,3.0,network_bound,
2026-01-05 05:59:00,17.701119140505526,38.21981347871908,45.11050961109762,108.94946982027035,0.0,0.0,37.5081306075674,40.81848732821952,812.0358388095016,9.726621010405282,18.0,5.0,3.0,network_bound,
2026-01-05 06:00:00,16.764155300860267,37.833540678825955,45.18576847584375,123.0670222892681,0.0,0.0,38.9688018393619,38.41553326872325,838.4120880502373,34.78610386557776,19.0,6.0,3.0,network_bound,
2026-01-05 06:01:00,17.8876020021501,40.09564101196133,45.39211490766366,112.09547930558477,0.0,0.0,39.09518949888393,43.31777177895377,834.2970587913551,18.43522055808836,20.0,4.0,3.0,network_bound,
2026-01-05 06:02:00,16.55989068693914,38.039748312121986,45.38102769160987,116.48723775101494,0.0,0.0,47.57456412798669,43.836059337127296,864.3497932607805,14.182874700005794,21.0,7.0,3.0,network_bound,
2026-01-05 06:03:00,13.483733768825264,41.87227691313014,45.03741838064458,99.07336860777733,0.0,0.0,51.03869937054917,43.50359268049459,886.31830960026,0.0,22.0,3.0,3.0,network_bound,
2026-01-05 06:04:00,14.975729919356137,39.181403265879716,44.64408475923601,111.01781526256394,0.0,0.0,47.74024082392654,42.17836452387294,875.8793010648812,0.0,23.0,3.0,3.0,network_bound,
2026-01-05 06:05:00,11.476635549366147,40.864714631922,44.22470272669993,99.91893225114582,0.0,0.0,46.64356503021152,40.065703747025346,840.9074419544744,1.1833447544641515,24.0,4.0,3.0,network_bound,
2026-01-05 06:06:00,10.26065514585405,38.6552256902633,43.57132148073052,97.0414800914327,0.0,0.0,45.073729694224085,40.42919980464552,866.9703754473999,5.31782567545234,25.0,4.0,3.0,network_bound,
2026-01-05 06:07:00,10.330328792614347,40.81788789784656,43.68137678258958,90.30851351488582,0.0,0.0,42.400556052702,38.298549855541474,865.1799146434323,0.0,26.0,4.0,3.0,network_bound,
2026-01-05 06:08:00,7.964141414668909,41.30702693816854,42.90809636631954,83.93188800551476,0.0,0.0,43.21680808773039,40.31757234692805,871.6141448644606,4.551264008602342,27.0,5.0,3.0,network_bound,
2026-01-05 06:09:00,8.08625393670817,42.27846203230452,42.55447593415657,88.14836019543381,0.0,0.0,39.87441492721636,40.26205515803119,862.3405743026931,14.186066128998032,28.0,3.0,3.0,network_bound,
2026-01-05 06:10:00,12.834985639744007,43.78129097905541,43.01164159007913,117.41034165003333,0.0,0.0,35.78000847392214,35.753331837485455,862.712018220408,29.444436646597254,29.0,4.0,3.0,network_bound,
2026-01-05 06:11:00,15.211385217702508,43.37752908502915,43.28096583734356,108.46677877251118,0.0,0.0,37.322389789982935,35.92743246993214,883.1440868893455,23.20830725546633,30.0,3.0,3.0,network_bound,
2026-01-05 06:12:00,17.965481531246997,44.85282205431639,43.58691707396034,122.45909988827431,0.0,0.0,39.97787919107957,36.73414937320455,896.9247744850537,32.59849921516561,31.0,4.0,3.0,network_bound,
2026-01-05 06:13:00,18.045044227492507,42.949725979355165,43.861957447547475,120.46866043710452,0.0,0.0,41.24644011242372,37.26755229933049,929.8699356250437,21.82236634583523,32.0,3.0,3.0,network_bound,
2026-01-05 06:14:00,23.149196364523235,44.32954392902387,44.59162581278506,138.4862796069414,0.0,0.0,37.63592606306187,37.74525542483482,908.7197410774514,34.114312341573616,33.0,5.0,3.0,network_bound,
2026-01-05 06:15:00,21.74181863336363,44.65383097942326,44.898745100229306,132.83613095767697,0.0,0.0,35.524072780989904,36.91005968442572,920.9937083631493,34.637731722882826,34.0,3.0,3.0,network_bound,
2026-01-05 06:16:00,20.12798901095941,45.20705957000275,45.21229824681018,126.90594358297253,0.0,0.0,41.37372160434821,39.14040852991529,890.2343645270215,31.0718760124344,35.0,2.0,3.0,network_bound,
2026-01-05 06:17:00,18.487312830577242,46.36271190231609,45.10237972344145,128.33777000636348,0.0,0.0,44.22147474353151,39.909839774147486,873.4975324804573,36.70071763210011,36.0,6.0,3.0,network_bound,
2026-01-05 06:18:00,19.635847855712097,43.794902749816615,44.605576406368264,124.56685129480832,0.0,0.0,48.38593514905605,42.210991191190374,869.9378743282753,28.946393866449778,37.0,4.0,3.0,network_bound,
2026-01-05 06:19:00,19.215196238377256,43.13264638657224,44.735772609497765,130.67594075960244,0.0,0.0,47.22584363731454,41.53901028747866,851.7927403892065,33.34592610221456,38.0,3.0,3.0,network_bound,
2026-01-05 06:20:00,21.674804458445788,42.179011927636886,44.989460646006314,131.27450245704463,0.0,0.0,48.9025311068084,40.07335758395499,852.7225744103918,35.37425933137956,39.0,3.0,3.0,network_bound,
2026-01-05 06:21:00,22.068280515793862,43.429605242200005,45.156999084018054,131.95560469586894,0.0,0.0,48.884491205823736,41.38484308137923,843.9404172055652,37.07588787065076,40.0,6.0,3.0,network_bound,
2026-01-05 06:22:00,22.325139837865983,42.686594593358144,45.68482172182471,142.15574171740943,0.0,0.0,49.590922610211045,40.13827793606697,866.5915249345787,39.32342644260825,41.0,4.0,3.0,network_bound,
2026-01-05 06:23:00,23.858445442252684,42.51840418550439,46.16243042914058,146.40694388163502,0.0,0.0,53.27028043147755,43.82489930744842,877.7513058774463,41.241803876816256,42.0,5.0,3.0,network_bound,
2026-01-05 06:24:00,23.500590129460257,42.508633390522775,46.41468193569651,142.66885844929723,0.0,0.0,50.552308797273966,44.06739498917014,857.737705900338,31.645943397108077,43.0,4.0,3.0,network_bound,
2026-01-05 06:25:00,25.021787168052995,42.25417386400025,47.210942055383654,158.14192212238714,0.0,0.0,39.67873998808272,42.85036161258687,881.5470781862342,26.926631559426227,44.0,3.0,3.0,network_bound,
2026-01-05 06:26:00,23.49735816945665,43.04753056619841,47.1470234154326,131.9060722524487,0.0,0.0,40.96906391163074,44.62067707447369,877.2001185954891,11.59591754365176,45.0,3.0,3.0,network_bound,
2026-01-05 06:27:00,25.14243333826405,44.74990141949081,47.7841339105415,145.47963044742497,0.0,0.0,39.93143018523706,41.91264425293347,854.4042546673722,8.918472581156479,46.0,3.0,3.0,network_bound,
2026-01-05 06:28:00,22.891663413112973,45.85296608559575,47.61361106946479,135.28691813312037,0.0,0.0,41.117927486938584,38.75097384392098,855.9316599031692,8.169661607804557,47.0,3.0,3.0,network_bound,
2026-01-05 06:29:00,23.22131452200256,46.56060733337939,47.73062374803459,140.16429020043745,0.0,0.0,45.71682822682857,38.997532285705056,872.9269560828965,7.457730969009724,48.0,5.0,3.0,network_bound,
2026-01-05 06:30:00,27.84797281993775,46.47911914614627,47.87952498654164,155.44291537483622,0.0,0.0,44.83902174298821,37.8683021623746,873.2809357475452,5.874658993047145,49.0,3.0,3.0,network_bound,
2026-01-05 06:31:00,31.79472805511093,42.50085571023879,48.38356968534169,169.00002039128185,0.0,0.0,41.043450074374114,40.0774067396607,858.2805323706662,7.210945490337011,50.0,4.0,3.0,network_bound,
2026-01-05 06:32:00,31.441135164554733,42.336955814513836,49.056311635868305,168.3774789647533,0.0,0.0,42.405248586746616,41.234996460853495,858.5786642675422,0.0,51.0,5.0,3.0,network_bound,
2026-01-05 06:33:00,27.49379007170868,45.27212037362987,49.21569368899124,152.64898209067528,0.0,0.0,44.84147136507566,41.303882119594284,841.5872439133307,0.0,52.0,3.0,3.0,network_bound,
2026-01-05 06:34:00,29.047412006681412,43.46110190590339,49.5718002461917,164.05500018020487,0.0,0.0,47.60575530852479,39.31478796962501,848.0970588084062,17.70533899612108,53.0,3.0,3.0,network_bound,
2026-01-05 06:35:00,27.47359815328482,41.14493714351672,49.381289722158364,158.14295678187983,0.0,0.0,44.11623046063545,40.87231647856984,858.9487609358098,39.150896016389076,54.0,5.0,3.0,network_bound,
2026-01-05 06:36:00,31.527598211146408,40.86476566405087,49.38780699550759,169.2387258260957,0.0,0.0,43.59276537380148,41.07595850248887,833.7628066869746,53.12080671757023,55.0,3.0,3.0,network_bound,
2026-01-05 06:37:00,28.669165478326633,39.5964314580819,49.209140335724975,163.9353231477345,0.0,0.0,42.730654541684586,41.54156639646995,834.1317884375408,37.8903966955791,56.0,7.0,3.0,network_bound,
2026-01-05 06:38:00,27.66107696159301,42.498265354544756,48.94446570692879,162.68194788720638,0.0,0.0,40.232273162890415,38.685058552231034,837.8923271688022,35.54471232162375,57.0,4.0,3.0,network_bound,
2026-01-05 06:39:00,24.986929134894638,42.84202300268756,48.73418742311211,146.24668955172325,0.0,0.0,40.21507662696695,38.927143891166004,856.320547251196,35.14907842855933,58.0,3.0,3.0,network_bound,
2026-01-05 06:40:00,24.53728705059212,40.803253626241656,48.197212043047614,139.7832907832606,0.0,0.0,40.171012995694944,44.18965433927395,883.6243536888697,20.92960641767859,59.0,4.0,3.0,network_bound,
2026-01-05 06:41:00,29.477091299212567,40.13280948848114,48.77584833660511,164.1414725095641,0.0,0.0,45.12176475187452,43.91651631889874,882.5752642713219,13.36647393434313,60.0,2.0,3.0,network_bound,
2026-01-05 06:42:00,27.231390915909913,36.71766878424334,48.52513806411553,151.80049039127357,0.0,0.0,41.8333170078575,43.00226962573237,882.9967522558254,6.735171009728049,61.0,6.0,3.0,network_bound,
2026-01-05 06:43:00,30.669560386254904,36.954816611658494,48.92002162888185,168.52591465647944,0.0,0.0,42.5430465663764,43.10384075903974,891.9404711449563,5.6739509613655095,62.0,5.0,3.0,network_bound,
2026-01-05 06:44:00,28.884051610773938,36.17983488095239,49.216205501941914,150.5858590663883,0.0,0.0,39.29530056419568,44.20282049272069,904.1648622203641,15.80381527980755,63.0,8.0,3.0,network_bound,
2026-01-05 06:45:00,30.35145934967356,36.41170888058727,49.03898510902494,161.00261723366768,0.0,0.0,39.37438390711773,41.958882759574735,898.2921477380036,22.55624457129548,64.0,7.0,3.0,network_bound,
2026-01-05 06:46:00,30.49831252807681,36.50042074183355,49.50743063486498,167.0436957360613,0.0,0.0,36.192591540739016,45.021154873184095,891.3054218103715,9.64544093199299,65.0,3.0,3.0,network_bound,
2026-01-05 06:47:00,27.716397025968316,35.55995095194767,49.5136279256639,149.86880011521117,0.0,0.0,36.73111491035077,47.57960508911185,878.7365368670205,15.042752563260144,66.0,3.0,3.0,network_bound,
2026-01-05 06:48:00,30.0756374920606,36.5399807858026,50.04729065993862,156.3253071571045,0.0,0.0,34.54947966164619,45.57243148216503,881.7471069885966,12.512325635626375,67.0,4.0,3.0,network_bound,
2026-01-05 06:49:00,24.388188926998527,38.39092227086604,50.16422717765849,149.2624810640098,0.0,0.0,37.33496167475268,43.75067062405786,888.496246303114,16.10798789085716,68.0,5.0,3.0,network_bound,
2026-01-05 06:50:00,25.52791128950934,41.08808798180619,49.99559277860755,142.59162213705144,0.0,0.0,35.66733023580123,45.96750153272472,891.4340619631753,22.6571981066598,69.0,5.0,3.0,network_bound,
2026-01-05 06:51:00,25.107671681373894,42.269763769672906,49.29228968528216,136.2971840829841,0.0,0.0,37.07089540353151,49.31841452430766,867.0409626500946,50.686982407499954,70.0,6.0,3.0,network_bound,
2026-01-05 06:52:00,26.29965485200195,41.523291707967275,49.13596577252936,157.8855531905758,0.0,0.0,35.23239129517785,49.00694628737792,876.1189232061564,44.69467062078611,71.0,2.0,3.0,network_bound,
2026-01-05 06:53:00,26.262988638015067,41.90015285133734,48.46481203886229,150.05687900199007,0.0,0.0,31.556950926684223,43.796907424526886,841.306505114177,23.992830263071912,72.0,3.0,3.0,network_bound,
2026-01-05 06:54:00,22.6125083284439,37.285874133481435,48.23201308513185,132.2433328507558,0.0,0.0,31.16646550155032,44.71489860244525,861.5735165453697,24.708198530484495,73.0,3.0,3.0,network_bound,
2026-01-05 06:55:00,21.43769246946304,38.925453842074496,47.70178821737852,130.94576829536945,0.0,0.0,30.93072557698538,46.4988436146712,873.4775661279629,23.928486010381064,74.0,6.0,3.0,network_bound,
2026-01-05 06:56:00,21.96915981378865,39.31191177871003,47.064603118143204,130.8145404288194,0.0,0.0,30.77376492069095,45.093583423982594,872.981618734134,29.15137568379356,75.0,4.0,3.0,network_bound,
2026-01-05 06:57:00,20.913672426955802,34.71229164494024,47.04465013601865,134.9110405221046,0.0,0.0,32.186486206865695,42.58812417469272,875.3605399325844,25.790093109793347,76.0,3.0,3.0,network_bound,
2026-01-05 06:58:00,22.906760465586622,36.23306928197901,47.115539074341875,128.98601841291776,0.0,0.0,30.224346607695633,38.96880233993823,879.7340514753967,26.468579079087245,77.0,4.0,3.0,network_bound,
2026-01-05 06:59:00,24.856422188375156,33.423121685868445,47.45714360195312,146.2577657638686,0.0,0.0,30.106603098546362,37.22694409863979,882.6734580272883,29.361775775907066,78.0,2.0,3.0,network_bound,
2026-01-05 07:00:00,27.164482104835443,31.00905220571782,47.79631965559251,151.36066143870934,0.0,0.0,34.18646085830832,37.59807515039022,883.2156797080678,43.46629211334518,79.0,3.0,3.0,network_bound,
2026-01-05 07:01:00,23.97903101449825,34.7128050230623,47.51953085742122,139.25279717658717,0.0,0.0,39.665390736418,41.44013525234437,861.3557351046279,46.09748941766445,80.0,5.0,3.0,network_bound,
2026-01-05 07:02:00,24.960312103851603,34.73153214637447,48.03463787821316,151.70185595876112,0.0,0.0,39.58400782327958,40.81611477681421,865.6542789408406,45.46718683733822,81.0,8.0,3.0,network_bound,
2026-01-05 07:03:00,26.78314999651128,36.182231736086344,48.30212813301517,153.88495303905094,0.0,0.0,44.269866645359855,39.88281934423928,865.5079411401573,61.8588004683831,82.0,3.0,3.0,network_bound,
2026-01-05 07:04:00,30.390566112395526,36.54367225735641,48.64486741588027,164.81478433607467,0.0,0.0,42.47472906977369,40.1287864535984,823.8818367962513,62.38374254242441,83.0,2.0,3.0,network_bound,
2026-01-05 07:05:00,26.38979675456133,38.12125168154651,48.23555591280675,146.02765038048673,0.0,0.0,43.605341864796586,39.12516081078475,819.2428406235198,79.354834798204,84.0,3.0,3.0,network_bound,
2026-01-05 07:06:00,26.646629280616704,36.521597478879094,48.14664325413823,149.0283135730732,0.0,0.0,39.55018359620317,41.51218934856769,824.1601376678865,68.87370525072062,85.0,4.0,3.0,network_bound,
2026-01-05 07:07:00,23.250966501537125,34.258146197152044,47.70243679183939,141.49469152427983,0.0,0.0,37.31464928829479,37.887619914943855,838.7578591301697,49.88460289755957,86.0,5.0,3.0,network_bound,
2026-01-05 07:08:00,23.628269080684245,32.91757865447991,47.7089435797738,143.88624946537053,0.0,0.0,40.56134033220112,41.52788914528695,848.4793049057834,34.98253061488237,87.0,5.0,3.0,network_bound,
2026-01-05 07:09:00,22.788446299149793,33.69885311014576,47.35458277483762,140.61194597738094,0.0,0.0,37.694502995992,40.54159597684478,884.5382741243249,31.238516417582108,88.0,5.0,3.0,network_bound,
2026-01-05 07:10:00,26.209068001386438,34.74482994780618,47.52624547366765,149.5703975740483,0.0,0.0,35.40426632232541,38.85393240938684,880.9008700865074,23.00896882176589,89.0,4.0,3.0,network_bound,
2026-01-05 07:11:00,28.746379047107666,35.846012426282314,47.69988140112795,162.38130759346768,0.0,0.0,35.91241058565946,38.483875178172724,881.5895687628233,17.786616395307767,90.0,3.0,3.0,network_bound,
2026-01-05 07:12:00,26.68460646958637,36.923946543689254,48.01023507969906,154.9581561219894,0.0,0.0,37.10204370730892,37.75934247018334,907.4387414069945,22.039871505367252,91.0,3.0,3.0,network_bound,
2026-01-05 07:13:00,20.991280694995986,37.08926980549604,47.908227560411866,125.40832819157285,0.0,0.0,43.464274632040855,38.19574984351442,916.2430173566137,29.01809205137867,92.0,3.0,3.0,network_bound,
2026-01-05 07:14:00,21.334863089519203,37.76261228983228,47.5088920281505,129.0052876954257,0.0,0.0,45.70477409690467,37.78381982707485,902.2328209312091,27.47636484548487,93.0,3.0,3.0,network_bound,
2026-01-05 07:15:00,20.706768031352993,36.80763101747971,47.13541070233339,131.11172794261034,0.0,0.0,49.48165771893286,36.71196744751752,893.9011421347712,29.220815307876755,94.0,4.0,3.0,network_bound,
2026-01-05 07:16:00,19.42150008802256,37.60752656345379,46.93223185252328,123.88808534895814,0.0,0.0,51.39987336257843,35.29029754198057,902.3609177000166,28.24596921765082,95.0,3.0,3.0,network_bound,
2026-01-05 07:17:00,13.615144562201671,37.03331875752768,46.399165371157366,99.17860170227277,0.0,0.0,50.747915380354314,36.58438001693426,881.2666728171961,26.70213410017409,96.0,6.0,3.0,network_bound,
2026-01-05 07:18:00,15.145238302322856,33.293413088144064,46.05684371388379,111.52936841521674,0.0,0.0,50.62483977235783,36.37596255179443,879.8976385826368,37.21616296954458,97.0,4.0,3.0,network_bound,
2026-01-05 07:19:00,17.89521203011237,34.37490242326673,45.66372237474837,123.74520212010944,0.0,0.0,54.518826556311936,37.45944401777414,855.3913229326339,36.72102242504548,98.0,3.0,3.0,network_bound,
2026-01-05 07:20:00,14.473573083859899,36.76752890189789,45.01404335045725,112.17247231860105,0.0,0.0,60.157307952793744,35.71578598559401,875.8467923780086,30.15057173841707,99.0,4.0,3.0,network_bound,
2026-01-05 07:21:00,17.451004389756836,34.980651185168654,45.77794354847397,119.21746437810333,0.0,0.0,52.07139929153419,36.10549300560989,857.9372128163907,35.97103640087465,100.0,2.0,3.0,network_bound,
2026-01-05 07:22:00,18.182573722154363,36.27211374442995,45.87712225324098,116.55419242996709,0.0,0.0,54.311834560587315,35.74584485979446,858.9326681303688,31.6293925636892,101.0,5.0,3.0,network_bound,
2026-01-05 07:23:00,19.596928160280594,38.56823171154116,45.78065246662296,124.09289354113601,0.0,0.0,51.626722483869706,34.73686082472142,885.60789163896,36.740521592408186,102.0,2.0,3.0,network_bound,
2026-01-05 07:24:00,18.041676669310792,38.27473616120814,45.068164585206794,117.35676306113486,0.0,0.0,49.73974839799783,33.5334255308163,904.0568069801006,47.62083957147678,103.0,3.0,3.0,network_bound,
2026-01-05 07:25:00,20.367867509791026,36.11097676508568,45.633439545567064,129.0257655988702,0.0,0.0,48.45708655737488,35.14972363677276,903.5209097467547,46.75672949100864,104.0,3.0,3.0,network_bound,
2026-01-05 07:26:00,19.0093710824855,34.79667754618354,45.34581007980979,124.01112432098701,0.0,0.0,41.75059864295424,38.70856677330806,911.527222533114,41.8213592894313,105.0,4.0,3.0,network_bound,
2026-01-05 07:27:00,19.99357777371507,34.098894283509594,45.386470132440955,127.54697471531354,0.0,0.0,41.39127429044435,36.9120052721799,891.0452268427978,43.89609779536019,106.0,5.0,3.0,network_bound,
2026-01-05 07:28:00,21.414285952034135,33.635119688115694,45.6995751560315,141.63256014805637,0.0,0.0,41.445767881409914,37.74858054570666,900.1081697309253,44.57101546113921,107.0,2.0,3.0,network_bound,
2026-01-05 07:29:00,22.327487797455603,32.19433900451747,46.23499753939541,139.7851143099635,0.0,0.0,36.50323345173561,37.42091320938318,917.8002393759766,40.3721763564453,108.0,5.0,3.0,network_bound,
2026-01-05 07:30:00,19.26664703225313,33.898032156412455,46.25070422095397,127.19557062150129,0.0,0.0,39.56955541971209,37.814387056832075,904.1122193990907,44.22845756458662,109.0,3.0,3.0,network_bound,
2026-01-05 07:31:00,18.518097549598814,31.76909600361222,46.241190963505574,134.9156407390246,0.0,0.0,41.0895530625182,40.75223576860819,909.3198354170074,48.00344283867847,110.0,5.0,3.0,network_bound,
2026-01-05 07:32:00,21.426132665983115,31.673421776249263,46.39239703942888,135.78212605460834,0.0,0.0,39.84123546850315,39.39519589159749,910.005989484739,40.446959174307146,111.0,6.0,3.0,network_bound,
2026-01-05 07:33:00,15.52666474613376,31.913499317303135,45.73087098173965,109.55700869196343,0.0,0.0,38.80914935995646,38.73326481022211,889.1973611050503,30.966578722397593,112.0,3.0,3.0,network_bound,
2026-01-05 07:34:00,10.134738849673418,33.119740453727374,45.060548403099084,91.50756271194615,0.0,0.0,41.20233490254729,37.469994462147966,911.5673191217373,31.247059370492174,113.0,6.0,3.0,network_bound,
2026-01-05 07:35:00,9.835983474300257,35.284355753459664,44.89630985825057,102.48653505741399,0.0,0.0,34.736374328293245,34.42222409369924,921.7094208480555,25.90549254540047,114.0,4.0,3.0,network_bound,
2026-01-05 07:36:00,12.489944068101659,34.35461329316941,44.38015180635742,100.92756545576205,0.0,0.0,31.741851478649792,32.63274554715212,881.4114348657196,25.49033294548446,115.0,4.0,3.0,network_bound,
2026-01-05 07:37:00,10.060989109727611,35.610427428843494,43.910979600622774,93.64426082823938,0.0,0.0,28.75553334231406,33.27754291483632,877.4913011073531,16.66634455481047,116.0,3.0,3.0,network_bound,
2026-01-05 07:38:00,10.843277062834854,38.81686990430311,43.94707378383559,111.13212153002823,0.0,0.0,27.4193607512208,35.25462012047408,865.3518358520713,0.5997304371387457,117.0,7.0,3.0,network_bound,
2026-01-05 07:39:00,10.677318811496859,40.54999764264878,43.661594308494955,99.01305788651469,0.0,0.0,30.451920918570416,38.07440664341222,859.0090947415885,4.8645784201732525,118.0,4.0,3.0,network_bound,
2026-01-05 07:40:00,13.109998581381724,40.376015699197715,43.55424993022082,101.2032248876355,0.0,0.0,32.395357477247124,37.568097839904084,853.3330832355782,15.43402661398164,119.0,6.0,3.0,network_bound,
2026-01-05 07:41:00,12.2742032147505,40.95475603016961,43.64214142408531,102.84511882634509,0.0,0.0,28.139554851345494,37.55597221824804,840.2054095500216,18.143830091410027,120.0,3.0,3.0,network_bound,
2026-01-05 07:42:00,15.643122660348702,39.778120413528086,43.863871007830724,110.05045904454704,0.0,0.0,24.06064279614273,36.92433625792049,836.6129524145316,13.45549900988381,121.0,3.0,3.0,network_bound,
2026-01-05 07:43:00,18.563074962761874,42.178609275354475,43.7140952155213,120.48012775031495,0.0,0.0,23.8388965477476,37.650188175013646,834.7503950001916,15.502096560684802,122.0,5.0,3.0,network_bound,
2026-01-05 07:44:00,20.801834669343947,44.00257250174567,44.018112604173155,129.28461764964553,0.0,0.0,20.592400424809053,41.83883407054556,832.0678711515246,6.753911847623947,123.0,3.0,3.0,network_bound,
2026-01-05 07:45:00,16.960631667991326,45.55994815063253,43.92259252119608,120.53450655442872,0.0,0.0,18.089710821891025,44.8171588691008,840.3782636346575,1.4920766382123816,124.0,3.0,3.0,network_bound,
2026-01-05 07:46:00,11.141833565531773,43.81606556913382,43.51549335356142,94.85023073198512,0.0,0.0,22.896570598739736,41.493964248607114,828.4558803989813,0.0,125.0,7.0,3.0,network_bound,
2026-01-05 07:47:00,8.217652748601228,41.760490225731836,43.2328119862709,84.81543919608265,0.0,0.0,23.261018287184996,41.145008419205354,833.7706512965416,10.348946681937825,126.0,5.0,3.0,network_bound,
2026-01-05 07:48:00,0.0,13.130292813004438,42.85787129402963,68.69158537977128,0.0,0.0,0.0,22.470028471790627,0.0,0.0,0.0,1.0,0.0,idle,
2026-01-05 07:49:00,0.0,14.063688336372016,42.201518455970096,56.037625585025665,0.0,0.0,0.0,22.930460694262642,2.8989832271469087,6.655458508561593,0.0,2.0,0.0,idle,
2026-01-05 07:50:00,0.0,13.665343482889515,41.784848442870114,62.255625854445036,0.0,0.0,0.0,23.754937695400887,5.8064273718302,1.3880312225909837,0.0,2.0,0.0,idle,
2026-01-05 07:51:00,0.0,14.083896436500149,41.38475103244001,58.24829497213252,0.0,0.0,0.0,24.31405811389138,13.560831878821197,0.0,0.0,0.0,0.0,idle,
2026-01-05 07:52:00,0.0,9.631148750999188,40.82757825333609,53.1942518518322,0.0,0.0,0.0,26.626387476789414,14.779278298230064,0.0,0.0,2.0,0.0,idle,
2026-01-05 07:53:00,0.0,11.263068072075757,40.93259314416918,63.59406559995032,0.0,0.0,0.0,25.187763665209317,19.416573861216726,0.0,0.0,1.0,0.0,idle,
2026-01-05 07:54:00,0.0,12.530046554659238,40.67085298807606,55.57730202660835,0.0,0.0,0.0,22.231570306576725,0.0,0.0,0.0,2.0,0.0,idle,
2026-01-05 07:55:00,0.8226726678476356,10.303496141518023,40.24801002022425,64.7295135577732,0.0,0.0,0.0,19.618039169169563,0.0,0.0,0.0,1.0,0.0,idle,
2026-01-05 07:56:00,0.0,11.55665199459096,39.62876093911703,61.71990257745018,0.0,0.0,0.0,18.092360040046998,15.315453598006059,0.0,0.0,0.0,0.0,idle,
2026-01-05 07:57:00,0.380556163133673,10.56539735849848,39.34268442668483,61.900603007786906,0.0,0.0,0.0,21.45603119833039,8.2080388554919,0.0,0.0,2.0,0.0,idle,
2026-01-05 07:58:00,0.0,12.60835285886546,39.32596387592273,65.0675013645209,0.0,0.0,0.0,23.03674550488188,22.46384269509187,0.0,0.0,2.0,0.0,idle,
2026-01-05 07:59:00,3.101683701761317,14.369058906049643,39.38563253984111,74.40548160555375,0.0,0.0,0.0,23.661510690940638,15.603317957347372,0.0,0.0,2.0,0.0,idle,
2026-01-05 08:00:00,2.9151156960177462,12.638278578251791,39.37594545708263,74.24633394519476,0.0,0.0,0.0,25.734285370166404,14.778734820252314,15.23896785260337,0.0,2.0,0.0,idle,
2026-01-05 08:01:00,5.0910685010886825,11.553643173845575,39.54736945755907,83.7838953176269,0.0,0.0,0.0,24.929503140449587,8.436742098236497,23.705957672236284,0.0,0.0,0.0,idle,
2026-01-05 08:02:00,9.71007070170178,15.472939501605998,39.49235184083975,82.48939790481744,0.0,0.0,0.0,20.59928392825418,19.22634199898524,15.783046525777348,0.0,1.0,0.0,idle,
2026-01-05 08:03:00,6.359897030431085,13.60813024833419,38.99083087152338,75.0662820211551,0.0,0.0,4.192137293915727,24.475979876522732,21.39991090481122,12.044552886915945,0.0,1.0,0.0,idle,
2026-01-05 08:04:00,0.2650476686634494,10.703423176232132,38.64870664541342,50.0,0.0,0.0,5.573762196037837,25.26128838898808,0.38168544668732807,8.718807222330504,0.0,3.0,0.0,idle,
2026-01-05 08:05:00,0.0,13.233310935658109,38.4433625708965,54.14638235150608,0.0,0.0,6.496265208932735,25.96165747293282,0.0,0.0,0.0,1.0,0.0,idle,
2026-01-05 08:06:00,2.4666023638027137,11.861523735533147,38.5017710552041,70.76735228315464,0.0,0.0,3.794271185393135,26.81491870501521,6.942871762458456,0.0,0.0,1.0,0.0,idle,
2026-01-05 08:07:00,2.096929054158817,11.017811634812313,38.65697086498237,66.79560634052974,0.0,0.0,0.9283532114521442,23.361289572636093,0.0,0.0,0.0,3.0,0.0,idle,
2026-01-05 08:08:00,1.3430600027483566,9.816761263576119,38.53334236712715,62.870740278132416,0.0,0.0,0.6816666772084083,23.986631613558302,3.2351024599462654,2.4118488064280745,0.0,2.0,0.0,idle,
2026-01-05 08:09:00,0.0,9.621648238525413,38.172963965485216,56.23256560644794,0.0,0.0,0.0,22.583119811332473,0.0,1.720285508430638,0.0,0.0,0.0,idle,
2026-01-05 08:10:00,0.0,9.289394253414546,38.12390808387762,50.0,0.0,0.0,0.0,24.227054245041344,3.952600012360393,17.25352594603213,0.0,2.0,0.0,idle,
2026-01-05 08:11:00,0.5176179927836091,7.15183156194056,38.3274184436398,64.02669713707283,0.0,0.0,0.0,22.827397101938896,23.12592466339385,35.19782071739855,0.0,3.0,0.0,idle,
2026-01-05 08:12:00,2.41756914474481,7.723607194893388,37.94172882995564,69.04443661295224,0.0,0.0,2.433547718628044,25.720959354290237,0.0,34.25092641786534,0.0,2.0,0.0,idle,
2026-01-05 08:13:00,1.980575654707026,8.592044736359401,38.303854738498934,77.41559346611221,0.0,0.0,4.052836981849132,24.3143028589746,0.0,43.80529887644346,0.0,4.0,0.0,idle,
2026-01-05 08:14:00,0.0,8.297150848277727,38.30897014815876,58.2221430440074,0.0,0.0,0.0,28.74712336046122,0.0,30.842850024915624,0.0,0.0,0.0,idle,
2026-01-05 08:15:00,0.0,13.339193990820691,37.951702744740636,62.655959341579305,0.0,0.0,0.0,26.869758152606664,0.0,20.978165207295802,0.0,2.0,0.0,idle,
2026-01-05 08:16:00,0.0,12.208820402884994,37.78033652219715,56.018603324945445,0.0,0.0,0.0,27.263865590736092,10.717300096940377,30.685795811312257,0.0,0.0,0.0,idle,
2026-01-05 08:17:00,0.0,11.247627208085273,37.357378190828214,61.886171200343426,0.0,0.0,0.0,26.481226366264526,1.5516522516231417,3.9018785392237367,0.0,2.0,0.0,idle,
2026-01-05 08:18:00,0.0,10.050043010071462,37.572707771385694,58.57874764445881,0.0,0.0,0.5828453937868012,22.47263654188121,11.382443939664343,0.0,0.0,4.0,0.0,idle,
2026-01-05 08:19:00,0.0,10.011360087987986,37.96033921037289,57.847964195768455,0.0,0.0,0.0,21.84074528988235,32.937988184222434,0.0,0.0,2.0,0.0,idle,
2026-01-05 08:20:00,0.0,10.354872510890802,38.5058140703575,68.75617338989944,0.0,0.0,0.0,23.272869718566294,28.52130480724551,0.0,0.0,1.0,0.0,idle,
2026-01-05 08:21:00,0.0,9.193838396575467,38.53900013085478,62.81084083978675,0.0,0.0,2.4938213600542714,25.654159511972775,24.07989983859192,0.0,0.0,2.0,0.0,idle,
2026-01-05 08:22:00,0.0,11.9644505354496,38.30136097490388,58.90410418529442,0.0,0.0,1.2693909215146943,24.141381906864677,0.0,0.0,0.0,2.0,0.0,idle,
2026-01-05 08:23:00,0.0,12.039417098874381,38.357048278075155,58.82510712673605,0.0,0.0,7.655963188503242,20.72761119454555,0.0,15.761534224191703,0.0,2.0,0.0,idle,
2026-01-05 08:24:00,0.0,11.506294344970515,38.17191351245303,70.81371551159108,0.0,0.0,3.47447358127559,20.327574515611744,0.0,0.0,0.0,5.0,0.0,idle,
2026-01-05 08:25:00,0.0,10.88504762557901,38.2030152820901,62.92880037071386,0.0,0.0,7.131950327319803,23.251783423685406,0.0,0.0,0.0,1.0,0.0,idle,
2026-01-05 08:26:00,0.0,11.437403941848832,37.992385860765076,56.78577669525214,0.0,0.0,12.467423128332811,22.250924412314514,0.0,14.024053169519583,0.0,0.0,0.0,idle,
2026-01-05 08:27:00,0.0,11.701265421704468,37.74714724839749,61.785851733443245,0.0,0.0,11.388940076921163,20.840132995401433,0.0,17.83109696597073,0.0,2.0,0.0,idle,
2026-01-05 08:28:00,0.0,11.435966022421752,37.62626117543753,56.72662233898777,0.0,0.0,11.26442065510377,18.237710777735547,0.0,10.021555274372279,0.0,2.0,0.0,idle,
2026-01-05 08:29:00,2.1962007209296512,10.511095850921798,37.74519315415431,63.83292483416588,0.0,0.0,12.168004104259797,19.474412173109073,0.0,9.37909285911691,0.0,0.0,0.0,idle,
2026-01-05 08:30:00,2.724209188552012,11.134895733925449,38.30591585558935,69.1424685060287,0.0,0.0,15.73877034822409,18.351057421692985,0.0,8.267703970686664,0.0,2.0,0.0,idle,
2026-01-05 08:31:00,0.7848054725726451,13.935212681571471,38.655427100131504,67.58310327961955,0.0,0.0,11.045693552897607,21.993439903287296,0.0,12.52894103387666,0.0,0.0,0.0,idle,
2026-01-05 08:32:00,5.21564138638151,15.84439786035199,38.844002418725935,83.34497959362078,0.0,0.0,8.813006311150403,20.090258451367976,0.0,0.5257012964112038,0.0,1.0,0.0,idle,
2026-01-05 08:33:00,3.158383458321986,16.76344599473639,38.82225734254325,73.25793827806766,0.0,0.0,8.35161366996495,22.117209324551432,0.0,8.556903187787961,0.0,2.0,0.0,idle,
2026-01-05 08:34:00,4.921877845514185,17.322231931844662,38.84427999692584,75.61833529851006,0.0,0.0,6.696442921970223,24.306722178660603,0.0,13.951956287203402,0.0,3.0,0.0,idle,
2026-01-05 08:35:00,20.64240941775177,39.846909089257686,39.76387976413249,132.99039640254017,0.0,0.0,28.068325366935433,51.02109715102957,39.50647382593391,299.3118138069777,0.0,4.0,1.0,io_bound,
2026-01-05 08:36:00,19.120846318680734,39.39066129178714,40.10147953466505,124.22545029248059,0.0,0.0,27.40030581747257,49.871530656178365,56.85214356195994,286.6984418203777,1.0,3.0,1.0,io_bound,
2026-01-05 08:37:00,19.216281692348485,39.3564149477467,41.094402961402636,123.44295362886109,0.0,0.0,33.55657067683009,52.93865468118393,47.17664889433892,276.5459266690168,2.0,3.0,1.0,io_bound,
2026-01-05 08:38:00,19.73822468310191,40.25606152244237,41.68059643642662,131.91395053556178,0.0,0.0,38.22070671598105,51.826595727495004,69.42832259655876,277.7316474716741,3.0,2.0,1.0,io_bound,
2026-01-05 08:39:00,20.513705364670383,38.51551417357627,42.202815434497765,132.61266694195743,0.0,0.0,34.578279481350634,52.87217242262191,53.92329697862873,275.1376177590905,4.0,9.0,1.0,io_bound,
2026-01-05 08:40:00,20.215692084683816,40.77472784352333,42.483405989566826,132.8187158379794,0.0,0.0,36.64548955980333,53.63102457315017,83.62201265174637,282.38738774280165,5.0,3.0,1.0,io_bound,
2026-01-05 08:41:00,18.684394930965603,38.79648686109815,43.302748946694756,125.16184914738673,0.0,0.0,34.95689748420067,50.9430517635793,91.94849029928903,279.4213244436343,6.0,3.0,1.0,io_bound,
2026-01-05 08:42:00,14.93902672353947,38.449539122665435,43.796805976487924,112.70776938369053,0.0,0.0,30.506961999555706,52.13669629322404,87.96945108808248,269.19466909482793,7.0,3.0,1.0,io_bound,
2026-01-05 08:43:00,18.03952631831335,38.10832023722792,43.87489506821826,120.44119242963917,0.0,0.0,27.256032440589532,51.2495735350019,100.37936241724945,281.02649235494715,8.0,5.0,1.0,io_bound,
2026-01-05 08:44:00,12.650060800607843,38.6407797775481,43.38786028170017,107.52297176243131,0.0,0.0,26.286289159632375,48.60252099989188,105.59249731537588,299.5154659859593,9.0,2.0,1.0,io_bound,
2026-01-05 08:45:00,15.380962652293123,41.65985576713959,43.2289567553986,112.06364383748002,0.0,0.0,31.42638735792135,49.09504702831971,86.94932955221718,300.0263101725797,10.0,5.0,1.0,io_bound,
2026-01-05 08:46:00,15.817416845017608,40.789525049717604,43.49928991720902,116.29410585593212,0.0,0.0,26.527195508278464,50.14724288231773,70.30383335634667,303.4777135805026,11.0,4.0,1.0,io_bound,
2026-01-05 08:47:00,16.043298821026198,42.061086203089765,43.690450474189795,109.12539449429575,0.0,0.0,25.436486521265373,52.38123598853503,63.63533580008158,301.90174154907857,12.0,3.0,1.0,io_bound,
2026-01-05 08:48:00,15.57229562033486,40.481504468017164,43.19027149027228,115.80340893140985,0.0,0.0,23.426907884535066,51.4009366310976,54.937714636832744,308.82413896783123,13.0,4.0,1.0,io_bound,
2026-01-05 08:49:00,15.898423536129222,41.20117513196596,43.58130673229149,119.81664545798698,0.0,0.0,29.402229018119797,50.80609942401918,76.30934775004943,293.794794718105,14.0,2.0,1.0,io_bound,
2026-01-05 08:50:00,14.020731231912539,41.42169606744392,43.33915276003451,111.67566912870538,0.0,0.0,31.408854296191222,50.49021699094104,75.98093247099156,285.4726487793172,15.0,3.0,1.0,io_bound,
2026-01-05 08:51:00,16.98214944125209,43.13804005647094,43.6112387568145,113.38201532858011,0.0,0.0,30.63396847440768,51.511679619247836,87.92504252594173,284.099358923678,16.0,9.0,1.0,io_bound,
2026-01-05 08:52:00,17.62104986642007,42.05025201966772,44.248962448001315,111.65122812704622,0.0,0.0,32.24300438486409,53.40056214886841,101.6988391042976,268.0333623894315,17.0,2.0,1.0,io_bound,
2026-01-05 08:53:00,18.12842969145547,44.07082884795837,44.218023925235144,122.05760885759231,0.0,0.0,31.317956534893753,53.9557034403881,67.82440526050064,273.96945518029,18.0,5.0,1.0,io_bound,
2026-01-05 08:54:00,17.998967975942776,41.971573885957575,44.52205578253718,115.67784221514795,0.0,0.0,31.53127751497809,52.819596112334516,60.79987436793434,282.81211802258827,19.0,4.0,1.0,io_bound,
2026-01-05 08:55:00,20.10619208250742,44.47721277652407,44.764599570680666,131.6054164223162,0.0,0.0,30.438653174171925,50.5636150428238,60.18055284802459,292.33738965963676,20.0,6.0,1.0,io_bound,
2026-01-05 08:56:00,20.52783912834098,41.23220688846001,44.62082351539075,124.3749462977316,0.0,0.0,30.425565199486492,50.16918019667968,68.64358089294949,287.3638165758047,21.0,3.0,1.0,io_bound,
2026-01-05 08:57:00,23.928959115077795,42.55949979321567,45.20180954432293,135.70301059914274,0.0,0.0,27.885036725290966,50.15212438092247,82.1302302574642,279.90584973894954,22.0,6.0,1.0,io_bound,
2026-01-05 08:58:00,18.761466454269545,39.34032874822078,45.10911754545853,121.87181024682049,0.0,0.0,27.84178509378107,49.8135291779853,81.78499790915549,291.578075686417,23.0,4.0,1.0,io_bound,
2026-01-05 08:59:00,16.26488380682192,36.03849751992655,44.68702652924856,112.60072660137057,0.0,0.0,28.414155779823826,50.59639749174986,43.333363387732206,280.08573166414817,24.0,4.0,1.0,io_bound,
2026-01-05 09:00:00,12.977937535767643,35.94134306741077,44.777509255498366,103.24905529410452,0.0,0.0,26.890768947859293,51.085089246643285,48.25683435968359,287.3445303121001,25.0,3.0,1.0,io_bound,
2026-01-05 09:01:00,14.738264146412229,40.15190820656451,44.682945924016025,107.89029713722203,0.0,0.0,30.135819116755265,46.8780219968909,71.2847589563795,291.1760298473768,26.0,2.0,1.0,io_bound,
2026-01-05 09:02:00,11.337968361984041,40.14000809555894,44.657781306371355,101.62991405477953,0.0,0.0,29.556208249116864,47.54712209270681,82.69299033361763,286.8130547496962,27.0,2.0,1.0,io_bound,
2026-01-05 09:03:00,12.646985372722725,34.124173756159706,44.37220226309822,107.88805663063928,0.0,0.0,29.521344000351714,49.065228804770705,96.58555212588338,289.4307438087211,28.0,5.0,1.0,io_bound,
2026-01-05 09:04:00,14.598464141435338,33.973542995662385,44.69696998122721,119.5126198466397,0.0,0.0,30.765332398387393,47.22673256291702,59.24379346499455,266.2555173105565,29.0,2.0,1.0,io_bound,
2026-01-05 09:05:00,13.832025424392839,37.3345577367533,45.08024350118068,112.07440624964826,0.0,0.0,36.12914580498543,45.75949375809545,59.58900728865042,288.94589099372945,30.0,4.0,1.0,io_bound,
2026-01-05 09:06:00,11.498955969004019,38.95840909640316,44.66829583760351,105.63483133692058,0.0,0.0,38.00476468822277,48.183773368943136,62.23128496020222,281.4594522298514,31.0,5.0,1.0,io_bound,
2026-01-05 09:07:00,14.001356203306527,37.48881977329001,45.106467074137484,106.83650522644525,0.0,0.0,33.81973967942105,50.93579295895824,50.92020621783194,279.48958138556253,32.0,6.0,1.0,io_bound,
2026-01-05 09:08:00,13.092990535410234,36.38579158315832,45.231612903351724,95.79143390176371,0.0,0.0,35.1714874538754,49.66731747418695,61.32146060362087,278.2100386987541,33.0,3.0,1.0,io_bound,
2026-01-05 09:09:00,14.88366456737114,36.29556780441503,45.09611365443897,112.08936621741584,0.0,0.0,34.646366546777884,50.57682785733247,53.227522618346306,265.1538437509137,34.0,5.0,1.0,io_bound,
2026-01-05 09:10:00,16.769601816321227,34.5239161153107,45.528727675208096,121.7669417370208,0.0,0.0,37.808168890735814,53.147864299559934,65.93245827956778,267.79797705833454,35.0,4.0,1.0,io_bound,
2026-01-05 09:11:00,21.112336454493857,35.198372756440996,46.10011826166527,138.36349984825966,0.0,0.0,36.20963298692442,51.419528621785446,62.43635268580495,261.5094333717272,36.0,4.0,1.0,io_bound,
2026-01-05 09:12:00,21.38548983986568,33.66981922671705,45.75406816449927,136.79709150159724,0.0,0.0,34.87217041019835,52.824874906516825,36.564231244708886,265.31627302055665,37.0,5.0,1.0,io_bound,
2026-01-05 09:13:00,19.673227997576106,33.10761558490063,45.507745415490355,123.39970492730369,0.0,0.0,33.40037710308963,51.23263004237545,31.083350000694765,258.54853494277864,38.0,3.0,1.0,io_bound,
2026-01-05 09:14:00,22.466024776613256,32.86858493021919,45.39642299108407,130.78479150399184,0.0,0.0,35.15686046502965,53.4569404933036,21.09645444027594,258.52419378949287,39.0,5.0,1.0,io_bound,
2026-01-05 09:15:00,21.94437603432375,33.880452564343116,45.64587032437974,134.2994174099319,0.0,0.0,33.199350015720746,51.77174773217086,39.75316309929493,257.94417268650307,40.0,5.0,1.0,io_bound,
2026-01-05 09:16:00,20.437459032554955,35.24711859252603,45.19435503869092,125.143371011292,0.0,0.0,31.663548102544397,51.605661378112984,51.643359364969065,269.52481521934357,41.0,4.0,1.0,io_bound,
2026-01-05 09:17:00,21.583815822293445,35.70496340210891,45.06361167925169,128.94599896514092,0.0,0.0,28.162343994384255,54.57710600259207,62.6513029838803,267.76921428213166,42.0,3.0,1.0,io_bound,
2026-01-05 09:18:00,17.86475640361818,34.294304220018304,45.16993071548068,116.54047657670709,0.0,0.0,25.083702272933984,52.26098430518628,73.8066774764595,269.46666185122984,43.0,2.0,1.0,io_bound,
2026-01-05 09:19:00,22.531818022219543,32.307923799666234,45.666771672564956,142.55042580935944,0.0,0.0,23.195362098381814,54.21803796297668,83.6295600780156,250.29882294771514,44.0,3.0,1.0,io_bound,
2026-01-05 09:20:00,21.721967732923112,30.057528083883593,45.74873562338904,133.95848497688564,0.0,0.0,27.87843011377417,54.075583517431596,62.69298872722331,269.1817090326814,45.0,4.0,1.0,io_bound,
2026-01-05 09:21:00,18.98472619369672,30.642513674780037,45.75525473569019,122.80108742475717,0.0,0.0,28.9893860973026,56.360805681062146,65.12146263124318,284.1662782247181,46.0,4.0,1.0,io_bound,
2026-01-05 09:22:00,20.567072270417214,32.382128857972766,46.17039323672103,132.29055961048627,0.0,0.0,24.24280437483847,58.578741300278494,81.51994188495276,283.4961338517063,47.0,3.0,1.0,io_bound,
2026-01-05 09:23:00,15.56323089162088,31.836097495524164,46.11240974595124,111.37681090382537,0.0,0.0,20.560006457900496,55.98712898581626,61.585109910834234,300.28826038945283,48.0,4.0,1.0,io_bound,
2026-01-05 09:24:00,13.747724968581405,33.96149443911336,46.05329034865489,112.62287287910814,0.0,0.0,24.28444238634156,55.08602167799754,78.000667424449,304.00421663296686,49.0,3.0,1.0,io_bound,
2026-01-05 09:25:00,12.200642079962279,34.224077957590886,45.61412336142774,99.56565132500205,0.0,0.0,31.597067360799045,56.901753383116905,83.65008178766293,289.36066779518313,50.0,2.0,1.0,io_bound,
2026-01-05 09:26:00,16.291028430566726,33.106395368608766,45.392265331225694,110.22244820702691,0.0,0.0,24.831790117543523,54.703364534645715,65.3196492032219,306.44412087068065,51.0,5.0,1.0,io_bound,
2026-01-05 09:27:00,16.32497362130129,34.654960847270274,45.666740083871254,122.84115039220669,0.0,0.0,31.84091678324707,53.177677550389824,54.07731755921475,311.15883767864057,52.0,4.0,1.0,io_bound,
2026-01-05 09:28:00,15.90714253834849,32.75231442145991,45.394467530739924,108.31688798127047,0.0,0.0,33.09828194785218,52.48151718424742,48.26925304295706,310.2631916217774,53.0,5.0,1.0,io_bound,
2026-01-05 09:29:00,15.588010021456746,34.75696967267667,45.39066231213287,112.51306424461218,0.0,0.0,27.287542943821123,50.6359141331054,55.12912514591894,312.78242881710514,54.0,4.0,1.0,io_bound,
2026-01-05 09:30:00,14.372904457284044,36.85376138427595,44.610950356294424,105.3569569988371,0.0,0.0,25.841307264707773,50.85983344577013,84.53063155707258,314.8373629575398,55.0,6.0,1.0,io_bound,
2026-01-05 09:31:00,13.367749197912024,37.670132628752555,44.51580198110192,102.88531860502894,0.0,0.0,25.6764757133178,52.592029521775736,109.91701231137759,313.46813657731394,56.0,4.0,1.0,io_bound,
2026-01-05 09:32:00,17.214515344817027,37.3268017069618,44.491916889649744,116.4215098547609,0.0,0.0,27.637711554224246,51.64658867846674,103.69244918944335,302.606938401928,57.0,2.0,1.0,io_bound,
2026-01-05 09:33:00,17.22352752971092,36.27544728237051,44.73618210888977,121.71509699935292,0.0,0.0,19.18235253105429,50.76780598671426,111.6930899826294,287.6276465004594,58.0,6.0,1.0,io_bound,
2026-01-05 09:34:00,12.517562830614516,39.93435961804054,44.46443171552064,94.2340887097319,0.0,0.0,21.79863401237388,47.95656712659852,107.47909452903227,282.93403093798065,59.0,5.0,1.0,io_bound,
2026-01-05 09:35:00,17.66055786473985,42.30635689003627,44.67895052652694,118.75244845452137,0.0,0.0,24.663361736949586,50.986756138706774,122.2771744065732,277.6571759290365,60.0,5.0,1.0,io_bound,
2026-01-05 09:36:00,15.243318339257048,42.76967246883384,44.20735045263051,114.9175890817813,0.0,0.0,23.31586148185413,49.8841234851189,115.59068371264593,260.42010140421115,61.0,2.0,1.0,io_bound,
2026-01-05 09:37:00,15.993606867101294,44.61397702361409,44.74579046354911,115.51570520621743,0.0,0.0,22.52914927361093,52.872796390481994,88.26478599424564,271.70142081368124,62.0,4.0,1.0,io_bound,
2026-01-05 09:38:00,15.631546098971823,44.552007431280146,44.53930874195705,107.30993632448151,0.0,0.0,28.586683496826176,53.76972134484098,82.32466243927982,270.33114397600895,63.0,5.0,1.0,io_bound,
2026-01-05 09:39:00,12.872632247952197,48.24255033513715,44.58670206106888,107.98722643778653,0.0,0.0,25.395637208732392,53.21589826518964,88.87425957332175,286.02579875237586,64.0,6.0,1.0,io_bound,
2026-01-05 09:40:00,9.79491581674702,42.54078513585499,44.11206395647964,95.58292223445766,0.0,0.0,23.541608176412023,52.141428689319966,95.8535636562801,296.8043282147364,65.0,5.0,1.0,io_bound,
2026-01-05 09:41:00,14.41259375196151,45.452881546928836,43.94204892252187,113.8057226021044,0.0,0.0,17.073972377019032,49.78585461027737,99.46653878377049,299.1935313511495,66.0,5.0,1.0,io_bound,
2026-01-05 09:42:00,16.62984467812051,44.743549567316286,44.225832714079154,116.76644134365407,0.0,0.0,20.918356272071748,51.53120258465913,98.01531921324616,297.07786747394726,67.0,8.0,1.0,io_bound,
2026-01-05 09:43:00,18.30116985517695,41.65601493968329,44.49604863209526,127.70873897246378,0.0,0.0,24.72593715162779,56.70164480127289,70.25282496528904,304.379855626684,68.0,4.0,1.0,io_bound,
2026-01-05 09:44:00,18.810209480469485,43.84610648580256,44.33570060323933,132.12447644841384,0.0,0.0,28.413178418800094,59.29841884304263,74.95846059542744,296.4200531346942,69.0,4.0,1.0,io_bound,
2026-01-05 09:45:00,17.04785931491441,47.11714967532335,44.32737713902564,117.41496428956371,0.0,0.0,30.527613203404876,57.60714052335836,77.82442093994543,297.55326581107346,70.0,7.0,1.0,io_bound,
2026-01-05 09:46:00,14.620110915682945,43.98984913349092,44.61917596537868,116.35710896542474,0.0,0.0,27.06948517507835,57.176901440162574,65.83380368245834,282.3620609029026,71.0,3.0,1.0,io_bound,
2026-01-05 09:47:00,17.701462051180634,42.47356778258779,44.7451197462823,122.94181109319402,0.0,0.0,20.952177652180332,54.40256257820338,69.5264958344865,287.94485409055113,72.0,4.0,1.0,io_bound,
2026-01-05 09:48:00,17.31340004266588,40.964162942827826,44.56025077635909,120.0448440574958,0.0,0.0,24.126781925180012,53.978771099499745,79.07654799053422,268.64707525902486,73.0,4.0,1.0,io_bound,
2026-01-05 09:49:00,17.11410987099242,39.472433003373474,44.66835945152944,123.27537871290087,0.0,0.0,19.286723857729374,55.26524489218201,94.56956351134397,280.2984321099843,74.0,4.0,1.0,io_bound,
2026-01-05 09:50:00,17.951457458165002,38.935931881991955,44.62658833893759,123.59646064026212,0.0,0.0,18.363249503568714,54.612869631035366,92.10279597486017,277.5747425068929,75.0,3.0,1.0,io_bound,
2026-01-05 09:51:00,21.361092054196348,41.22366949336834,45.01962381277127,131.99465016506545,0.0,0.0,19.150472587608764,50.99003571727904,82.0180188321062,279.26572086239236,76.0,4.0,1.0,io_bound,
2026-01-05 09:52:00,18.24200472713939,39.50513753557492,44.85379857029026,118.3477966587722,0.0,0.0,18.482431657290988,49.08232111138059,63.400100791076234,284.8407984218181,77.0,4.0,1.0,io_bound,
2026-01-05 09:53:00,17.644123674955914,38.49749743251266,45.171917174972364,120.06113601769422,0.0,0.0,19.45128412149205,50.57895507220089,63.82068138031214,275.5126084965295,78.0,2.0,1.0,io_bound,
2026-01-05 09:54:00,15.322472121957514,38.11319297088698,45.086022006960285,106.7594006961678,0.0,0.0,24.408983151888865,51.63128328836827,77.74557470323974,264.069497086367,79.0,4.0,1.0,io_bound,
2026-01-05 09:55:00,11.990465912473908,38.418624369636376,44.51202108804356,99.06697948538618,0.0,0.0,20.764539216747497,53.42790728434383,91.218553584088,265.95521249736146,80.0,4.0,1.0,io_bound,
2026-01-05 09:56:00,11.316158323901284,38.82280270274044,44.84087591224615,95.97488104350953,0.0,0.0,22.943044615993642,50.163531916632806,74.6671244822214,284.4234930545469,81.0,4.0,1.0,io_bound,
2026-01-05 09:57:00,11.608158687591683,41.12059901332512,44.4599625505541,84.02608960281884,0.0,0.0,26.41984157154165,46.43145447106554,80.00255328248033,294.22825719980574,82.0,7.0,1.0,io_bound,
2026-01-05 09:58:00,7.97597907669002,39.28281934611782,44.17146841497415,83.92942463136812,0.0,0.0,28.875824580884803,43.24438239918679,61.938616448963906,283.3738149576729,83.0,4.0,1.0,io_bound,
2026-01-05 09:59:00,8.52081532550529,35.462242148658014,43.54580661775463,100.06717155343202,0.0,0.0,32.230599144243726,48.0821303622985,67.5537257556357,279.152764765819,84.0,5.0,1.0,io_bound,
2026-01-05 10:00:00,11.40201047345845,33.728497565202524,43.32933438933836,95.4295776715462,0.0,0.0,31.578252589672335,46.37011463031872,67.0345255751842,269.03219682175455,85.0,4.0,1.0,io_bound,
2026-01-05 10:01:00,11.111871977440842,34.04422336086121,43.23928462282678,99.78460969381148,0.0,0.0,32.68288470069641,48.51650592180694,84.88841118961454,279.14321308177955,86.0,2.0,1.0,io_bound,
2026-01-05 10:02:00,11.95241509738905,32.67386833397916,43.239971802436386,92.88435313258111,0.0,0.0,30.686990321792663,46.02092584618842,99.54781835450771,288.50282846714504,87.0,4.0,1.0,io_bound,
2026-01-05 10:03:00,12.591329806187595,34.123037441547496,43.1305412839125,105.28125698729485,0.0,0.0,29.255372335851558,49.97575165951219,100.90898824348669,278.63553085819467,88.0,3.0,1.0,io_bound,
2026-01-05 10:04:00,14.532682243937241,36.35643798204797,43.32611582912387,117.25412063849012,0.0,0.0,32.49517861248333,48.03855836175131,95.18547627058777,277.30817571858114,89.0,2.0,1.0,io_bound,
2026-01-05 10:05:00,10.89134812813422,36.50512156847475,43.01257759872194,92.36187769731013,0.0,0.0,34.26533139862553,48.57631919193333,62.811948169732204,279.8836093493103,90.0,4.0,1.0,io_bound,
2026-01-05 10:06:00,12.704853474213321,34.977580216094104,42.99379795454861,108.11773558625973,0.0,0.0,29.86957789835344,49.05500501313295,57.76726969893318,291.44131006047655,91.0,5.0,1.0,io_bound,
2026-01-05 10:07:00,13.151871622172028,35.575590068646655,43.13972239568955,104.39664413416412,0.0,0.0,32.93174915694532,50.34345345747171,63.377922206058614,283.11979552476856,92.0,3.0,1.0,io_bound,
2026-01-05 10:08:00,11.87979657831858,36.054579399334344,43.18742342871304,103.1083267963664,0.0,0.0,29.16788930663566,50.32182888781398,75.46878381902047,284.3797972796415,93.0,3.0,1.0,io_bound,
2026-01-05 10:09:00,9.723464983828988,35.230189192199184,42.977055246604344,96.70024880275744,0.0,0.0,26.401100606154106,55.25553152862111,90.07947311395664,284.3078462734494,94.0,3.0,1.0,io_bound,
2026-01-05 10:10:00,9.58047224398073,35.68763652197499,42.71859609092738,90.11943630082213,0.0,0.0,27.31473295477821,51.986923044713215,80.99540010697389,293.4574947243035,95.0,4.0,1.0,io_bound,
2026-01-05 10:11:00,12.750364077065974,37.26920170294107,43.11253044682822,103.7812695063679,0.0,0.0,32.14080300737594,52.61829526023073,86.69692455404493,287.7900265014122,96.0,2.0,1.0,io_bound,
2026-01-05 10:12:00,13.661490149603251,35.651207418970166,42.99159892698111,103.00086354557013,0.0,0.0,30.298401146488168,54.149696530122036,63.84896553081115,268.79015979394325,97.0,3.0,1.0,io_bound,
2026-01-05 10:13:00,14.391183605365743,34.79789763358205,43.20764652313183,105.93337770040856,0.0,0.0,27.568334289783902,58.59054106196566,74.54189582312216,268.2651488035886,98.0,4.0,1.0,io_bound,
2026-01-05 10:14:00,14.312088594105418,36.79150908169863,43.41822022578582,113.6294421778749,0.0,0.0,22.971034620021825,59.771782987686265,80.98752175688462,267.86399880446703,99.0,3.0,1.0,io_bound,
2026-01-05 10:15:00,17.979906685984602,36.418633857896694,43.55784126531456,116.38786621163428,0.0,0.0,23.436400732507042,60.493407947940746,63.590834278006014,271.6726830307417,100.0,4.0,1.0,io_bound,
2026-01-05 10:16:00,15.618196032116602,35.69823370727593,42.943246957231786,118.60620470749524,0.0,0.0,24.383094739864873,57.088810912657586,73.79746549594036,280.891654185419,101.0,3.0,1.0,io_bound,
2026-01-05 10:17:00,15.71647336602738,34.04850527383552,43.60353772263431,112.435811077361,0.0,0.0,19.639067451625024,57.497212850236515,66.18839898319568,276.61373053776083,102.0,5.0,1.0,io_bound,
2026-01-05 10:18:00,14.937215822687444,35.1442008826721,43.71811759239389,106.75252597463786,0.0,0.0,25.11722326431299,58.05348564967431,98.82389248756427,300.8809491608083,103.0,4.0,1.0,io_bound,
2026-01-05 10:19:00,17.260078217551946,34.49755493587566,43.46622534382817,117.66321759684932,0.0,0.0,23.91351446318436,57.447916918847234,95.74719972220929,268.9840292575758,104.0,4.0,1.0,io_bound,
2026-01-05 10:20:00,18.42282749147982,36.76786981809549,43.56389842008579,123.37282541235179,0.0,0.0,26.361171879627666,54.934566195344324,84.10279894357521,271.2973246669895,105.0,4.0,1.0,io_bound,
2026-01-05 10:21:00,16.425934112461654,36.09434841789183,43.5655337591629,119.71049694163167,0.0,0.0,25.933542237784543,59.53752271086838,62.49155530895037,290.2548565707815,106.0,4.0,1.0,io_bound,
2026-01-05 10:22:00,18.86028728558796,33.517554510441556,44.20396507285186,121.40963899722975,0.0,0.0,26.22707348000869,58.65074138354852,62.09546122842271,303.5867659540743,107.0,2.0,1.0,io_bound,
2026-01-05 10:23:00,20.761642316163666,30.80716494550071,44.4170935227765,128.0998812156123,0.0,0.0,22.079150771795902,57.845704106274,49.66560104909204,287.4970945100565,108.0,3.0,1.0,io_bound,
2026-01-05 10:24:00,21.823056987168176,31.52713790249664,44.532585531959064,129.09368311133275,0.0,0.0,21.678123892094302,55.859783477846406,65.94458624270611,264.4075466245455,109.0,3.0,1.0,io_bound,
2026-01-05 10:25:00,19.51563256055148,30.801322687669845,44.18487834917859,117.3823810209157,0.0,0.0,19.110704851438065,56.154710944573104,54.634212104188606,270.24354950446093,110.0,4.0,1.0,io_bound,
2026-01-05 10:26:00,23.29548207550976,31.605882668819213,44.02186223381405,136.66207670193396,0.0,0.0,22.21758306296903,55.895003595770326,46.76095371035251,274.406727138266,111.0,4.0,1.0,io_bound,
2026-01-05 10:27:00,21.47731836173916,33.01164577948875,44.208803968395856,131.8633175795126,0.0,0.0,23.97139131717746,55.42438720011286,53.96986940441684,278.53350720536207,112.0,4.0,1.0,io_bound,
2026-01-05 10:28:00,20.585760189074392,35.69384827859723,44.44624133679457,132.58206170447826,0.0,0.0,23.355509891925934,54.371155151822606,60.40160632761164,268.37080518628676,113.0,3.0,1.0,io_bound,
2026-01-05 10:29:00,22.58871910948216,36.51576191947853,44.744683565680305,135.03280120720373,0.0,0.0,22.71123079364444,53.47554509510352,47.754133754696944,280.6656138199698,114.0,3.0,1.0,io_bound,
2026-01-05 10:30:00,22.912713014688936,38.810614531443754,44.53015775379114,128.39721336005198,0.0,0.0,22.212130846749325,54.1566414637955,28.962359442309932,263.4872328385158,115.0,3.0,1.0,io_bound,
2026-01-05 10:31:00,22.560751763442504,40.3526198899968,44.7534658679349,141.49294986694653,0.0,0.0,22.465822695999236,50.30057916873466,33.380218642884195,270.17244846477024,116.0,5.0,1.0,io_bound,
2026-01-05 10:32:00,22.03358512360709,41.796669251256894,45.01866725524551,140.33360977848707,0.0,0.0,20.881980034445288,48.75312620677927,57.853268715166415,259.41248293170804,117.0,6.0,1.0,io_bound,
2026-01-05 10:33:00,20.74099192271824,39.89074962867393,44.924908295274214,126.56641969117074,0.0,0.0,21.625725869591513,50.71206359714312,87.76917256778239,278.7429672303045,118.0,3.0,1.0,io_bound,
2026-01-05 10:34:00,18.008784932710764,35.9799577558439,44.3847126302163,120.2044359360531,0.0,0.0,26.627867587833833,50.64083474511412,103.24314690778412,269.74542388199137,119.0,6.0,1.0,io_bound,
2026-01-05 10:35:00,14.367174288443943,34.93571258339002,44.79975589315416,107.25995813886281,0.0,0.0,29.149222885987694,53.262410534740084,87.17344750851512,280.3167405381562,120.0,5.0,1.0,io_bound,
2026-01-05 10:36:00,12.40466395063493,34.24436895452651,44.42787121976924,87.14018690125684,0.0,0.0,23.37718187177623,54.14911597501378,85.55655580280037,274.1930405103776,121.0,5.0,1.0,io_bound,
2026-01-05 10:37:00,16.627297207317767,38.8132534868294,44.60620813401378,119.2657889377326,0.0,0.0,26.935864898668278,53.1084338406524,80.05079099052327,276.97100857234835,122.0,3.0,1.0,io_bound,
2026-01-05 10:38:00,15.355703445143813,41.125612812188415,44.70951761926015,104.26453267573774,0.0,0.0,22.620066663852132,54.69495205588219,63.15059677750035,279.5221576988794,123.0,7.0,1.0,io_bound,
2026-01-05 10:39:00,18.014557357598136,42.356981795765996,45.16403799075902,128.62654681146486,0.0,0.0,22.444368213616773,52.57489655223199,76.38658137868148,278.4055769614965,124.0,6.0,1.0,io_bound,
2026-01-05 10:40:00,20.337647014457957,42.65352061204569,45.044010087418386,136.94125414582814,0.0,0.0,24.322604495321446,50.88262421554094,67.86992598162429,280.6503150206921,125.0,5.0,1.0,io_bound,
2026-01-05 10:41:00,22.569115081059387,41.020160689041,45.014864457569246,126.84227718911852,0.0,0.0,24.326529833940775,47.223051817832264,86.78618451542735,269.45903012298345,126.0,4.0,1.0,io_bound,
2026-01-05 10:42:00,26.2485493455614,41.40284207332197,45.77244275331381,161.40595989290915,0.0,0.0,28.702936509611977,48.56722191038452,90.56037479670474,273.8009032126529,127.0,3.0,1.0,io_bound,
2026-01-05 10:43:00,19.61813592171653,41.66949968483367,45.89072901062895,126.81722914311356,0.0,0.0,25.51329138250921,48.02920770929011,79.86718556200006,269.39436022406403,128.0,6.0,1.0,io_bound,
2026-01-05 10:44:00,16.885691425892276,45.40239874782508,46.226321637713944,121.72366216059913,0.0,0.0,24.08506758946544,50.88620193233557,59.818344707338134,275.1162388094263,129.0,3.0,1.0,io_bound,
2026-01-05 10:45:00,17.094383279659585,43.048943491272595,46.16812523231647,116.53589731153903,0.0,0.0,26.45356296955134,51.19493423586323,56.01158869031016,268.7155166334529,130.0,5.0,1.0,io_bound,
2026-01-05 10:46:00,14.093445376346114,42.785833921989074,45.87486777031967,104.30203239962104,0.0,0.0,26.434719061679683,51.28145266097568,56.55935607922088,276.0488901900835,131.0,5.0,1.0,io_bound,
2026-01-05 10:47:00,18.434370315052128,41.552225905486274,45.61279873473538,118.08709706837327,0.0,0.0,25.03377985233037,53.52510056910763,44.4668021860016,269.8774902693061,132.0,4.0,1.0,io_bound,
2026-01-05 10:48:00,20.704119680415836,40.854829351558465,45.71042153233086,130.59505827319276,0.0,0.0,22.22704698153018,53.30176729793753,65.90224746992553,268.48137363206365,133.0,6.0,1.0,io_bound,
2026-01-05 10:49:00,18.957044681216928,38.79605414163724,45.9711021044775,127.20338748552996,0.0,0.0,25.231911771164352,57.48698367357948,50.861770968754605,271.62080922660175,134.0,2.0,1.0,io_bound,
2026-01-05 10:50:00,20.17845697318253,36.364973552149905,45.99895736291544,129.78105503575262,0.0,0.0,24.835442191376387,59.49913289933528,45.858964736142255,274.9616357752127,135.0,3.0,1.0,io_bound,
2026-01-05 10:51:00,21.072951474418538,35.50999275982477,45.89590795695555,143.48949021758614,0.0,0.0,26.644547901631718,60.68952408246933,69.04220115220986,279.6532413560185,136.0,2.0,1.0,io_bound,
2026-01-05 10:52:00,15.331133361794468,37.60222298906486,45.40774817202457,113.08022015356086,0.0,0.0,26.18510648284707,58.19119077117069,68.33958241077386,284.0593963994391,137.0,3.0,1.0,io_bound,
2026-01-05 10:53:00,17.215172800658337,37.777193758197775,45.44664928143589,119.24421580095832,0.0,0.0,26.601040279888405,55.741328031299595,72.79380577196218,294.7933172339942,138.0,7.0,1.0,io_bound,
2026-01-05 10:54:00,16.21240322188749,35.10415178690475,45.497433285188805,116.22237788435318,0.0,0.0,29.329026965128552,55.16188069792775,49.96406337500417,280.23446672700726,139.0,6.0,1.0,io_bound,
2026-01-05 10:55:00,15.797101363053757,35.685052491660734,45.354572517916054,110.39543739499348,0.0,0.0,35.58341040837445,54.70121381949789,47.33430350855622,297.6723034565438,140.0,3.0,1.0,io_bound,
2026-01-05 10:56:00,15.302180339511343,38.11520995896465,44.6387639459967,114.63789627663135,0.0,0.0,38.33692310978676,52.45108691477586,75.88853685282116,291.90166528470957,141.0,3.0,1.0,io_bound,
2026-01-05 10:57:00,12.761711356609105,36.781669167563365,44.698398822172116,112.01596858222456,0.0,0.0,39.84120192234515,52.866112723679734,80.34946606018796,294.3710419986546,142.0,5.0,1.0,io_bound,
2026-01-05 10:58:00,12.31976175390464,36.62247289616238,44.19864022473642,91.79963509064788,0.0,0.0,42.13351171736168,52.826107518712796,79.01228618520214,281.07043414628595,143.0,3.0,1.0,io_bound,
2026-01-05 10:59:00,12.46981013185777,35.890150448434916,44.36232155965659,108.65194857952584,0.0,0.0,42.939013561459795,50.68384010692894,78.74388268090414,260.3501957029479,144.0,5.0,1.0,io_bound,
2026-01-05 11:00:00,15.312928252365394,34.14868615832043,44.22535927308799,113.48040592753101,0.0,0.0,45.31513170051163,51.25649187754743,82.47919571438902,255.47865894740343,145.0,3.0,1.0,io_bound,
2026-01-05 11:01:00,14.107432871572458,34.6067361078722,43.905449348339246,109.92812465142332,0.0,0.0,43.23075453401718,50.4422253634082,78.25267426181085,268.9458934528908,146.0,4.0,1.0,io_bound,
2026-01-05 11:02:00,11.968142707578622,35.73086556467276,43.721903186540786,100.75651285534542,0.0,0.0,38.161232146287205,47.72966085830461,83.20016680784968,281.775439402665,147.0,4.0,1.0,io_bound,
2026-01-05 11:03:00,16.917332177495872,36.822977510671784,43.95839672028606,125.68779317709463,0.0,0.0,30.482887020094527,45.542070137696314,74.50336691341045,288.3702938521841,148.0,4.0,1.0,io_bound,
2026-01-05 11:04:00,15.409832253485638,40.479861739388454,43.78455575382585,102.85897065609008,0.0,0.0,29.866777421901126,47.00076270455241,84.02387945607911,274.01716128246875,149.0,6.0,1.0,io_bound,
2026-01-05 11:05:00,13.482424850777974,39.02608051092965,43.568847221934526,109.84786817890593,0.0,0.0,29.989707122147774,47.70202822741371,104.50686542319372,293.30770885401677,150.0,7.0,1.0,io_bound,
2026-01-05 11:06:00,13.729602094696254,38.68538048475609,43.50242622430743,104.6026291227827,0.0,0.0,27.305742326612595,48.67508523885225,93.38029248110914,287.01117549879007,151.0,6.0,1.0,io_bound,
2026-01-05 11:07:00,10.51037637888556,39.20861939346715,43.61268892487113,99.87518815169747,0.0,0.0,25.855540064559058,47.66324724920789,105.62823100877961,279.94289244117925,152.0,4.0,1.0,io_bound,
2026-01-05 11:08:00,10.096704296266815,36.01870207858554,43.81782254528636,93.97314406094935,0.0,0.0,27.37928892746421,46.36211986746076,125.61280826070825,283.5506179005605,153.0,3.0,1.0,io_bound,
2026-01-05 11:09:00,11.134497435631786,35.86907494304496,43.81050659576572,100.99017567929802,0.0,0.0,30.108730227892053,44.141663114667814,100.98579393525381,280.01844201996545,154.0,4.0,1.0,io_bound,
2026-01-05 11:10:00,12.831424930663992,33.81884736274688,43.85031850400035,110.43039059862923,0.0,0.0,31.475018600669248,48.280366119993054,108.7849595814782,283.5375288121147,155.0,4.0,1.0,io_bound,
2026-01-05 11:11:00,16.493512766868335,37.99121455790217,43.91783081299668,117.59557150503514,0.0,0.0,29.453106032706405,49.3447754747922,119.52141863278543,282.1945044673538,156.0,6.0,1.0,io_bound,
2026-01-05 11:12:00,12.534748493929348,35.05620005848835,43.71877987266987,101.84217155331964,0.0,0.0,31.497802263318924,51.760623529327894,88.50338290249508,272.5567988009009,157.0,3.0,1.0,io_bound,
2026-01-05 11:13:00,15.913207172933511,34.634969904598535,43.7731331263283,121.1842729585955,0.0,0.0,33.30608999990327,53.59622257638486,82.3114830359447,278.7392791348845,158.0,2.0,1.0,io_bound,
2026-01-05 11:14:00,19.081227674485824,37.14101596315677,43.443895902647924,122.34702057841986,0.0,0.0,31.02225135743467,53.98138110112159,87.83769140747401,268.37853820936556,159.0,4.0,1.0,io_bound,
2026-01-05 11:15:00,15.243196290840178,35.0070185138129,43.74795309488237,106.86830126858068,0.0,0.0,31.666453062489904,52.46853881323095,94.9546076309066,264.1751098963501,160.0,4.0,1.0,io_bound,
2026-01-05 11:16:00,17.29980015850988,36.39081970607629,44.00199560891814,114.43159335009568,0.0,0.0,32.24158711233072,51.64400306672811,93.2174457638105,275.9947434759283,161.0,3.0,1.0,io_bound,
2026-01-05 11:17:00,19.003665142334903,37.75832068661254,44.15781964294851,129.07440591041322,0.0,0.0,30.726093525493567,55.08863204411373,92.32766796676161,285.25553417075884,162.0,7.0,1.0,io_bound,
2026-01-05 11:18:00,18.910354761581743,41.836554559952106,44.364390561703445,125.91782592714429,0.0,0.0,34.44982177251695,56.234900176033996,71.21171723217672,299.47170657562447,163.0,4.0,1.0,io_bound,
2026-01-05 11:19:00,15.764446953367097,38.33664404452478,44.292808382293074,122.25235926395675,0.0,0.0,36.134434591663435,55.669998845181134,59.52933761623752,308.0655583773888,164.0,5.0,1.0,io_bound,
2026-01-05 11:20:00,16.477185413027623,36.31717041474568,44.718496190937174,115.397586093898,0.0,0.0,34.276970508344135,55.632710131936776,59.03273217728808,305.74881605073494,165.0,5.0,1.0,io_bound,
2026-01-05 11:21:00,12.48667399249397,35.081728471063,44.170705728228654,97.50151385863751,0.0,0.0,35.27742862259302,57.0794192771475,72.61041609755031,310.26021638683017,166.0,4.0,1.0,io_bound,
2026-01-05 11:22:00,11.723661976944694,35.3582858545243,44.158551425469724,95.43987681888825,0.0,0.0,29.703479880041904,55.86350962150028,50.20708389318928,314.7714101752343,167.0,7.0,1.0,io_bound,
2026-01-05 11:23:00,15.463441975326232,35.93623251991757,44.10236553477442,115.75668173278453,0.0,0.0,32.34433128176482,53.08177886668373,30.85547511161397,292.3682363611797,168.0,4.0,1.0,io_bound,
2026-01-05 11:24:00,15.890143294535873,38.840636338238824,44.27443603381584,116.65549282019583,0.0,0.0,32.53629553642617,54.85369488813387,57.487142079354506,300.201033615236,169.0,5.0,1.0,io_bound,
2026-01-05 11:25:00,15.779252934448724,38.21768745225277,44.3167541000342,114.47536688099926,0.0,0.0,28.447646867568395,56.27919755960388,71.34363197998384,319.9631611278921,170.0,3.0,1.0,io_bound,
2026-01-05 11:26:00,17.21317991238201,34.85115528123619,44.58523901314629,112.3896088588696,0.0,0.0,24.737791401701276,56.24138545566309,69.04124629952005,323.6140555698533,171.0,5.0,1.0,io_bound,
2026-01-05 11:27:00,11.66898399926794,35.851865881223695,44.15310273420083,106.19248053731911,0.0,0.0,28.904168282837382,56.42374018049817,48.586077900799104,317.8578179464545,172.0,8.0,1.0,io_bound,
2026-01-05 11:28:00,13.275259332138804,37.13159481882213,44.07581035490919,105.7891829022009,0.0,0.0,29.361770294268688,55.55308513048982,56.93300733120851,306.8113877523302,173.0,3.0,1.0,io_bound,
2026-01-05 11:29:00,15.88665648348878,36.07869244849818,44.14100234016532,118.88266377855965,0.0,0.0,30.04564129914696,55.70784004930238,62.27280107403692,296.9833152409455,174.0,5.0,1.0,io_bound,
2026-01-05 11:30:00,13.650253024469539,37.19729830245986,44.106498531759584,96.53272056681337,0.0,0.0,28.70532374267403,52.68049507834215,84.85626120332793,292.56466960104194,175.0,2.0,1.0,io_bound,
2026-01-05 11:31:00,14.665304049534125,37.46351722381011,44.04568234258029,108.93698936721188,0.0,0.0,28.752550896248227,52.15148694812989,60.43862053628271,286.51825150523047,176.0,4.0,1.0,io_bound,
2026-01-05 11:32:00,8.737313986773634,39.06529002900817,43.1089384289114,94.95094171112737,0.0,0.0,26.411152074560597,52.53858822978353,45.58041674568062,286.47781438850217,177.0,5.0,1.0,io_bound,
2026-01-05 11:33:00,14.097744025185204,37.603860866969185,43.22589579289414,107.7325482947199,0.0,0.0,24.655694719977248,52.97301750027164,32.33095424320912,276.9325758516457,178.0,4.0,1.0,io_bound,
2026-01-05 11:34:00,15.274241370456938,37.51792774851241,43.06747181097541,112.8196530700799,0.0,0.0,25.395419968135215,50.62412411195049,52.36913524654181,277.5070499500889,179.0,2.0,1.0,io_bound,
2026-01-05 11:35:00,11.688401418053251,35.85508385432675,43.05392890107249,105.16939714690255,0.0,0.0,28.058234677781606,51.46332608186371,71.5581208167961,263.1365765983276,180.0,4.0,1.0,io_bound,
2026-01-05 11:36:00,10.363362142223915,36.853949150722116,42.81504821835388,98.12216944156498,0.0,0.0,23.521025851409732,51.538893984467656,49.81796737138906,261.57188459712796,181.0,2.0,1.0,io_bound,
2026-01-05 11:37:00,9.25528831173592,35.08661493815887,42.714793908766765,97.28651588501177,0.0,0.0,24.6225695331879,55.6391318149624,56.140465948342936,268.00495520161775,182.0,4.0,1.0,io_bound,
2026-01-05 11:38:00,7.560620544049478,36.28144499542386,42.548995946833756,80.19911543505455,0.0,0.0,23.26267337352918,55.44601733709131,43.974933367964915,287.8307740062018,183.0,5.0,1.0,io_bound,
2026-01-05 11:39:00,4.9880150911206655,40.9797258501626,41.909796461038525,72.97059913976133,0.0,0.0,24.283568502281206,57.4999600501049,22.541659714757024,283.4703402398257,184.0,5.0,1.0,io_bound,
2026-01-05 11:40:00,6.764454211031202,42.746261874596996,41.768291065570615,82.40831995355863,0.0,0.0,26.101309947569483,61.278180789382915,24.76754523264446,288.73005276462476,185.0,3.0,1.0,io_bound,
2026-01-05 11:41:00,6.763779752274864,40.528016882909895,41.093583025753425,82.99648456523141,0.0,0.0,29.33651188239581,61.15053343500715,42.85339248730345,269.53806472861766,186.0,5.0,1.0,io_bound,
2026-01-05 11:42:00,8.901791345791489,37.58341775233735,40.80722450490762,89.11541675539029,0.0,0.0,29.443420746787044,60.68786294881424,42.644348005767256,258.30271380231153,187.0,2.0,1.0,io_bound,
2026-01-05 11:43:00,11.301606833266526,37.865990792722265,41.31552911253525,92.30475612685885,0.0,0.0,29.311591864751087,61.65638524293695,47.46170070287454,250.3312415316256,188.0,7.0,1.0,io_bound,
2026-01-05 11:44:00,11.50990516797549,35.93848399187391,40.88751639170905,105.24602429083255,0.0,0.0,26.381520728819158,62.45231089617866,69.8993596981932,250.7782318422023,189.0,6.0,1.0,io_bound,
2026-01-05 11:45:00,18.45605134718393,37.16155197798164,41.154161854651875,119.22090718199107,0.0,0.0,27.9221778199106,59.30282460301659,36.98723132174539,249.143867084983,190.0,4.0,1.0,io_bound,
2026-01-05 11:46:00,18.52131197809446,34.1303903229115,41.517785466482536,123.67861171627047,0.0,0.0,24.981833086277128,60.741315986764434,53.2574422092916,251.3877020255395,191.0,2.0,1.0,io_bound,
2026-01-05 11:47:00,17.220480855653662,37.25985650253059,41.673027278526824,117.54578173789538,0.0,0.0,20.01159456632343,64.20114586700753,60.863653785514984,261.8697345416785,192.0,6.0,1.0,io_bound,
2026-01-05 11:48:00,18.882544111837806,37.06043938571516,42.22636072734171,118.3113804244465,0.0,0.0,20.033361499046244,61.90453055531701,52.62646045895546,254.09877130950971,193.0,3.0,1.0,io_bound,
2026-01-05 11:49:00,16.854385407892938,39.177553139569156,42.29879135836585,112.16333906019382,0.0,0.0,24.233120455450383,61.27556765004525,65.27846328335129,256.257074607921,194.0,4.0,1.0,io_bound,
2026-01-05 11:50:00,22.65759748491314,41.87335152160218,42.50655360502128,124.62596692441865,0.0,0.0,27.15967980815279,62.76475350191072,75.49689125663872,263.82485641320835,195.0,5.0,1.0,io_bound,
2026-01-05 11:51:00,23.474099449812794,41.78757210273612,43.04508856233404,139.3272115035312,0.0,0.0,32.18486077876396,63.09160220427354,80.7803492036877,252.9385914179759,196.0,2.0,1.0,io_bound,
2026-01-05 11:52:00,26.138861051081886,42.2687519930432,43.75168507692278,145.10211516459177,0.0,0.0,30.187807498490947,61.98808975749119,98.7057462610045,253.64903600316012,197.0,4.0,1.0,io_bound,
2026-01-05 11:53:00,27.700005109885126,41.96258030573863,44.685511683541506,147.0278878532832,0.0,0.0,30.291156551616453,62.966016177081,105.55181119637305,228.30610844320586,198.0,4.0,1.0,io_bound,
2026-01-05 11:54:00,25.649021660546673,39.95854186682783,45.45412449923248,140.64046580058138,0.0,0.0,30.16835146879883,62.44295530227788,99.02855100701643,244.50845839457594,199.0,3.0,1.0,io_bound,
2026-01-05 11:55:00,26.238443611175004,39.953556394486334,45.94389346744597,143.84732499312676,0.0,0.0,30.66416793300981,58.77586552273351,93.83277180238301,250.88219337394779,200.0,4.0,1.0,io_bound,
2026-01-05 11:56:00,23.555933271674938,41.4720280873843,46.33677012096866,145.85708568252159,0.0,0.0,35.98137522878501,60.84811902804985,81.12305433939098,237.43134404272246,201.0,2.0,1.0,io_bound,
2026-01-05 11:57:00,24.3552126493782,41.27871472396485,46.65039717281054,144.1628699691958,0.0,0.0,35.77380719705647,61.550326876115186,82.90817456746267,236.7065056532391,202.0,3.0,1.0,io_bound,
2026-01-05 11:58:00,23.789220893040387,39.906085640966445,47.16199462876934,154.42336866671468,0.0,0.0,36.58829894869111,59.72982266348938,65.38389329120494,218.54773538523133,203.0,5.0,1.0,io_bound,
2026-01-05 11:59:00,27.262696541464774,37.82536962502674,47.26221328323652,152.31661120284713,0.0,0.0,31.809069247174317,56.32325425885271,76.16295527611936,215.72812264926063,204.0,4.0,1.0,io_bound,
