timestamp,gpu_utilization,memory_utilization,gpu_temperature,power_consumption,ecc_errors,xid_errors,cpu_usage,ram_usage,network_throughput,disk_io,job_runtime,queue_length,active_processes,label,incident
2026-01-05 00:00:00,0.9881358947363613,11.355220167965582,38.0,59.52111176888178,0.0,0.0,4.831696552214091,32.43682933011306,3.654998553157472,2.098217178517487,0.0,3.0,0.0,idle,
2026-01-05 00:01:00,3.158696577556033,8.518728509281738,38.11296609746145,70.8381442095807,0.0,0.0,7.4655297045486115,32.9469550946171,0.0,1.5770057964537945,0.0,2.0,0.0,idle,
2026-01-05 00:02:00,5.804645031493752,9.72644933545543,38.5141071621598,78.52973883242329,0.0,0.0,4.528365134774583,33.044964888940044,0.0,1.087854263790505,0.0,1.0,0.0,idle,
2026-01-05 00:03:00,9.407760944703186,13.067241644645213,39.33245054343118,94.98217004511727,0.0,0.0,7.056516822139838,31.228737233302088,0.0,0.0,0.0,3.0,0.0,idle,
2026-01-05 00:04:00,8.78100033785416,15.994425420959121,39.627504547784106,87.63016334943504,0.0,0.0,5.097182168595319,32.203356249486006,10.256700044716908,0.0,0.0,3.0,0.0,idle,
2026-01-05 00:05:00,11.729679712316708,15.525877266708662,40.35358485234347,101.2739591061807,0.0,0.0,4.647617201724504,31.2348161020699,0.0,0.0,0.0,4.0,0.0,idle,
2026-01-05 00:06:00,10.574333239331924,14.812882018179785,40.511340626747575,103.42561605946729,0.0,0.0,4.695385157638508,29.3292351365574,14.45727290744247,0.0,0.0,1.0,0.0,idle,
2026-01-05 00:07:00,7.81939311408471,11.035473392840068,40.65895396608289,86.93907508648236,0.0,0.0,2.1882843923663127,28.315630558951632,31.151191335114962,0.0,0.0,3.0,0.0,idle,
2026-01-05 00:08:00,7.803308285276156,8.935163625605682,40.59517662182349,89.85328771985552,0.0,0.0,0.3225663900227387,26.470975655669477,8.740106277790797,8.290206652674906,0.0,0.0,0.0,idle,
2026-01-05 00:09:00,10.602357624917298,7.531223109939297,40.25457663278145,92.86133949426694,0.0,0.0,0.0,25.704900100477108,16.21189006591761,0.0,0.0,6.0,0.0,idle,
2026-01-05 00:10:00,10.606063793599139,10.002288911379212,40.97756970586282,98.17465709566554,0.0,0.0,0.7185999327983739,26.866310577534605,35.13226425283063,0.0,0.0,4.0,0.0,idle,
2026-01-05 00:11:00,7.362907135760828,12.233450653772648,41.358273205754216,89.24702775349056,0.0,0.0,0.0,27.15439353929283,9.231444283163693,0.0,0.0,4.0,0.0,idle,
2026-01-05 00:12:00,8.96798179253768,13.265969468404531,41.75168766861414,79.46088548207021,0.0,0.0,0.0,28.028634778806932,7.249253665756287,0.0,0.0,1.0,0.0,idle,
2026-01-05 00:13:00,7.2764321952924655,15.196090394378555,41.411866876496894,78.45547401137853,0.0,0.0,0.0,29.45364585917018,33.86307409791499,3.411125598877364,0.0,0.0,0.0,idle,
2026-01-05 00:14:00,7.5308033509700225,14.133295520113142,40.92867570310023,91.5223197796523,0.0,0.0,0.0,30.997432565390266,13.962166618936351,6.974000237245086,0.0,3.0,0.0,idle,
2026-01-05 00:15:00,8.840872943309073,13.555337786030966,41.13360116610718,86.80199457328526,1.0,0.0,0.9471560942684101,30.687423093213148,12.66680457875816,26.079732263413415,0.0,3.0,0.0,idle,
2026-01-05 00:16:00,8.95217493301576,11.857336396392306,41.23671539482817,91.06451468373182,0.0,0.0,9.045491697953462,37.49471920013903,20.543437868580124,20.593337215215115,0.0,2.0,0.0,idle,
2026-01-05 00:17:00,5.603711438029158,10.155684487232614,40.604185196914216,82.15024770323288,0.0,0.0,8.114619692254484,38.48320338524594,6.957390827404708,20.566874735689535,0.0,4.0,0.0,idle,
2026-01-05 00:18:00,3.143517069729401,8.935937028186558,40.71378746707753,68.77814788956132,0.0,0.0,7.655982593355002,39.12379008840966,17.895070492238563,28.234916410254385,0.0,2.0,0.0,idle,
2026-01-05 00:19:00,4.344007445880286,6.712778290861605,40.301825029274816,71.69492967448363,0.0,0.0,6.127054485491813,36.612098619443714,0.0,21.605835085997114,0.0,2.0,0.0,idle,
2026-01-05 00:20:00,7.640784576077703,7.933111312872079,40.719442406207385,91.513240348338,0.0,0.0,8.036008129785445,33.814340889532104,0.0,27.719583798467212,0.0,2.0,0.0,idle,
2026-01-05 00:21:00,8.951174264139055,10.245734953324373,40.97902589046694,93.37130039701088,0.0,0.0,7.448110747208132,34.84674757209976,4.383781461160854,26.29245563320777,0.0,1.0,0.0,idle,
2026-01-05 00:22:00,8.256104497670366,7.260218808256438,40.588864934594284,93.0852115766354,0.0,0.0,6.11885996608764,33.41158619059939,32.98859197256192,36.485034775127104,0.0,2.0,0.0,idle,
2026-01-05 00:23:00,4.8322674371256,8.110470483410914,40.23580913901611,68.55407595134828,0.0,0.0,11.14645848755238,30.2577527340629,36.24321408463142,34.889853015590326,0.0,1.0,0.0,idle,
2026-01-05 00:24:00,5.000844686344736,9.957037279028683,40.212758562651906,75.87627582677177,0.0,0.0,6.34709423025644,26.089005525016432,50.39741369763492,35.161177252886176,0.0,3.0,0.0,idle,
2026-01-05 00:25:00,1.390615636034064,13.566043406351111,39.806248486264494,64.54228099620636,0.0,0.0,8.212896904854322,24.968521611887503,45.067845430588505,38.17613392223523,0.0,1.0,0.0,idle,
2026-01-05 00:26:00,0.0,11.79338235396537,39.18305719658697,54.472702156132726,0.0,0.0,6.973227102786986,28.25136046891187,32.102535439338766,25.217911790292685,0.0,3.0,0.0,idle,
2026-01-05 00:27:00,0.0,14.334814726390118,39.25226518194761,61.383312247983994,0.0,0.0,0.8055887409450104,28.128951089844854,36.50351443589248,28.79409299783528,0.0,4.0,0.0,idle,
2026-01-05 00:28:00,0.0,15.442225626353629,39.52557071025932,68.81163502698259,0.0,0.0,0.6421017247983158,31.57823305731673,15.604792128569077,24.029305589053692,0.0,1.0,0.0,idle,
2026-01-05 00:29:00,0.0,13.459577738091738,39.488480173726884,64.47995083290859,0.0,0.0,0.0,30.881547051521988,2.55839169061045,37.328301849623614,0.0,1.0,0.0,idle,
2026-01-05 00:30:00,0.0,11.495166538153205,39.18603022754383,71.33619713930419,0.0,0.0,1.4013664311954082,32.82852563136185,12.479396415843112,18.68489498091879,0.0,1.0,0.0,idle,
2026-01-05 00:31:00,0.0,13.904490393916602,38.636772404749024,60.836403029770956,0.0,0.0,0.0,30.62022335913496,32.01508455440363,18.245418626054725,0.0,2.0,0.0,idle,
2026-01-05 00:32:00,0.25006522610152737,12.77341468955071,38.06998389196781,62.23681239728155,0.0,0.0,1.6928584889858969,31.454790017809593,43.02219425632645,8.954525472909044,0.0,0.0,0.0,idle,
2026-01-05 00:33:00,0.0,13.097876983397741,38.13613584853797,69.7571423394707,0.0,0.0,5.089334709354068,31.558289599121128,26.099457047951567,19.386861449192956,0.0,2.0,0.0,idle,
2026-01-05 00:34:00,0.0,13.285003433149072,37.89609234575834,59.402828039545064,0.0,0.0,9.430507748649259,31.6018812092776,14.400134627543867,9.649159215920994,0.0,2.0,0.0,idle,
2026-01-05 00:35:00,0.0,9.320736150927981,38.139958382831196,59.3766744994208,0.0,0.0,7.134332725041632,32.8009653280358,14.9116799481286,0.0,0.0,0.0,0.0,idle,
2026-01-05 00:36:00,0.0,8.708596218086832,38.196525579838124,63.73257663026129,0.0,0.0,2.688635060431701,31.109749872789486,11.997799185604027,0.2760862500426069,0.0,0.0,0.0,idle,
2026-01-05 00:37:00,0.0,8.504448129537767,37.75654794346219,50.0,0.0,0.0,0.26710414072968014,27.82346935373974,43.06154114576541,0.0,0.0,3.0,0.0,idle,
2026-01-05 00:38:00,0.0,11.037744730697042,37.844307096466125,57.00940095813793,0.0,0.0,0.0,29.62388159217064,45.31887003884648,0.0,0.0,1.0,0.0,idle,
2026-01-05 00:39:00,0.0,10.212957805909596,38.30559635125634,69.72408588148284,0.0,0.0,1.9754184054502724,29.929422269111647,13.338847995459734,0.0,0.0,1.0,0.0,idle,
2026-01-05 00:40:00,1.7962565811011117,11.101437885203982,38.05238311950341,60.878350535658285,0.0,0.0,5.089338199113266,32.54762628797176,37.16059587545591,7.264403311941736,0.0,2.0,0.0,idle,
2026-01-05 00:41:00,4.873244734464941,7.943871611667506,38.04639467077721,73.79538816616012,0.0,0.0,1.716376233279377,31.356132365695803,52.47291455394254,0.0,0.0,3.0,0.0,idle,
2026-01-05 00:42:00,6.553157658750573,9.179557330344306,38.18488142185409,72.3009533473346,0.0,0.0,6.530842516572587,32.472969460925604,36.535504194345776,0.0,0.0,2.0,0.0,idle,
2026-01-05 00:43:00,4.7814718573941555,8.809373282807785,38.530262690092684,76.9321078103808,0.0,0.0,5.897374591864345,32.959771390672,43.48259859106485,0.0,0.0,2.0,0.0,idle,
2026-01-05 00:44:00,4.944629729022353,9.450820296286844,38.66857908502393,78.49979980436373,0.0,0.0,8.25635917846818,32.82262885015139,13.320962000318826,0.0,0.0,4.0,0.0,idle,
2026-01-05 00:45:00,1.7445935923173548,7.8074505133325705,38.42686731809661,70.09997505586406,0.0,0.0,3.9775687952029894,34.00474950000974,0.0,0.0,0.0,4.0,0.0,idle,
2026-01-05 00:46:00,3.289940001882681,8.166279338710229,38.42485473339216,69.85140968315945,0.0,0.0,9.368621754592674,31.655781386206332,0.0,0.0,0.0,0.0,0.0,idle,
2026-01-05 00:47:00,5.095409819764567,6.788686303090274,38.712587883796964,77.4538072047831,0.0,0.0,8.837377775791609,33.567789597944504,0.0,0.1451949037237199,0.0,1.0,0.0,idle,
2026-01-05 00:48:00,4.512806581444878,8.62724286058389,38.84239439410095,76.66754869250059,0.0,0.0,9.468668128507153,35.96312568715398,0.0,0.0,0.0,1.0,0.0,idle,
2026-01-05 00:49:00,1.5608833623972753,12.926258695030924,39.091258587926,66.87396248432779,0.0,0.0,7.602634259407112,36.04603885691836,0.0,0.0,0.0,0.0,0.0,idle,
2026-01-05 00:50:00,2.5844277347076465,14.644406057186883,39.18245799751069,69.75534294837179,0.0,0.0,7.683543026733558,34.19723014904433,0.0,0.0,0.0,1.0,0.0,idle,
2026-01-05 00:51:00,3.627170995018178,18.8019688061688,39.19650513854492,74.18590672024794,0.0,0.0,8.235421751119919,35.94114778638823,0.0,9.528211777914887,0.0,2.0,0.0,idle,
2026-01-05 00:52:00,5.6742402636678575,16.353778885798768,39.12571062289461,79.53336500173972,0.0,0.0,4.362146233404344,32.91262144293126,0.0,12.947640731366164,0.0,2.0,0.0,idle,
2026-01-05 00:53:00,3.816032257065175,14.29752676992276,39.19879948018154,77.2533576903327,0.0,0.0,9.91779372212341,31.149185990996145,0.0,11.596147418866545,0.0,0.0,0.0,idle,
2026-01-05 00:54:00,1.6598107514680351,16.369765912907972,38.88312894352021,71.8864098121164,0.0,0.0,15.623029209134383,28.941884742880532,15.883911558946618,24.69405722622032,0.0,3.0,0.0,idle,
2026-01-05 00:55:00,3.683252723900018,16.665696743023513,39.07484386228451,74.33521510319893,0.0,0.0,13.271601311016028,28.142330097954407,16.972463238234138,4.454243290957397,0.0,2.0,0.0,idle,
2026-01-05 00:56:00,29.10901839819065,43.80601385103048,40.332272825480544,147.83996519380494,0.0,0.0,35.66827524890758,37.04041387521459,68.32429423459831,353.0530419375317,0.0,3.0,3.0,io_bound,
2026-01-05 00:57:00,27.327792139526736,42.96571795387527,41.29389972895601,154.18527797748743,0.0,0.0,36.25150523369505,39.71147762905426,56.13485395376636,356.19464428300836,1.0,3.0,3.0,io_bound,
2026-01-05 00:58:00,24.551392496470207,45.19625486947672,41.840273991655025,145.16334845099712,0.0,0.0,35.60479902215657,39.779012475147745,54.948148412551305,360.4678227284039,2.0,2.0,3.0,io_bound,
2026-01-05 00:59:00,27.012300745211718,44.29531210644129,42.71995966722426,151.7172333724017,0.0,0.0,34.023198578602546,39.91601444418983,42.27457225072838,363.77738295431584,3.0,7.0,3.0,io_bound,
2026-01-05 01:00:00,25.090935136471902,43.96677494266834,43.13073281965804,141.57206412023731,0.0,0.0,31.052077244131198,42.578468962169424,53.19171699166111,360.82013477476534,4.0,5.0,3.0,io_bound,
2026-01-05 01:01:00,26.315108009506503,43.837846897281416,44.03886289740198,155.03871178093436,0.0,0.0,35.807340106307805,40.765643966766845,56.024138154282696,352.83808504777824,5.0,3.0,3.0,io_bound,
2026-01-05 01:02:00,25.04106808662378,43.83989553651434,44.44389422768826,139.96875806868107,0.0,0.0,36.11043366235677,39.46552632288483,54.65226428648438,344.29537491807133,6.0,2.0,3.0,io_bound,
2026-01-05 01:03:00,23.170974995519742,44.1456598996608,45.31656448769884,138.37812921234007,0.0,0.0,34.48163557856981,38.246165084710235,66.4866733494366,353.2031356081535,7.0,5.0,3.0,io_bound,
2026-01-05 01:04:00,27.305577155965608,43.47812639948132,46.20341534784931,156.40189978834448,0.0,0.0,31.060028602897955,41.438701886526914,57.558201597371465,351.7635174494116,8.0,5.0,3.0,io_bound,
2026-01-05 01:05:00,27.26354203787705,41.73161386410656,46.4382856611609,155.54682957804874,0.0,0.0,31.70310071648443,36.262197844638216,50.2723164677993,347.48902321397736,9.0,3.0,3.0,io_bound,
2026-01-05 01:06:00,28.97389157387282,37.77082801965922,46.85532028230505,159.99699190455019,0.0,0.0,31.369448815359494,38.53906518692773,40.587409769962576,354.07899480983,10.0,4.0,3.0,io_bound,
2026-01-05 01:07:00,30.565122362346585,34.49034096850521,47.708246909454964,170.79190673213364,0.0,0.0,31.73604087287431,36.6793141639948,46.94978023362943,347.294679787956,11.0,4.0,3.0,io_bound,
2026-01-05 01:08:00,29.074321533994777,32.9559389740651,48.19279399545817,161.73476151201922,0.0,0.0,22.400742309369363,37.57151801762142,64.3652103345793,351.9808235481755,12.0,7.0,3.0,io_bound,
2026-01-05 01:09:00,28.457516644586242,34.48033761071542,48.527980577565096,153.27059591071227,0.0,0.0,22.969468804600062,38.22416265431724,44.763407494103014,338.83863975568767,13.0,7.0,3.0,io_bound,
2026-01-05 01:10:00,26.78449635074483,36.17327642711695,48.8530291869472,155.0440246321865,0.0,0.0,24.972006894903636,38.0650952387942,70.2491831698288,329.8202977977235,14.0,4.0,3.0,io_bound,
2026-01-05 01:11:00,28.535812265912597,35.105881562619814,49.13890088634542,153.53319252612147,0.0,0.0,24.367062611472317,40.88785488282029,75.78419483212417,332.31204644949963,15.0,4.0,3.0,io_bound,
2026-01-05 01:12:00,32.4050559797229,35.337791297015386,49.64730715522411,181.53584066834233,0.0,0.0,29.18856261324759,37.15012096720895,65.99867886538902,349.361810608377,16.0,3.0,3.0,io_bound,
2026-01-05 01:13:00,31.313838717684884,39.332298474528976,50.03016672017918,159.64769237526457,0.0,0.0,25.086748759251293,34.8257580370692,77.8927929472865,341.2307012043414,17.0,5.0,3.0,io_bound,
2026-01-05 01:14:00,30.95708151311699,40.04114201202937,50.12922711300151,161.36250645657466,0.0,0.0,26.013519067249177,35.2843001225574,89.05194320425605,349.16892066571796,18.0,2.0,3.0,io_bound,
2026-01-05 01:15:00,30.3360632860253,36.76497562581255,50.0846590274145,168.40014122043408,0.0,0.0,30.016228962455266,38.02978330482173,71.58614621530118,362.49479114648904,19.0,3.0,3.0,io_bound,
2026-01-05 01:16:00,28.993884357574988,39.660932058324974,49.9024017504689,158.0510414110469,0.0,0.0,30.433242639749487,37.94966951967253,65.34697202614718,373.1406953852186,20.0,4.0,3.0,io_bound,
2026-01-05 01:17:00,24.56177094948003,39.616308067147784,49.474552737112006,142.22379194599915,0.0,0.0,33.56921759669271,38.35179528759139,89.02624011380533,367.0884160997819,21.0,4.0,3.0,io_bound,
2026-01-05 01:18:00,24.043752862846954,41.70859496646465,49.07603099617519,141.07180801152558,0.0,0.0,34.41949656861373,41.715576489331376,91.52355090941712,373.9874524782662,22.0,2.0,3.0,io_bound,
2026-01-05 01:19:00,21.253146904809316,42.24531603104722,48.66171863040388,132.06131964924353,0.0,0.0,33.89417899687854,43.32986646954925,77.32808540239893,383.36368586843366,23.0,5.0,3.0,io_bound,
2026-01-05 01:20:00,23.292990759862757,43.48781696897371,48.67795535431323,144.03523354960606,0.0,0.0,33.159046661955806,44.25219943637052,75.61411771388944,382.32758169910477,24.0,4.0,3.0,io_bound,
2026-01-05 01:21:00,22.438485906955307,42.60922716434252,48.516210580811276,134.10114863998263,0.0,0.0,30.889973491100246,43.79348509065091,74.50526170052207,379.4320339917716,25.0,7.0,3.0,io_bound,
2026-01-05 01:22:00,21.523539080630314,42.01669677837651,48.62863322594539,143.99335911274247,0.0,0.0,27.849724229402305,42.043506823358236,90.97585794223976,371.0542039526209,26.0,5.0,3.0,io_bound,
2026-01-05 01:23:00,17.286533745023466,42.41058539816427,48.46675672769216,122.6885528042242,0.0,0.0,31.17970803984988,40.32713309861875,74.68148606330692,343.8676214580143,27.0,4.0,3.0,io_bound,
2026-01-05 01:24:00,19.53151712758394,42.701702749344136,48.22694138083543,128.4871057527006,0.0,0.0,33.218153886180154,41.56837770532312,88.54500605592828,348.7356831878427,28.0,5.0,3.0,io_bound,
2026-01-05 01:25:00,16.497780769674772,38.79373127738072,47.53224686903792,110.20487987905258,0.0,0.0,28.86824592197885,35.48283089043368,109.39364453786455,344.092703246395,29.0,2.0,3.0,io_bound,
2026-01-05 01:26:00,19.65445720137302,37.54286877284774,47.106370837868155,119.76775936668285,0.0,0.0,32.31531299735953,36.872128696120804,104.50124049543979,339.4136088431574,30.0,8.0,3.0,io_bound,
2026-01-05 01:27:00,20.645333637499625,37.66461457262335,47.04966386061623,126.30044016743881,0.0,0.0,26.46528775478045,35.154708157250035,89.92620704387437,339.232095095421,31.0,3.0,3.0,io_bound,
2026-01-05 01:28:00,22.12048377601116,32.47575071930943,47.25109322042645,136.1982875861238,0.0,0.0,25.196356150798255,39.706819280958484,84.06328142970085,341.52379056702375,32.0,7.0,3.0,io_bound,
2026-01-05 01:29:00,21.1721041649599,35.90644197950171,47.200031489113414,142.72648648816124,0.0,0.0,26.884591811825462,38.91713823921178,98.40161776969151,344.5049998906903,33.0,7.0,3.0,io_bound,
2026-01-05 01:30:00,20.239603939238158,36.8096763154289,47.11235801744317,132.42281951248222,0.0,0.0,27.382950701341347,38.24148095762784,76.7199490723498,345.22731023285644,34.0,2.0,3.0,io_bound,
2026-01-05 01:31:00,27.033060553108058,33.32861912044616,47.56399261424295,145.05759378631709,0.0,0.0,29.493990257989683,39.273716118445805,67.51091361704258,353.1784477344315,35.0,3.0,3.0,io_bound,
2026-01-05 01:32:00,28.646990089844703,35.80859253849973,47.98258954056066,163.439471592169,0.0,0.0,28.57546713642985,42.68318014775871,68.00566203079745,347.5915940020534,36.0,5.0,3.0,io_bound,
2026-01-05 01:33:00,24.7369331358703,38.59122488561707,47.72046762928394,141.7477106439223,0.0,0.0,27.878334429730227,44.15396453379324,58.58573185922485,343.55575972927386,37.0,5.0,3.0,io_bound,
2026-01-05 01:34:00,24.90041116524783,32.87538461796653,47.96450428522254,148.34565420844288,0.0,0.0,27.34541555521873,41.45576208491224,60.412422061070174,352.52798810103224,38.0,5.0,3.0,io_bound,
2026-01-05 01:35:00,23.086511367586564,29.896497892366035,47.94640607065462,140.58481555146844,0.0,0.0,28.77596136136596,38.37078843209012,58.045394573625025,368.3522785833992,39.0,6.0,3.0,io_bound,
2026-01-05 01:36:00,21.759881300487493,34.69819504283576,47.791478675640874,144.49236249592147,0.0,0.0,24.60007894186832,40.8495191328686,90.73744908278879,360.8667238244229,40.0,8.0,3.0,io_bound,
2026-01-05 01:37:00,23.619865364688234,32.08532262500651,47.45835238250911,140.16878815665703,0.0,0.0,28.526685375686476,42.63830755540932,87.57871857908765,382.5390972464534,41.0,3.0,3.0,io_bound,
2026-01-05 01:38:00,24.99440063325406,33.630607796101735,47.56578837310264,152.42624329523278,0.0,0.0,28.03398668516316,40.553344594023265,60.55999520858413,359.0365798499157,42.0,4.0,3.0,io_bound,
2026-01-05 01:39:00,21.952902746613077,30.135876565418474,47.40637748427781,132.09469689100385,0.0,0.0,31.00658853684464,37.1517165070006,46.23718605156401,367.2445068065767,43.0,5.0,3.0,io_bound,
2026-01-05 01:40:00,25.881736088262052,30.92319382332674,47.69136043850458,159.45695636982666,0.0,0.0,30.13463379329218,37.835843565018244,71.21775617494461,358.14788486797005,44.0,2.0,3.0,io_bound,
2026-01-05 01:41:00,24.46626781068243,32.05130539754873,47.551315234864155,138.89946128042814,0.0,0.0,30.176420353530403,38.104655218482584,65.32243431989549,359.1180820626049,45.0,3.0,3.0,io_bound,
2026-01-05 01:42:00,15.052251423480648,36.0887098565954,47.55211727871317,113.3519410108653,0.0,0.0,31.518407540283377,37.765082006889386,51.38426918804799,344.2956017200288,46.0,2.0,3.0,io_bound,
2026-01-05 01:43:00,12.44629578417333,39.35498461052609,47.065660997069564,108.56312499975895,0.0,0.0,32.182262398861255,39.756063186412305,45.221071529277296,326.4782156925677,47.0,4.0,3.0,io_bound,
2026-01-05 01:44:00,15.333541390732222,35.46903354741434,46.729922779857475,115.12125368907871,0.0,0.0,30.217559273340456,36.641198566465846,57.1958224827047,320.13099903385796,48.0,2.0,3.0,io_bound,
2026-01-05 01:45:00,19.203947738894506,37.54127249441262,46.79072945250725,121.34039001934502,0.0,0.0,28.61230146091143,38.38876970229663,38.05442449131377,311.0406878058472,49.0,5.0,3.0,io_bound,
2026-01-05 01:46:00,17.576532506998266,36.20584594169606,46.429483586159094,118.9803947761731,0.0,0.0,26.155172713014586,37.140023330831255,34.429915755827444,294.55466016976686,50.0,4.0,3.0,io_bound,
2026-01-05 01:47:00,20.328179145519893,35.04721178947999,46.45417909410307,128.19561998992575,0.0,0.0,22.936200957824767,37.16384551331118,55.63383153623217,300.6572077679907,51.0,3.0,3.0,io_bound,
2026-01-05 01:48:00,21.276105319304637,37.669069455068055,46.74548916968119,138.61617240163258,0.0,0.0,27.135665379394137,40.633412116297784,44.13159311112207,304.4785271498402,52.0,4.0,3.0,io_bound,
2026-01-05 01:49:00,21.304025148674878,41.214251610170734,46.8070442545513,130.51779889152064,0.0,0.0,32.86756347524117,42.42559651127267,35.924579971818154,318.70737438022826,53.0,2.0,3.0,io_bound,
2026-01-05 01:50:00,21.855700851173914,40.43241040447249,47.23919966178758,134.6259606796422,0.0,0.0,27.234797617822444,41.32938937621958,68.40775031276766,313.79227464412287,54.0,3.0,3.0,io_bound,
2026-01-05 01:51:00,19.996617769169543,42.11054936586224,47.34716634627466,131.06040735203766,0.0,0.0,27.246372803248164,40.15928866690055,82.1011844375793,308.74908377971235,55.0,2.0,3.0,io_bound,
2026-01-05 01:52:00,21.52657004922007,38.860978093368026,47.130496093742316,124.03725032058276,0.0,0.0,21.652297994760012,38.47324623969013,104.02485703365667,320.3701556963396,56.0,4.0,3.0,io_bound,
2026-01-05 01:53:00,20.3095390237415,40.72943188432934,47.054476761193506,126.24025485352122,0.0,0.0,24.701297280871565,38.943874843715804,92.21696502844856,332.99498902692477,57.0,3.0,3.0,io_bound,
2026-01-05 01:54:00,22.6820257115127,41.34613377725934,47.26744168049366,132.0973995473103,0.0,0.0,26.515921688955135,39.17225083101276,77.29101949967917,323.6693980830132,58.0,3.0,3.0,io_bound,
2026-01-05 01:55:00,19.414748313527873,37.59402390293958,47.41495525540499,123.57420270427001,0.0,0.0,23.00253005702363,36.144516053378794,81.90036837849216,336.5087777386311,59.0,8.0,3.0,io_bound,
2026-01-05 01:56:00,20.430462425208734,36.71921894955415,47.19759807078122,133.10683777541658,0.0,0.0,25.303405735576078,36.451122548376105,47.91863116137332,339.9609240611783,60.0,4.0,3.0,io_bound,
2026-01-05 01:57:00,17.680458384174724,38.350010113406896,46.83952954769582,124.36522888213435,0.0,0.0,31.090158467915703,37.07399223952177,72.19929218514302,353.1588247017869,61.0,4.0,3.0,io_bound,
2026-01-05 01:58:00,20.406996939082763,37.88376798332664,46.848948842135066,133.78981303627083,0.0,0.0,31.343582069009926,40.61650419375587,83.76671556523002,348.84113076246894,62.0,3.0,3.0,io_bound,
2026-01-05 01:59:00,19.90177632778156,38.45960310063993,46.710043838896794,124.52267433233803,0.0,0.0,30.494901235101917,38.56728596154459,90.15827677360349,343.0420462189455,63.0,4.0,3.0,io_bound,
2026-01-05 02:00:00,20.605271003818352,40.556389261800085,46.32861642264649,125.69763114402875,0.0,0.0,25.88534737589672,36.573342977033505,99.96975055795902,339.5131210006901,64.0,2.0,3.0,io_bound,
2026-01-05 02:01:00,20.54476780502653,41.34694623542616,46.04989815873006,127.5435439790738,0.0,0.0,29.404425826435194,35.64313801376167,74.58743885456984,334.6682831684857,65.0,7.0,3.0,io_bound,
2026-01-05 02:02:00,18.19774171123237,40.93728228857733,45.92635482410268,128.30034558669934,0.0,0.0,36.081239731966,38.13583571964686,65.5590579852894,332.2361618068481,66.0,3.0,3.0,io_bound,
2026-01-05 02:03:00,14.461055918393786,38.585210810978595,45.7026247432852,108.4317379208109,0.0,0.0,34.69577609520806,36.4142730435059,59.757452732061175,335.22071824020884,67.0,5.0,3.0,io_bound,
2026-01-05 02:04:00,15.43972449576793,39.73883487593223,45.68817031300629,115.11188764735147,0.0,0.0,34.37546436595843,37.40375798717853,46.92468775603722,345.2425487916903,68.0,3.0,3.0,io_bound,
2026-01-05 02:05:00,12.94063457300109,37.64070940607709,45.32913795198051,105.39097214083243,0.0,0.0,34.30228048041229,39.278084794545876,35.04955476988852,362.35242357121854,69.0,4.0,3.0,io_bound,
2026-01-05 02:06:00,15.544626573740754,37.96604056287993,44.955545816749414,116.34526355738177,0.0,0.0,33.11982385213386,40.08266656939739,32.52587538270494,356.70298635065365,70.0,2.0,3.0,io_bound,
2026-01-05 02:07:00,20.3356908040488,40.35165874826797,45.246039365585546,124.97119937339139,0.0,0.0,29.84337838696673,42.07283080883201,56.309946043885475,359.7296736425041,71.0,4.0,3.0,io_bound,
2026-01-05 02:08:00,17.581484017193212,44.49616988613835,45.53940116229036,110.26690120544743,0.0,0.0,25.87363862463762,44.015886348989106,54.603410845124515,345.40797117983186,72.0,4.0,3.0,io_bound,
2026-01-05 02:09:00,17.615885436558536,46.2575818197023,45.86908581585793,120.09044837344406,0.0,0.0,25.212188773411746,42.17518713946135,60.20922341843017,341.36336792735597,73.0,3.0,3.0,io_bound,
2026-01-05 02:10:00,19.389666681302888,45.20700494500674,45.877696565783545,127.74835070031263,0.0,0.0,19.45996887685141,40.138698824858075,79.60458632352501,329.118818422462,74.0,4.0,3.0,io_bound,
2026-01-05 02:11:00,25.066399109195636,47.46589809266373,46.20522948509396,150.3827086668047,0.0,0.0,18.26729301071542,38.148379415350774,60.666401764111654,324.6856271569884,75.0,2.0,3.0,io_bound,
2026-01-05 02:12:00,21.889404074447324,51.21924393582456,45.959294742699555,133.62529625719873,0.0,0.0,18.327096489394602,38.91529934590208,58.38443885949578,321.4174164257297,76.0,4.0,3.0,io_bound,
2026-01-05 02:13:00,20.129124948156164,51.13733454457694,45.8182970248886,131.31277025010658,0.0,0.0,18.879529117276626,39.2181928331879,61.694143289805695,335.65666642454164,77.0,3.0,3.0,io_bound,
2026-01-05 02:14:00,19.635239016503675,49.9377054914068,45.94307579179795,125.70149000734385,0.0,0.0,21.584910860648954,33.747683637747485,85.86443016515739,334.70230198849424,78.0,4.0,3.0,io_bound,
2026-01-05 02:15:00,18.15770266926481,51.019841114977424,45.51449317126958,125.14566691310685,0.0,0.0,22.55122481348151,36.43965345135625,77.79019956544923,339.5532552244393,79.0,5.0,3.0,io_bound,
2026-01-05 02:16:00,17.572748110707135,48.69505227608251,45.7380653624214,127.35152234735176,0.0,0.0,22.493894761273843,38.65086850424778,64.68415668801724,334.6095519552993,80.0,4.0,3.0,io_bound,
2026-01-05 02:17:00,23.24419479137439,45.28756458859386,46.03982908918347,139.94826126677657,0.0,0.0,18.91664177604904,40.88489230428219,42.22212004108857,324.98594015055824,81.0,3.0,3.0,io_bound,
2026-01-05 02:18:00,21.087041842334916,44.71086841170764,46.04489485660792,127.3073318844676,0.0,0.0,22.51676593125108,40.847239518803974,54.2586322128201,332.07868936707143,82.0,4.0,3.0,io_bound,
2026-01-05 02:19:00,22.575044240986106,45.76126332391896,46.28080671287605,132.32292166471663,0.0,0.0,22.536135954822456,39.48134057460017,84.22857967996501,338.32318140692007,83.0,3.0,3.0,io_bound,
2026-01-05 02:20:00,19.19357480020176,43.79197320229103,46.11065339941434,128.65232672454107,0.0,0.0,20.390753218889216,37.05958660405523,69.837143283144,337.06128850361887,84.0,5.0,3.0,io_bound,
2026-01-05 02:21:00,20.784438173700774,44.084937362838815,46.54012211979605,134.68613220768327,0.0,0.0,15.860782817179006,34.9857921685144,78.47582683406708,359.7809845320844,85.0,4.0,3.0,io_bound,
2026-01-05 02:22:00,22.90785081575723,45.42896353603034,46.55502208913901,138.5304531476384,0.0,0.0,15.950644333714322,38.82704533583843,65.03438630938884,366.0381393595616,86.0,7.0,3.0,io_bound,
2026-01-05 02:23:00,22.609671702444142,45.56567060166127,46.406511962348794,142.59736683727135,0.0,0.0,16.604781809188108,37.579192962410474,55.71632487115346,357.69053393363293,87.0,3.0,3.0,io_bound,
2026-01-05 02:24:00,21.098378060948015,48.83383236538566,46.606338377407496,137.82937398500087,0.0,0.0,21.294266165948624,39.14453897406953,69.44107070073582,340.33353642125724,88.0,6.0,3.0,io_bound,
2026-01-05 02:25:00,16.929870042983868,50.039807321661826,46.620352443084386,115.8599970712376,0.0,0.0,24.715533809777877,40.64897862536642,75.51003524625987,353.7198810111884,89.0,3.0,3.0,io_bound,
2026-01-05 02:26:00,20.670387398422633,47.18695602832685,47.13994018699849,130.46420743520727,0.0,0.0,22.877209478237333,38.34907612854955,88.80783137863773,359.9149157782762,90.0,3.0,3.0,io_bound,
2026-01-05 02:27:00,20.91294710977221,47.66986443391074,46.957518945296094,125.63948056251327,0.0,0.0,23.577825666948463,39.21532106001136,87.56849787475643,372.35308821867784,91.0,2.0,3.0,io_bound,
2026-01-05 02:28:00,20.07920107889638,43.28900758081093,47.05581998522576,130.1165068342559,0.0,0.0,24.181442660116975,40.504130504722994,79.86386275063117,348.7564264679853,92.0,5.0,3.0,io_bound,
2026-01-05 02:29:00,21.14455989352746,44.49902789348949,47.29487600757733,140.09235359727748,0.0,0.0,27.061784284505674,42.93092147621051,90.42810722743783,361.93527477575986,93.0,4.0,3.0,io_bound,
2026-01-05 02:30:00,19.281369190924686,44.478307741157245,47.2216305956042,108.33247488771676,0.0,0.0,25.115316069832172,45.08080619041104,96.86936551288119,374.6735224546469,94.0,3.0,3.0,io_bound,
2026-01-05 02:31:00,15.91750795449764,44.12141517425446,47.30313350706563,119.46037825405719,0.0,0.0,27.76762945872364,38.6638165672164,77.41773110518639,379.5149844602511,95.0,4.0,3.0,io_bound,
2026-01-05 02:32:00,13.017017072778792,44.56782230126586,46.928237539744856,105.89385659143,0.0,0.0,32.35211707180439,38.798046880359315,74.3390257770009,376.29564883199095,96.0,4.0,3.0,io_bound,
2026-01-05 02:33:00,13.201283681500255,42.23939773541684,46.18599897784846,101.3816991180019,0.0,0.0,28.536573772355055,38.259028219717905,60.723349945502086,366.7502700632348,97.0,3.0,3.0,io_bound,
2026-01-05 02:34:00,12.78834431533891,40.604020454736705,45.68999116379289,94.93778887784288,0.0,0.0,28.32856916680565,40.47755197242189,40.523797882658066,363.9003274015441,98.0,5.0,3.0,io_bound,
2026-01-05 02:35:00,9.698348716975037,41.14101261013504,45.01155329519218,95.38151634479206,0.0,0.0,31.23328105573296,40.157633170388266,84.47038566841098,352.1863219830525,99.0,4.0,3.0,io_bound,
2026-01-05 02:36:00,15.257632813266069,41.902809322435935,45.03080656328614,118.2576095206964,0.0,0.0,37.14535986841176,38.142458894273474,73.77058880310057,354.200054792052,100.0,2.0,3.0,io_bound,
2026-01-05 02:37:00,18.09869822930879,41.59609145754138,45.18939930807915,129.06845451548503,0.0,0.0,37.236418528752836,38.5841467782065,59.73775377144014,350.9129145332334,101.0,4.0,3.0,io_bound,
2026-01-05 02:38:00,18.605612409241346,40.90739309794625,44.862598068948614,129.91572019909623,0.0,0.0,35.98755807533497,40.551281393014584,70.359877007902,361.6586814004434,102.0,6.0,3.0,io_bound,
2026-01-05 02:39:00,18.520963182023436,40.85153806909488,44.77224732340772,119.40409539059237,0.0,0.0,35.90995347584085,43.498267759444346,55.65380479440637,370.62840322786377,103.0,3.0,3.0,io_bound,
2026-01-05 02:40:00,15.853524500364472,42.519787055220945,44.74431289134379,114.64996757117002,0.0,0.0,40.834824214647426,43.582804480141114,51.77964436865156,369.72173273019257,104.0,4.0,3.0,io_bound,
2026-01-05 02:41:00,16.2183717019825,40.385197802983285,44.247192205274544,101.67717372226352,0.0,0.0,36.12314758559461,44.89273684899746,26.46793284636805,358.0167213190427,105.0,6.0,3.0,io_bound,
2026-01-05 02:42:00,0.4153613101113304,11.35697573868686,43.208278369760336,60.65243700370203,0.0,0.0,9.66410546011479,34.41562532383968,0.0,21.36160475917405,0.0,1.0,0.0,idle,
2026-01-05 02:43:00,0.6074451618774261,9.105387911513088,42.58456206034293,62.389201825836786,0.0,0.0,12.23022745652943,34.40207571381121,0.0,4.938095974342421,0.0,3.0,0.0,idle,
2026-01-05 02:44:00,0.0,8.775880501705675,41.6823832448017,58.45317717769233,0.0,0.0,9.20689471480598,36.05941740959029,0.0,6.202205264305721,0.0,1.0,0.0,idle,
2026-01-05 02:45:00,0.0,7.815537932431763,41.27209601403327,55.305713132023094,0.0,0.0,5.547661973972829,30.724719110583788,0.0,11.812110644877194,0.0,1.0,0.0,idle,
2026-01-05 02:46:00,0.0,9.447809373510735,40.79457940900885,66.09485135184771,0.0,0.0,10.948278165246766,33.007043893502434,0.0,8.235891581777166,0.0,1.0,0.0,idle,
2026-01-05 02:47:00,0.0,10.310930855924962,40.62351282028045,63.24673083096027,0.0,0.0,13.356858898259755,31.409284057689415,0.0,10.722855362891632,0.0,4.0,0.0,idle,
2026-01-05 02:48:00,0.0,10.741643143667648,39.958819158436675,64.25981303851243,0.0,0.0,5.675514779985303,33.43810367228575,0.0,7.010768309680637,0.0,2.0,0.0,idle,
2026-01-05 02:49:00,0.0,10.282705896234145,39.92474478734381,56.07157002321391,0.0,0.0,8.053474293173668,32.93127395749334,0.0,14.809153192656588,0.0,3.0,0.0,idle,
2026-01-05 02:50:00,1.2351202458266406,8.986287569825368,40.00957835729564,70.61161486497214,0.0,0.0,4.805418292786742,30.38990071976326,0.0,14.44989119734971,0.0,1.0,0.0,idle,
2026-01-05 02:51:00,0.0,7.535815790483001,39.56955392082227,58.05034007470047,0.0,0.0,2.2783899354731454,30.725816088616092,0.0,1.0318137951364807,0.0,3.0,0.0,idle,
2026-01-05 02:52:00,4.945886364588177,9.933298603280337,39.58627773249383,76.39503798117387,0.0,0.0,2.6816384313196373,30.649538704582085,1.2384012273845615,0.0,0.0,1.0,0.0,idle,
2026-01-05 02:53:00,0.0,7.765504739186867,39.55511934836506,63.01542584524451,0.0,0.0,8.488781495332894,31.18377361134248,27.618445330112912,12.389735633604435,0.0,3.0,0.0,idle,
2026-01-05 02:54:00,0.0,7.60293105199485,39.56505381936797,67.62978038766329,0.0,0.0,8.523278085569924,31.687146890573967,0.0,29.33162323012873,0.0,2.0,0.0,idle,
2026-01-05 02:55:00,1.0082038139337102,6.430906665185665,39.342899435515285,60.705014942150676,0.0,0.0,2.906646251196723,33.5136018105027,0.0,4.54972450007822,0.0,1.0,0.0,idle,
2026-01-05 02:56:00,4.3469996288337045,8.45130529302678,39.21007393279555,78.65397218131022,0.0,0.0,4.880854447601449,36.50578822815362,0.0,3.7817741427820706,0.0,2.0,0.0,idle,
2026-01-05 02:57:00,0.21882290628828838,7.682763718054108,38.58425886043366,53.285092296406,0.0,0.0,2.594172204699246,34.501828478397215,0.0,2.3729013515637405,0.0,1.0,0.0,idle,
2026-01-05 02:58:00,4.390739145537168,8.751617166962578,38.47288222336111,81.6833530842614,0.0,0.0,0.0,33.68730726932978,0.0,0.0,0.0,1.0,0.0,idle,
2026-01-05 02:59:00,3.000425390222385,12.04820103451425,38.56163807282891,63.43740548093512,0.0,0.0,0.13928373218313528,34.1429523381956,23.61286297109254,0.0,0.0,5.0,0.0,idle,
2026-01-05 03:00:00,2.899004400267528,15.957240348685767,38.42301665891618,69.8597825588536,0.0,0.0,3.532672933842167,35.94082928373716,20.731598435703948,0.0,0.0,3.0,0.0,idle,
2026-01-05 03:01:00,0.0,15.559528005231895,38.320272591414835,57.4793875415598,0.0,0.0,3.3792418485614695,35.48559596112311,2.7533926886199387,0.0,0.0,2.0,0.0,idle,
2026-01-05 03:02:00,0.0,12.126526743981785,37.97088896610647,52.32773367599065,0.0,0.0,1.0721580767033876,31.93971729932594,6.246464891312122,2.8037064450482987,0.0,1.0,0.0,idle,
2026-01-05 03:03:00,0.0,12.262260342406647,37.65475588901563,62.795405219888835,0.0,0.0,0.0,30.798583248902577,0.0,0.0,0.0,0.0,0.0,idle,
2026-01-05 03:04:00,0.895654597489932,10.452105888919807,37.84786613039212,64.62057552140467,0.0,0.0,0.0,29.353184479127545,9.510527796469564,0.0,0.0,3.0,0.0,idle,
2026-01-05 03:05:00,0.0,13.089600954543469,37.72733749708143,68.26568653006726,0.0,0.0,0.5671434093956611,31.54855309046846,9.37476512635217,0.0,0.0,3.0,0.0,idle,
2026-01-05 03:06:00,0.0,11.809943626114972,37.9928547932635,54.32540176171747,0.0,0.0,0.0,34.54030048936019,10.119367407202116,0.0,0.0,2.0,0.0,idle,
2026-01-05 03:07:00,0.0,13.296155602674272,37.95027668237259,52.7805716943776,0.0,0.0,0.0,35.70669695160974,16.871778014225416,0.0,0.0,0.0,0.0,idle,
2026-01-05 03:08:00,33.04979329887267,44.34210943005644,39.51183223047231,167.64231373026053,0.0,0.0,26.637991727679807,62.705562970137315,543.3312689633527,34.598470015858084,0.0,6.0,3.0,network_bound,
2026-01-05 03:09:00,30.52396662410661,44.93239179874141,41.00845255605806,158.55750215655735,0.0,0.0,23.26511859764733,65.97732144436972,529.6547930711761,44.444297116569935,1.0,3.0,3.0,network_bound,
2026-01-05 03:10:00,28.995353292045998,45.14551454705692,42.1203500843384,154.21417563774668,0.0,0.0,23.542572909277197,64.8670904114984,530.8335503839877,46.649546388220536,2.0,6.0,3.0,network_bound,
2026-01-05 03:11:00,30.959895403473176,44.04107692470664,42.68018198813306,164.58478305995982,0.0,0.0,29.36937426999385,64.58213115645302,520.1233341210012,39.770058594623166,3.0,2.0,3.0,network_bound,
2026-01-05 03:12:00,30.317915648987174,40.60938882809746,44.11724918726112,159.9768747800396,0.0,0.0,28.483814466610546,64.973035392921,510.3045876347628,51.02461217229554,4.0,4.0,3.0,network_bound,
2026-01-05 03:13:00,35.3146068202391,41.02205274176348,45.121441286211564,176.16067106647108,0.0,0.0,27.362756863308444,61.516521428446026,499.41049613746236,29.787497247836196,5.0,4.0,3.0,network_bound,
2026-01-05 03:14:00,36.95485718725008,41.677462826659266,46.02068056957343,186.41311214663833,0.0,0.0,30.518394374589093,62.68827208612622,489.0178968595746,26.726194441205088,6.0,3.0,3.0,network_bound,
2026-01-05 03:15:00,41.79513054156315,38.11394777051959,47.398779233300026,205.8242285348806,0.0,0.0,28.772248344891555,59.78651776315954,467.048657391585,16.920493017385134,7.0,6.0,3.0,network_bound,
2026-01-05 03:16:00,42.21489280508921,40.02305511330085,48.43918394393191,199.2711326596078,0.0,0.0,29.252753661460176,59.903611642261765,464.20629403141913,16.675707435419177,8.0,6.0,3.0,network_bound,
2026-01-05 03:17:00,43.062068296899305,40.61001344504019,49.30683017025116,199.4808938979863,0.0,0.0,33.65009675678465,60.499199013707695,482.9181173502376,34.80073532387776,9.0,6.0,3.0,network_bound,
2026-01-05 03:18:00,40.651208175827044,39.01587568951415,50.00982743241762,205.06924642235788,0.0,0.0,36.269465613295196,57.40347138881728,506.02652700144125,59.78598657152145,10.0,7.0,3.0,network_bound,
2026-01-05 03:19:00,40.48573812322646,37.18798352788338,50.08414323829114,196.672469686977,0.0,0.0,41.472450989008784,57.53004577742591,494.45605110808435,56.39880413697224,11.0,5.0,3.0,network_bound,
2026-01-05 03:20:00,39.849090256296435,38.9677124565807,50.6288552306842,197.5182674114301,0.0,0.0,39.51305583630342,59.76188556498181,481.95928558432,42.77108994279322,12.0,4.0,3.0,network_bound,
2026-01-05 03:21:00,39.61541406349167,37.86359087600529,50.781132923594626,188.48377819304503,0.0,0.0,37.78890306046523,60.21742276750458,515.8904180061512,41.40580764054802,13.0,5.0,3.0,network_bound,
2026-01-05 03:22:00,36.05161643470423,38.08107202314999,51.138994984940794,181.9290365611894,0.0,0.0,38.36955040161554,58.40739122005047,543.4580751443473,49.01035675531652,14.0,4.0,3.0,network_bound,
2026-01-05 03:23:00,32.36880775313436,38.78454555465649,50.858655827138904,155.31386338803247,0.0,0.0,39.59705054041918,57.44909708058995,519.5203847545396,44.59984689399178,15.0,3.0,3.0,network_bound,
2026-01-05 03:24:00,36.39669085033324,41.96589596842514,51.44792740749533,183.20966386033516,0.0,0.0,39.89462244708476,58.55862314576509,517.4362345731143,35.59359996419758,16.0,5.0,3.0,network_bound,
2026-01-05 03:25:00,36.62283706560262,42.09674301512567,51.796698115379904,182.56925119456818,0.0,0.0,36.31346566767813,61.55417199245766,507.55327200814406,33.8421370029722,17.0,5.0,3.0,network_bound,
2026-01-05 03:26:00,30.954401941514313,43.66774475548067,51.889675070611595,167.3189027906391,0.0,0.0,39.863662754428844,60.254885613099674,514.0349301132861,35.840227904821134,18.0,4.0,3.0,network_bound,
2026-01-05 03:27:00,31.266383773021776,41.96106844831525,51.73730200206678,172.41509517843153,0.0,0.0,43.13874783105045,57.840875314649956,500.20612210559636,31.851604093149557,19.0,4.0,3.0,network_bound,
2026-01-05 03:28:00,32.82639659877423,42.04259317471619,52.02801118193218,178.83909960511062,0.0,0.0,48.029035399701414,59.69152613528358,521.8785143392004,30.526127764781542,20.0,2.0,3.0,network_bound,
2026-01-05 03:29:00,32.454133344892085,42.86341315154122,51.40015057981444,166.39221555423381,0.0,0.0,46.29179156547385,60.89411080771808,511.37452327651147,14.99367662368774,21.0,3.0,3.0,network_bound,
2026-01-05 03:30:00,38.675378276326434,46.87125839987808,51.46433232206577,193.5410061706246,0.0,0.0,45.6299239490881,59.121323139806506,515.9547050239252,36.6033361331777,22.0,4.0,3.0,network_bound,
2026-01-05 03:31:00,37.36102911312208,45.27060802167389,51.573020978032226,184.82274535040736,0.0,0.0,47.0007916910374,55.663077995905795,505.47959305129064,43.57966381973844,23.0,5.0,3.0,network_bound,
2026-01-05 03:32:00,37.11597098624036,44.50960519321409,51.466208565399356,176.280255888,0.0,0.0,42.85493700640434,53.94961159057716,515.0275119016783,61.582044449437696,24.0,3.0,3.0,network_bound,
2026-01-05 03:33:00,35.93149489334748,41.17616678246074,51.572311282791105,181.69664847670128,0.0,0.0,43.617056777232165,55.40240192576596,512.126367931562,63.7492441329306,25.0,3.0,3.0,network_bound,
2026-01-05 03:34:00,38.95415373422018,41.94669588662256,52.27689414532229,199.52394856522506,0.0,0.0,42.88280002145285,53.22688257588539,530.8778367845907,54.36318259525093,26.0,4.0,3.0,network_bound,
2026-01-05 03:35:00,35.673861856257815,40.308420092063955,52.51720791428655,185.65208970988445,0.0,0.0,42.73237493001869,51.7885556793172,521.5439083854901,65.04776275686525,27.0,4.0,3.0,network_bound,
2026-01-05 03:36:00,41.20770286399235,41.12327934882165,52.367173522491115,199.91460460642404,0.0,0.0,41.66749202931031,51.28502476849865,527.6612585999717,81.28706643410518,28.0,2.0,3.0,network_bound,
2026-01-05 03:37:00,39.47592811539201,38.74916285835002,52.62895848461944,194.0933773453072,0.0,0.0,39.32922101749804,53.319475137258976,526.6856674104379,103.42581932206434,29.0,3.0,3.0,network_bound,
2026-01-05 03:38:00,37.14451585164096,38.36504602023207,52.72051931922106,187.32672544865648,0.0,0.0,36.308715959104944,49.983802172377345,523.3178842771184,98.40534977853457,30.0,4.0,3.0,network_bound,
2026-01-05 03:39:00,37.49157092058846,40.64315598282119,52.59275494672655,191.6105234825724,0.0,0.0,36.14541494169119,50.67533986870246,528.5195221557775,83.11725627616616,31.0,4.0,3.0,network_bound,
2026-01-05 03:40:00,34.69370414630137,42.180156228838435,52.89417624702645,186.63827776426245,0.0,0.0,39.199480207704816,50.009084218311564,516.736746774345,91.55375684977923,32.0,6.0,3.0,network_bound,
2026-01-05 03:41:00,40.74998506900914,41.776795667814156,53.20366526191173,202.61156575630827,0.0,0.0,42.73855454971567,46.86641163977896,517.9968537477666,77.8600500355765,33.0,5.0,3.0,network_bound,
2026-01-05 03:42:00,40.82074270193148,40.095834868080686,53.57988917431408,199.65248041236634,0.0,0.0,44.31935504845061,48.15244637143321,514.3716243175853,89.4668342684603,34.0,6.0,3.0,network_bound,
2026-01-05 03:43:00,44.415834115918095,39.545672127482625,53.809315421521234,205.4628264938245,0.0,0.0,43.061707264842326,47.17283092739859,490.7858753801257,73.5783871204527,35.0,4.0,3.0,network_bound,
2026-01-05 03:44:00,44.05709100595876,38.38292350328256,54.24823258148211,215.03658980793577,0.0,0.0,37.151852509502575,46.55275841206118,479.50213114664604,73.32265068697286,36.0,3.0,3.0,network_bound,
2026-01-05 03:45:00,48.369660723884245,39.55601410945137,54.6536574825858,226.20886040746615,0.0,0.0,31.38553501548012,49.0318903334406,486.2551748594787,77.00225800759351,37.0,3.0,3.0,network_bound,
2026-01-05 03:46:00,50.18600804280648,40.86811139591869,54.64860703517422,235.82818386400848,0.0,0.0,34.67134034028352,51.82459532784461,467.9101061652861,80.11191451020102,38.0,4.0,3.0,network_bound,
2026-01-05 03:47:00,46.423886872457665,42.34203474364344,54.97121196174593,210.37154018096214,0.0,0.0,35.40447648342512,48.49831823719028,510.2929140768173,65.90883978805898,39.0,6.0,3.0,network_bound,
2026-01-05 03:48:00,45.76862225178321,41.146853223497395,54.998449568809576,212.9083969006671,0.0,0.0,37.560455570611055,50.20028993674777,503.44245704315995,66.39765784836274,40.0,3.0,3.0,network_bound,
2026-01-05 03:49:00,40.92136316199097,39.40597580580189,54.59157514746357,194.7030323895024,0.0,0.0,35.6618729060447,53.124733929346945,526.4206502600234,64.1159806392096,41.0,4.0,3.0,network_bound,
2026-01-05 03:50:00,40.08594615275743,42.309593640955,54.34743867126518,204.03432503472027,0.0,0.0,34.86869495116671,53.73250115773559,539.1909148485639,65.05273296920667,42.0,4.0,3.0,network_bound,
2026-01-05 03:51:00,42.47329302972225,42.35935671659936,54.43105541753861,210.28908561603046,0.0,0.0,35.0701558958414,54.809564469618095,546.7439726141959,55.71843420914168,43.0,6.0,3.0,network_bound,
2026-01-05 03:52:00,40.11361705411129,41.562070490440256,54.678065080370686,194.48310329851586,0.0,0.0,35.86842648055903,54.828810440335566,581.9785517907203,59.42885824080221,44.0,4.0,3.0,network_bound,
2026-01-05 03:53:00,42.298547177832084,41.51690202031487,54.95147646722276,211.90307257235492,0.0,0.0,41.624570137848835,53.31760236109297,564.8325003722238,64.92596501415058,45.0,3.0,3.0,network_bound,
2026-01-05 03:54:00,39.93978464828234,39.94993294592335,54.626898776643536,197.84980988335857,0.0,0.0,45.136156519865224,52.71189760099048,543.3433646617252,59.81517853577262,46.0,4.0,3.0,network_bound,
2026-01-05 03:55:00,35.39443994210902,43.48126970319456,54.32169455496868,179.85953809709088,0.0,0.0,40.27335287988612,50.52392589242519,554.806230047071,72.55939821111231,47.0,3.0,3.0,network_bound,
2026-01-05 03:56:00,33.90398199742973,44.876871133674726,54.43179868466513,166.5488196160655,0.0,0.0,43.12254540707077,49.319443754586615,566.543290615946,67.26268957973514,48.0,3.0,3.0,network_bound,
2026-01-05 03:57:00,28.20296599559488,43.59624192392891,54.06008373013377,158.99054605066246,0.0,0.0,38.87744125371914,48.34992331513924,562.2961833182977,50.44894983390573,49.0,6.0,3.0,network_bound,
2026-01-05 03:58:00,27.79020742049925,45.8020901929556,53.77958963695323,149.4608167215763,0.0,0.0,35.763443547701236,53.1314075109823,557.4524293696219,36.791099705663285,50.0,4.0,3.0,network_bound,
2026-01-05 03:59:00,26.260922413651002,46.968719247760966,52.93124694322702,152.59441585530286,0.0,0.0,34.7662602253948,53.89656949021143,547.4145213016255,38.48919874557909,51.0,6.0,3.0,network_bound,
2026-01-05 04:00:00,27.993350548847047,45.807537655904596,52.99142826251871,158.75996543227538,0.0,0.0,30.97771039357204,51.71571391679747,546.2363072507754,38.45167999134276,52.0,6.0,3.0,network_bound,
2026-01-05 04:01:00,23.956299176125274,45.20499593866704,52.220442309594524,144.736096265313,0.0,0.0,32.357650536659634,53.11195744893353,556.3448019048419,32.76080808197124,53.0,3.0,3.0,network_bound,
2026-01-05 04:02:00,29.18612574922747,45.16828251359332,51.84060595211747,155.93107919144572,0.0,0.0,34.08498144896575,49.80823614109874,568.0105720074479,12.811316257368688,54.0,4.0,3.0,network_bound,
2026-01-05 04:03:00,31.918237483364436,43.70145084772851,51.81301287125993,171.9471170026455,0.0,0.0,32.21070004911476,53.18595077835922,549.4810465375133,18.27781203839379,55.0,4.0,3.0,network_bound,
2026-01-05 04:04:00,34.287556542277834,44.667119567523415,51.882371538247455,173.54631378100032,0.0,0.0,31.471012765642712,51.03036223945852,527.9758897200556,20.176664523465654,56.0,4.0,3.0,network_bound,
2026-01-05 04:05:00,33.273647064634105,44.82575618030544,51.506377001745,171.93223506073045,0.0,0.0,29.815221515914665,54.26656543635644,527.2259071803543,24.026670455744778,57.0,6.0,3.0,network_bound,
2026-01-05 04:06:00,33.852432604572165,41.49706030503498,52.105373328562806,183.2063832775458,0.0,0.0,29.962432193021915,53.77549810855126,533.9270989428046,16.60976351770055,58.0,5.0,3.0,network_bound,
2026-01-05 04:07:00,34.43931580398159,42.24844273224964,52.53704813794578,173.64762174500464,0.0,0.0,34.79084515485445,51.82654144105389,538.4247849683071,22.376958385140632,59.0,3.0,3.0,network_bound,
2026-01-05 04:08:00,37.15969797983063,40.76642218236418,52.727318381665086,195.2957017970794,0.0,0.0,39.58561952693857,55.1757520808306,559.5215676093194,10.1170569787839,60.0,4.0,3.0,network_bound,
2026-01-05 04:09:00,34.33255739224087,38.25683905396571,53.10805368238563,178.12505137521754,0.0,0.0,37.837383507930674,53.000139428884644,563.5763954252801,21.137195601692007,61.0,4.0,3.0,network_bound,
2026-01-05 04:10:00,34.99999846316776,36.96498803087795,53.034571635281246,182.24232427944332,0.0,0.0,34.474877518380154,51.55797728417362,560.0932237991835,37.11603547804659,62.0,3.0,3.0,network_bound,
2026-01-05 04:11:00,32.2648095445126,37.990333342380275,52.737959460815865,162.70483875119024,0.0,0.0,29.744946395147938,52.07582388332477,536.0791101649977,36.36009466176018,63.0,6.0,3.0,network_bound,
2026-01-05 04:12:00,34.34038011297111,37.480104312110264,52.55171461731677,183.8489588627628,0.0,0.0,32.79644826179882,52.04365212283798,513.3987957453394,39.75339980473046,64.0,6.0,3.0,network_bound,
2026-01-05 04:13:00,36.20720134228971,39.59102182242242,52.87633403247065,183.19701503886776,0.0,0.0,35.5902427333285,53.62747344490842,501.65015083961185,46.70828414163694,65.0,6.0,3.0,network_bound,
2026-01-05 04:14:00,38.320444387975,38.500599961068225,53.01221962053622,196.34928863873193,0.0,0.0,40.401459639311675,53.0549093641558,486.0493589091297,43.65482171315679,66.0,4.0,3.0,network_bound,
2026-01-05 04:15:00,39.69789129956642,38.25755168397288,52.8776254117723,196.33075877968872,0.0,0.0,36.61855054111332,52.26854601264753,492.90977370101945,52.43510558195272,67.0,5.0,3.0,network_bound,
2026-01-05 04:16:00,38.31551820629514,38.52225401843816,52.85688869505855,192.25799297653862,0.0,0.0,38.472217557272735,52.42359673488681,464.9126874448133,57.819910396258834,68.0,6.0,3.0,network_bound,
2026-01-05 04:17:00,40.91225113267002,38.881235163099824,53.20756277783008,200.98576397630197,0.0,0.0,41.22231139580536,50.4048804930785,485.40509325040813,63.73428882432315,69.0,3.0,3.0,network_bound,
2026-01-05 04:18:00,40.951792388092024,44.288261592755454,52.938468063295716,198.7248743555443,0.0,0.0,42.509490205113686,49.0432371535885,481.4949582550834,51.118994070080426,70.0,5.0,3.0,network_bound,
2026-01-05 04:19:00,41.94680700547857,45.79214027603874,53.30726619353067,207.12221729780998,0.0,0.0,42.81193276026526,51.2587444627084,483.69686325951074,55.86263335629416,71.0,3.0,3.0,network_bound,
2026-01-05 04:20:00,38.665123713793726,46.78415809835325,52.8112514837596,178.6360134462926,0.0,0.0,41.316072080853644,51.13186999414099,496.06571710781145,49.89202881720737,72.0,2.0,3.0,network_bound,
2026-01-05 04:21:00,39.745174649887076,44.60244277803492,53.321950776725785,198.60626138625847,0.0,0.0,39.0204344227584,53.29646239420473,472.59451139365257,33.983738968284335,73.0,3.0,3.0,network_bound,
2026-01-05 04:22:00,39.10673475088207,43.30499530900521,53.30090976091563,193.10744483416767,0.0,0.0,38.15228203757628,52.46291538104234,481.49772613695336,31.295585648855397,74.0,5.0,3.0,network_bound,
2026-01-05 04:23:00,38.986687007730204,42.38724358368068,53.94753681968915,185.30304171938576,0.0,0.0,38.440157211841,52.12614783550304,466.033399247232,38.61503195856921,75.0,3.0,3.0,network_bound,
2026-01-05 04:24:00,37.0879355344814,42.52177142397157,54.166595811165465,187.06616672239818,0.0,0.0,37.797171691024175,52.81625574391161,499.22232019897115,55.75153858950175,76.0,6.0,3.0,network_bound,
2026-01-05 04:25:00,38.48858013180395,45.97648502174648,53.877640590725974,188.31866712667116,0.0,0.0,42.15900931043762,53.163293595648256,509.92630984962176,41.248844331684104,77.0,3.0,3.0,network_bound,
2026-01-05 04:26:00,36.865997113785035,45.13256868770995,53.53011693084059,181.02951517348552,0.0,0.0,40.945867423685705,53.17053190355483,531.7396710862395,44.9404820080279,78.0,2.0,3.0,network_bound,
2026-01-05 04:27:00,38.62529692017823,45.27389931332622,53.54233305425952,197.15341475211272,0.0,0.0,39.75203920513078,57.938121880770574,534.3410845925823,63.024803656728665,79.0,3.0,3.0,network_bound,
2026-01-05 04:28:00,38.5904936107952,48.32937076677229,53.35062577966894,194.85290043930817,0.0,0.0,38.95538593288219,59.56849458549363,526.9830485598758,52.51051790577356,80.0,4.0,3.0,network_bound,
2026-01-05 04:29:00,38.603532349453374,51.769474687305916,53.404345453782774,194.21001434357166,0.0,0.0,28.709573706949193,54.74674716910194,557.404938429446,45.299179645401296,81.0,4.0,3.0,network_bound,
2026-01-05 04:30:00,32.458292256257835,45.59999865787365,53.17940738834363,183.96801526926484,0.0,0.0,31.46889091962015,57.99138256661856,523.9922481377932,67.34813990387536,82.0,3.0,3.0,network_bound,
2026-01-05 04:31:00,33.194080950952056,45.741000544068896,52.967041189046824,181.34235214539467,0.0,0.0,34.74141687390246,60.48834819409177,537.6774806190992,71.86811162984768,83.0,5.0,3.0,network_bound,
2026-01-05 04:32:00,36.56391726540329,45.178233193340326,53.03117933506933,182.63257471273303,0.0,0.0,33.623212054333734,62.26436137472243,534.3331343119486,79.02279355077391,84.0,4.0,3.0,network_bound,
2026-01-05 04:33:00,35.02048123657079,43.81140724610527,53.2123478422051,183.83461965530196,0.0,0.0,31.197549091903348,62.305727868338856,528.5480565570431,70.0648056148761,85.0,3.0,3.0,network_bound,
2026-01-05 04:34:00,35.08272196583769,41.06554673347108,53.28799935646566,187.46448316314948,0.0,0.0,34.6287087392351,60.4352821644748,532.8215864540654,73.20616534519189,86.0,4.0,3.0,network_bound,
2026-01-05 04:35:00,34.239309898314595,39.05550003523626,53.581234382920194,170.920103930127,0.0,0.0,40.19402720993771,58.62127770673294,523.8095025337461,91.16992434949739,87.0,5.0,3.0,network_bound,
2026-01-05 04:36:00,34.37985882189453,39.46552058182645,53.50453242544704,176.78427225412307,0.0,0.0,37.24518023518842,58.31403713122249,479.1420425597134,84.83308649475752,88.0,4.0,3.0,network_bound,
2026-01-05 04:37:00,32.16989805982572,40.85555450508568,53.06367917397665,156.46574081341544,0.0,0.0,37.12254709465487,55.144818414251354,491.0308279069043,77.30086853942274,89.0,5.0,3.0,network_bound,
2026-01-05 04:38:00,32.35335391490686,39.83863903445092,53.162610972584176,169.05911843666038,0.0,0.0,37.20473896314281,56.381047834636924,486.05047275319333,49.505623968308385,90.0,4.0,3.0,network_bound,
2026-01-05 04:39:00,33.833396992559685,39.635699807841334,53.54693197203083,181.79142812455638,0.0,0.0,40.06536779938288,57.400942532914115,503.7462971467265,58.29458221959993,91.0,6.0,3.0,network_bound,
2026-01-05 04:40:00,35.70376574478387,40.30847807340011,54.0277789992959,184.13604786355182,0.0,0.0,38.70128119505495,58.481053927188015,536.1351528849686,56.0549835325617,92.0,3.0,3.0,network_bound,
2026-01-05 04:41:00,32.30965376249998,39.67298176253207,53.83242668727117,174.1867512427079,0.0,0.0,34.28173940463802,60.346691623966606,542.5174576434445,60.18051022744592,93.0,7.0,3.0,network_bound,
2026-01-05 04:42:00,31.576220517234702,42.24975773505222,53.61915234984428,164.1145401189988,0.0,0.0,43.13115836852305,61.87285645653929,554.5360836037128,62.70380854127859,94.0,3.0,3.0,network_bound,
2026-01-05 04:43:00,38.94602718287674,43.63445320969884,53.37395752391358,190.45833644986487,0.0,0.0,41.32305263713353,60.92057130244278,557.5765194841067,66.23897226976797,95.0,3.0,3.0,network_bound,
2026-01-05 04:44:00,41.05358016106431,41.75210141655885,53.6855314357717,197.97173447907846,0.0,0.0,40.35153625587287,59.27803656555274,550.4713917634913,64.10141913871894,96.0,3.0,3.0,network_bound,
2026-01-05 04:45:00,44.116359485114074,43.80980943849958,54.35710013111189,213.07232072702317,0.0,0.0,44.51643759988441,59.72382059955004,538.1319047017925,67.22398704754669,97.0,10.0,3.0,network_bound,
2026-01-05 04:46:00,43.91166874016403,43.60588704734299,54.74260071544096,214.02439401007024,0.0,0.0,46.843362949029505,59.428567368247705,521.1680840996046,70.92775400016235,98.0,4.0,3.0,network_bound,
2026-01-05 04:47:00,42.157144197774564,44.151626488073724,54.90337133189501,202.26341355944209,0.0,0.0,48.610265081460824,64.27220268958695,500.61669886430093,80.99619630744101,99.0,3.0,3.0,network_bound,
2026-01-05 04:48:00,40.13524008704419,46.68135434494278,55.298048324217596,198.43234907074603,0.0,0.0,46.72499483680704,61.64882335237101,504.3035549605516,83.19941274811285,100.0,3.0,3.0,network_bound,
2026-01-05 04:49:00,37.11700792014917,44.78628674346448,55.24004373660398,183.28358132207947,0.0,0.0,41.62134011640484,63.320833003348305,491.73429376463923,81.71383696877135,101.0,3.0,3.0,network_bound,
2026-01-05 04:50:00,39.22305741880308,45.590600344368895,55.03628745778706,193.9904907118207,0.0,0.0,41.43603169869529,65.5476821495936,503.845345724158,88.16391274818282,102.0,4.0,3.0,network_bound,
2026-01-05 04:51:00,35.2175909246092,45.0598429629323,54.71644606906396,182.12868829874316,0.0,0.0,45.372132925773,63.68051910770655,503.62117526634455,94.51860619050679,103.0,5.0,3.0,network_bound,
2026-01-05 04:52:00,34.326039115320654,46.70797828345759,54.42862116663846,180.19014527536234,0.0,0.0,45.43286975331068,60.07537995209098,524.3236418714838,79.06560692019937,104.0,4.0,3.0,network_bound,
2026-01-05 04:53:00,39.33678308840034,48.74621245871703,54.69290570683123,194.27429229782402,0.0,0.0,46.44306839396222,65.55911008319022,521.6704850342805,92.1090137508541,105.0,6.0,3.0,network_bound,
2026-01-05 04:54:00,42.073922217195616,48.38519418694936,54.811895553069206,200.8599881410956,0.0,0.0,44.43539775593982,60.01729756355286,509.4181322596712,85.05736321215457,106.0,6.0,3.0,network_bound,
2026-01-05 04:55:00,38.09900159740049,47.774874131963465,55.030818443052674,190.32880757391914,0.0,0.0,45.900729782411254,59.75346176168889,497.5174686906049,77.42088078688231,107.0,3.0,3.0,network_bound,
2026-01-05 04:56:00,37.453328047103945,46.58876666733657,54.60925940341489,187.43801200592728,0.0,0.0,41.25210920421431,59.21988293644128,514.0531423693593,60.5234400689888,108.0,5.0,3.0,network_bound,
2026-01-05 04:57:00,35.41244702024056,44.496522688613155,54.081763688607616,179.53720180713043,0.0,0.0,43.83105305785253,59.33396314310797,506.12318910199735,51.46805480463851,109.0,4.0,3.0,network_bound,
2026-01-05 04:58:00,38.67442667029081,46.271529924486636,53.77167253751604,190.02323222122894,0.0,0.0,43.90957689384523,56.02933210043468,513.6465770297106,62.781183562686316,110.0,4.0,3.0,network_bound,
2026-01-05 04:59:00,39.36499151405367,43.95652022314108,54.29748294153277,195.63004578044055,0.0,0.0,42.97986321688175,58.69594098667212,530.8482705101803,61.714563807761714,111.0,3.0,3.0,network_bound,
2026-01-05 05:00:00,39.44476091888647,41.164736076987154,54.48798099625836,198.34600848742986,0.0,0.0,46.44749859873303,59.28981952488027,541.1867428220626,54.026976377374474,112.0,3.0,3.0,network_bound,
2026-01-05 05:01:00,36.41950732886384,41.08163066066339,54.59295952118462,181.0685502210899,0.0,0.0,44.81313678259754,59.89600675800136,546.4229211207696,49.89071838243329,113.0,6.0,3.0,network_bound,
2026-01-05 05:02:00,32.991966106124025,43.75586520314994,53.72227078519945,169.108513341035,0.0,0.0,44.238015208495916,58.55073727027299,553.1925746289764,33.83267095517421,114.0,5.0,3.0,network_bound,
2026-01-05 05:03:00,33.995561192449294,47.94940183317513,53.93259956314606,168.2814287849718,0.0,0.0,49.58627061286687,56.61500166043166,577.5650130702776,34.446844176652604,115.0,5.0,3.0,network_bound,
2026-01-05 05:04:00,33.565094766312264,47.92713448210918,53.368583947887316,177.66549647412995,0.0,0.0,47.81264145167383,52.86775354973184,591.8754587009904,40.14976534574594,116.0,6.0,3.0,network_bound,
2026-01-05 05:05:00,36.32257140244971,47.845369199204725,53.538608498003136,178.83745083039537,0.0,0.0,42.306281949274826,54.553620668652734,565.0122254532059,39.930931896691206,117.0,2.0,3.0,network_bound,
2026-01-05 05:06:00,36.49808286040594,48.26076860684972,53.864169317775456,180.19889097627149,0.0,0.0,43.83207825096472,55.13568658470162,561.5058762755127,46.03577544080048,118.0,5.0,3.0,network_bound,
2026-01-05 05:07:00,33.84947379153381,47.079005727586676,53.89233682829372,174.90189117583833,0.0,0.0,44.40337503823359,56.39906630367813,555.4677511290029,36.75908118384393,119.0,4.0,3.0,network_bound,
2026-01-05 05:08:00,41.5007985468355,46.601266061388806,54.00683763254165,201.3511286928081,0.0,0.0,44.28445115287001,57.54868546243611,561.991395023557,39.25365351819027,120.0,3.0,3.0,network_bound,
2026-01-05 05:09:00,39.30594826854511,46.23968958286606,53.92871783197565,191.97747676648117,0.0,0.0,42.05932669167926,55.08243443754073,549.5253812384467,57.154704437270084,121.0,7.0,3.0,network_bound,
2026-01-05 05:10:00,37.882728207481264,47.45203500463322,53.91527504474096,179.6513824702652,0.0,0.0,39.19340010990789,52.80837514443317,508.89990099216686,66.79642105108603,122.0,4.0,3.0,network_bound,
2026-01-05 05:11:00,37.02665599316802,49.18443069374547,53.872584500344146,182.8225998922981,0.0,0.0,39.809404857586145,55.50561417773905,492.8044415038292,51.87701800522657,123.0,2.0,3.0,network_bound,
2026-01-05 05:12:00,38.1471013507822,48.71205940369177,53.74728643205238,182.37752024339565,0.0,0.0,41.56131315438123,60.371201452594875,499.6315542139043,51.65631710920265,124.0,5.0,3.0,network_bound,
2026-01-05 05:13:00,35.406513212972214,47.280643548261864,53.47385730276278,187.73425955138305,0.0,0.0,39.878442752262,63.04662557733137,500.2042796165408,65.4825880926127,125.0,5.0,3.0,network_bound,
2026-01-05 05:14:00,35.56980221129294,43.58582169203982,53.21395314608163,180.66642189249464,0.0,0.0,38.34049668177784,62.90803405229231,500.9920215744866,58.398757231598154,126.0,4.0,3.0,network_bound,
2026-01-05 05:15:00,33.14690170523557,46.59224396118322,53.02051121344855,185.91562146077194,0.0,0.0,34.627917802620026,62.323487638670954,500.96721070169383,38.293787192793694,127.0,2.0,3.0,network_bound,
2026-01-05 05:16:00,34.764588419678375,47.224310688452974,53.09723482914731,181.41605879103517,0.0,0.0,32.27264948941971,59.27079727195344,477.5438455462672,38.26577005381323,128.0,6.0,3.0,network_bound,
2026-01-05 05:17:00,34.3037082052446,46.90571340861809,52.89187207685604,170.04823010491555,0.0,0.0,37.23811985846713,58.60220198210088,516.5313371191764,45.26797917118224,129.0,3.0,3.0,network_bound,
2026-01-05 05:18:00,35.33975299687738,46.907475710413564,52.64767770024383,171.49040617683372,0.0,0.0,39.65604655424447,59.903090954762206,508.50394113121826,33.23207336934708,130.0,2.0,3.0,network_bound,
2026-01-05 05:19:00,37.148831367974154,49.12869656675856,52.638480004631624,191.02607955732785,0.0,0.0,36.069901767941516,57.873844037020476,553.746649018253,41.539491129664285,131.0,4.0,3.0,network_bound,
2026-01-05 05:20:00,41.812603975309415,45.650768248979126,52.8345465827565,198.80192262139536,0.0,0.0,37.22601954461841,59.8599705938123,548.6905213410205,51.283617913269644,132.0,4.0,3.0,network_bound,
2026-01-05 05:21:00,36.92698913297509,44.131864138654485,52.98139711050235,180.94591213925554,0.0,0.0,34.88570549431581,62.12085019446911,554.1382626877563,59.41017160098153,133.0,7.0,3.0,network_bound,
2026-01-05 05:22:00,35.812577111117015,43.764640324883885,52.57612939511707,169.64484589751578,0.0,0.0,37.05406338512892,60.73039957928167,563.3294050831631,58.714841206040944,134.0,3.0,3.0,network_bound,
2026-01-05 05:23:00,34.7785509891118,42.033281642366354,52.20364671035273,168.77748981023606,0.0,0.0,37.82186256730326,55.99511239421084,583.5649196440382,56.87328090138216,135.0,3.0,3.0,network_bound,
2026-01-05 05:24:00,36.29271884123181,44.662304280061775,52.597006587961786,177.56222734971203,0.0,0.0,40.73782354973387,55.812762228879386,564.7186820126412,60.818162932797826,136.0,3.0,3.0,network_bound,
2026-01-05 05:25:00,36.20313879794041,47.05057793684131,52.66531229813529,186.31460588378792,0.0,0.0,39.697403067126245,54.36247137137212,581.6009435856299,70.90984492359316,137.0,4.0,3.0,network_bound,
2026-01-05 05:26:00,35.184694125677574,47.176030640252776,52.40108995499384,176.65413126492652,0.0,0.0,36.147344205066275,51.62547728912969,577.4401052477843,52.513848286973904,138.0,4.0,3.0,network_bound,
2026-01-05 05:27:00,38.021901343283204,43.83588747447427,52.782375985206755,184.76847210599635,0.0,0.0,32.85449096903702,53.890460962288195,566.1282271196302,57.45871564085225,139.0,2.0,3.0,network_bound,
2026-01-05 05:28:00,35.34181225728808,39.80465480361681,52.96699830763459,189.39579926837794,0.0,0.0,30.83334613599586,51.54788805526026,553.2844489851196,47.286419013893685,140.0,4.0,3.0,network_bound,
2026-01-05 05:29:00,35.850799520731215,41.752734134415505,53.66488272874183,185.85217278419415,0.0,0.0,39.12375616641632,49.6144824773757,519.7187858820445,38.46828382931113,141.0,3.0,3.0,network_bound,
2026-01-05 05:30:00,37.324742582719,41.29865815164823,53.7068897206079,178.93406499313807,0.0,0.0,46.14637006501569,49.47952994385936,518.448181588455,32.172634587269116,142.0,4.0,3.0,network_bound,
2026-01-05 05:31:00,36.21565791883721,43.26957535734622,53.38385994646086,190.50096822011605,0.0,0.0,51.00477362973514,52.128619776439734,495.0821148428909,57.38823410103414,143.0,2.0,3.0,network_bound,
2026-01-05 05:32:00,37.94980412522604,45.06229272367805,53.23086327472456,191.23792327961095,0.0,0.0,44.14610171331995,52.55136261647276,500.57343766114525,47.083822303039696,144.0,2.0,3.0,network_bound,
2026-01-05 05:33:00,41.21666577327893,45.56260587907069,53.42991230554535,196.57328227033202,0.0,0.0,45.01216088087594,54.52129497787637,496.1359221724804,55.98846165746348,145.0,3.0,3.0,network_bound,
2026-01-05 05:34:00,42.773400508332166,44.633120689074616,53.58617214839654,208.40528459254008,0.0,0.0,39.64544928555364,56.73875922088706,506.34773972473147,54.69464108602682,146.0,4.0,3.0,network_bound,
2026-01-05 05:35:00,36.200651635600906,46.028792619846016,53.48846366273238,180.23518983270745,0.0,0.0,45.6943523076978,55.27698905291258,526.5075316610801,60.38457422230415,147.0,6.0,3.0,network_bound,
2026-01-05 05:36:00,42.319307896289146,46.960242202308706,53.90607259963974,199.2301325891341,0.0,0.0,47.84941475420725,58.29625557539653,525.0925817343622,62.55093084389445,148.0,6.0,3.0,network_bound,
2026-01-05 05:37:00,43.25862534419809,45.58047943197983,53.61770015116615,200.7127125484532,0.0,0.0,45.86287485898728,57.298394742014295,532.3705358651455,50.75747306916326,149.0,4.0,3.0,network_bound,
2026-01-05 05:38:00,43.428065318853406,45.019348376992006,54.42478673502051,211.4496866268893,0.0,0.0,43.29019614531926,53.11077615546268,523.4351215504793,48.348805038700355,150.0,2.0,3.0,network_bound,
2026-01-05 05:39:00,45.79190654639871,46.525432498213014,54.41575202353179,218.38320841398462,0.0,0.0,40.36806194802332,53.38769210995682,512.8892421621284,47.74731397939979,151.0,4.0,3.0,network_bound,
2026-01-05 05:40:00,45.587503189386176,45.97396915316002,54.63977119986112,213.66606017298727,0.0,0.0,40.83518752237582,53.28787771758319,483.96873135524163,43.58793730702405,152.0,5.0,3.0,network_bound,
2026-01-05 05:41:00,42.1710743363876,46.27711682027639,54.747843650030255,202.07585588674237,0.0,0.0,37.584776631608804,52.77822658151906,498.05780979865204,50.68013694470135,153.0,5.0,3.0,network_bound,
2026-01-05 05:42:00,39.897134517826615,45.85611872144659,54.85762696850668,201.2503587573477,0.0,0.0,40.14041194431829,53.827915294489635,519.2461952172144,51.98646136829027,154.0,3.0,3.0,network_bound,
2026-01-05 05:43:00,37.886337539449556,47.97169002547215,55.050581422545825,194.85367533756767,0.0,0.0,41.92306063596924,58.140605362649566,500.37453363508126,57.8321459905108,155.0,5.0,3.0,network_bound,
2026-01-05 05:44:00,40.79996782698822,46.109331808564335,55.038891952897906,205.67794559218902,0.0,0.0,40.452517766938215,59.735044726494266,485.96250186823136,37.33111009111683,156.0,7.0,3.0,network_bound,
2026-01-05 05:45:00,40.684175957344685,46.308560900181625,54.91775901483435,194.66797797051262,0.0,0.0,36.78986080280565,59.92707455411996,500.40356173293674,40.11576333257983,157.0,3.0,3.0,network_bound,
2026-01-05 05:46:00,43.15116432148002,46.36742212886034,54.55294014306636,206.61854273196997,0.0,0.0,38.60160156497448,57.9700411039937,522.282421748255,57.76532810047358,158.0,3.0,3.0,network_bound,
2026-01-05 05:47:00,41.036382687849404,43.089442274905196,54.45728693146405,192.8339140755769,0.0,0.0,40.88715369054238,54.77682864484123,524.608395476515,60.56380529983226,159.0,5.0,3.0,network_bound,
2026-01-05 05:48:00,34.39952015241767,44.317421890529445,54.18177785770759,177.80644908610876,0.0,0.0,42.21449005558987,55.14947052663108,527.182448225521,65.80264896207679,160.0,4.0,3.0,network_bound,
2026-01-05 05:49:00,38.947378382850296,43.90226925955492,53.95511179774907,192.23304091329143,0.0,0.0,41.66032863599648,53.47234135796013,542.147847984242,62.52595509879419,161.0,3.0,3.0,network_bound,
2026-01-05 05:50:00,39.16702367134578,44.66756121397695,54.15456280391782,188.21962766945273,0.0,0.0,42.125189850052834,51.88396212189127,535.8206069119121,50.017678558249685,162.0,4.0,3.0,network_bound,
2026-01-05 05:51:00,39.13298403856169,39.17585562846835,54.03351005757054,199.52520359873054,0.0,0.0,42.44794289613475,50.924402931734754,532.6395518588722,56.31437723253924,163.0,4.0,3.0,network_bound,
2026-01-05 05:52:00,41.064074932338976,39.12999505590162,53.919933796832886,203.4207304066867,0.0,0.0,37.82499290583018,52.08177517527317,550.7802204974777,47.87382670195492,164.0,3.0,3.0,network_bound,
2026-01-05 05:53:00,41.96126547989752,37.24003685941732,54.20084106999058,195.7818719395457,0.0,0.0,38.123829789084866,50.106576522533345,554.3865608922454,64.57987078701504,165.0,6.0,3.0,network_bound,
2026-01-05 05:54:00,41.17671702896115,35.1673205937435,54.43060480322004,192.85343437003993,0.0,0.0,38.92352583928354,54.207073320825145,578.2230151269896,56.015219548415786,166.0,6.0,3.0,network_bound,
2026-01-05 05:55:00,42.81327915126168,36.42031341881599,54.64749105331644,211.47658208284284,0.0,0.0,37.743231492669054,54.23785835913444,558.9317208883479,61.70032045196883,167.0,6.0,3.0,network_bound,
2026-01-05 05:56:00,44.44472215410656,39.820749077057684,54.919645855926674,211.50128032833643,1.0,0.0,36.14107044305948,52.66045397495118,562.9863811572875,31.981116417748748,168.0,4.0,3.0,network_bound,
2026-01-05 05:57:00,42.65265567773312,42.681615810560004,54.99386228690034,201.38298394694976,0.0,0.0,33.613012457585285,50.70514145542968,573.6880752210108,51.65081720021291,169.0,5.0,3.0,network_bound,
2026-01-05 05:58:00,41.736259563641674,42.67690694904322,54.797939994662606,193.8234724529373,0.0,0.0,36.163917272951785,51.57309078252569,574.0471445452741,43.833123448827166,170.0,4.0,3.0,network_bound,
2026-01-05 05:59:00,45.42442022153108,42.662875584967715,55.6711056628997,215.21676864375468,0.0,0.0,33.604531616085154,55.82021591400229,596.4334790405571,52.73219198417649,171.0,5.0,3.0,network_bound,
2026-01-05 06:00:00,41.58605067899107,41.0072889627585,55.96287973964482,210.889239327046,0.0,0.0,31.122970201618358,52.38004508186408,614.2116709897617,58.034073244521736,172.0,3.0,3.0,network_bound,
2026-01-05 06:01:00,45.57905776202735,46.269160388741035,55.929094056106166,212.79021596771358,0.0,0.0,31.2546895190384,52.48580146180594,604.6128517863417,73.7443041130588,173.0,3.0,3.0,network_bound,
2026-01-05 06:02:00,39.4021303917856,44.5756774701484,55.431682917821945,201.8875135426276,0.0,0.0,30.576825379124532,50.76258837284315,602.1789336979604,64.44503824875119,174.0,4.0,3.0,network_bound,
2026-01-05 06:03:00,44.08392306006719,44.01189940342206,55.72333061461121,211.8012597938486,0.0,0.0,26.55303659963578,48.36291750385769,590.8690653718684,71.7104557628728,175.0,3.0,3.0,network_bound,
2026-01-05 06:04:00,43.146323891446755,41.49079915951504,56.103235028788205,206.37337064152248,0.0,0.0,26.158568589228533,50.36230391229178,584.9590425922213,93.68188861977652,176.0,3.0,3.0,network_bound,
2026-01-05 06:05:00,41.351637909401404,41.44999451063043,56.14092044731857,208.3225537050176,0.0,0.0,29.167128409240235,50.53068350042925,566.5399492728418,86.55100243834353,177.0,4.0,3.0,network_bound,
2026-01-05 06:06:00,41.578703205410456,43.49927168530133,56.437409051373386,195.5251903224914,0.0,0.0,30.929320425391772,55.38773531496425,558.1554713683665,82.31975136640835,178.0,3.0,3.0,network_bound,
2026-01-05 06:07:00,42.365543022346245,43.85495492401872,56.48308198736946,213.72862253844482,0.0,0.0,32.35876989244453,53.97247760790998,539.2550716712175,75.29945292483403,179.0,3.0,3.0,network_bound,
2026-01-05 06:08:00,42.35951660842823,44.09376895577465,56.57647532803937,204.4382097299188,0.0,0.0,29.703659490330114,54.4225707008149,515.375576569076,77.84549261615032,180.0,3.0,3.0,network_bound,
2026-01-05 06:09:00,42.1286414499318,43.605170166205454,57.18468340710523,209.74435728709472,0.0,0.0,40.29745687145899,53.00570657129018,526.2715381752508,81.1623222379659,181.0,4.0,3.0,network_bound,
2026-01-05 06:10:00,39.70209495895968,43.02700954861215,56.99717937988336,203.68297201750775,0.0,0.0,42.764890205773504,56.2743837839233,511.19357534501887,67.03511275408276,182.0,5.0,3.0,network_bound,
2026-01-05 06:11:00,32.83309958705556,45.422351360243056,56.19418272610227,175.02218013810082,0.0,0.0,40.97164399309497,55.93736791346556,535.7323241393872,70.33858409129076,183.0,6.0,3.0,network_bound,
2026-01-05 06:12:00,37.781695503009686,45.61452989717963,55.92326984286643,187.07209991487142,0.0,0.0,39.07617195750953,57.76941644815998,542.1213156592707,64.21319362961134,184.0,4.0,3.0,network_bound,
2026-01-05 06:13:00,35.62914205921069,46.27853650265785,55.55712239454864,181.64062528690832,0.0,0.0,38.585822762749196,56.85315061644441,556.9824969603347,64.30356004835707,185.0,5.0,3.0,network_bound,
2026-01-05 06:14:00,36.93853876378228,47.83652062626835,55.534720209608565,184.48564621171064,0.0,0.0,37.19230596966953,57.41920362639131,526.9350097297634,67.87641011960605,186.0,4.0,3.0,network_bound,
2026-01-05 06:15:00,42.45400774876026,47.369828812661986,55.4118765639421,211.30541536217777,0.0,0.0,36.58773636083992,60.93951549679865,551.4579126717833,57.49381109037887,187.0,2.0,3.0,network_bound,
2026-01-05 06:16:00,42.695109402074635,51.60556626008343,55.411186842686014,207.88036728232603,0.0,0.0,29.492368671222486,63.082808018846194,535.2752179955972,61.137439956571455,188.0,4.0,3.0,network_bound,
2026-01-05 06:17:00,45.396412097129286,51.2188379632372,55.26000815298693,209.54869740170523,0.0,0.0,30.110587282238306,60.69646050505459,572.632346672469,30.043598404439543,189.0,3.0,3.0,network_bound,
2026-01-05 06:18:00,46.80059934946391,50.75199014351771,55.438934706448556,219.6105372837893,0.0,0.0,31.073729689605074,59.811919488285504,571.9549341442831,25.287960904096053,190.0,6.0,3.0,network_bound,
2026-01-05 06:19:00,44.825574213782446,51.04151113020696,55.50970510717583,207.24937571669201,0.0,0.0,29.362772026891037,59.81841999456799,596.9438833252182,42.55744139143596,191.0,4.0,3.0,network_bound,
2026-01-05 06:20:00,44.36844131792528,47.583792799621385,55.687328063081466,211.77902541744245,0.0,0.0,32.12353897693797,57.169764682682356,590.5192101198494,49.45713840837192,192.0,6.0,3.0,network_bound,
2026-01-05 06:21:00,46.30116541972699,48.766213115496775,55.67348286833106,223.35602719278427,0.0,0.0,26.90070149204775,56.44475949872345,576.3831429023114,43.40435691157745,193.0,3.0,3.0,network_bound,
2026-01-05 06:22:00,38.80228902812078,51.722010656948825,55.40190202672216,186.6525953090561,0.0,0.0,27.47859740476528,56.66811686672278,538.3471636913941,48.10832471719383,194.0,2.0,3.0,network_bound,
2026-01-05 06:23:00,37.717901201499075,51.609713825854186,55.10554735830519,190.78721232275075,0.0,0.0,29.766021335385282,54.60913521522182,524.9901247115778,43.2984160215753,195.0,5.0,3.0,network_bound,
2026-01-05 06:24:00,34.54778337323074,50.036625714385536,54.71533464046871,177.54721515415096,0.0,0.0,34.925166740003,54.20426728467934,545.3344767477231,44.60825022730571,196.0,3.0,3.0,network_bound,
2026-01-05 06:25:00,33.135920548957905,45.35186217887626,54.299815672998186,162.3638061580621,0.0,0.0,37.617140858706286,54.48619197802125,538.8260783639005,49.0210602638121,197.0,3.0,3.0,network_bound,
2026-01-05 06:26:00,36.201281450327606,44.712553161305365,53.749236277281824,186.40245495271594,0.0,0.0,39.508758138212826,55.91572666582326,544.3533322981706,57.004043068163334,198.0,3.0,3.0,network_bound,
2026-01-05 06:27:00,0.0,13.015536572851747,51.35609384530966,52.29561291553616,0.0,0.0,6.609345170610171,34.01582241457533,7.576817173573542,1.642233579600987,0.0,1.0,0.0,idle,
2026-01-05 06:28:00,2.185640128633381,14.181563198905415,50.115247955982554,67.62915876590996,0.0,0.0,0.6898244149659227,31.871935212754032,8.819036416685613,26.015714890871763,0.0,2.0,0.0,idle,
2026-01-05 06:29:00,8.13135470149686,13.04056966149813,48.54635807980249,91.20385238034366,0.0,0.0,2.364530832279119,31.39643415012293,41.88938680561267,43.09652200465446,0.0,2.0,0.0,idle,
2026-01-05 06:30:00,6.766750400629004,13.197031510079247,47.714734702005124,82.1781572829988,0.0,0.0,5.072272423429881,30.067218352246915,25.627280741954173,28.66991935218554,0.0,0.0,0.0,idle,
2026-01-05 06:31:00,4.388721704140378,13.167313346989543,46.77168274209148,74.36298381746148,0.0,0.0,3.9884167622890474,31.076560142723793,21.17829080069868,33.8052475752247,0.0,3.0,0.0,idle,
2026-01-05 06:32:00,4.974953622496382,10.792734272891309,45.69171156094208,71.17573870691379,0.0,0.0,5.9620102238129125,32.323426674655416,11.573033558207165,53.32604795511999,0.0,0.0,0.0,idle,
2026-01-05 06:33:00,1.18187164876716,11.654708956575176,44.27478832982639,55.06387065516066,0.0,0.0,8.069601672984044,31.916483403625712,8.796271949269688,57.75097177880852,0.0,2.0,0.0,idle,
2026-01-05 06:34:00,0.0,11.95174565766924,43.439853121356464,64.42254335127456,0.0,0.0,13.00717562049822,30.627585641024424,0.0,58.480987732911565,0.0,2.0,0.0,idle,
2026-01-05 06:35:00,1.0273537994744952,12.462939443676962,42.48831606078362,60.02294669819999,0.0,0.0,10.737738949405681,32.48483610512078,0.0,35.141298958302755,0.0,1.0,0.0,idle,
2026-01-05 06:36:00,0.0,14.013893008296572,42.38985506920463,63.95321777671943,0.0,0.0,9.476175667916515,31.428491262052045,0.0,34.43498778984359,0.0,1.0,0.0,idle,
2026-01-05 06:37:00,0.0,13.891487734594559,41.71493373210078,57.3336509171995,0.0,0.0,6.080621345192151,30.97202113547053,22.450196901902615,23.32210836033814,0.0,2.0,0.0,idle,
2026-01-05 06:38:00,0.0,14.367810955366561,41.506784934412686,61.53642133419573,0.0,0.0,6.129133975824542,31.569555053669102,17.885679992305796,12.210574695003421,0.0,3.0,0.0,idle,
2026-01-05 06:39:00,0.0,13.697485860574702,40.708100780076926,64.95667072822103,0.0,0.0,7.728140581760837,30.725909989825656,42.54210627861994,4.103712125280714,0.0,2.0,0.0,idle,
2026-01-05 06:40:00,0.0,10.868483173066494,40.38642364709406,57.512398948580284,0.0,0.0,7.286977497320109,35.29177427155696,28.26946932214144,0.0,0.0,1.0,0.0,idle,
2026-01-05 06:41:00,0.0,15.00135085957583,39.978781265491506,59.41615513907221,0.0,0.0,3.2422407340008337,32.32845753789467,10.737104414642403,0.0,0.0,3.0,0.0,idle,
2026-01-05 06:42:00,0.0,14.301255479179481,39.549073900353555,54.20255395038835,0.0,0.0,5.616531795675179,32.87885624926908,17.40694879394636,0.0,0.0,2.0,0.0,idle,
2026-01-05 06:43:00,0.0,15.408003507008713,38.97807544066868,58.51332717938364,1.0,0.0,0.0,33.395112608579964,1.00592475824251,0.0,0.0,2.0,0.0,idle,
2026-01-05 06:44:00,0.0942921976427652,13.069359444781066,38.93802597336841,65.20236949116341,0.0,0.0,0.10955096217948235,35.33323618621968,17.442802810481865,0.0,0.0,3.0,0.0,idle,
2026-01-05 06:45:00,0.0,9.642641390103705,38.39879297419203,57.59142248869087,0.0,0.0,1.934152312926125,33.97632499386695,10.986934250958925,0.0,0.0,0.0,0.0,idle,
2026-01-05 06:46:00,1.3240360955208805,12.011607841421403,38.24837015544798,64.27339625578703,0.0,0.0,8.407315739387464,32.133103241205355,0.0,0.0,0.0,2.0,0.0,idle,
2026-01-05 06:47:00,1.4603132676324517,10.39011911208903,38.6336769046112,66.19757075282565,0.0,0.0,11.132122105318597,32.13543544345676,0.0,0.0,0.0,4.0,0.0,idle,
2026-01-05 06:48:00,1.7025741917750805,10.564687906382012,38.41445116609703,60.56644794393405,0.0,0.0,7.352118492320807,33.45717971400165,0.5901761860209502,0.0,0.0,3.0,0.0,idle,
2026-01-05 06:49:00,0.19518052291701848,8.056868807003012,38.537114416278726,70.17565781651334,0.0,0.0,2.8236320734160163,32.45614109895105,0.0,0.0,0.0,3.0,0.0,idle,
2026-01-05 06:50:00,0.0,9.006315544628313,38.44363586420817,60.082144601877694,0.0,0.0,6.7485474974332,31.377511748297756,8.293171232262424,0.0,0.0,0.0,0.0,idle,
2026-01-05 06:51:00,0.0,4.297838717263177,38.176364972091385,61.57377575111498,0.0,0.0,4.160451806395077,32.63626686670281,10.67702172605447,0.0,0.0,0.0,0.0,idle,
2026-01-05 06:52:00,0.3938581264067518,6.058624012962914,37.72550617030884,57.5883164609866,0.0,0.0,1.9961479741178358,35.92366183069511,15.725301764370872,5.493980159465131,0.0,4.0,0.0,idle,
2026-01-05 06:53:00,0.0,4.717522022593315,37.81146351516437,51.64043060790273,0.0,0.0,1.8492688142336586,35.30495611460275,12.900256707529842,9.95875100228619,0.0,1.0,0.0,idle,
2026-01-05 06:54:00,0.2794443849237772,4.649678719266256,37.64445726447477,68.18043568055101,0.0,0.0,0.0,36.18266842416955,0.0,1.5551087004957864,0.0,3.0,0.0,idle,
2026-01-05 06:55:00,3.7632550945573118,3.436843426177484,37.87570326246939,78.58513166837912,0.0,0.0,0.0,37.574985030119834,20.68849467099972,14.511352751424175,0.0,0.0,0.0,idle,
2026-01-05 06:56:00,5.647807317848393,3.188598719714415,37.785269674970955,78.2021734890998,0.0,0.0,0.0,38.178941971499086,32.925760584470105,0.0,0.0,2.0,0.0,idle,
2026-01-05 06:57:00,4.947568659534226,2.9284644020462203,37.82141136036138,73.92215394543325,0.0,0.0,0.0,38.902736639998814,26.602445553459305,0.0,0.0,3.0,0.0,idle,
2026-01-05 06:58:00,7.496817913131041,5.587767036310722,37.75625356262158,87.37408783143302,0.0,0.0,0.0,38.3968515319418,40.23141235411484,0.0,0.0,2.0,0.0,idle,
2026-01-05 06:59:00,4.688519361753748,6.33981834138964,37.51510157474502,77.0861621014081,0.0,0.0,0.0,35.845522491330556,26.77985404450623,0.0,0.0,1.0,0.0,idle,
2026-01-05 07:00:00,2.5802749699025225,9.791008392432278,37.19968063283033,69.95397588818335,0.0,0.0,0.0,37.26586298010799,21.34454212589611,0.0,0.0,2.0,0.0,idle,
2026-01-05 07:01:00,5.14092763804671,8.954660409234048,37.42950657306063,74.91419166739158,0.0,0.0,0.0,33.80900650013679,21.32345846455121,0.0,0.0,3.0,0.0,idle,
2026-01-05 07:02:00,2.234136345836874,13.131438449463808,37.622735663881414,72.72621388795982,0.0,0.0,0.0,34.55303053410515,27.371107518647218,0.9477793473606124,0.0,1.0,0.0,idle,
2026-01-05 07:03:00,4.525961188728395,13.440816935299804,37.70958621906369,72.37786578756524,0.0,0.0,0.0,36.250789537596575,27.532098381693014,0.0,0.0,1.0,0.0,idle,
2026-01-05 07:04:00,0.0,14.932312055189927,37.73586162603455,62.54775778136419,0.0,0.0,0.0,36.62506384853104,15.419205260861581,0.0,0.0,3.0,0.0,idle,
2026-01-05 07:05:00,0.0,16.15864677721621,37.89826306290188,61.950674811134405,0.0,0.0,0.0,38.24119863507726,0.0,3.287428679523382,0.0,2.0,0.0,idle,
2026-01-05 07:06:00,2.4531884239101243,13.129152643097612,38.14661078639068,59.04599748403753,0.0,0.0,1.4289852658427042,39.623906850533764,0.0,6.639302543812761,0.0,3.0,0.0,idle,
2026-01-05 07:07:00,5.530076589387497,14.962454895194742,38.58877427425879,84.1455405546698,0.0,0.0,3.9377305570393992,39.45985695442627,0.0,8.178044176919254,0.0,4.0,0.0,idle,
2026-01-05 07:08:00,8.919244760672031,15.92041583651276,38.98710277474006,92.073690293308,0.0,0.0,0.0,41.653489612841,0.0,2.5619888182306383,0.0,1.0,0.0,idle,
2026-01-05 07:09:00,12.006124951950008,13.328860569333312,39.06661567426947,95.49200441458001,0.0,0.0,5.8422006727572064,39.77612854970859,0.0,2.039599700638957,0.0,5.0,0.0,idle,
2026-01-05 07:10:00,11.543393176792938,14.268970206816117,39.24866157481478,95.20065593834534,0.0,0.0,7.419601196316613,41.52879312047569,0.0,3.7800055037759916,0.0,1.0,0.0,idle,
2026-01-05 07:11:00,5.4067617367106875,13.865589405773756,39.54416984973077,75.91611538360031,0.0,0.0,9.117571948696838,38.56494431067391,0.0,0.0,0.0,0.0,0.0,idle,
2026-01-05 07:12:00,4.718852969984035,13.59252803605702,39.24137043639154,78.83511385989519,0.0,0.0,11.705586294666714,38.094088574664895,0.0,0.0,0.0,2.0,0.0,idle,
2026-01-05 07:13:00,4.616740724603241,15.692069500609925,39.27699286221551,68.33632656900696,0.0,0.0,9.606721358320534,37.18095632354523,0.0,0.0,0.0,1.0,0.0,idle,
2026-01-05 07:14:00,7.3835123639050835,15.242488484642717,39.829849938710524,90.08295345223736,0.0,0.0,11.776625130639214,35.342383900002396,34.15859054170567,0.0,0.0,4.0,0.0,idle,
2026-01-05 07:15:00,6.220031253464237,12.702057075957958,39.831056764827366,80.46452754844672,0.0,0.0,11.211387031595546,35.07316795067206,39.75384685498799,0.0,0.0,3.0,0.0,idle,
2026-01-05 07:16:00,4.592173967023946,12.336253138651012,39.7047064843294,74.17466633232517,0.0,0.0,12.33623765281554,37.60494447484624,0.0,0.0,0.0,1.0,0.0,idle,
2026-01-05 07:17:00,2.743451873544375,12.659039843186187,39.581457658434175,70.65279333329526,0.0,0.0,7.673764031837685,33.92895021610777,0.0,2.4142654546925364,0.0,0.0,0.0,idle,
2026-01-05 07:18:00,2.733820004701977,12.469564950343676,39.29173284537172,68.65238457545627,1.0,0.0,8.145482864304853,36.38911872876221,21.516228141089872,0.0,0.0,3.0,0.0,idle,
2026-01-05 07:19:00,2.5650700984894987,12.756321298433623,39.2860338851037,64.92916623936581,0.0,0.0,4.552273943381213,35.991947654663605,34.59138875071882,6.363441300910078,0.0,4.0,0.0,idle,
2026-01-05 07:20:00,0.6201797055867898,14.030615559121493,39.05636917323866,63.538975230684876,0.0,0.0,3.626316834832949,35.920187202891135,20.000108091703012,0.0,0.0,4.0,0.0,idle,
2026-01-05 07:21:00,4.331616059873372,10.294701261591287,39.05246359976535,75.96431178618369,0.0,0.0,7.602186587052515,37.222600288211936,15.948642348066993,0.0,0.0,2.0,0.0,idle,
2026-01-05 07:22:00,3.151239324424563,9.40771983299702,39.100005378058995,67.7152096247958,0.0,0.0,4.212176807442463,38.32314258735151,16.23381074205193,1.5335910310013028,0.0,4.0,0.0,idle,
2026-01-05 07:23:00,7.505175356642783,9.561003754926446,39.25690550126845,96.29779597771517,0.0,0.0,1.6405634238990423,36.83005623529742,29.434518655909553,8.700865893964455,0.0,5.0,0.0,idle,
2026-01-05 07:24:00,8.423102520606397,6.745760871370141,39.39275762581019,86.09712250560997,0.0,0.0,1.8712222577965916,37.31971501605647,42.33526574703261,6.460004630027249,0.0,4.0,0.0,idle,
2026-01-05 07:25:00,3.6507871808574577,7.625513334986876,39.20036722997609,72.34820512021479,0.0,0.0,2.9165594467963305,33.374699202298984,48.25383421683081,0.0,0.0,1.0,0.0,idle,
2026-01-05 07:26:00,1.4273105127095285,7.347977650680472,38.66932877842865,63.063329783608665,0.0,0.0,5.239022388537397,33.692484776081194,37.99063648482073,0.0,0.0,2.0,0.0,idle,
2026-01-05 07:27:00,21.54168611214853,35.317345152044595,39.44831764576684,126.4345255958861,0.0,0.0,26.483515025784076,45.39643778442667,89.40004429989511,351.14700824908806,0.0,6.0,3.0,io_bound,
2026-01-05 07:28:00,20.651334797788145,36.63931832039799,39.71732441161736,127.17533979432507,0.0,0.0,26.455385028320926,44.61968529737713,89.49194637879091,351.39237191549773,1.0,4.0,3.0,io_bound,
2026-01-05 07:29:00,24.82098452285413,38.697499494626186,40.89605764764276,141.39415884471256,0.0,0.0,26.0007078039157,43.014275289475826,75.22629588791577,366.3898440595487,2.0,4.0,3.0,io_bound,
2026-01-05 07:30:00,23.670527768053365,41.38970764819825,42.060691433489495,149.12053369185452,0.0,0.0,23.742129744759644,44.32024920595417,42.873075069189966,347.85672281446153,3.0,4.0,3.0,io_bound,
2026-01-05 07:31:00,25.1833315703727,41.187421806771475,42.633021864107235,139.10081235603982,0.0,0.0,28.728893748546387,45.81327160277188,61.65854706778952,351.31295837549044,4.0,3.0,3.0,io_bound,
2026-01-05 07:32:00,25.415454181091718,42.5294889466082,42.801462592672124,142.11369260723578,0.0,0.0,22.313736264329833,43.52554491413201,66.27193560809143,347.4847858014588,5.0,5.0,3.0,io_bound,
2026-01-05 07:33:00,23.218048203286784,45.08276696204182,43.402473330135635,140.90530150005605,0.0,0.0,27.893690840274008,46.10129050436189,93.39482158440163,346.30090697985435,6.0,5.0,3.0,io_bound,
2026-01-05 07:34:00,26.19304820419242,43.13567727537548,43.80192168006821,150.66671731562542,0.0,0.0,30.361800996621106,43.23654626233427,105.47072564228876,339.55853889698795,7.0,4.0,3.0,io_bound,
2026-01-05 07:35:00,28.212359706866195,38.64635198811769,44.4569416342595,161.0044196155047,0.0,0.0,28.586737229914156,40.231832208903434,97.9671881160202,327.9391973229035,8.0,4.0,3.0,io_bound,
2026-01-05 07:36:00,29.044528434406836,39.83700268103179,45.65342331711417,160.26007670115922,0.0,0.0,29.604448216029752,37.04553575086662,105.71861500228133,325.62099642965705,9.0,3.0,3.0,io_bound,
2026-01-05 07:37:00,27.494758145955,41.344121295701875,45.90914549721892,150.83432158199918,0.0,0.0,25.969017842041385,37.08125376932032,78.59014792894234,328.7255377826436,10.0,3.0,3.0,io_bound,
2026-01-05 07:38:00,24.5659883274886,38.81226805999016,46.21966915474528,143.99387596648168,0.0,0.0,21.822856793660893,35.999670039182654,49.307283527121726,332.4959498999476,11.0,8.0,3.0,io_bound,
2026-01-05 07:39:00,22.414365064093108,40.47303434245637,46.27804586584711,140.1701644084853,0.0,0.0,20.046098775952466,33.75935469465263,30.31848465822263,331.0307300116031,12.0,4.0,3.0,io_bound,
2026-01-05 07:40:00,16.16321306967218,42.67633513119444,45.69838808172534,110.57628626536541,0.0,0.0,22.982661604573032,31.816349266480735,42.35943882445507,329.6525749621746,13.0,3.0,3.0,io_bound,
2026-01-05 07:41:00,18.48933629256066,39.405062262078715,45.40682415495457,119.21657436284463,0.0,0.0,21.825238502806297,33.1429475346569,54.747742086606884,325.512821118371,14.0,2.0,3.0,io_bound,
2026-01-05 07:42:00,22.772497179659535,42.37081190008262,45.872190106881185,139.36346802145647,0.0,0.0,29.383554472534005,35.3155339008877,64.32467926450653,333.8367276132832,15.0,4.0,3.0,io_bound,
2026-01-05 07:43:00,22.07510826199919,42.58026563420557,45.89247979385898,126.64813128349309,0.0,0.0,32.84927259554445,37.11366762025179,45.75771207642763,347.01013906228184,16.0,2.0,3.0,io_bound,
2026-01-05 07:44:00,22.75415865831975,46.501979437779276,46.31184715560917,135.92026271298053,0.0,0.0,32.994419548354465,35.68961214490869,12.936617093267287,353.76799265488654,17.0,3.0,3.0,io_bound,
2026-01-05 07:45:00,23.011725744321573,48.84015666929477,46.682094004486686,139.74518360662105,0.0,0.0,28.70967371072159,36.50060463720199,35.171064006429894,355.0177513593948,18.0,5.0,3.0,io_bound,
2026-01-05 07:46:00,22.76668993842597,48.61297883189264,46.238945598897736,135.8197126622139,0.0,0.0,33.15279984589203,38.14661427940136,26.13615900303357,347.8324825153598,19.0,4.0,3.0,io_bound,
2026-01-05 07:47:00,23.231920496129867,44.09571949970066,46.31487042008024,145.80495958428605,0.0,0.0,28.1321889034583,34.80111678173409,26.29840405589259,351.4395773022427,20.0,2.0,3.0,io_bound,
2026-01-05 07:48:00,27.295786224431904,46.635341206535564,46.70084007280392,163.14590285938453,0.0,0.0,30.502632946801096,35.3227880344762,47.587192753518536,339.66654119857617,21.0,2.0,3.0,io_bound,
2026-01-05 07:49:00,29.58506217868853,44.14952877921676,47.18795753217015,166.06007944723922,0.0,0.0,30.037043049007792,36.58469444396216,65.18400725084865,337.56928345039614,22.0,5.0,3.0,io_bound,
2026-01-05 07:50:00,23.21676275633072,41.75473824182764,47.2726096326242,143.48832258130378,0.0,0.0,31.332957953131288,37.221744727089245,65.46114828356009,335.4555506612654,23.0,4.0,3.0,io_bound,
2026-01-05 07:51:00,22.292772156479366,41.93066425661459,47.35581338120164,131.43932126124787,0.0,0.0,26.704452952470124,39.003277000854155,87.43645438931114,333.74926239153956,24.0,2.0,3.0,io_bound,
2026-01-05 07:52:00,25.609489345961272,43.313085777971004,47.45918073673823,152.00273775421076,0.0,0.0,24.423381059784504,38.736694900750834,83.81869286663952,341.8869354019633,25.0,4.0,3.0,io_bound,
2026-01-05 07:53:00,22.723763325800718,41.436722757915824,47.17537488185173,135.3064219318781,0.0,0.0,25.112216259405795,42.098881480479726,89.73554303702342,334.427473276995,26.0,3.0,3.0,io_bound,
2026-01-05 07:54:00,21.05275300369717,41.19368720721456,47.11424672899453,127.0521731572403,0.0,0.0,27.758862952442037,42.472475532852656,77.05118268112781,347.71854455660133,27.0,2.0,3.0,io_bound,
2026-01-05 07:55:00,25.697114403931575,42.559693566178055,47.37232381680314,150.66967279190885,0.0,0.0,22.890655582321163,41.49425464554368,74.36787312018498,358.54446720991166,28.0,2.0,3.0,io_bound,
2026-01-05 07:56:00,26.03997336189373,45.229878150218944,47.621082600138955,150.17521680159177,0.0,0.0,25.687608827214806,41.40578006913627,74.98819167930424,352.0499057703136,29.0,2.0,3.0,io_bound,
2026-01-05 07:57:00,22.36164834896903,43.177155799113166,47.38379065066734,134.66324289276176,0.0,0.0,27.609117775193333,45.00312821344905,72.58323478119425,364.27727695445634,30.0,5.0,3.0,io_bound,
2026-01-05 07:58:00,19.374903910140954,40.750382406265494,46.78798938906172,123.03349343126045,0.0,0.0,32.3110453736702,42.91967462279191,34.231114113407706,364.8075876118477,31.0,4.0,3.0,io_bound,
2026-01-05 07:59:00,18.3605219509279,40.459114520356835,46.75710705065779,125.04531023459748,0.0,0.0,30.91824250191289,43.78200768297435,59.600798284120344,361.29608601826885,32.0,8.0,3.0,io_bound,
2026-01-05 08:00:00,16.771820245356253,38.29117393904623,46.63604020219479,122.83494360796831,0.0,0.0,27.959199664670734,42.857568986630405,62.158832870503495,352.8096153028675,33.0,9.0,3.0,io_bound,
2026-01-05 08:01:00,16.585713407740336,43.679786096012165,46.37072954710954,115.71868637509618,0.0,0.0,30.315182229707784,44.397635380624315,87.63430724344212,352.60280291225183,34.0,3.0,3.0,io_bound,
2026-01-05 08:02:00,18.608276171010868,41.94040516158505,46.1515833083994,122.3712149374483,0.0,0.0,26.33370461018543,44.13755609640701,77.7730821941706,360.4977512331058,35.0,4.0,3.0,io_bound,
2026-01-05 08:03:00,17.17966448365072,42.044523759673545,46.3219054718868,119.06526590884755,0.0,0.0,32.382664958274,44.735361420352916,47.9392741725805,368.8584011863139,36.0,6.0,3.0,io_bound,
2026-01-05 08:04:00,19.958298899371044,41.674109727790835,46.59753295784148,136.50639495093014,0.0,0.0,36.671410075612606,43.48946319723883,50.1020587201004,358.8508215971704,37.0,2.0,3.0,io_bound,
2026-01-05 08:05:00,24.808994493571426,43.43258622553641,46.90053155072478,143.3273985887722,0.0,0.0,37.065920755534606,43.57097293798017,62.44486227770658,346.49273467302083,38.0,3.0,3.0,io_bound,
2026-01-05 08:06:00,17.440129431136928,42.567837690201536,46.85028470397279,116.55647451346499,0.0,0.0,36.84268692790846,40.61461072590237,52.197627621365,342.3820896414055,39.0,5.0,3.0,io_bound,
2026-01-05 08:07:00,17.903412752694447,43.947386244389016,46.793346850779244,112.01108453814577,0.0,0.0,36.62254615761829,43.38515996818031,30.870781628377173,333.8186338333857,40.0,3.0,3.0,io_bound,
2026-01-05 08:08:00,16.77087660092591,43.90921343796958,46.404208426440135,120.01219698966331,0.0,0.0,37.222322950377965,45.680672378399585,37.55456859304155,324.7015221717163,41.0,5.0,3.0,io_bound,
2026-01-05 08:09:00,16.366717527398734,42.51670965545721,46.335632076534395,120.00675189870834,0.0,0.0,32.68077207251736,42.49598905276012,49.748226773932544,308.7531736175503,42.0,5.0,3.0,io_bound,
2026-01-05 08:10:00,19.66252009000676,42.830355391192256,46.1941871730515,119.47310576759952,0.0,0.0,26.97866728243755,39.08610720845689,15.70981602599943,320.88808560962417,43.0,3.0,3.0,io_bound,
2026-01-05 08:11:00,21.663941189889055,44.506508368565136,46.183213916987626,129.30488519515757,0.0,0.0,36.50877168959192,39.40996788188327,18.31154501198492,331.56087660659796,44.0,3.0,3.0,io_bound,
2026-01-05 08:12:00,24.57843093064053,46.26441585818718,46.07314588678642,142.9914810678215,0.0,0.0,37.55893447021977,39.898480460946196,26.636575933713537,337.45030629873736,45.0,2.0,3.0,io_bound,
2026-01-05 08:13:00,26.08213107013766,42.41777190953413,45.61980529828407,144.26794447418158,0.0,0.0,33.68763501349739,40.45943204122552,31.614531318628565,337.1122145692641,46.0,5.0,3.0,io_bound,
2026-01-05 08:14:00,23.14522445744988,43.35208742794829,45.68404285188632,141.66288710837915,0.0,0.0,37.459550824034324,40.65423639292302,57.93274829243468,336.34032206279073,47.0,5.0,3.0,io_bound,
2026-01-05 08:15:00,23.511655358915203,43.17980840205467,45.432353040052234,140.10032734461348,0.0,0.0,35.669316332071844,40.66018959158037,65.29546585683823,332.6215874089849,48.0,4.0,3.0,io_bound,
2026-01-05 08:16:00,22.341271841593972,43.70737142664847,45.48908631043362,139.63538987302798,0.0,0.0,29.90597513760751,40.89315335140482,59.4828957412673,338.71780616252664,49.0,2.0,3.0,io_bound,
2026-01-05 08:17:00,17.552566672787368,43.82007664866681,45.65226207310816,121.29707863888328,0.0,0.0,27.596581810110298,42.67991941336476,72.6381483954776,344.3938003178919,50.0,5.0,3.0,io_bound,
2026-01-05 08:18:00,17.841684274431234,47.458981544832376,45.685257048003535,116.80299906687199,0.0,0.0,30.08114440232636,40.57951134297362,79.53326411302987,333.25764226458193,51.0,5.0,3.0,io_bound,
2026-01-05 08:19:00,19.887610901254003,45.61713213505476,45.52832193833725,124.97497701560833,0.0,0.0,28.174936007631132,42.08153767459663,87.63616409870545,342.3667441155466,52.0,3.0,3.0,io_bound,
2026-01-05 08:20:00,16.034118254786,42.142514700738914,45.44054265358199,111.77385009176996,0.0,0.0,26.308799984547626,41.47431869081344,95.43893203828483,348.5493862811954,53.0,4.0,3.0,io_bound,
2026-01-05 08:21:00,17.28654445061158,43.1545333646338,45.13810802196206,114.32103392974561,0.0,0.0,27.24646697499211,42.08725741008991,90.53440995081912,359.45040048064044,54.0,7.0,3.0,io_bound,
2026-01-05 08:22:00,20.566724156480003,38.68668135672172,45.4049579724828,137.53010118404066,0.0,0.0,28.794160469881398,45.28978891674955,68.83358435942131,370.8379520488417,55.0,3.0,3.0,io_bound,
2026-01-05 08:23:00,23.901876166229744,36.89988919488465,45.992843882177056,143.10774491942996,0.0,0.0,30.68104708503939,41.778155448624005,68.92517125587821,366.8000478497698,56.0,5.0,3.0,io_bound,
2026-01-05 08:24:00,20.620244363677024,37.57663210997227,46.17791098837961,125.08182046639325,0.0,0.0,32.88006483353288,44.36705482569282,86.27739925053095,364.2233099536686,57.0,5.0,3.0,io_bound,
2026-01-05 08:25:00,24.07606501473672,35.55228404416248,46.417462833045846,139.32812428276083,0.0,0.0,24.131021507665217,44.995923400213535,110.84629830321906,352.03750045194283,58.0,4.0,3.0,io_bound,
2026-01-05 08:26:00,20.587432502657933,34.28439787898254,46.240371738557705,128.61897896317015,0.0,0.0,27.2854328848243,44.89705749314516,111.17891531591799,345.3557258693955,59.0,5.0,3.0,io_bound,
2026-01-05 08:27:00,22.64038417874306,31.171305173257537,46.01204513833852,136.35406780784172,0.0,0.0,24.647086870916187,42.868584141891,107.4961548223664,349.4652628165063,60.0,3.0,3.0,io_bound,
2026-01-05 08:28:00,23.603345604466977,28.234771699772523,46.435894658245076,150.02039504368003,0.0,0.0,28.79464696512088,43.40085746742983,110.69992035707308,351.6547031924193,61.0,4.0,3.0,io_bound,
2026-01-05 08:29:00,24.19728124100394,35.530763197134135,46.63302113575825,147.64452724628913,0.0,0.0,24.802493010244667,43.628983211150995,107.19462791391382,355.4019529032799,62.0,6.0,3.0,io_bound,
2026-01-05 08:30:00,21.767496505056506,36.37103693613125,46.87155617210971,136.1509056990458,0.0,0.0,24.888024288063985,44.4819806251275,89.15009459504539,362.3751177492036,63.0,4.0,3.0,io_bound,
2026-01-05 08:31:00,24.438153262355684,38.2052948962779,46.44285736554993,140.51962323927916,0.0,0.0,23.928221489071408,43.59685620975353,82.9554168264919,350.06129422055085,64.0,3.0,3.0,io_bound,
2026-01-05 08:32:00,19.025749233122667,39.74097455302144,46.16676315070759,126.07588283599243,0.0,0.0,26.621134866549404,48.167820912639705,75.45374796460571,345.81556150908136,65.0,3.0,3.0,io_bound,
2026-01-05 08:33:00,18.669972315513405,39.281809937479856,46.3846704096548,132.70574002812896,0.0,0.0,26.150712096610786,49.59410771933738,76.67359411337813,331.5025088683131,66.0,5.0,3.0,io_bound,
2026-01-05 08:34:00,21.789004810884308,42.415204373653566,46.11045470227321,144.71720012880903,0.0,0.0,31.108473464878646,46.45613483678583,86.76753638198747,333.55959828574163,67.0,4.0,3.0,io_bound,
2026-01-05 08:35:00,20.17851933794992,40.0697654901629,46.4460675197913,132.59600120524095,0.0,0.0,30.23568000147676,45.17318510331206,73.26037646138127,331.99085198999336,68.0,3.0,3.0,io_bound,
2026-01-05 08:36:00,21.42239269064283,41.60303875078048,46.41074222526911,131.2446311609111,0.0,0.0,27.537650285062426,41.74587901690875,65.07299880877363,346.554282573343,69.0,6.0,3.0,io_bound,
2026-01-05 08:37:00,20.617024809971923,41.09704032113292,46.47465005383562,130.24998870697496,0.0,0.0,26.076318342945864,41.29094201733471,50.27098100898547,333.7720399952789,70.0,5.0,3.0,io_bound,
2026-01-05 08:38:00,18.063287268688256,42.87555377677762,46.282689317294334,119.08765537499278,0.0,0.0,27.80838332409609,40.88886829693415,67.18277792799918,331.65500984776224,71.0,4.0,3.0,io_bound,
2026-01-05 08:39:00,15.09313279267485,41.29273279744572,46.44713553887451,112.17393469434097,0.0,0.0,30.023746423542843,43.14185583191463,38.48726262173825,342.83011259678904,72.0,5.0,3.0,io_bound,
2026-01-05 08:40:00,16.156756532779987,41.13238490773877,45.79894094414286,117.06731664862883,0.0,0.0,27.39385526350299,43.841086617570504,53.52261289748708,349.8558606126135,73.0,2.0,3.0,io_bound,
2026-01-05 08:41:00,12.95619833437716,40.510218786461195,45.350536041316715,104.96751834834937,0.0,0.0,25.789039034437387,43.8923002929188,41.23784195667064,349.0952677504395,74.0,3.0,3.0,io_bound,
2026-01-05 08:42:00,12.277642233265844,41.85227911927894,45.39657214486682,104.29848029899084,0.0,0.0,26.72617457859583,45.579021970327226,43.38767652639349,328.0302535125359,75.0,5.0,3.0,io_bound,
2026-01-05 08:43:00,11.19592761786452,44.06056991473102,45.39532008867948,106.00434118113614,0.0,0.0,27.184634955368196,38.50078675532754,45.57575786617343,336.4307762572394,76.0,8.0,3.0,io_bound,
2026-01-05 08:44:00,13.006040156702566,43.55482549277767,45.04965958133035,96.20442069265759,0.0,0.0,20.150016115604863,41.99233513617488,83.95057557699346,338.8777093933446,77.0,4.0,3.0,io_bound,
2026-01-05 08:45:00,13.995180882575093,48.69204318724174,44.83324329502865,112.34872985233181,0.0,0.0,24.958313165431356,42.32193711609576,101.86686039286391,334.6591491603448,78.0,4.0,3.0,io_bound,
2026-01-05 08:46:00,15.789646536338633,52.60943696625547,45.13227514569125,112.84413817704258,0.0,0.0,29.935216937575706,43.27767276181187,104.09663329750475,325.56347195781956,79.0,3.0,3.0,io_bound,
2026-01-05 08:47:00,19.18984185315017,48.57267269926885,44.97921378265733,120.92035491964303,0.0,0.0,25.83995203030223,44.98579586547116,109.3766432981864,327.29393304489616,80.0,5.0,3.0,io_bound,
2026-01-05 08:48:00,14.5824287103773,46.112142180912336,44.87674051845005,113.48004271513896,0.0,0.0,24.25035802225704,41.86770994170356,128.74620343123865,337.1687383191701,81.0,3.0,3.0,io_bound,
2026-01-05 08:49:00,19.110324253655367,44.63185407069897,45.165179818598816,128.79909269568444,0.0,0.0,27.148506805725315,43.576731224408576,85.08326841095251,333.9359555255624,82.0,3.0,3.0,io_bound,
2026-01-05 08:50:00,2.3355712081678126,50.490565689923685,35.125974182971476,72.02369684289508,0.0,0.0,29.28537474874601,42.671601357245905,71.50789975167099,331.2171347917165,83.0,2.0,1.0,idle,ghost_job
2026-01-05 08:51:00,1.486366786906086,50.71575921102462,36.47968077046025,76.83783532051544,0.0,0.0,31.30451408176797,41.726000037055314,76.10714210358186,333.78386375032704,84.0,2.0,1.0,idle,ghost_job
2026-01-05 08:52:00,2.320512687435977,46.614580245509806,36.859731929433764,78.45329010823379,0.0,0.0,34.43922498387424,41.423354508329496,40.96526781914811,340.99636785061625,85.0,4.0,1.0,idle,ghost_job
2026-01-05 08:53:00,2.1226296493526187,36.464223364467415,37.15269449167566,73.71338737292103,0.0,0.0,36.16113851583151,42.42458594174994,14.670572417990968,344.78545319890475,86.0,3.0,1.0,idle,ghost_job
2026-01-05 08:54:00,2.292250649540964,54.94527047913488,36.50149050651555,75.20675590270783,0.0,0.0,33.20750002385842,41.053379728678244,30.963766580038836,344.3338735506582,87.0,7.0,1.0,idle,ghost_job
2026-01-05 08:55:00,1.5227011996283,42.82085890707233,35.06965308545315,78.78253672839789,0.0,0.0,33.73488819797002,41.73861584791289,20.037629300763612,316.8525458520659,88.0,5.0,1.0,idle,ghost_job
2026-01-05 08:56:00,1.9612083390621073,43.93182768162508,36.67652036566978,65.54437092878267,0.0,0.0,31.471560921085686,41.070904796716746,36.77554789650705,334.89839965274973,89.0,6.0,1.0,idle,ghost_job
2026-01-05 08:57:00,2.8635450482570413,48.95717898115157,35.45795641722887,71.66480794585397,0.0,0.0,32.8157668637828,40.78095832764853,38.93312721021269,336.26929751249116,90.0,4.0,1.0,idle,ghost_job
2026-01-05 08:58:00,1.8877844259179595,40.64300019024345,34.48975773293439,69.48702829921038,0.0,0.0,32.658234487395575,43.7124074381662,47.038975174792604,322.4877990835402,91.0,4.0,1.0,idle,ghost_job
2026-01-05 08:59:00,2.5529231153783427,49.26579696399638,38.06083011354728,75.54040170806006,0.0,0.0,34.52908194421014,43.41368924954935,36.81390516742395,342.13726334282956,92.0,5.0,1.0,idle,ghost_job
2026-01-05 09:00:00,2.588294888583962,39.2189161936864,38.342717764998454,66.34667187887543,0.0,0.0,27.17477437219778,45.78583231164065,41.852028051675035,344.07047614937574,93.0,5.0,1.0,idle,ghost_job
2026-01-05 09:01:00,2.398887488857485,36.07984026082271,35.71729223942266,68.70510091759124,0.0,0.0,29.68803641078539,48.01078718140677,56.153182487608106,366.81123511140163,94.0,3.0,1.0,idle,ghost_job
2026-01-05 09:02:00,2.042033920785084,49.64256635355638,35.492650357888515,79.80954646631241,0.0,0.0,30.775994312308956,47.32726576473721,59.324345830397434,362.8879896534781,95.0,3.0,1.0,idle,ghost_job
2026-01-05 09:03:00,2.4762692702190687,39.576241905218296,38.88176065461872,69.49572081366229,0.0,0.0,35.01691664983599,49.75600861248236,44.59373184622367,372.2918361925812,96.0,3.0,1.0,idle,ghost_job
2026-01-05 09:04:00,2.8518566237381466,35.79179797983173,37.64441250809878,72.3128897878061,0.0,0.0,32.227055016217086,51.425918578938706,56.44537985649423,367.31997390721756,97.0,6.0,1.0,idle,ghost_job
2026-01-05 09:05:00,0.9936602781776742,50.82981913689735,36.60027155691515,65.71081552349551,0.0,0.0,34.438792832785936,49.186091838841705,60.54791465428502,370.8110925903332,98.0,4.0,1.0,idle,ghost_job
2026-01-05 09:06:00,2.152585414188237,37.60738170827214,34.40887464119599,79.74869463605606,0.0,0.0,28.193574094357242,48.67570934877348,64.504980426555,371.5055773242867,99.0,3.0,1.0,idle,ghost_job
2026-01-05 09:07:00,2.8105871955810526,36.26296772221914,38.530539596216926,75.27562217159488,0.0,0.0,32.821421879310435,44.71737660910231,83.09407955204344,362.010119438093,100.0,3.0,1.0,idle,ghost_job
2026-01-05 09:08:00,2.3562970402568606,53.577242121031155,38.77727608410264,73.58435841995006,0.0,0.0,40.74684112438095,42.23043983067439,84.74959304936739,349.99508020768735,101.0,5.0,1.0,idle,ghost_job
2026-01-05 09:09:00,1.526525382962341,53.72503592851708,35.83986277853943,66.20776461733489,0.0,0.0,31.95867779282607,44.94295451652498,89.49280665249478,346.082242775067,102.0,3.0,1.0,idle,ghost_job
2026-01-05 09:10:00,1.2771233453863746,40.48512771004453,36.46144708178427,65.96289438033713,0.0,0.0,30.867546813702944,43.53317856935286,93.2903113764441,343.28526384857395,103.0,3.0,1.0,idle,ghost_job
2026-01-05 09:11:00,2.5755141829051906,38.25801676943376,35.394252549251725,71.70856128416597,0.0,0.0,28.74252332564486,42.11742312464672,84.50302771662334,331.92545882417636,104.0,4.0,1.0,idle,ghost_job
2026-01-05 09:12:00,1.9898055535755534,40.38891211729498,37.94538793218633,67.07136817884242,0.0,0.0,24.667207852599127,40.648557020173534,69.58437807055881,346.1349594465574,105.0,5.0,1.0,idle,ghost_job
2026-01-05 09:13:00,1.5512030960054244,51.43369453609296,35.35261234428966,71.08045987693052,0.0,0.0,25.92198769994222,39.1525216286647,65.67443655862986,352.82799855085426,106.0,5.0,1.0,idle,ghost_job
2026-01-05 09:14:00,0.8996188833476888,39.91559960673554,37.18028147641793,79.65069823898855,0.0,0.0,23.914301468500252,35.37662150658239,87.19978709517122,373.27777159464,107.0,3.0,1.0,idle,ghost_job
2026-01-05 09:15:00,1.381701295772535,38.1357338735856,38.07207136232084,79.02381266918192,0.0,0.0,19.312564349567726,34.00608668489579,79.64758942868164,377.50915158814576,108.0,4.0,1.0,idle,ghost_job
2026-01-05 09:16:00,2.4708449366589322,50.77096812234249,37.72126619904486,66.63949662060557,0.0,0.0,20.96058917519671,35.17902863782038,83.81829438390304,344.80357319752807,109.0,4.0,1.0,idle,ghost_job
2026-01-05 09:17:00,1.0187623000293804,44.81205948994586,38.03163595429423,68.51656487901187,0.0,0.0,21.9483189929723,38.28873787536853,68.64884950475489,357.920629162144,110.0,7.0,1.0,idle,ghost_job
2026-01-05 09:18:00,2.4254177158445924,54.08823912620127,35.919648114816894,77.62982385588488,0.0,0.0,25.098145287490375,41.176249657528295,77.21629942021961,361.4413227264925,111.0,2.0,1.0,idle,ghost_job
2026-01-05 09:19:00,2.896527104128125,42.87811773270932,36.67869985411377,76.24611693667268,0.0,0.0,22.702459212687444,38.62335313226139,81.81800533926379,356.8289296957396,112.0,4.0,1.0,idle,ghost_job
2026-01-05 09:20:00,2.065367097636935,40.70977552750325,35.29549847598377,66.03351373865607,0.0,0.0,21.92324596770871,41.840116581956664,58.727610734763296,341.5819918808265,113.0,4.0,1.0,idle,ghost_job
2026-01-05 09:21:00,2.8012509676028325,44.31402054605435,35.393540895318786,78.86906127015592,0.0,0.0,19.59586516638614,41.86095271485168,71.57413674057331,353.9696620144126,114.0,5.0,1.0,idle,ghost_job
2026-01-05 09:22:00,1.8215106312951912,49.760525492000994,38.90485553637292,77.7493962162463,0.0,0.0,19.93413496555663,41.19272722997294,51.617800966656915,355.7321309564283,115.0,3.0,1.0,idle,ghost_job
2026-01-05 09:23:00,2.2382067167220607,49.585660906887476,34.687218013347376,65.82917444544783,0.0,0.0,20.4682071234066,42.40917041536952,46.88292439024178,346.9861126794571,116.0,3.0,1.0,idle,ghost_job
2026-01-05 09:24:00,1.6417295880578748,39.82156769257438,37.89274447143439,79.72439736216573,0.0,0.0,17.41052255657602,42.36136430503775,32.71392720438595,327.6289825116623,117.0,4.0,1.0,idle,ghost_job
2026-01-05 09:25:00,2.951462778920111,51.57142555788523,37.967457368272555,69.71510243403816,0.0,0.0,15.588588789845105,44.65327248397439,35.069512867751186,352.211632287316,118.0,4.0,1.0,idle,ghost_job
2026-01-05 09:26:00,0.6010634678494973,53.138202582969,38.12753149070073,65.93503795765875,0.0,0.0,18.01248370306756,42.45826881915225,62.91544950638243,343.0707391334489,119.0,3.0,1.0,idle,ghost_job
2026-01-05 09:27:00,2.174672101899324,52.11518305618078,38.875439842867834,66.13831194337398,0.0,0.0,20.89559507817919,48.02615402258146,72.22005063272336,357.6846598257259,120.0,8.0,1.0,idle,ghost_job
2026-01-05 09:28:00,0.6981588062331435,39.76091313326698,34.871996441638494,65.37788844081355,0.0,0.0,20.447919670656482,45.83305830045009,81.18257807687151,349.7877423410481,121.0,5.0,1.0,idle,ghost_job
2026-01-05 09:29:00,1.2842730951468706,54.429856996759,36.7361406543021,76.19640174627438,0.0,0.0,23.243253986485094,44.843627641943435,85.58790650950125,349.1283197549511,122.0,3.0,1.0,idle,ghost_job
2026-01-05 09:30:00,0.8759592409031387,37.56167604387551,38.01121399489578,67.48712456669442,0.0,0.0,20.778518197140414,44.23107602276649,95.2719052651727,357.75224472666247,123.0,5.0,1.0,idle,ghost_job
2026-01-05 09:31:00,0.8417324740540295,52.2534683415749,37.62100591102755,78.8774892064552,0.0,0.0,22.445443247766136,46.814062499575805,115.19313439114607,362.9891472609835,124.0,6.0,1.0,idle,ghost_job
2026-01-05 09:32:00,0.9355699723154207,50.991085636071105,37.28623376584416,70.20729047331295,0.0,0.0,26.66350201829454,44.40125102057026,114.9451411492619,368.16739228169,125.0,3.0,1.0,idle,ghost_job
2026-01-05 09:33:00,1.2211288299252145,50.647365900714696,35.73368259008046,76.31369415866175,0.0,0.0,20.55414138921847,46.65420662356977,92.51941492293568,360.0066863724252,126.0,3.0,1.0,idle,ghost_job
2026-01-05 09:34:00,2.8358827328463923,40.70709540825086,37.37861831786254,66.094968084601,0.0,0.0,18.400318794567113,45.43727646010433,83.21409982213754,348.53708288800414,127.0,3.0,1.0,idle,ghost_job
2026-01-05 09:35:00,1.0036325320958948,36.10515882452527,34.99775416247286,78.07914930498595,0.0,0.0,21.10298472369448,43.55151103117713,90.40236441442661,341.2895495904289,128.0,6.0,1.0,idle,ghost_job
2026-01-05 09:36:00,2.873364175743467,54.89243676407533,37.60503401025543,65.71958241794695,0.0,0.0,18.06832585395761,43.093516004408876,102.87816460878159,350.67104885130396,129.0,4.0,1.0,idle,ghost_job
2026-01-05 09:37:00,1.0216962222728396,35.078332860396635,36.58890050238663,70.78591199415027,0.0,0.0,21.057040360176792,44.8020067045931,118.43962733459888,352.63692046194353,130.0,2.0,1.0,idle,ghost_job
2026-01-05 09:38:00,2.6771108180830967,41.33965131570319,38.02717205674132,76.36885430560362,1.0,0.0,25.784336361042833,44.84851848455434,134.91858412645865,341.68540756277326,131.0,3.0,1.0,idle,ghost_job
2026-01-05 09:39:00,1.3111663208202424,47.71923849929941,37.06255344541659,79.35904208545792,0.0,0.0,28.9415796875261,44.87731197308428,126.47577676902213,326.51217637812033,132.0,3.0,1.0,idle,ghost_job
2026-01-05 09:40:00,0.6906620143986002,42.78544417418088,37.577667200106454,77.93438189362884,0.0,0.0,25.503338501487754,44.311423686600335,101.75996757275882,330.1535803168919,133.0,2.0,1.0,idle,ghost_job
2026-01-05 09:41:00,1.5860011866900035,36.534926876364445,37.21797576608068,72.04226634172508,0.0,0.0,24.85197595694924,45.08543542556559,88.11353235014192,345.9612338553957,134.0,6.0,1.0,idle,ghost_job
2026-01-05 09:42:00,1.8446496111928319,50.555027566328405,37.445286574281894,73.00886519468587,0.0,0.0,24.157544970134655,44.277371587966954,93.17749956400368,351.63991736013867,135.0,6.0,1.0,idle,ghost_job
2026-01-05 09:43:00,2.904133126421697,39.58992411952771,36.873748001868655,79.77349145611973,0.0,0.0,4.797424185760834,33.868400983507556,15.860009549232704,0.0,0.0,4.0,1.0,idle,ghost_job
2026-01-05 09:44:00,0.5339969556705353,43.37794829817801,36.72024778291206,65.45462612543585,0.0,0.0,5.006452704704208,34.02608063551632,14.712314705423381,0.0,0.0,2.0,1.0,idle,ghost_job
2026-01-05 09:45:00,2.9045539780617844,52.03605993745741,38.2336451862765,79.85255654220133,0.0,0.0,6.092834068614458,34.421827468253575,8.014863678425513,0.0,0.0,3.0,1.0,idle,ghost_job
2026-01-05 09:46:00,2.7439834797537377,47.241378236202316,36.62231847912986,78.65731331279463,0.0,0.0,8.59331076461061,31.4768373207453,0.0,0.0,0.0,1.0,1.0,idle,ghost_job
2026-01-05 09:47:00,1.7821180345703072,46.77916360787698,35.02056717189705,78.63463320143099,0.0,0.0,9.8724752348746,35.66497060230864,5.507993603104317,0.0,0.0,1.0,1.0,idle,ghost_job
2026-01-05 09:48:00,2.8594159284799265,50.35681077648606,36.384513646582896,78.18405112888293,0.0,0.0,14.13825362109823,37.65407325988798,0.0,0.0,0.0,3.0,1.0,idle,ghost_job
2026-01-05 09:49:00,0.5423009099857066,48.01462912457638,37.77131423214647,69.89792841882577,0.0,0.0,18.516574146709207,38.637366477049085,0.0,0.0,0.0,0.0,1.0,idle,ghost_job
2026-01-05 09:50:00,2.735467509111807,53.46648415715518,38.1807006432754,79.08344034433429,0.0,0.0,15.354740423689996,39.241351313044554,0.0,0.4299696695405384,0.0,4.0,1.0,idle,ghost_job
2026-01-05 09:51:00,2.0800380090236468,48.183970130731,38.93814611001787,65.61135236469734,0.0,0.0,12.165112726617867,38.34914704705288,0.0,15.81538553402995,0.0,6.0,1.0,idle,ghost_job
2026-01-05 09:52:00,0.52842540756336,39.163603625931984,37.686010626193614,67.97221734686927,0.0,0.0,10.759691692694954,34.63767163145208,0.0,8.320629965619379,0.0,3.0,1.0,idle,ghost_job
2026-01-05 09:53:00,2.717306868392105,45.125965188081835,38.03925342191234,67.96126876704454,0.0,0.0,10.27198054374474,36.48014487228311,0.0,0.0,0.0,0.0,1.0,idle,ghost_job
2026-01-05 09:54:00,2.0544758943876644,35.81562880988911,37.56064625048956,68.79923743392855,0.0,0.0,10.761668500091137,34.36474179793879,0.0,0.0,0.0,2.0,1.0,idle,ghost_job
2026-01-05 09:55:00,1.8983603898030421,47.70094027402895,37.88757400065545,71.27466810674528,0.0,0.0,8.255751712096693,30.771821338098793,0.0,0.0,0.0,4.0,1.0,idle,ghost_job
2026-01-05 09:56:00,2.895994593890248,36.62325582809155,35.96198745771899,77.95281594220378,0.0,0.0,3.977339648403552,31.670461877219797,0.0,0.0,0.0,3.0,1.0,idle,ghost_job
2026-01-05 09:57:00,1.2620796775808694,44.26398036353933,34.81795773590633,70.91246825864269,0.0,0.0,5.580800796213264,33.40015154939793,0.0,0.0,0.0,4.0,1.0,idle,ghost_job
2026-01-05 09:58:00,2.749847230827644,43.615225246695,37.417706960251046,75.25752033921128,0.0,0.0,2.362793312262725,32.75713163743588,0.0,0.0,0.0,2.0,1.0,idle,ghost_job
2026-01-05 09:59:00,2.5516358365672662,38.45550057397971,34.16098968824268,70.35574246574924,0.0,0.0,3.54086414487073,36.52348477788369,0.0,11.966922782136393,0.0,1.0,1.0,idle,ghost_job
2026-01-05 10:00:00,2.441842412807283,50.23003337854559,35.597068826234036,68.40719585263216,0.0,0.0,8.436837644130883,37.905234905808584,0.0,0.0,0.0,4.0,1.0,idle,ghost_job
2026-01-05 10:01:00,2.3261456531471225,47.503282796053384,34.04846031350908,75.9843377801848,0.0,0.0,7.451540460492504,37.95265711242382,10.073279450498703,0.0,0.0,1.0,1.0,idle,ghost_job
2026-01-05 10:02:00,2.8743482907903983,42.81819804579668,37.591550576947334,66.48564640868713,0.0,0.0,5.012536733050499,35.115400373787615,4.222146390250387,0.0,0.0,2.0,1.0,idle,ghost_job
2026-01-05 10:03:00,2.0686547956279613,43.27011521936561,37.60336905596361,65.85047041181974,0.0,0.0,2.271494633648789,35.17057020294476,16.77188967995476,3.697499790952895,0.0,1.0,1.0,idle,ghost_job
2026-01-05 10:04:00,1.3937854159289318,35.637433011918475,34.38579759066597,71.62336623758237,0.0,0.0,1.2542006958133332,36.24502268511883,22.510410009345335,3.9549841353791773,0.0,1.0,1.0,idle,ghost_job
2026-01-05 10:05:00,2.2371364843094517,42.4533776108616,36.38465962911843,65.80754945146685,0.0,0.0,4.668198322392593,35.43494874568963,6.612450597088427,10.583285250347373,0.0,1.0,1.0,idle,ghost_job
2026-01-05 10:06:00,1.5150051024883677,40.607737674892874,34.192568879930384,76.39589239891804,0.0,0.0,3.0315321080152158,34.07978217039835,13.976544044125855,11.784929190245972,0.0,4.0,1.0,idle,ghost_job
2026-01-05 10:07:00,2.032872720179121,45.05985414058995,34.69460282090048,74.64230107633463,0.0,0.0,0.0,29.501001584083973,16.899407493145205,0.0,0.0,1.0,1.0,idle,ghost_job
2026-01-05 10:08:00,2.878050998735487,39.95729344851352,34.76638274371114,72.43532623734023,0.0,0.0,0.14550144957758082,33.62228678487147,21.4096822370251,1.3290602620807572,0.0,0.0,1.0,idle,ghost_job
2026-01-05 10:09:00,2.35645308749016,52.762393888513074,36.1731307847145,70.26068810532199,0.0,0.0,2.3274490638590244,34.20889107968098,17.553708976784,0.0,0.0,3.0,1.0,idle,ghost_job
2026-01-05 10:10:00,2.2740595879541305,44.129889495002814,36.40944250415855,76.95701340339022,0.0,0.0,47.25869543947502,66.9861135867074,384.0588403167272,158.9957440827862,0.0,4.0,1.0,idle,ghost_job
2026-01-05 10:11:00,0.5574854567035967,46.946524643615504,35.95418614559142,70.01898682113547,0.0,0.0,48.39375158865268,67.08969906112547,367.1322162073329,156.89834001001785,1.0,4.0,1.0,idle,ghost_job
2026-01-05 10:12:00,2.1023191534913654,48.63663021575739,38.679153995769376,69.67634736070167,0.0,0.0,51.57390432109524,71.36179233244829,354.55289472245494,143.03032373758427,2.0,4.0,1.0,idle,ghost_job
2026-01-05 10:13:00,0.9865750662493601,47.43421671487451,36.56340691732628,75.66394951790171,0.0,0.0,53.037792664483526,69.73045819243633,371.63125471196315,152.04771839637039,3.0,2.0,1.0,idle,ghost_job
2026-01-05 10:14:00,0.9411864924507811,35.417478911713594,36.882780021196396,70.93163252630991,0.0,0.0,54.408872013889344,71.38455199668661,374.548739074804,151.86144096943227,4.0,4.0,1.0,idle,ghost_job
2026-01-05 10:15:00,1.9987973592632666,40.984360125936384,36.72544039205193,70.70177800612197,0.0,0.0,50.353774992063414,68.28052329887342,360.87904706658287,151.39127115955182,5.0,6.0,1.0,idle,ghost_job
2026-01-05 10:16:00,1.0839245366017554,35.56466244896282,38.75891871126181,78.24749648885549,0.0,0.0,56.036497943950906,66.05885406679458,389.4146613428428,152.8585936618119,6.0,4.0,1.0,idle,ghost_job
2026-01-05 10:17:00,2.0086590658197476,48.88472494737618,38.44702786757991,75.21485377461296,0.0,0.0,51.49202858730232,66.15478735699539,397.3931742201434,151.19123215556277,7.0,5.0,1.0,idle,ghost_job
2026-01-05 10:18:00,2.464058143069906,43.76244202644382,37.62530210623612,67.41290582744107,0.0,0.0,55.96512758218839,66.03816569437325,385.27922045171084,158.83799209346836,8.0,3.0,1.0,idle,ghost_job
2026-01-05 10:19:00,0.9070455934793469,49.7302187548787,36.95018150898311,74.76366853002024,0.0,0.0,53.29199693335354,67.42372280966794,399.57879521291005,145.2979367632151,9.0,3.0,1.0,idle,ghost_job
2026-01-05 10:20:00,1.500795930116952,41.57582808949649,34.65456315642574,70.69443418118847,0.0,0.0,52.31607042304116,70.39854978032214,401.7577923465314,140.549661157238,10.0,4.0,1.0,idle,ghost_job
2026-01-05 10:21:00,1.3880226229669583,49.9811083887801,34.266044639734474,69.69000800864566,0.0,0.0,56.52521880162671,71.40462093766813,372.9185986179384,148.70970186898418,11.0,5.0,1.0,idle,ghost_job
2026-01-05 10:22:00,0.9135570479840209,50.066448503386994,34.68707210527874,71.997847464138,0.0,0.0,55.70878803721019,69.7103097764051,398.9633099771257,174.11471318950868,12.0,3.0,1.0,idle,ghost_job
2026-01-05 10:23:00,2.1908425029958014,38.22332122555047,38.44612210492951,65.49166138341643,0.0,0.0,48.692295759198295,70.17455482351919,381.0173600131851,158.139361824493,13.0,6.0,1.0,idle,ghost_job
2026-01-05 10:24:00,1.3491909697876057,47.27479586658089,36.978287910816526,66.98012353268199,0.0,0.0,47.72041273069042,68.47481190566837,412.1255104301784,148.64130685720465,14.0,7.0,1.0,idle,ghost_job
2026-01-05 10:25:00,2.980798255178394,35.642488435954995,38.467352110907555,72.52521909959121,0.0,0.0,44.60657694562158,65.822207742291,393.55621305769284,144.20124060928205,15.0,4.0,1.0,idle,ghost_job
2026-01-05 10:26:00,2.0094637075998016,47.328948924645445,35.407983866421596,76.26927820530686,0.0,0.0,42.76188228882339,67.06215802846472,381.82256336397586,137.20647801874867,16.0,5.0,1.0,idle,ghost_job
2026-01-05 10:27:00,0.9588666576163142,49.455201267359016,36.67387640369652,65.26095261874245,0.0,0.0,44.529345962576414,67.99966224302499,411.52247512140514,139.60154990224257,17.0,5.0,1.0,idle,ghost_job
2026-01-05 10:28:00,0.7524157813218009,42.1355533705188,38.44638758700667,74.19469979211279,0.0,0.0,46.039183783287115,66.9389556405839,420.9760596663089,144.53736615004402,18.0,5.0,1.0,idle,ghost_job
2026-01-05 10:29:00,1.411316007836661,53.280929811980755,36.61177556021844,78.46196801493005,0.0,0.0,46.88627272796251,63.8808753991148,409.0106248468928,162.8303558198555,19.0,2.0,1.0,idle,ghost_job
2026-01-05 10:30:00,0.9132001113442632,42.09567047416898,34.21594899071793,65.20408361144108,0.0,0.0,44.625435675272314,65.25582598716133,413.59226572073294,154.2295652071199,20.0,2.0,1.0,idle,ghost_job
2026-01-05 10:31:00,2.8717145927610237,39.68367995694257,36.08158390355078,72.6609130524586,0.0,0.0,50.58532776580429,70.09663208719715,427.73019141872624,175.2126481620793,21.0,3.0,1.0,idle,ghost_job
2026-01-05 10:32:00,2.6570231859409676,36.994736732661494,38.377699225604154,75.24791560713464,0.0,0.0,49.51119679725188,71.95383283041255,401.9744152775059,167.39629637820542,22.0,5.0,1.0,idle,ghost_job
2026-01-05 10:33:00,1.3433694557065166,53.55613522878706,38.40511129756121,67.04531109933689,0.0,0.0,50.50427255664731,70.3511093851383,407.1932902293789,163.19304151610424,23.0,5.0,1.0,idle,ghost_job
2026-01-05 10:34:00,1.5913209903608843,43.085963880610706,37.313969232244666,66.88651755145928,1.0,0.0,49.95341937344351,67.57496625190642,402.06537509240616,169.40014544637418,24.0,3.0,1.0,idle,ghost_job
2026-01-05 10:35:00,1.8358219755337175,37.261527434382195,37.41501761497132,71.01484951437214,0.0,0.0,54.35543629534838,67.06234386604952,402.73818133545484,170.43635394408633,25.0,2.0,1.0,idle,ghost_job
2026-01-05 10:36:00,1.12616707689639,50.057481659041756,35.58493555357762,72.76353168829559,0.0,0.0,51.68814506871942,67.66496484051167,391.34111380276863,167.22757084866447,26.0,4.0,1.0,idle,ghost_job
2026-01-05 10:37:00,0.9736913613523308,53.69585915264136,38.667909685602275,73.53359467357109,0.0,0.0,49.70503310410639,67.07927725851118,374.97435324241894,168.44848553937203,27.0,5.0,1.0,idle,ghost_job
2026-01-05 10:38:00,1.3799197875937612,47.07431374717591,38.03354997985694,75.77846548144113,0.0,0.0,48.96035713413617,69.87414791769659,381.5690630691539,175.79880274136426,28.0,5.0,1.0,idle,ghost_job
2026-01-05 10:39:00,2.468500778082337,54.49883502754207,38.308334100467604,77.31470240293584,0.0,0.0,49.7613148215878,66.01894866750173,404.49939479931874,176.08633600526812,29.0,3.0,1.0,idle,ghost_job
2026-01-05 10:40:00,1.4672294395797643,37.505795206681356,35.597242409322085,74.33778872301971,0.0,0.0,46.60994485514325,68.21526643673343,379.7106975720194,171.8957354853274,30.0,3.0,1.0,idle,ghost_job
2026-01-05 10:41:00,2.2633906321972748,36.12586936301609,36.80666552926619,74.27186706766228,0.0,0.0,44.557293285182936,70.2172925792244,384.7165866971914,178.4396592399648,31.0,4.0,1.0,idle,ghost_job
2026-01-05 10:42:00,1.0255160653124782,43.75009025008893,35.40683904048186,79.97761542987122,0.0,0.0,45.65088777278946,70.26825077148075,377.01207148038657,164.75825085984374,32.0,9.0,1.0,idle,ghost_job
2026-01-05 10:43:00,1.9400150350736152,47.340678744322204,35.74816823243392,65.94175831913958,0.0,0.0,47.65020350625419,67.03752935846258,390.4125859506517,161.8371176817809,33.0,7.0,1.0,idle,ghost_job
2026-01-05 10:44:00,2.6903226344636733,52.67482679578701,38.78201943545008,68.85759358750977,0.0,0.0,49.7581291235673,67.22334855123316,387.15706213368827,152.09403623649365,34.0,3.0,1.0,idle,ghost_job
2026-01-05 10:45:00,1.023771632132599,44.88768635638384,38.54569935729116,73.80002252031558,0.0,0.0,44.51559198848061,74.29124998803564,389.84849518766924,155.21388108135397,35.0,2.0,1.0,idle,ghost_job
2026-01-05 10:46:00,1.9512440097030834,35.83726922532993,37.80482223435459,76.97045825216495,0.0,0.0,46.970011095978876,76.46162267405565,413.36656680120745,154.40548640841257,36.0,5.0,1.0,idle,ghost_job
2026-01-05 10:47:00,1.9240379279007,36.19701406952721,37.675178213830755,78.48978427768785,0.0,0.0,48.151591066430555,79.8081691521473,412.66810752771835,152.53126586510197,37.0,5.0,1.0,idle,ghost_job
2026-01-05 10:48:00,2.759818554177771,37.73997781634133,37.27408073756109,71.66662372148228,0.0,0.0,48.69412979258255,78.53417335108476,404.9210147941893,161.27440159903145,38.0,6.0,1.0,idle,ghost_job
2026-01-05 10:49:00,2.191419294265235,45.93994755290836,35.39188976074219,68.94325834649356,0.0,0.0,45.67113211562652,75.06247184599182,412.89137073793904,161.40862073238418,39.0,4.0,1.0,idle,ghost_job
2026-01-05 10:50:00,2.217850713518878,46.02816173617114,36.38905046037388,66.36482977729665,0.0,0.0,46.0403426138623,70.48788653000443,409.66045560097905,158.75516202659793,40.0,4.0,1.0,idle,ghost_job
2026-01-05 10:51:00,1.7499063106700459,53.70908971166574,34.92212230690562,77.4763597842482,0.0,0.0,43.76515335319709,66.04513417523995,385.5521658237796,154.49903896997685,41.0,5.0,1.0,idle,ghost_job
2026-01-05 10:52:00,2.1644347649913156,38.73979672806939,36.85454850173747,76.58403458920696,0.0,0.0,47.22935528582522,65.46721748502696,384.1962872976161,148.56975211701786,42.0,9.0,1.0,idle,ghost_job
2026-01-05 10:53:00,0.7762708754688157,45.58554855522806,36.08207340891626,77.92773905340499,0.0,0.0,44.18127100080471,70.38086925448381,387.39828948543243,164.99063681002406,43.0,6.0,1.0,idle,ghost_job
2026-01-05 10:54:00,0.5377380095971578,49.81412090396152,37.43181363281727,65.81689560210454,0.0,0.0,42.48763113266341,69.8203682241634,395.07316471002025,167.23543957869066,44.0,4.0,1.0,idle,ghost_job
2026-01-05 10:55:00,1.169131838774828,41.09456318332642,34.17928349064863,69.56851780734051,0.0,0.0,47.80177647251314,70.11889786699533,362.6274272230492,157.5491878356238,45.0,4.0,1.0,idle,ghost_job
2026-01-05 10:56:00,1.5193333703689855,36.91580711961871,36.47244626759439,66.9197993266428,0.0,0.0,46.87970484018158,67.14998804550117,332.6214811627054,158.81341960959833,46.0,5.0,1.0,idle,ghost_job
2026-01-05 10:57:00,2.826405257742589,54.40399926012969,35.32686889135931,69.70059471305788,0.0,0.0,45.891830254140444,71.46020930629072,325.8079288255519,148.96317642868405,47.0,3.0,1.0,idle,ghost_job
2026-01-05 10:58:00,0.5907353549703999,41.500467851456605,35.57625104469866,66.77812327501803,0.0,0.0,43.90791262452823,68.75867954829793,332.98433975163766,165.96197427181727,48.0,5.0,1.0,idle,ghost_job
2026-01-05 10:59:00,2.307532119560964,40.63422834403436,37.72811634042276,79.51238529949508,0.0,0.0,42.50608865006632,70.4286985451796,338.19038714595183,166.57623589969114,49.0,3.0,1.0,idle,ghost_job
2026-01-05 11:00:00,1.6193821652738876,52.57341668164663,36.616560543760144,78.07618783009933,0.0,0.0,42.20079148174088,66.98074207209888,298.81762633144,153.0813023484357,50.0,3.0,1.0,idle,ghost_job
2026-01-05 11:01:00,1.777995706486375,38.43570372603804,37.18426780656587,69.30071391885919,0.0,0.0,42.652300501238116,63.59660390255782,304.5899196901427,149.95805144060995,51.0,7.0,1.0,idle,ghost_job
2026-01-05 11:02:00,2.6152376384668097,50.90876941372082,35.17751329223986,69.12513556807382,0.0,0.0,42.07278432088468,63.02063955147574,312.2901527441648,137.723198991319,52.0,2.0,1.0,idle,ghost_job
2026-01-05 11:03:00,0.5167830529803475,39.9260328830935,34.42384136049708,79.64210491821808,0.0,0.0,43.16679336877255,63.392964270465036,322.24399367413173,126.09950890572642,53.0,3.0,1.0,idle,ghost_job
2026-01-05 11:04:00,1.1731326379191804,54.25404886211584,35.0786083138366,65.68789299950235,0.0,0.0,44.73469746549382,64.69779247628152,311.89403481780926,115.36465422319256,54.0,4.0,1.0,idle,ghost_job
2026-01-05 11:05:00,1.0320885503807622,47.82504877808506,38.828543019267485,67.12120414962708,0.0,0.0,45.66065496776693,68.46479010124061,320.0212920964858,126.21703681666065,55.0,4.0,1.0,idle,ghost_job
2026-01-05 11:06:00,2.9571162637781465,41.19972446453603,35.42288814724671,73.83339879574838,0.0,0.0,42.86782750916533,68.64214242120696,331.88371359722083,130.22318730748,56.0,3.0,1.0,idle,ghost_job
2026-01-05 11:07:00,0.5802606062506278,44.80219245003367,35.5681524585002,78.87827227114116,0.0,0.0,38.77889362059391,64.48557778429094,317.09755513267,154.2960893187419,57.0,3.0,1.0,idle,ghost_job
2026-01-05 11:08:00,0.6245038822115202,41.562796365167685,38.11190888236845,78.87838590401557,0.0,0.0,41.83141133163794,65.63853783769953,322.28475019259105,162.88034221077004,58.0,3.0,1.0,idle,ghost_job
2026-01-05 11:09:00,0.7973172692810061,54.34828601004311,36.01619047456383,79.902751351667,0.0,0.0,42.958726663349296,64.51159351938716,313.3811502231389,158.8145210807185,59.0,3.0,1.0,idle,ghost_job
2026-01-05 11:10:00,2.362729728454272,44.77369588328252,36.42757276658438,69.15777226396102,0.0,0.0,41.251592840032046,62.17739988370192,307.51455227835095,162.54961187469152,60.0,6.0,1.0,idle,ghost_job
2026-01-05 11:11:00,1.5766474378971969,54.68747455314446,38.22771788428224,75.64527630836174,0.0,0.0,42.957553310385556,67.50888619670467,321.4909190546611,163.5794361126404,61.0,4.0,1.0,idle,ghost_job
2026-01-05 11:12:00,1.3136190479858962,43.0352991505138,35.52626907556398,66.12454035901291,0.0,0.0,43.46276446618827,66.94821742040351,331.63691758094694,131.0111022272327,62.0,3.0,1.0,idle,ghost_job
2026-01-05 11:13:00,1.688544603260389,46.08811286212616,34.90529967702299,68.82395161449804,0.0,0.0,45.16644273634371,65.74984140517772,356.6570572035093,123.14050812147497,63.0,3.0,1.0,idle,ghost_job
2026-01-05 11:14:00,1.2442135550081503,37.61397389683005,37.49181569324811,74.38767832883,0.0,0.0,44.83740998071523,65.63893313492058,354.7513595996738,128.238206787625,64.0,6.0,1.0,idle,ghost_job
2026-01-05 11:15:00,0.5340822600920099,51.85433438645001,34.09306580319205,77.90536071342495,0.0,0.0,41.65200014338407,67.04748558362466,359.2862699549377,144.09924997715905,65.0,3.0,1.0,idle,ghost_job
2026-01-05 11:16:00,2.013654813938815,44.000575323397996,36.43334304360491,78.61105781638074,0.0,0.0,39.24765911291648,68.64890580481178,375.35560574636116,149.519689884721,66.0,4.0,1.0,idle,ghost_job
2026-01-05 11:17:00,1.9447817148669237,52.28704658635485,34.10215916067952,74.75298083216899,0.0,0.0,39.723126982134325,67.10634666659008,368.71309530125563,142.2180747552223,67.0,2.0,1.0,idle,ghost_job
2026-01-05 11:18:00,1.16773957724718,47.02447512850673,34.28184113898054,77.09418775364209,0.0,0.0,40.578247408003634,67.71825158401343,369.8194041798641,141.43223969500116,68.0,3.0,1.0,idle,ghost_job
2026-01-05 11:19:00,2.1020418344337033,54.558226237157406,37.20943689761779,70.5172483226193,0.0,0.0,38.67854497388164,68.2356167722195,335.93185447665536,149.06000686270554,69.0,4.0,1.0,idle,ghost_job
2026-01-05 11:20:00,2.6381792945610076,51.977093184076004,37.211485605467615,67.47776896431485,0.0,0.0,37.30781669342544,68.38281076734857,348.7944552381938,140.53845618274536,70.0,2.0,1.0,idle,ghost_job
2026-01-05 11:21:00,1.1643454225414367,38.03925254168712,35.568366904417616,77.62049746279004,0.0,0.0,38.07247091954439,67.79148339362251,343.1648034209585,129.467996478219,71.0,6.0,1.0,idle,ghost_job
2026-01-05 11:22:00,1.22198461046945,35.26679250155386,34.82315011216893,68.96207895438141,0.0,0.0,42.941038720577914,65.98922683838397,346.3998688316026,146.52207523369862,72.0,3.0,1.0,idle,ghost_job
2026-01-05 11:23:00,1.6320204491167858,45.768341004814765,37.25539972575259,73.23395106395809,0.0,0.0,40.514580747222624,64.28084920308413,336.1040221956703,141.8304479584768,73.0,4.0,1.0,idle,ghost_job
2026-01-05 11:24:00,2.7089203062633436,42.138719767302476,38.232666597879884,76.0894453525772,0.0,0.0,42.20754188898146,64.10902137463458,329.97405899511153,128.58353315293786,74.0,2.0,1.0,idle,ghost_job
2026-01-05 11:25:00,2.164057773896813,39.68147148754049,38.92170950226091,70.31076964653353,0.0,0.0,44.30778556970732,66.75412236365732,352.3226252184247,146.60314392625727,75.0,6.0,1.0,idle,ghost_job
2026-01-05 11:26:00,1.3955004040663475,42.099170746217546,37.134890348991455,68.61657391684511,0.0,0.0,39.58375814792806,69.35564860509395,352.63549098167516,155.5134586820516,76.0,3.0,1.0,idle,ghost_job
2026-01-05 11:27:00,2.6493569310896876,38.38785346681684,36.635822249062656,65.68629227054217,0.0,0.0,43.94569439843636,69.83396885153611,346.23123496683047,167.1280869234827,77.0,2.0,1.0,idle,ghost_job
2026-01-05 11:28:00,2.614610871527662,51.93702186512332,37.22355951006565,73.74576034620429,0.0,0.0,47.61423418609821,71.78582638654825,357.4323061049906,170.1703424347823,78.0,3.0,1.0,idle,ghost_job
2026-01-05 11:29:00,0.5418497820029076,53.71142229993294,38.9865956704146,75.91607238056756,0.0,0.0,46.28526885778584,72.50413294135888,329.5377455905731,171.96993059798476,79.0,5.0,1.0,idle,ghost_job
2026-01-05 11:30:00,1.1941912101552563,41.4019252096235,35.56803077819254,72.93068767029848,0.0,0.0,47.87494992567707,71.49367191074852,329.6503411052102,168.7255478418682,80.0,3.0,1.0,idle,ghost_job
2026-01-05 11:31:00,1.1894175611492361,39.747670708149485,37.5534187870303,65.8913955575767,0.0,0.0,43.69141184361029,72.31035410813672,332.1755765476266,160.0023476249102,81.0,3.0,1.0,idle,ghost_job
2026-01-05 11:32:00,2.352020507522783,40.690339182705664,37.12640286227999,79.557881477953,0.0,0.0,44.54995808605871,73.25052407530478,333.4067516648873,162.9100728559144,82.0,7.0,1.0,idle,ghost_job
2026-01-05 11:33:00,2.0172789170164536,46.56191790625225,34.27652667973137,65.21531603642171,0.0,0.0,49.367091270248515,73.78408169325698,338.8587632388587,144.72392145800515,83.0,4.0,1.0,idle,ghost_job
2026-01-05 11:34:00,1.4033123338963132,49.58968681550637,37.54521942409502,69.17317914485794,0.0,0.0,44.62282194691258,73.12699212302373,333.8529932088127,129.85981860173874,84.0,4.0,1.0,idle,ghost_job
2026-01-05 11:35:00,1.1743970644827348,36.545486042201205,34.91889556667789,77.25737560272617,0.0,0.0,41.23659855064088,69.5056807556366,327.2413197785346,141.73543617606103,85.0,4.0,1.0,idle,ghost_job
2026-01-05 11:36:00,2.68212975273397,51.27656581664441,35.66057376182755,68.33969212728812,0.0,0.0,39.15615571771559,66.69515007308969,323.2620373062944,158.20478529639828,86.0,4.0,1.0,idle,ghost_job
2026-01-05 11:37:00,2.612039884356066,43.66477596280775,37.737377218710854,75.9096348115436,0.0,0.0,41.84513640289646,64.7059058833678,321.1526449374897,166.05554571408248,87.0,3.0,1.0,idle,ghost_job
2026-01-05 11:38:00,2.7718156648071153,44.925596441687595,37.89865736939164,75.48334564204401,0.0,0.0,41.91240966912547,63.408234763305714,324.17703649501647,167.57711414481085,88.0,2.0,1.0,idle,ghost_job
2026-01-05 11:39:00,0.5200858596164764,52.004668611217056,36.03794918087388,69.29349258099293,0.0,0.0,41.82412164426518,65.61669933530338,315.33154899841145,160.14585410881648,89.0,3.0,1.0,idle,ghost_job
2026-01-05 11:40:00,0.652126715457688,53.26725557132876,37.627932556142184,73.79935964186177,0.0,0.0,43.27461175621007,68.28135128536951,339.470809869903,161.91287310859963,90.0,6.0,1.0,idle,ghost_job
2026-01-05 11:41:00,1.3101916279285102,38.69414708942342,36.421783453571756,77.32763188767287,0.0,0.0,43.58504835939385,69.57749786121475,355.9776805456309,153.58511424622904,91.0,5.0,1.0,idle,ghost_job
2026-01-05 11:42:00,2.6478216515800184,50.42336196145273,35.78461803633233,78.39805957651149,0.0,0.0,45.93795516651102,68.16468909911028,363.3636043800126,154.2851011569087,92.0,4.0,1.0,idle,ghost_job
2026-01-05 11:43:00,2.800425399553021,41.21060842392114,36.98938340135654,68.7509774860633,0.0,0.0,48.02742340878335,68.64915637628286,352.62804237793705,154.87691909446602,93.0,7.0,1.0,idle,ghost_job
2026-01-05 11:44:00,2.15866245670946,54.3135814740134,37.32036393481566,72.30832074407834,0.0,0.0,52.08770065062369,68.28537708314842,342.1833097548685,150.60214604006362,94.0,5.0,1.0,idle,ghost_job
2026-01-05 11:45:00,2.076534251849224,36.88202462034693,37.99621488147246,74.80679782795588,0.0,0.0,51.54641355564863,66.09185433283223,363.43821521934535,159.42634122329102,95.0,3.0,1.0,idle,ghost_job
2026-01-05 11:46:00,2.3865884511696414,46.75427378871179,38.40488137913127,67.4758478627079,0.0,0.0,55.96844218177561,68.00020096656397,356.12580804805003,169.51019906468485,96.0,3.0,1.0,idle,ghost_job
2026-01-05 11:47:00,2.2154282430914245,37.80476119988117,34.327387517461815,70.57672738479845,0.0,0.0,55.42606270487727,67.12760853351193,356.96871466494684,172.34431583016337,97.0,5.0,1.0,idle,ghost_job
2026-01-05 11:48:00,1.912626494954767,35.3748619776123,36.444655030919236,71.08901993785298,1.0,0.0,53.638490234230815,68.62302178602417,338.48933769117275,175.76839225698075,98.0,5.0,1.0,idle,ghost_job
2026-01-05 11:49:00,0.6210566172386607,54.96342161811671,37.56568182939412,71.10855503995474,0.0,0.0,55.69615442932407,66.54187766564199,341.1182761816272,166.28978118070202,99.0,5.0,1.0,idle,ghost_job
2026-01-05 11:50:00,0.8823385044335073,35.23688408220275,34.477184718196725,65.4222654898604,0.0,0.0,52.67261412506263,65.62512909665577,336.6189628588839,163.75198710547278,100.0,4.0,1.0,idle,ghost_job
2026-01-05 11:51:00,1.4844192312133804,53.7567935776206,38.209059326735684,76.78632413614704,0.0,0.0,55.2387878580668,65.41000172800672,337.4986707952377,174.80986631556817,101.0,2.0,1.0,idle,ghost_job
2026-01-05 11:52:00,2.958430210924889,54.583869150645434,36.718026774672836,74.32526472766678,0.0,0.0,52.219638562581466,66.96709767690726,335.03658475921907,167.48335168380493,102.0,4.0,1.0,idle,ghost_job
2026-01-05 11:53:00,1.1828004609364866,44.77529577521476,38.88833003424523,67.38997504921522,0.0,0.0,51.17840239305456,67.80703399051804,371.48551261265993,159.79448203451463,103.0,5.0,1.0,idle,ghost_job
2026-01-05 11:54:00,1.1799594067728745,35.746211956312024,37.90347852385348,65.9915925525152,0.0,0.0,50.97624026681115,69.72144280993163,376.7139794344587,168.0787967326301,104.0,5.0,1.0,idle,ghost_job
2026-01-05 11:55:00,1.0618513736371171,49.693725404573215,34.14317373977448,65.35420437119083,0.0,0.0,50.41209014682801,64.77325829826084,373.3700872452345,168.94380707489552,105.0,4.0,1.0,idle,ghost_job
2026-01-05 11:56:00,2.059431398779176,39.270584997492676,37.45171177155399,70.11872480095897,0.0,0.0,45.885747141857884,64.29521737353753,349.89954933212744,161.93868507539077,106.0,4.0,1.0,idle,ghost_job
2026-01-05 11:57:00,2.587232062435431,40.949401422307034,35.130340690120995,72.07371932281555,0.0,0.0,46.3680500541632,60.952147209084444,345.43295301501456,151.9825952907506,107.0,4.0,1.0,idle,ghost_job
2026-01-05 11:58:00,0.6181342635614996,42.296110039532984,34.75972236443354,71.60045569821658,0.0,0.0,45.118514690770986,62.4809607751179,342.4933645708635,150.46446618343637,108.0,3.0,1.0,idle,ghost_job
2026-01-05 11:59:00,2.668081828832371,47.15859711736973,37.712884739855866,70.23540219980809,0.0,0.0,42.24288064269504,63.860418800412155,366.82865938604016,156.03816373398737,109.0,7.0,1.0,idle,ghost_job
