timestamp,gpu_utilization,memory_utilization,gpu_temperature,power_consumption,ecc_errors,xid_errors,cpu_usage,ram_usage,network_throughput,disk_io,job_runtime,queue_length,active_processes,label,incident
2026-01-05 00:00:00,0.9670766630881301,10.857894976108659,38.0,55.06574927422578,0.0,0.0,5.04344897768978,26.850738500515526,5.779080971549067,1.0356611625387735,0.0,2.0,0.0,idle,
2026-01-05 00:01:00,5.254900843797685,13.819542391805918,37.828468891124274,81.62197888116792,0.0,0.0,8.68993260806618,23.120724943919797,0.24938175123276274,0.0,0.0,0.0,0.0,idle,
2026-01-05 00:02:00,4.536979680058891,13.999181684179328,37.934437311776286,77.9577378244578,0.0,0.0,7.916641229279662,24.652632933989928,0.0,1.9540627701765316,0.0,0.0,0.0,idle,
2026-01-05 00:03:00,2.338957254718107,16.241104293390407,38.025215496973935,62.76771997307445,0.0,0.0,6.125035067851148,26.408080595791034,0.0,5.114848736035881,0.0,5.0,0.0,idle,
2026-01-05 00:04:00,0.0,12.317930390988835,37.94161252393879,58.79360999432075,0.0,0.0,6.333086017532752,30.724631286177317,0.0,2.167233659486599,0.0,4.0,0.0,idle,
2026-01-05 00:05:00,2.1688062860518205,13.90618127921931,38.24966947855579,64.64272649878566,0.0,0.0,5.675887188488684,29.82768932521925,0.0,0.0,0.0,2.0,0.0,idle,
2026-01-05 00:06:00,1.7194497149680972,11.83657886719928,38.067265409048886,60.445878284352425,0.0,0.0,7.407631752196133,33.01254711453029,0.0,7.723209114624898,0.0,3.0,0.0,idle,
2026-01-05 00:07:00,4.486855400265811,10.00995109040598,38.56906006446004,77.8150815797871,0.0,0.0,12.02880693379685,32.94035204205561,0.0,0.0,0.0,3.0,0.0,idle,
2026-01-05 00:08:00,5.486030986547949,11.81428626075958,38.55100793566952,79.13555103746015,0.0,0.0,12.266876320238614,35.257480030671886,0.0,0.0,0.0,3.0,0.0,idle,
2026-01-05 00:09:00,2.1773206030975496,10.435093718890002,38.54450472816781,68.32576427214005,0.0,0.0,15.481351930481054,34.105884352755936,0.0,0.0,0.0,2.0,0.0,idle,
2026-01-05 00:10:00,0.0047415646914533705,11.377838128385076,38.34590553216735,54.99751324414608,0.0,0.0,8.744866526630332,34.658101949352655,0.0,0.0,0.0,2.0,0.0,idle,
2026-01-05 00:11:00,0.0,11.025446499534384,38.29187368093862,59.74770825276281,0.0,0.0,8.331844934289485,35.23319678845017,0.0,0.0,0.0,3.0,0.0,idle,
2026-01-05 00:12:00,1.5878786261708755,9.316540575501282,37.998317509846125,70.30881432166672,0.0,0.0,4.833638781358834,34.46640218904427,0.0,0.8252691628250524,0.0,0.0,0.0,idle,
2026-01-05 00:13:00,3.3830254876363206,8.53454111498187,38.496833193082566,77.61185686869285,0.0,0.0,1.2381023426018531,32.31477398910827,0.0,1.788432288753558,0.0,4.0,0.0,idle,
2026-01-05 00:14:00,6.1415053212060595,7.825452652088855,38.80785681000166,76.47869216780869,0.0,0.0,7.464232599477768,30.638947309827195,0.0,0.29029796180030876,0.0,2.0,0.0,idle,
2026-01-05 00:15:00,4.248288408428289,8.622649866002785,38.84266863349068,82.36666671878814,0.0,0.0,7.618851262505172,31.36970692844897,0.0,0.0,0.0,4.0,0.0,idle,
2026-01-05 00:16:00,0.0,10.310319289695006,39.36946420465652,65.65306259851373,0.0,0.0,5.787898566048661,31.553658163729118,0.0,0.0,0.0,2.0,0.0,idle,
2026-01-05 00:17:00,0.14014468312767436,10.553613436791577,39.19378388341115,62.473061922758674,0.0,0.0,3.130527528205503,31.259453032460296,0.0,0.0,0.0,3.0,0.0,idle,
2026-01-05 00:18:00,0.0,10.455138650465724,39.059913891059566,61.03728576587054,0.0,0.0,4.955487710609005,30.39062400366186,0.0,0.0,0.0,2.0,0.0,idle,
2026-01-05 00:19:00,0.0,13.47922033488886,39.41871564607687,61.58851773174057,0.0,0.0,6.894726226849505,26.98228107385865,0.0,0.0,0.0,3.0,0.0,idle,
2026-01-05 00:20:00,0.0,15.739631471374965,39.19295228354099,51.63331401700984,0.0,0.0,2.782645267233873,28.31284470499638,0.0,0.0,0.0,1.0,0.0,idle,
2026-01-05 00:21:00,0.0,17.028443808646358,39.11866943637422,62.95063301054201,0.0,0.0,5.836443903181539,27.398382839142666,0.0,0.0,0.0,0.0,0.0,idle,
2026-01-05 00:22:00,0.0,18.712916546127808,38.93170452216396,68.02154173016005,0.0,0.0,10.697400434892145,28.009655902105138,18.712905346231228,0.0,0.0,2.0,0.0,idle,
2026-01-05 00:23:00,0.0,17.1356489241882,39.29696409966929,70.51153469254317,0.0,0.0,6.4752717077051525,25.218383905533507,0.6258299555678644,0.0,0.0,4.0,0.0,idle,
2026-01-05 00:24:00,0.0,11.927659162069709,39.0417120228757,58.723987134766865,0.0,0.0,9.541230519095954,24.057186927586983,0.0,0.0,0.0,2.0,0.0,idle,
2026-01-05 00:25:00,0.0,11.88759988116613,38.874597478301034,56.944775502541034,0.0,0.0,7.2860508666359,24.169872531740985,11.808118493508172,0.0,0.0,1.0,0.0,idle,
2026-01-05 00:26:00,0.0,15.410586002004507,39.006133771703254,68.74110047231594,0.0,0.0,5.38367999017067,26.95256444470911,0.0,0.0,0.0,1.0,0.0,idle,
2026-01-05 00:27:00,0.0,13.766377810715701,38.87489849413872,59.779871557097394,0.0,0.0,1.2085161733982694,30.216255764209365,12.68503477661168,0.0,0.0,0.0,0.0,idle,
2026-01-05 00:28:00,0.9501608595348595,17.322133841452,38.839600803906926,65.3594958046115,0.0,0.0,3.6300580733759547,30.936281676625825,16.525597141911632,0.0,0.0,1.0,0.0,idle,
2026-01-05 00:29:00,7.049088029590424,17.135792863255567,39.247287799220054,86.42428193852125,0.0,0.0,4.282819917626815,29.2871986947456,14.992006723377267,0.0,0.0,1.0,0.0,idle,
2026-01-05 00:30:00,11.194122313584204,14.653139415410926,39.72601537405543,95.23388541313471,0.0,0.0,4.847428730457011,28.43342135298818,1.2467158644249707,0.0,0.0,4.0,0.0,idle,
2026-01-05 00:31:00,9.859122404105307,14.2080401184466,39.621485760495936,82.6599352214386,0.0,0.0,2.5690930354291477,28.465412864866646,0.0,2.7020878496929166,0.0,2.0,0.0,idle,
2026-01-05 00:32:00,9.275331718761658,10.89831380328386,39.68866262090647,93.59863521814631,0.0,0.0,3.235995886295652,29.103399797944874,13.561165828567422,0.0,0.0,1.0,0.0,idle,
2026-01-05 00:33:00,6.169408407009839,13.610475350110844,40.143979025986624,82.75701127358755,0.0,0.0,3.28269850037629,30.2822731380685,11.22939813441351,0.0,0.0,1.0,0.0,idle,
2026-01-05 00:34:00,5.407609414124831,15.595702197406716,40.168937243699446,81.51277945857846,0.0,0.0,6.699534556765822,30.42481594505647,0.0,0.0,0.0,2.0,0.0,idle,
2026-01-05 00:35:00,4.921947180884125,15.695414790423836,40.07545624826637,86.12394512247269,0.0,0.0,9.457805743320318,28.244071191631516,0.0,0.0,0.0,2.0,0.0,idle,
2026-01-05 00:36:00,7.379683958322828,11.102256948726286,39.681259372854036,85.27772112092666,0.0,0.0,9.00938862634537,24.82899759507478,0.0,0.0,0.0,3.0,0.0,idle,
2026-01-05 00:37:00,5.662029018384103,9.948667030770652,40.22042805163641,85.73274626147804,0.0,0.0,6.878235820127849,23.383113825787966,19.05345696245959,0.0,0.0,1.0,0.0,idle,
2026-01-05 00:38:00,9.889914956480263,12.523486172648346,41.00836078387121,94.4187547421859,0.0,0.0,6.122698475508795,20.63149008539235,16.071772394888377,0.0,0.0,3.0,0.0,idle,
2026-01-05 00:39:00,6.461058752646404,13.319224327846111,41.29076029830969,80.56101493959905,0.0,0.0,1.9059821316528658,23.18654210953269,0.0,0.0,0.0,1.0,0.0,idle,
2026-01-05 00:40:00,93.21074466407048,55.29337547627267,45.91018865537716,386.1385490355668,0.0,0.0,39.33554639161595,56.942284185523974,98.85649666151525,56.83332025415847,0.0,6.0,1.0,compute_bound,
2026-01-05 00:41:00,95.95826731317044,54.26810350568531,50.07184867841373,385.79743727425415,0.0,0.0,39.09064246693926,56.72901915225296,103.82742296058856,65.23861093437722,1.0,2.0,1.0,compute_bound,
2026-01-05 00:42:00,97.31827413437544,52.70419054843367,53.90131120087726,390.66488262889715,0.0,0.0,35.82328539537244,58.269303637357076,91.3128853105743,60.18606381731277,2.0,6.0,1.0,compute_bound,
2026-01-05 00:43:00,94.22498981779162,52.968654016303326,57.196192561787086,383.95560572570633,0.0,0.0,38.80245424097251,58.02859382407112,86.81495484885582,61.50114073540004,3.0,5.0,1.0,compute_bound,
2026-01-05 00:44:00,95.67537884936544,54.243623372136796,59.7942504654747,379.6502330351193,0.0,0.0,37.291323284166666,57.227653753032534,74.27653482745154,72.8617871960989,4.0,5.0,1.0,compute_bound,
2026-01-05 00:45:00,92.58169307312282,53.83977329025171,61.63229722760028,383.92455929616875,0.0,0.0,40.386311777684185,56.57827072204223,78.33810163810696,75.33411848813972,5.0,4.0,1.0,compute_bound,
2026-01-05 00:46:00,91.50862579123735,53.00374934241206,63.12177416961204,357.3584707153262,0.0,0.0,42.69374535516599,54.912140018105674,82.41104384289441,67.20937594151107,6.0,3.0,1.0,compute_bound,
2026-01-05 00:47:00,90.51078885873584,53.11919548802633,64.51641821101488,374.7018988659981,0.0,0.0,42.94216607935432,57.26076893068505,77.97137875432638,90.83891368756932,7.0,4.0,1.0,compute_bound,
2026-01-05 00:48:00,92.42046834970775,55.63706377205693,65.707938853301,374.182031650333,0.0,0.0,40.988808772300914,56.120978411324224,95.70738378884717,99.89021713666523,8.0,2.0,1.0,compute_bound,
2026-01-05 00:49:00,90.65107926440385,57.69319231640615,67.06519379654335,377.5244349070083,0.0,0.0,39.89173753606549,54.58634723161695,79.65632985007295,67.15838204966207,9.0,4.0,1.0,compute_bound,
2026-01-05 00:50:00,91.65396015617416,54.7403392173543,68.33816638226814,378.8067705446258,0.0,0.0,38.50517397379852,55.20437291701167,87.32107198170971,66.92534324894214,10.0,2.0,1.0,compute_bound,
2026-01-05 00:51:00,91.77634273978973,55.04869364321972,69.42177320264429,374.5511170978713,0.0,0.0,30.475832920374103,56.15548061940821,75.18646432529766,72.76981113392267,11.0,3.0,1.0,compute_bound,
2026-01-05 00:52:00,94.43011019386553,56.97617833364073,70.35125674396002,385.36094752318866,0.0,0.0,36.7437332470547,56.41054900202091,92.87069774482815,72.50082904159116,12.0,3.0,1.0,compute_bound,
2026-01-05 00:53:00,96.39839421863613,53.47423012362447,71.53756299003972,385.8350750533689,0.0,0.0,31.2490000653354,57.08772998131205,87.93732549699439,82.0185187137841,13.0,6.0,1.0,compute_bound,
2026-01-05 00:54:00,96.06645751284019,54.125301695808204,72.09751727977846,387.44521663384387,0.0,0.0,29.290741295092875,57.332242160133994,110.83796210997549,87.73151707033094,14.0,4.0,1.0,compute_bound,
2026-01-05 00:55:00,94.21243121440801,50.39640993775099,72.74243301429355,383.91530589145015,0.0,0.0,30.008650881130663,55.949564120733086,91.93517260362407,73.11826313613766,15.0,5.0,1.0,compute_bound,
2026-01-05 00:56:00,95.17917713927767,47.785096022152345,73.34609405672374,387.8844965259876,0.0,0.0,33.699277542839965,58.5499980668122,81.60701046295414,75.000535134112,16.0,5.0,1.0,compute_bound,
2026-01-05 00:57:00,100.0,48.54287698118518,74.65098861117576,407.2898300883857,0.0,0.0,32.46404029911227,55.26571025324194,69.7474886073834,40.74269734290503,17.0,4.0,1.0,compute_bound,
2026-01-05 00:58:00,100.0,49.50400206937159,75.21367105788252,405.6622096880652,0.0,0.0,35.82555903394821,54.91121409561926,92.8644855891007,45.74162841095693,18.0,4.0,1.0,compute_bound,
2026-01-05 00:59:00,100.0,49.58656560615023,75.6996701406928,406.2422920518589,0.0,0.0,36.526616595823256,55.598442642242276,83.85602772655699,44.36974007487835,19.0,6.0,1.0,compute_bound,
2026-01-05 01:00:00,100.0,50.275764386653705,76.1222963127541,398.9861669972714,0.0,0.0,32.789056638051335,56.49461469083555,99.29696636414994,60.3125868451819,20.0,4.0,1.0,compute_bound,
2026-01-05 01:01:00,100.0,50.90730458029565,76.3312166465799,397.1544647096639,0.0,0.0,32.42570051871476,57.24223055147054,104.60245174920726,42.217078388971125,21.0,3.0,1.0,compute_bound,
2026-01-05 01:02:00,94.9037155535547,49.07791327183217,76.19332533272238,380.0679193254965,0.0,0.0,32.307517082132115,56.17037912621276,104.36522210205196,39.91073016790959,22.0,4.0,1.0,compute_bound,
2026-01-05 01:03:00,90.23283950209982,51.99257592951221,76.22673339748138,372.8067729935848,0.0,0.0,35.712731305831696,56.382557442043016,93.06960120200299,73.2819509595892,23.0,4.0,1.0,compute_bound,
2026-01-05 01:04:00,88.44054211955782,52.562451508620924,76.2901334806175,366.0315378223825,0.0,0.0,38.35097284472692,58.192931741878205,102.4533615084565,79.53507347014377,24.0,7.0,1.0,compute_bound,
2026-01-05 01:05:00,87.9351707858587,50.70670567693215,76.08994488466298,368.39061501611445,0.0,0.0,35.34974551285696,56.11471576313379,107.73166624781085,64.24694313491997,25.0,5.0,1.0,compute_bound,
2026-01-05 01:06:00,90.20035231334057,52.52776165227322,75.95413894993138,359.4273046417366,0.0,0.0,34.90825897689845,53.648553029655524,90.53643057578326,75.21897247695861,26.0,3.0,1.0,compute_bound,
2026-01-05 01:07:00,91.97940431551119,49.21429765277858,76.02972442036534,365.9062296774395,0.0,0.0,35.42879862095158,52.22537357387199,124.77597333140737,83.97723880749497,27.0,4.0,1.0,compute_bound,
2026-01-05 01:08:00,91.46919506663477,47.53623143141809,75.80895912987536,372.2508773660319,0.0,0.0,37.33421888181426,55.166946823891195,128.45006595102268,88.85731803331672,28.0,3.0,1.0,compute_bound,
2026-01-05 01:09:00,89.5575425636225,42.332646648460994,76.13365197745618,360.35507545685164,0.0,0.0,37.51029871271017,55.91892195398148,123.51667211181052,101.72635978918385,29.0,2.0,1.0,compute_bound,
2026-01-05 01:10:00,86.10957838016562,47.65777158101421,75.94570706645263,359.4441618698554,0.0,0.0,41.871206539527996,54.07925561452066,151.9115963911855,102.26989556290626,30.0,3.0,1.0,compute_bound,
2026-01-05 01:11:00,87.28138236607592,46.830592115067375,75.853231469716,351.0971051797872,0.0,0.0,41.8029434862247,54.78145783144604,138.3711418097555,106.74187185925666,31.0,3.0,1.0,compute_bound,
2026-01-05 01:12:00,87.96253470625766,45.64888780495899,75.67056577516077,358.03691120181327,0.0,0.0,35.052480116338316,58.25869245750008,115.52864779529048,87.63296246195767,32.0,3.0,1.0,compute_bound,
2026-01-05 01:13:00,88.92417344061927,46.22645608239695,75.78115056768512,361.7326385615405,0.0,0.0,34.58062401624926,61.21927045432676,118.52249057541806,80.64299288405452,33.0,4.0,1.0,compute_bound,
2026-01-05 01:14:00,88.83031590519874,46.89252384551318,75.53946777193214,354.8793119646204,0.0,0.0,31.427855743697073,65.03967169817079,103.18822799185791,66.64011173953624,34.0,4.0,1.0,compute_bound,
2026-01-05 01:15:00,88.745864135603,49.110626872560104,74.87300900633925,347.5257434450878,1.0,0.0,27.7952232067509,68.25440568908411,127.73665062996554,68.0633958493051,35.0,3.0,1.0,compute_bound,
2026-01-05 01:16:00,89.77306204123079,47.43248815735142,75.18036031436219,360.49499660816025,0.0,0.0,26.064803951161476,66.57067616665466,115.3267959031334,82.79020143090065,36.0,5.0,1.0,compute_bound,
2026-01-05 01:17:00,92.95070622266311,47.017631564440926,76.36559929341617,379.1051695156362,0.0,0.0,31.73497853276766,64.79664701079331,110.44779197767404,91.15382308382064,37.0,4.0,1.0,compute_bound,
2026-01-05 01:18:00,90.19133066990105,46.75337845220989,75.88295130051198,361.19488448020115,0.0,0.0,40.12127115628644,62.79763038389699,117.71590544131358,85.69858211025198,38.0,5.0,1.0,compute_bound,
2026-01-05 01:19:00,90.58132064231553,48.09418513273226,75.98995957980115,378.2741828205373,0.0,0.0,35.26718624690341,61.69797452516543,91.38686976685531,100.85526553884696,39.0,2.0,1.0,compute_bound,
2026-01-05 01:20:00,95.23172814039579,48.84769661889322,76.0550938698205,389.46867636949554,0.0,0.0,38.142968496488564,60.39137539059011,91.69976829074741,94.14934644466351,40.0,3.0,1.0,compute_bound,
2026-01-05 01:21:00,94.40515291983849,48.564056069788116,76.52334858148075,377.49836944563987,0.0,0.0,38.61216840644279,60.75426449826865,95.9490688893533,113.24734090241388,41.0,4.0,1.0,compute_bound,
2026-01-05 01:22:00,96.97160318836782,46.91204927015019,77.03598784078973,395.0112161183366,0.0,0.0,42.931312464754384,60.86219334201425,94.58634626166649,116.4838689753526,42.0,3.0,1.0,compute_bound,
2026-01-05 01:23:00,93.47446816586478,45.182228097108364,77.33443583596252,381.128066015836,0.0,0.0,40.517767285229084,61.087864983057464,81.20740593173028,116.24760203698445,43.0,2.0,1.0,compute_bound,
2026-01-05 01:24:00,92.78830128474503,47.49182093705028,77.31672685227977,385.6911080235428,0.0,0.0,39.14380086909288,62.45418236518562,87.51798288066712,102.72546534517994,44.0,5.0,1.0,compute_bound,
2026-01-05 01:25:00,91.96379820922132,49.2162935433803,78.23568178055551,379.91872462025725,0.0,0.0,39.81843845474032,61.90810350577121,116.06735482939267,96.94712827001001,45.0,2.0,1.0,compute_bound,
2026-01-05 01:26:00,91.6073988317327,48.124235980204055,77.8347170275382,375.93812628208684,0.0,0.0,38.58686404319273,60.902370966392446,105.89548185839729,96.12809891104594,46.0,3.0,1.0,compute_bound,
2026-01-05 01:27:00,95.62643365789273,45.450997374671374,77.79955925519937,390.58149581320214,0.0,0.0,40.486096415026594,59.83647938812332,117.60678792296704,83.27666194382456,47.0,5.0,1.0,compute_bound,
2026-01-05 01:28:00,93.5357845451338,44.915939577412495,77.8743712595393,377.59635150274903,0.0,0.0,44.05408114107897,61.83134608480701,134.070681812124,71.2815488746653,48.0,4.0,1.0,compute_bound,
2026-01-05 01:29:00,94.19615279856447,46.76302764067067,77.41337342558158,389.92916552118413,0.0,0.0,42.54649929673796,61.62272142588574,152.82264812936154,75.30197868707677,49.0,3.0,1.0,compute_bound,
2026-01-05 01:30:00,90.50832112044763,48.33295432444796,77.15286942284487,369.26271018715414,0.0,0.0,44.2946990833451,60.70202611856158,112.7276668867728,77.06950625860257,50.0,3.0,1.0,compute_bound,
2026-01-05 01:31:00,88.25123250307591,47.05735399415683,76.85122981872637,349.6643114722845,0.0,0.0,45.38162836169336,61.417473772618855,96.11018838746888,76.4976005520398,51.0,4.0,1.0,compute_bound,
2026-01-05 01:32:00,87.79650416932981,46.4084908585859,76.76673867085708,358.01873105149997,0.0,0.0,43.032917845765084,61.63084453988689,71.68338317409656,89.18551436881633,52.0,5.0,1.0,compute_bound,
2026-01-05 01:33:00,90.75554690419068,48.52366131892671,77.11957720089154,376.8503977233102,0.0,0.0,42.10466853417812,60.61075639976264,65.81790432930704,91.3514764183866,53.0,5.0,1.0,compute_bound,
2026-01-05 01:34:00,88.40182564098434,50.147214680011096,76.85396368691399,356.0174228456845,0.0,0.0,36.316395658084474,62.902779133873146,49.509642932466356,102.48816880625469,54.0,7.0,1.0,compute_bound,
2026-01-05 01:35:00,90.5228652554089,47.744508295952336,77.10435294369144,370.30105434963406,0.0,0.0,38.7639262136809,62.2169196136945,64.74031165824573,87.89426343418782,55.0,5.0,1.0,compute_bound,
2026-01-05 01:36:00,89.09498110633957,48.06346200392107,76.90303043254772,362.79203626566357,0.0,0.0,34.84388189080714,65.30864607207691,50.06866569363301,96.03759814411018,56.0,4.0,1.0,compute_bound,
2026-01-05 01:37:00,85.48585453544685,48.44439179474648,76.67220375645134,361.5948521087349,0.0,0.0,44.21086990079626,66.29118073603507,65.8106383878207,111.67697168281633,57.0,5.0,1.0,compute_bound,
2026-01-05 01:38:00,88.62764154622593,47.36085076530905,76.44934212809484,358.11582925862376,0.0,0.0,47.923503655507886,62.52676953210831,82.79706816287973,119.55335028870893,58.0,5.0,1.0,compute_bound,
2026-01-05 01:39:00,86.84682831262154,48.26210900527636,76.55053365787737,356.2553801917177,0.0,0.0,48.81747280781625,62.7483900254614,77.53154088440141,121.98089469358345,59.0,3.0,1.0,compute_bound,
2026-01-05 01:40:00,91.40001612679163,49.78831835150644,76.51338174642562,378.6331613175171,0.0,0.0,47.95517230613227,60.61478624777932,71.3057323848675,112.72359757794499,60.0,3.0,1.0,compute_bound,
2026-01-05 01:41:00,93.37169847082448,49.390651137545014,76.51881314135588,379.2209952607479,0.0,0.0,45.991283139921634,61.99279570300325,75.77775217668847,106.15250777324846,61.0,5.0,1.0,compute_bound,
2026-01-05 01:42:00,91.48642429884471,51.1418778512767,76.3758744055227,367.32319101368677,0.0,0.0,45.2372136156384,59.818314337608,105.69231377825133,99.06659087389025,62.0,4.0,1.0,compute_bound,
2026-01-05 01:43:00,90.37934400890119,48.616479383898344,76.56487740635113,368.79302855439533,0.0,0.0,44.47493114013318,61.78799820082248,93.81241103771478,75.30069145464138,63.0,4.0,1.0,compute_bound,
2026-01-05 01:44:00,93.36178985771552,45.24549798175353,76.49199765039882,377.03834962357155,0.0,0.0,42.848514316435825,63.300406749534645,92.11459019549378,90.59718480163932,64.0,4.0,1.0,compute_bound,
2026-01-05 01:45:00,91.18492645071133,52.01635338231881,76.68110491320522,378.5225947935313,0.0,0.0,37.13429502822247,63.342079890879376,64.8155260562848,87.4774174909287,65.0,7.0,1.0,compute_bound,
2026-01-05 01:46:00,88.71760915302592,51.508231408141754,76.95522217993711,372.6259910174609,0.0,0.0,38.84728474972119,64.16311191315239,98.0829896675073,83.68212034117948,66.0,2.0,1.0,compute_bound,
2026-01-05 01:47:00,85.35024545791947,48.35675191903454,76.50288495192383,352.6742234853579,0.0,0.0,34.78980063313674,62.59203745657123,71.84456207354839,76.527335039381,67.0,4.0,1.0,compute_bound,
2026-01-05 01:48:00,85.45103109707085,48.0403642328874,76.28497010299917,352.9028592204377,0.0,0.0,33.913984616169785,61.14124761193248,92.81207946654588,72.39520231513076,68.0,2.0,1.0,compute_bound,
2026-01-05 01:49:00,84.5512983672304,48.03044644446761,75.65268201426984,345.4402259763843,0.0,0.0,31.02880335325225,59.381208004694585,99.3609140466731,73.7029430341227,69.0,3.0,1.0,compute_bound,
2026-01-05 01:50:00,88.48614848082133,49.944632349328515,75.69576682789014,363.4650479010969,0.0,0.0,35.14488126828479,56.360079287173875,122.98127649134389,81.12438518886347,70.0,2.0,1.0,compute_bound,
2026-01-05 01:51:00,89.85526401447741,48.84493974326557,75.6262380472214,365.3064441752989,0.0,0.0,43.63580892379753,60.76576365095552,126.04179453292797,74.85703465520544,71.0,5.0,1.0,compute_bound,
2026-01-05 01:52:00,88.11047304831563,52.04396189413657,74.89511123187819,368.62879947987295,0.0,0.0,45.41532836088915,60.75072056570399,100.97009637168073,89.93398559060535,72.0,3.0,1.0,compute_bound,
2026-01-05 01:53:00,92.62753016889198,50.02352314077649,75.13048335069713,373.56842585828525,0.0,0.0,49.68397875549114,62.43032604429371,127.17293267512052,92.3698796813618,73.0,2.0,1.0,compute_bound,
2026-01-05 01:54:00,93.43770425970342,54.41506861955673,75.34282898769624,382.729355654926,0.0,0.0,49.281076532332236,61.0102547462992,135.66585276392684,91.86525119131383,74.0,5.0,1.0,compute_bound,
2026-01-05 01:55:00,91.85753393916872,49.526579437011776,75.59945160549684,381.1245070466401,0.0,0.0,45.17045636581105,64.95198134542406,136.4963954255956,93.6344317480132,75.0,3.0,1.0,compute_bound,
2026-01-05 01:56:00,91.51492982731976,49.25418894730986,75.87535577804475,381.62475939311724,0.0,0.0,49.83992714231002,62.94300816451155,119.03304226765323,73.56789355557885,76.0,4.0,1.0,compute_bound,
2026-01-05 01:57:00,90.69226203982595,52.338597069687225,76.15727521468112,365.4091987019254,0.0,0.0,46.5236453134801,58.79143141002603,118.22446870855572,88.96358495288682,77.0,6.0,1.0,compute_bound,
2026-01-05 01:58:00,86.85660590718769,53.626749657299726,75.94298587389432,356.62769529623023,0.0,0.0,49.47436166748228,59.444272913771485,116.0116759714247,84.38989420820066,78.0,6.0,1.0,compute_bound,
2026-01-05 01:59:00,85.85090443249533,57.64697556257577,75.43862092822246,353.6300461585057,0.0,0.0,43.71523665081731,62.879056645177535,116.57001603990487,98.12228331005882,79.0,3.0,1.0,compute_bound,
2026-01-05 02:00:00,89.32981649723118,58.93911783147638,75.49259586891787,361.5858784710881,0.0,0.0,46.2413797001161,63.82624691121685,96.42552179300854,98.74657688341463,80.0,5.0,1.0,compute_bound,
2026-01-05 02:01:00,89.37677935666247,54.59441807541859,75.3555200643285,366.96711270552714,0.0,0.0,46.45042523828045,67.45805961248146,113.34175093342158,94.71644048697911,81.0,2.0,1.0,compute_bound,
2026-01-05 02:02:00,85.40066735816686,56.6834257465024,75.03971992552798,358.11747054439223,0.0,0.0,49.18214514984318,66.2380927427981,109.60296822863872,90.68172262311806,82.0,4.0,1.0,compute_bound,
2026-01-05 02:03:00,78.71372756538315,57.620926527552115,74.13721953429695,317.727338931363,0.0,0.0,49.505499827815754,65.89179740715522,86.52014548840182,94.87006234606001,83.0,6.0,1.0,compute_bound,
2026-01-05 02:04:00,79.26798390053258,57.81683892892711,74.00808643347929,330.7538609554768,0.0,0.0,46.39582920507149,63.81716132915267,93.23641535283053,81.28784434826004,84.0,2.0,1.0,compute_bound,
2026-01-05 02:05:00,78.96752271641489,56.50866762365494,73.69014320575711,330.45753865445784,0.0,0.0,41.21375433246675,62.793675038223846,99.91545052395423,84.27457410748057,85.0,3.0,1.0,compute_bound,
2026-01-05 02:06:00,84.11741025700893,55.595761103205355,74.00691055204045,345.29660423850413,0.0,0.0,44.22956335666205,64.00463218331814,107.36310690835826,66.44516342431295,86.0,3.0,1.0,compute_bound,
2026-01-05 02:07:00,88.13470982240187,58.14362371015101,74.1893419229128,363.4333176273663,0.0,0.0,44.85382275307161,64.16318372579845,123.62167374060317,70.36032377299544,87.0,3.0,1.0,compute_bound,
2026-01-05 02:08:00,88.94741199189112,56.99212855703188,74.42873942743935,369.91526956678547,0.0,0.0,49.47166763562125,65.68462026531078,128.94004888248918,63.96379025512273,88.0,3.0,1.0,compute_bound,
2026-01-05 02:09:00,95.81293822910692,55.83509081435348,74.94367453526904,378.33182688140425,0.0,0.0,51.03819707333149,66.30957025673685,124.7074438416722,66.47054275206878,89.0,2.0,1.0,compute_bound,
2026-01-05 02:10:00,94.68955175860677,58.58498780084254,75.58461655656912,380.08149783840776,0.0,0.0,47.37365108824734,62.624324847055135,111.2545844597145,49.06139345901376,90.0,4.0,1.0,compute_bound,
2026-01-05 02:11:00,90.5335603128308,55.91181346982731,76.26199928686488,368.1464840037291,0.0,0.0,50.9248994882952,63.215643760148794,95.23204163051373,32.69033210277669,91.0,6.0,1.0,compute_bound,
2026-01-05 02:12:00,89.31793642856945,52.80832081014346,76.26056861999456,358.96883734677033,0.0,0.0,51.744306003790776,62.9681287797736,91.97864487093929,36.25017680652363,92.0,7.0,1.0,compute_bound,
2026-01-05 02:13:00,88.60818058614146,54.17871563810292,75.85047924353833,359.62237581720615,0.0,0.0,51.842013271958244,58.379852241309074,81.79792336807786,50.53521718448569,93.0,7.0,1.0,compute_bound,
2026-01-05 02:14:00,87.48285325814649,53.097349201031626,75.98456742317832,357.4222242631806,0.0,0.0,51.946496535304874,53.3054064879998,66.18961327387095,44.00575078676591,94.0,4.0,1.0,compute_bound,
2026-01-05 02:15:00,89.85698089403337,50.5222624324638,76.29237375538546,364.4753834534487,0.0,0.0,56.850481925858325,57.704029648798326,57.42244363901385,50.26634505605689,95.0,5.0,1.0,compute_bound,
2026-01-05 02:16:00,90.45096863321072,48.97020505162329,75.98034311646694,371.1086331862567,0.0,0.0,57.216207680587615,59.410537013754364,62.87515113933517,54.267304369012,96.0,5.0,1.0,compute_bound,
2026-01-05 02:17:00,87.9909338677947,51.83926981885063,75.90685608663452,353.37337729046476,0.0,0.0,52.66675339300698,59.24416056404163,96.85104161693496,59.44411747655431,97.0,4.0,1.0,compute_bound,
2026-01-05 02:18:00,87.86229824882793,51.4162235758468,75.64873681236546,361.3051728013925,0.0,0.0,57.42981076095826,60.52566197788047,90.59019807643388,47.87468721538022,98.0,5.0,1.0,compute_bound,
2026-01-05 02:19:00,90.17340763274115,52.004657896274225,75.52062769505132,362.2195236164752,0.0,0.0,57.54692943964261,58.47201604991088,130.90733126742418,46.244765137869976,99.0,4.0,1.0,compute_bound,
2026-01-05 02:20:00,89.3516828100133,52.93856218877235,75.55775784890078,364.0173343261708,0.0,0.0,58.02789352270395,59.40066752240371,136.0490809318444,70.75885967960157,100.0,2.0,1.0,compute_bound,
2026-01-05 02:21:00,90.10919259961561,53.739927161724374,74.9645844665893,368.4996803094187,0.0,0.0,58.66609611667788,56.68331368908126,156.6971933383196,93.82338900061393,101.0,7.0,1.0,compute_bound,
2026-01-05 02:22:00,90.80194779952303,50.03203868142744,75.33030366064618,367.2729077777594,0.0,0.0,55.950078103062836,55.42379974573837,143.1875244166124,97.88793273517548,102.0,4.0,1.0,compute_bound,
2026-01-05 02:23:00,90.7628975999964,53.17069482571288,75.16459248213008,366.7283547510112,0.0,0.0,53.974829043102595,56.156899285188466,155.48795555400318,79.50698836325238,103.0,7.0,1.0,compute_bound,
2026-01-05 02:24:00,91.057856576466,53.08029075987512,75.46273862202487,370.22155500145305,0.0,0.0,51.36448492997462,61.55867098065793,163.61349561373484,83.69599378478385,104.0,4.0,1.0,compute_bound,
2026-01-05 02:25:00,95.5064828218976,55.14167588907007,76.08062952591935,391.95800126458965,0.0,0.0,47.355443302020035,62.10940409407312,160.6263078949801,78.87598204539924,105.0,6.0,1.0,compute_bound,
2026-01-05 02:26:00,93.56504519286003,56.432630484409664,76.20457604266322,384.89102232836217,0.0,0.0,40.993157700900994,63.02990553268637,140.72919167306048,80.70358023757673,106.0,3.0,1.0,compute_bound,
2026-01-05 02:27:00,91.37374494988455,57.53043164944895,75.85703754501965,368.4436974537486,0.0,0.0,41.208822148453145,59.60170119954433,121.51242437106119,85.42647117051733,107.0,3.0,1.0,compute_bound,
2026-01-05 02:28:00,93.34053643570954,54.765444197019704,76.08537664973058,380.8212126161238,0.0,0.0,38.64844992352381,57.179055930407905,130.646910073059,72.96860779563869,108.0,2.0,1.0,compute_bound,
2026-01-05 02:29:00,94.68898319467965,55.49876443049194,76.09009699308618,384.7661363713458,0.0,0.0,38.076824412785506,57.03552619764294,130.5136865611062,93.48943068439024,109.0,5.0,1.0,compute_bound,
2026-01-05 02:30:00,94.07208742659633,56.27480081923964,76.36533549448446,380.03476948539605,0.0,0.0,37.978077591713706,57.11846947921382,174.89863423991153,104.82866256425399,110.0,5.0,1.0,compute_bound,
2026-01-05 02:31:00,93.23965059709238,54.10982403648759,76.66994418088942,378.6013731306767,0.0,0.0,43.31629429512531,58.473339900300985,136.80146418086088,104.83678664723286,111.0,4.0,1.0,compute_bound,
2026-01-05 02:32:00,94.94705618571783,56.35569881063547,76.66053413247384,381.32462956645236,0.0,0.0,46.4009776063599,59.697962498710346,152.3447050827181,96.52123760172562,112.0,6.0,1.0,compute_bound,
2026-01-05 02:33:00,91.28200501601,56.47823097898817,76.56855616047362,368.7046811752363,0.0,0.0,53.74123780145487,57.888960993071855,138.75488612852277,92.73105679450084,113.0,6.0,1.0,compute_bound,
2026-01-05 02:34:00,90.98182935248943,56.86345666674051,76.15910946083721,361.5223440888478,0.0,0.0,52.748413977300224,57.887274439679686,165.37204249647044,79.44480981117582,114.0,9.0,1.0,compute_bound,
2026-01-05 02:35:00,89.55251838062975,53.54550354265357,76.04383296148909,363.75218073425657,0.0,0.0,51.77830434659761,56.65277061809116,170.60190315137228,75.87324731577806,115.0,2.0,1.0,compute_bound,
2026-01-05 02:36:00,91.93803870693262,56.14452191550196,75.82828090788205,365.65564028192546,0.0,0.0,56.902169534079505,57.036275270520555,162.81500758441143,71.71617896650848,116.0,4.0,1.0,compute_bound,
2026-01-05 02:37:00,93.4446283361267,56.1316116665886,76.22086017811604,377.5483221771489,0.0,0.0,48.87075205833926,56.42898326917672,169.26130968300657,73.75676835375607,117.0,2.0,1.0,compute_bound,
2026-01-05 02:38:00,97.83708888589703,52.028485108740334,76.79120503237404,396.4696981061049,0.0,0.0,47.54808671253129,57.13594236598421,169.20811504628534,67.146422237473,118.0,2.0,1.0,compute_bound,
2026-01-05 02:39:00,98.45518993128636,52.640221778653675,76.62024204808787,387.93306739689274,0.0,0.0,46.131132277510986,58.96269848760824,162.0785514392507,86.30312476964372,119.0,5.0,1.0,compute_bound,
2026-01-05 02:40:00,91.54807590045431,51.28989647701213,76.57270951774261,369.82077108023304,0.0,0.0,40.58827385847033,59.09439399527531,171.36749291335732,78.58439815752256,120.0,5.0,1.0,compute_bound,
2026-01-05 02:41:00,86.29111316897911,51.305000670907944,76.64701884806449,355.6398259518,0.0,0.0,40.68765370574854,54.78355725912473,172.19705009621123,78.31279784971154,121.0,2.0,1.0,compute_bound,
2026-01-05 02:42:00,86.68193141804265,52.14467353635389,76.21848046037812,355.45831897633155,0.0,0.0,42.48003040087233,52.790847157385585,189.9943024973624,83.36147702400106,122.0,3.0,1.0,compute_bound,
2026-01-05 02:43:00,88.9848742033338,51.69575924354374,76.01955071894935,361.8944840462237,0.0,0.0,40.680875758274944,55.505785370984555,169.77916779241804,104.94390989969361,123.0,4.0,1.0,compute_bound,
2026-01-05 02:44:00,86.68713490444486,50.35001367045492,75.83326829030693,354.24777921005045,0.0,0.0,40.8263318651994,54.99336377047246,158.34157035313132,93.0908888205421,124.0,3.0,1.0,compute_bound,
2026-01-05 02:45:00,85.64666265570212,51.544624400120455,75.73614124538452,346.58649089078835,0.0,0.0,41.74377320993482,52.41931549994889,143.23264447877642,99.2364729894132,125.0,4.0,1.0,compute_bound,
2026-01-05 02:46:00,86.51844417673885,51.916460789429124,75.7820729226923,354.8698559480572,0.0,0.0,41.63863487957049,53.70886941004566,129.75859840082447,90.29956036923733,126.0,9.0,1.0,compute_bound,
2026-01-05 02:47:00,82.92181326770347,51.270805315021164,75.44721786187536,344.606847280241,0.0,0.0,38.85904469083731,54.14068318522523,142.01010856490674,98.79992972070629,127.0,3.0,1.0,compute_bound,
2026-01-05 02:48:00,85.17363662457751,49.26757132052571,74.79812008529673,347.6195119846974,0.0,0.0,38.06335827278545,56.54094749274302,148.77750193452766,91.3341303890614,128.0,3.0,1.0,compute_bound,
2026-01-05 02:49:00,82.98405024726347,48.577517642097604,74.7943946440668,340.04562815120977,0.0,0.0,39.441523933806394,59.03535463528235,163.23067660522986,82.48870814214453,129.0,4.0,1.0,compute_bound,
2026-01-05 02:50:00,82.66461608590669,47.08332059630276,74.45682943327002,342.1620483666784,0.0,0.0,36.98748554723439,57.464811387870256,138.4985112220831,78.70489755593489,130.0,9.0,1.0,compute_bound,
2026-01-05 02:51:00,81.53549427735977,45.96905458502068,74.43498077874735,340.96309149436127,0.0,0.0,39.16751100165156,60.24164393239901,147.92388429511595,83.46014625572495,131.0,7.0,1.0,compute_bound,
2026-01-05 02:52:00,83.53101708803246,44.19433164840825,74.42208856804864,338.368822777505,0.0,0.0,37.11397124710298,63.726245054915545,111.92622554232292,87.77002805560222,132.0,4.0,1.0,compute_bound,
2026-01-05 02:53:00,81.55256043324253,42.67668679548179,74.36555186579324,334.0400558937265,0.0,0.0,36.806454982792545,65.70602853425673,111.92972449475343,90.10710869261368,133.0,4.0,1.0,compute_bound,
2026-01-05 02:54:00,81.50607239183714,46.10257834781788,74.21624115657153,335.2360463816925,0.0,0.0,37.334768507544744,67.35904537835559,106.33158593879067,65.72156962439435,134.0,6.0,1.0,compute_bound,
2026-01-05 02:55:00,83.59293701775714,48.86899748358456,74.64969958868035,350.1820871165889,0.0,0.0,42.64223596475774,65.667040405584,89.0796338633634,68.48868188389754,135.0,5.0,1.0,compute_bound,
2026-01-05 02:56:00,81.38407640709904,48.30973612429973,73.9714631493857,334.31192320454215,0.0,0.0,44.89144806602992,65.91905968660969,91.40006103709821,68.34590936282048,136.0,3.0,1.0,compute_bound,
2026-01-05 02:57:00,81.23381673833185,42.350528011811605,73.60225907904405,328.6697693572119,0.0,0.0,45.752013719078946,62.39066519642705,72.06368582965099,64.41285507654443,137.0,3.0,1.0,compute_bound,
2026-01-05 02:58:00,78.37204963568514,44.759971060783,73.36898929947337,322.2313279838329,0.0,0.0,41.863936150779985,63.12577898688205,61.91542005153863,70.70368024954733,138.0,2.0,1.0,compute_bound,
2026-01-05 02:59:00,82.39189913733676,46.66405426758782,73.17810457111261,343.5374302212974,0.0,0.0,40.29568982383354,63.50669197402221,80.76134098970186,86.2610232438776,139.0,5.0,1.0,compute_bound,
2026-01-05 03:00:00,87.03409670304697,49.7412831915189,73.29722970294758,353.7389134711031,0.0,0.0,44.4791668118317,62.87993077948814,90.73383132013376,83.37708956526994,140.0,5.0,1.0,compute_bound,
2026-01-05 03:01:00,88.4444426780431,48.56999527583443,73.68968858382368,364.49908048499196,0.0,0.0,48.904501713103365,60.868723792783065,110.27857048304553,78.0522738878449,141.0,5.0,1.0,compute_bound,
2026-01-05 03:02:00,90.83698431183366,46.31976626846177,73.98283036107968,364.771747185601,0.0,0.0,50.574690825047824,64.35230514859477,100.06306572472596,91.34142181829841,142.0,6.0,1.0,compute_bound,
2026-01-05 03:03:00,87.25037645045248,47.501569652873876,74.02936228084099,351.68851742790497,0.0,0.0,50.70546990928494,63.69276950130654,98.72777808373243,89.02527144945604,143.0,5.0,1.0,compute_bound,
2026-01-05 03:04:00,86.48484516540158,50.917275817596106,73.96597789402989,358.3047173837441,0.0,0.0,49.69362225339634,61.61554171277747,105.64263578021988,79.40601094450066,144.0,4.0,1.0,compute_bound,
2026-01-05 03:05:00,85.4685751842666,50.96389095045901,73.49002214511543,348.2712616012073,0.0,0.0,51.36538399908571,60.59275817662038,91.50302530178416,78.10856036276711,145.0,5.0,1.0,compute_bound,
2026-01-05 03:06:00,80.92271051269178,49.57112921495691,73.61382587405622,333.8827887527836,0.0,0.0,52.305037833824485,59.40430731247936,95.00687918329997,76.6218010360127,146.0,7.0,1.0,compute_bound,
2026-01-05 03:07:00,82.19255265028785,52.39623586771457,73.25885596582263,338.8418727420518,0.0,0.0,49.84579376466231,58.20354749166377,72.4795316767819,74.77697836851158,147.0,4.0,1.0,compute_bound,
2026-01-05 03:08:00,82.33191989802847,52.95987375614751,73.18460040632031,346.96021597597746,0.0,0.0,55.28018653112757,60.99172450758264,108.5339974452219,72.79794956244237,148.0,11.0,1.0,compute_bound,
2026-01-05 03:09:00,81.8326659996329,52.61964691002687,73.06632687323464,337.29302330513565,0.0,0.0,55.05829150167036,60.479249284249605,112.29356513922417,90.68129045766881,149.0,4.0,1.0,compute_bound,
2026-01-05 03:10:00,81.01260802403783,54.541901170246334,73.04626012302813,345.0418825675661,0.0,0.0,52.90693961926601,59.51898132003643,78.27143671383845,85.65518945146343,150.0,3.0,1.0,compute_bound,
2026-01-05 03:11:00,85.26606549420711,53.85941801106908,72.63034117671828,335.8907918547613,0.0,0.0,52.36087956986316,58.36274172174717,66.56634389205679,76.45346667106584,151.0,6.0,1.0,compute_bound,
2026-01-05 03:12:00,91.92459360115467,52.042012148692905,73.21235574895034,378.03487339555505,0.0,0.0,51.83289287848399,57.308834259087575,89.8862230222989,67.8657722740273,152.0,6.0,1.0,compute_bound,
2026-01-05 03:13:00,94.24303491755157,50.06129832404299,73.95987803882399,380.6946006640696,0.0,0.0,48.39246719829458,56.13417895810191,78.2143861283941,51.747857851354624,153.0,8.0,1.0,compute_bound,
2026-01-05 03:14:00,92.65012440306036,50.41056069075879,74.40613748015411,375.94197725297886,0.0,0.0,45.25662495354504,54.56410156743098,82.17389143200069,48.91351377193929,154.0,6.0,1.0,compute_bound,
2026-01-05 03:15:00,93.31650047252514,49.0972468632361,74.94532440768889,379.10423620647975,0.0,0.0,43.30364930720414,56.77181655045571,81.08946246766251,62.915048742017774,155.0,3.0,1.0,compute_bound,
2026-01-05 03:16:00,89.89920545194562,48.13976681641346,75.07917180694854,360.68883075274715,0.0,0.0,45.49382508814425,56.95010497549165,93.76592238175365,75.64979170555327,156.0,4.0,1.0,compute_bound,
2026-01-05 03:17:00,92.6189886722105,47.970040973785075,75.38433160876072,371.0357055240698,0.0,0.0,42.18039105722766,60.32443978426414,105.48576082582792,68.51827145511697,157.0,3.0,1.0,compute_bound,
2026-01-05 03:18:00,91.23824821618629,46.959560242129946,75.55030099051496,367.2297957081515,1.0,0.0,40.64332436778886,60.83151107364249,94.16708045103944,78.40524617732548,158.0,3.0,1.0,compute_bound,
2026-01-05 03:19:00,91.43294773163036,46.65501662919513,75.50175139594481,371.4475355999431,0.0,0.0,39.73565900484563,60.323066231653165,87.47491896523303,84.92411332166935,159.0,5.0,1.0,compute_bound,
2026-01-05 03:20:00,91.39913296902776,52.808099289295015,75.69013945336006,375.45184900259693,0.0,0.0,41.348300488997964,60.47533818262491,95.47496337349413,74.38116754302143,160.0,3.0,1.0,compute_bound,
2026-01-05 03:21:00,89.42578526256243,54.74005025509211,76.17158710687046,365.52582707317583,0.0,0.0,42.81447193247782,59.07506960024156,100.5316206584737,73.424394319932,161.0,4.0,1.0,compute_bound,
2026-01-05 03:22:00,93.0254644439382,52.848744218999954,76.34923400281525,378.9753686911839,0.0,0.0,48.99468807349087,62.04419708712961,122.18234522070574,64.44402992271222,162.0,3.0,1.0,compute_bound,
2026-01-05 03:23:00,93.80151061441781,54.84248016593085,76.62859472290889,378.10832465072207,0.0,0.0,48.63690009757962,61.44353114058267,90.00457258601418,67.0163170188175,163.0,6.0,1.0,compute_bound,
2026-01-05 03:24:00,96.90851855415009,51.73732252447364,76.57914314230233,397.1580334176809,0.0,0.0,45.65315226750544,57.76838067581182,65.9749250379208,54.93162886557462,164.0,2.0,1.0,compute_bound,
2026-01-05 03:25:00,97.94844805664513,50.34057276244874,76.76440178182351,383.05366282950155,0.0,0.0,47.376693459921476,55.304930982153195,83.91368198629911,52.18915723127466,165.0,2.0,1.0,compute_bound,
2026-01-05 03:26:00,100.0,48.20838142545476,77.20560433493716,405.3271767522024,0.0,0.0,49.673151803885034,56.50158358940203,91.86749645605059,53.56428307235779,166.0,2.0,1.0,compute_bound,
2026-01-05 03:27:00,98.91587212431085,48.49413326423658,77.37655560884785,395.0541083559092,0.0,0.0,53.88272184224922,58.18745225249612,107.49459016040842,54.3565147873788,167.0,7.0,1.0,compute_bound,
2026-01-05 03:28:00,93.88148126330125,50.22756806387832,77.49600465881973,378.72407770533096,0.0,0.0,51.48913112364423,58.16144777323134,73.52084092376253,65.30722676965404,168.0,4.0,1.0,compute_bound,
2026-01-05 03:29:00,94.14114119853043,50.20371985354068,77.71432976699316,375.4919725814536,0.0,0.0,47.76640738780041,60.431887578994576,78.41801381178166,48.85135241868902,169.0,6.0,1.0,compute_bound,
2026-01-05 03:30:00,93.49687404745428,49.86355513153467,77.64358418661718,377.91433743738594,0.0,0.0,51.43769464971442,62.761015682340194,89.67142055921374,53.905932108336835,170.0,6.0,1.0,compute_bound,
2026-01-05 03:31:00,93.12247064052984,48.74778251577774,77.46613559560333,381.93116187503927,0.0,0.0,53.07996827740601,61.848504707916334,102.24714381485936,56.47379896230365,171.0,5.0,1.0,compute_bound,
2026-01-05 03:32:00,96.3396732506112,53.52518911988611,77.71929594803406,378.340335093929,0.0,0.0,60.524419565654505,59.936142024135115,101.05682993628189,68.58481169464679,172.0,5.0,1.0,compute_bound,
2026-01-05 03:33:00,96.04210743842356,53.19001980099654,78.08587713799535,387.6454125290853,0.0,0.0,61.460162987722626,58.55964520875898,123.86217083400005,82.01333424101708,173.0,2.0,1.0,compute_bound,
2026-01-05 03:34:00,93.09617595597625,53.37948215518921,77.64296174328592,378.77627123159476,0.0,0.0,56.541512110277594,57.70452007050952,142.5265830247034,88.80351416403059,174.0,8.0,1.0,compute_bound,
2026-01-05 03:35:00,94.60566778692022,53.369109044229624,77.50688455483032,377.1161813374265,0.0,0.0,53.59736525035541,59.681379063423854,146.6478343683834,78.42842618584626,175.0,4.0,1.0,compute_bound,
2026-01-05 03:36:00,93.52571254209033,54.994739181165464,77.33893213944452,377.8333205418566,0.0,0.0,54.216406407297086,59.72795796988612,145.09240438414514,90.331975304788,176.0,3.0,1.0,compute_bound,
2026-01-05 03:37:00,91.59416697436058,52.564746202484784,77.5692424453073,380.5410916511089,0.0,0.0,53.46676165148179,59.91010167865655,157.18789262914783,88.97903514106662,177.0,2.0,1.0,compute_bound,
2026-01-05 03:38:00,95.29093892938118,51.992983436578356,77.51856464408061,386.05937432469443,0.0,0.0,47.26064279483783,63.330418053063234,157.6976916312236,79.73443089217483,178.0,6.0,1.0,compute_bound,
2026-01-05 03:39:00,94.14008388223607,55.19528933280396,77.2559590688462,380.55421940088996,0.0,0.0,46.050076182741,67.12442124564689,139.73564915840763,75.00669264622367,179.0,3.0,1.0,compute_bound,
2026-01-05 03:40:00,95.8031806987635,51.67314560301664,77.07247242665359,382.6272318911141,0.0,0.0,44.27146254453613,67.27996765923596,153.66327154683432,88.49179075829002,180.0,6.0,1.0,compute_bound,
2026-01-05 03:41:00,95.72488164286715,50.574984804063675,77.49665829992128,388.3275476298765,0.0,0.0,45.67931499519618,65.11816444041179,165.52034245150006,80.05650702385495,181.0,2.0,1.0,compute_bound,
2026-01-05 03:42:00,91.47620390501116,48.88176301803245,77.07242043468595,367.3236591023124,0.0,0.0,44.92806831392983,63.98408731971097,161.34019983450787,75.37534214975607,182.0,3.0,1.0,compute_bound,
2026-01-05 03:43:00,90.09371920016105,51.17353272353773,76.94722977363661,379.9885049391172,0.0,0.0,50.040852030740716,59.50916190716614,173.01841771812337,79.27824975546847,183.0,4.0,1.0,compute_bound,
2026-01-05 03:44:00,89.31464784013939,54.587347064476745,76.96502753611205,364.6092091433667,0.0,0.0,50.263636547454134,56.89888925989975,166.01060840506213,80.9765975062402,184.0,6.0,1.0,compute_bound,
2026-01-05 03:45:00,89.56417183459736,52.15433402468178,76.90550785128711,364.8451674481012,0.0,0.0,43.36499729854275,55.29370623193185,161.53809033969418,78.08841071747891,185.0,4.0,1.0,compute_bound,
2026-01-05 03:46:00,89.56620971914607,49.33114171660652,76.72841601758418,364.29345398412084,0.0,0.0,40.76360807845239,52.695294311745954,176.3857452154915,77.49335118993757,186.0,4.0,1.0,compute_bound,
2026-01-05 03:47:00,91.8444548325462,44.721417080036545,76.61836192179676,371.1155658447641,0.0,0.0,43.785526465593094,54.2003050019383,180.7785379487633,85.12852359348781,187.0,2.0,1.0,compute_bound,
2026-01-05 03:48:00,91.56334856599604,48.118215163918514,76.31466134689305,375.5404811742028,0.0,0.0,36.98996120617122,57.76434541606662,156.62157377294506,86.91872192648434,188.0,3.0,1.0,compute_bound,
2026-01-05 03:49:00,88.312594587056,49.79879490184474,75.9948031250212,365.8647505411786,0.0,0.0,34.906446224659625,55.71266280805362,157.31533343540036,93.45709220654769,189.0,4.0,1.0,compute_bound,
2026-01-05 03:50:00,90.59477022652158,51.60938051950085,76.3682374262203,365.57511350605864,0.0,0.0,30.92640836406079,51.945502165696674,168.43703609042097,90.0008633750071,190.0,3.0,1.0,compute_bound,
2026-01-05 03:51:00,86.86274283196383,50.77669985926639,76.03277827784417,348.9746529698106,0.0,0.0,32.80586176104194,50.495425945611956,175.21729053718516,81.04213892810803,191.0,7.0,1.0,compute_bound,
2026-01-05 03:52:00,87.8019730754928,52.020713825195216,75.73822772071266,358.4478899942045,0.0,0.0,32.08576239003742,50.36793266851595,183.3269358047788,82.74668627455151,192.0,6.0,1.0,compute_bound,
2026-01-05 03:53:00,87.04819026938621,55.84455341011289,75.41450075267976,350.1996123955437,0.0,0.0,34.42924240646762,51.10184206525215,166.28713756813198,71.87664984643004,193.0,5.0,1.0,compute_bound,
2026-01-05 03:54:00,86.74885878280588,55.074701204044246,75.07869666716395,359.9784758106695,0.0,0.0,32.342160838225226,52.18231759067642,158.68114242244906,64.25147761100564,194.0,4.0,1.0,compute_bound,
2026-01-05 03:55:00,88.68957169485441,55.50203298333459,75.14105737110842,361.32249645667645,0.0,0.0,38.25357551883956,55.048761198154175,164.92338281374822,63.63910172878143,195.0,5.0,1.0,compute_bound,
2026-01-05 03:56:00,85.71676465230146,54.02468978028671,74.83142040660503,352.9696322351864,0.0,0.0,39.830029979340374,57.26301531308735,157.35307582282428,65.21875345822808,196.0,6.0,1.0,compute_bound,
2026-01-05 03:57:00,86.36673260186139,52.18116389967561,74.73719711491667,349.89141020016007,0.0,0.0,37.98100149879308,53.974191116738055,150.5327713234902,67.90870077242204,197.0,10.0,1.0,compute_bound,
2026-01-05 03:58:00,84.25026226354281,51.48306193304919,74.27133575039093,344.31368502729634,0.0,0.0,35.86441608808854,59.051268749558595,170.08903575602227,82.01924362614365,198.0,6.0,1.0,compute_bound,
2026-01-05 03:59:00,87.69120724375392,50.08648019847921,74.22788952048137,347.5264746879894,0.0,0.0,36.47379778343805,57.83798170354679,170.24497714578496,69.0385787399288,199.0,5.0,1.0,compute_bound,
2026-01-05 04:00:00,89.65392145352975,48.10347245641061,74.78179873027426,366.290561268911,0.0,0.0,38.64922354965092,60.4649898363214,176.1468009553285,50.159931562469666,200.0,7.0,1.0,compute_bound,
2026-01-05 04:01:00,93.8181217190682,48.51480683208028,75.03460232042406,379.46500262987587,0.0,0.0,42.71098065849974,59.25574667495071,142.2020340613176,43.6790428687298,201.0,6.0,1.0,compute_bound,
2026-01-05 04:02:00,90.19208015324352,52.271116881219086,75.32171664530195,362.22267451818635,0.0,0.0,36.710044050455515,59.22895296594135,158.4073651897989,42.05991114978836,202.0,4.0,1.0,compute_bound,
2026-01-05 04:03:00,88.38890732619701,51.195871306845355,75.41843522146016,354.46214958945944,0.0,0.0,39.153254202258125,58.928554788139444,131.79463398526406,51.831464342299384,203.0,4.0,1.0,compute_bound,
2026-01-05 04:04:00,92.73253825967484,51.091388799486005,75.82798174399858,374.6410634096137,0.0,0.0,39.762980841718,60.903955147332574,102.59716193444166,29.649941819947138,204.0,3.0,1.0,compute_bound,
2026-01-05 04:05:00,92.87055368599287,47.498928360582255,76.05171955440444,379.95801848967636,0.0,0.0,37.261950100079176,60.52988789959533,93.94470307045917,27.940851353976562,205.0,5.0,1.0,compute_bound,
2026-01-05 04:06:00,91.87076817274003,44.611969073313716,76.25504217807682,371.90241177586324,0.0,0.0,39.365992585684516,59.172032142412526,92.41447674931445,47.864057152354626,206.0,3.0,1.0,compute_bound,
2026-01-05 04:07:00,93.61208420069087,45.52768131227298,75.90111078342805,379.5901593787615,0.0,0.0,46.60339448305034,58.64460170670766,78.27005767830283,48.69405660828632,207.0,3.0,1.0,compute_bound,
2026-01-05 04:08:00,91.00623634393635,48.75226230214093,76.23413433730474,361.461574211523,0.0,0.0,45.243903402116835,58.767584739087624,69.92959974503414,43.371143916808535,208.0,3.0,1.0,compute_bound,
2026-01-05 04:09:00,92.18435142608865,50.90039303229981,76.29977280021973,375.3448968293484,0.0,0.0,51.17282985702748,57.27201444726076,73.97301022790406,45.465944774415966,209.0,6.0,1.0,compute_bound,
2026-01-05 04:10:00,91.25871251578691,46.960820912683936,76.31063300503253,367.3737496730953,0.0,0.0,42.69528131920424,60.07145513459696,81.91828970594435,34.01689857157871,210.0,5.0,1.0,compute_bound,
2026-01-05 04:11:00,91.0631985662747,48.39735077857622,76.93696925388213,366.86395773894964,0.0,0.0,40.091099302030344,57.049669849797816,75.7023457493441,58.081422936503905,211.0,6.0,1.0,compute_bound,
2026-01-05 04:12:00,86.34063711932917,48.68964128517597,76.75825813785659,357.22371156547985,0.0,0.0,42.552338051684906,54.8291151517848,93.21750194701352,76.06100691119066,212.0,2.0,1.0,compute_bound,
2026-01-05 04:13:00,90.522521763283,49.996372719757574,76.94435338285527,358.1467081328857,0.0,0.0,43.20313022627198,55.628699904401685,83.23920473413737,82.43741126073807,213.0,4.0,1.0,compute_bound,
2026-01-05 04:14:00,89.99048262709994,52.28587193683468,76.58067679596581,363.3847393651873,0.0,0.0,39.71322026733512,58.29925535666253,69.37340111138279,73.71366588747591,214.0,5.0,1.0,compute_bound,
2026-01-05 04:15:00,86.26984886173267,52.79434498409742,76.47541376799468,355.515493102497,0.0,0.0,40.94280011900872,60.30885619655308,63.63088900743855,58.99601916862351,215.0,3.0,1.0,compute_bound,
2026-01-05 04:16:00,86.69538807400508,53.59488362833124,76.5007135929743,362.4661226390533,0.0,0.0,41.522088442006705,58.552348040398975,64.49787300120005,58.27789425949999,216.0,3.0,1.0,compute_bound,
2026-01-05 04:17:00,84.74387797778483,55.05152043547192,76.07571094829542,344.6764178790103,0.0,0.0,41.758777682123416,60.01945973373292,49.442154489096886,59.270687571997115,217.0,7.0,1.0,compute_bound,
2026-01-05 04:18:00,83.82847412959556,52.81542132693556,75.4792777797705,343.32535772884677,0.0,0.0,45.98231665731818,60.47567208154229,48.583976799665216,61.14076317158864,218.0,4.0,1.0,compute_bound,
2026-01-05 04:19:00,85.36706746231071,54.69408400448586,75.6042790808288,347.6908986942734,0.0,0.0,45.26173275982322,63.088761657492334,32.55667924565621,51.82146992182418,219.0,3.0,1.0,compute_bound,
2026-01-05 04:20:00,83.97992254288225,50.403239643288615,75.40155312498653,340.62135365741807,0.0,0.0,41.30534702985527,63.78743739601914,42.749155608674755,54.29548792734201,220.0,2.0,1.0,compute_bound,
2026-01-05 04:21:00,87.16605922636121,53.62427642452187,75.4263416886801,354.7172921643619,0.0,0.0,40.81803390286937,64.46805807126334,69.44217788788006,48.00896995844906,221.0,4.0,1.0,compute_bound,
2026-01-05 04:22:00,83.51041565292012,54.41889037657747,75.4154263180879,342.5583659933814,0.0,0.0,39.406452351137816,62.25545044007508,69.29577244236707,54.947558319484834,222.0,10.0,1.0,compute_bound,
2026-01-05 04:23:00,80.49365651714494,54.60823539741361,75.1550880023846,325.6788867475562,0.0,0.0,39.941367527814634,61.785595646921415,82.51762023035097,69.50478009015792,223.0,5.0,1.0,compute_bound,
2026-01-05 04:24:00,81.11883691168877,53.914407618891204,74.51136197490462,332.5405469859659,0.0,0.0,45.18156848485542,57.668648202276025,99.2486004318678,52.45680191952174,224.0,3.0,1.0,compute_bound,
2026-01-05 04:25:00,0.0,12.712153704879292,70.19002507373354,69.50712920001837,0.0,0.0,6.897841882434436,24.408230688122273,0.9336729256674836,2.407520456343943,0.0,2.0,0.0,idle,
2026-01-05 04:26:00,0.0,9.811965320800827,66.20246152375285,69.8223967158333,0.0,0.0,6.578412881429548,27.92126763602112,0.0,0.0,0.0,0.0,0.0,idle,
2026-01-05 04:27:00,0.0,12.047256331739984,62.73129700783809,52.64015317938119,0.0,0.0,3.798768552078859,25.553745704595283,0.2628850636914226,0.0,0.0,2.0,0.0,idle,
2026-01-05 04:28:00,1.0913641898528001,12.466861248275173,59.78158289932439,57.97439112262711,0.0,0.0,6.361469337281359,22.611464550656414,24.76956585275222,0.0,0.0,5.0,0.0,idle,
2026-01-05 04:29:00,3.774070464121926,11.481036446423738,57.13387852245427,72.8398462282856,0.0,0.0,4.5560390086878595,21.130789006854048,21.956204724477992,0.0,0.0,0.0,0.0,idle,
2026-01-05 04:30:00,3.9548906129026675,10.404081847698178,54.62960976461974,68.55454609434773,0.0,0.0,3.7412576519293044,22.22683103432762,19.339806508621066,0.0,0.0,3.0,0.0,idle,
2026-01-05 04:31:00,1.674134183235882,9.209602140577031,52.463750864126034,65.93495790706575,0.0,0.0,0.9010713014156417,25.052420706605023,6.817062020839728,0.0,0.0,2.0,0.0,idle,
2026-01-05 04:32:00,1.4558774709357805,8.570063730462401,50.53985955232837,65.30672822714291,0.0,0.0,0.9347506870782789,27.36548468171623,1.717665264000268,0.0,0.0,4.0,0.0,idle,
2026-01-05 04:33:00,3.40171040055801,9.203306310959396,49.38738736196943,70.35569682493956,0.0,0.0,5.82302866667181,30.588309385454693,0.0,0.0,0.0,1.0,0.0,idle,
2026-01-05 04:34:00,7.819162358970411,9.085821400545939,48.207552323862686,85.75225939265198,0.0,0.0,1.9606876034442462,27.011827940892495,12.998361240171718,0.0,0.0,0.0,0.0,idle,
2026-01-05 04:35:00,8.904171020255117,7.318138204841556,48.109122330101386,84.41570218969491,0.0,0.0,2.427904343408796,26.819914725045503,7.761358377358773,1.0362745014829648,0.0,2.0,0.0,idle,
2026-01-05 04:36:00,8.949230733898423,7.986473642232042,47.18594014970708,93.01182926058127,0.0,0.0,2.425972450473577,25.79650229577077,10.881535589185704,0.0,0.0,2.0,0.0,idle,
2026-01-05 04:37:00,7.432347911706962,9.451144137775138,46.291248602541685,83.04538773818618,0.0,0.0,3.5169655356748954,22.899570556086932,5.565224336721942,0.0,0.0,2.0,0.0,idle,
2026-01-05 04:38:00,7.098166001887467,10.983187033627534,45.7564016723406,81.45222279460822,0.0,0.0,0.0,21.627902259488735,16.052042938558934,0.0,0.0,1.0,0.0,idle,
2026-01-05 04:39:00,3.063143997399679,9.567064505561213,45.0593261571138,73.63520651026975,0.0,0.0,0.0,22.614509442362873,19.53532802455191,0.0,0.0,2.0,0.0,idle,
2026-01-05 04:40:00,10.173913898157096,8.166011867819332,44.817682830498775,90.0636876665177,0.0,0.0,4.044136113716746,23.15870489855274,27.6676679192426,0.0,0.0,2.0,0.0,idle,
2026-01-05 04:41:00,9.119729374221475,8.300246572266605,44.12911943206428,89.40815552386894,0.0,0.0,0.0,23.453148925469492,27.826346158534154,1.4592111317721563,0.0,0.0,0.0,idle,
2026-01-05 04:42:00,9.971344619599993,9.877906386094747,43.783823340949006,105.2620796529673,1.0,0.0,0.0,22.306770974914734,11.46473594208039,0.0,0.0,1.0,0.0,idle,
2026-01-05 04:43:00,11.97002738711974,13.364814790428873,43.55281630158271,96.57920539586307,0.0,0.0,0.0,21.64066391735852,14.05937029735415,0.0,0.0,2.0,0.0,idle,
2026-01-05 04:44:00,7.453614354555068,12.455350042511956,42.91316871259406,83.50180451093048,0.0,0.0,0.0,21.793638950936206,39.62457409225986,0.0,0.0,2.0,0.0,idle,
2026-01-05 04:45:00,8.02521113350905,14.839524275523887,42.728275233222426,85.14830658009465,0.0,0.0,0.0,21.780423849054504,22.701848028393186,0.0,0.0,6.0,0.0,idle,
2026-01-05 04:46:00,6.209693001246584,14.271980617844523,42.59687477395032,86.14733496926857,0.0,0.0,0.0,21.02473440579897,26.954282866079165,14.000608185260173,0.0,3.0,0.0,idle,
2026-01-05 04:47:00,1.972541898472711,12.534040406730579,42.61066952935742,69.25232017284813,0.0,0.0,0.0,20.624992340033895,28.706208372985426,25.236224433093938,0.0,0.0,0.0,idle,
2026-01-05 04:48:00,1.488097442328825,13.444837580635397,42.00836031433645,62.914028073559614,0.0,0.0,0.29312679382329243,22.99089629601577,21.696246126120485,16.578029770509104,0.0,3.0,0.0,idle,
2026-01-05 04:49:00,0.0,11.320792476517015,41.34110318406407,57.45623350595203,0.0,0.0,2.1246406661072914,25.861812874458987,13.12710778272761,2.0878680473582536,0.0,2.0,0.0,idle,
2026-01-05 04:50:00,1.416753948662186,11.637833972196946,41.207575244373594,64.04989638197667,0.0,0.0,3.375729696311092,24.858881929075345,22.316783573817137,7.455987019746534,0.0,1.0,0.0,idle,
2026-01-05 04:51:00,0.4427091499525969,8.917152350208898,40.69956184653747,61.12708745684904,0.0,0.0,9.90214779239685,25.790093465871898,0.23400061076014111,0.0,0.0,1.0,0.0,idle,
2026-01-05 04:52:00,2.570884236943935,9.221757380384707,41.07537900727107,81.84229646966493,0.0,0.0,7.525099868501158,23.616447188770607,0.0,0.0,0.0,4.0,0.0,idle,
2026-01-05 04:53:00,27.21667125375476,28.152051848345536,42.54116591074155,152.3179762703156,0.0,0.0,23.919231674757274,44.165259388578356,32.864128153518436,500.20702400038135,0.0,4.0,3.0,io_bound,
2026-01-05 04:54:00,30.839228108837137,29.237400752685026,43.13638527480334,164.96725571584446,0.0,0.0,29.124054402400645,42.59679306987274,36.88716660579432,485.31306077901576,1.0,7.0,3.0,io_bound,
2026-01-05 04:55:00,31.87756066539958,28.921130911469376,43.9293893061678,174.09919439778108,0.0,0.0,27.971841525341667,39.722916512788856,41.24862041236426,494.9547955530388,2.0,4.0,3.0,io_bound,
2026-01-05 04:56:00,30.819147108443083,28.557739508485987,44.7945556179691,168.0711407738186,0.0,0.0,27.45877652654984,40.00881392877005,45.39785139812625,505.92104688366794,3.0,3.0,3.0,io_bound,
2026-01-05 04:57:00,28.462623023084618,27.180921924715136,44.75796635597739,151.45769194608417,0.0,0.0,28.833324187868243,38.939417160236786,65.11620886811382,490.4223310094752,4.0,3.0,3.0,io_bound,
2026-01-05 04:58:00,29.713013119245005,29.789656919775684,45.015037412016035,163.43509988467562,0.0,0.0,27.45471180105096,39.447031897554545,58.654604210520915,498.5895609225989,5.0,4.0,3.0,io_bound,
2026-01-05 04:59:00,23.953259081098963,31.0198694899424,45.333501642126954,142.69481225621757,0.0,0.0,28.958900054570123,39.13287661764085,84.85559320379517,491.00865370183755,6.0,4.0,3.0,io_bound,
2026-01-05 05:00:00,23.917803129425703,34.449363974355784,45.33843492644973,135.46411844006354,0.0,0.0,29.9888694333644,41.526897594934056,56.191043215919635,491.30149307524334,7.0,3.0,3.0,io_bound,
2026-01-05 05:01:00,23.355937581696296,34.592194684351895,45.35141776813695,134.80436711748482,0.0,0.0,28.143019245202762,39.45038585375462,71.3067636759803,494.84189445271244,8.0,2.0,3.0,io_bound,
2026-01-05 05:02:00,21.207365412698497,33.41110762791685,45.58908332588195,132.27633083622405,0.0,0.0,34.35944676915907,41.3295815621797,56.25230903300759,494.9712222933887,9.0,4.0,3.0,io_bound,
2026-01-05 05:03:00,24.25808940362115,33.6858609612913,45.886557136734844,150.5094281875114,0.0,0.0,33.252459847996775,38.394544531064405,41.515124082817955,502.4842851792303,10.0,4.0,3.0,io_bound,
2026-01-05 05:04:00,25.901337520337833,31.752127310581862,46.220743736852874,149.4502377523329,0.0,0.0,31.184070430059293,39.760094395495656,43.61839776166626,499.68988650372467,11.0,4.0,3.0,io_bound,
2026-01-05 05:05:00,24.70246041887861,34.76489392224381,46.79814111159311,151.36327547148673,0.0,0.0,28.874125704435002,41.06404215530405,42.090348346450575,487.93138324145383,12.0,4.0,3.0,io_bound,
2026-01-05 05:06:00,21.263849537328447,34.94825362121876,46.905797428702755,136.767385999666,0.0,0.0,24.604474792926332,41.23912578949637,49.50436351655692,480.34437320581424,13.0,4.0,3.0,io_bound,
2026-01-05 05:07:00,18.9473489622053,33.206488719211514,47.16570894301333,126.27517099601796,0.0,0.0,25.3370590434137,40.253384038012044,47.75617880120186,458.38577883827276,14.0,4.0,3.0,io_bound,
2026-01-05 05:08:00,17.17909845797625,36.393955212101076,46.841775887646236,122.32545432163694,0.0,0.0,25.87157196661851,35.29843260867697,66.57750995542241,462.81969787756356,15.0,3.0,3.0,io_bound,
2026-01-05 05:09:00,16.234891484029887,36.13035982264823,46.754432695975346,116.0697128299792,0.0,0.0,21.326209589867197,36.34883079278568,67.59398948852147,458.89642439235433,16.0,4.0,3.0,io_bound,
2026-01-05 05:10:00,20.312925064888987,35.58013591537303,46.29726798574577,138.68888072577616,0.0,0.0,13.036610965106222,38.80728630353426,44.60836495284509,456.54334866540324,17.0,3.0,3.0,io_bound,
2026-01-05 05:11:00,17.138956812799847,32.99679108704369,45.918405256844174,114.74944462768131,0.0,0.0,16.617156053849953,36.6818544460079,20.853857237981018,467.34801454934325,18.0,5.0,3.0,io_bound,
2026-01-05 05:12:00,20.97718163827649,33.132841962376865,46.03860815425683,128.4978793069072,0.0,0.0,15.071133240930697,36.34556226320931,46.31518244844689,474.1118814307204,19.0,5.0,3.0,io_bound,
2026-01-05 05:13:00,17.968248522390077,33.37967126623924,46.024744374731995,128.25394378711488,0.0,0.0,15.278640787959855,39.66089899366235,71.42528191908436,478.76945303165235,20.0,4.0,3.0,io_bound,
2026-01-05 05:14:00,14.650196653606475,34.96874463160265,45.49320952069321,110.3344504435065,0.0,0.0,14.479603485180283,39.610909339730135,81.62713889110344,472.4422347852467,21.0,5.0,3.0,io_bound,
2026-01-05 05:15:00,18.414716171301418,32.5769048660701,45.34101784382008,116.46665500176105,0.0,0.0,16.643136243501413,41.05057917093936,69.2168858519259,477.7328133214699,22.0,2.0,3.0,io_bound,
2026-01-05 05:16:00,17.242606218919725,32.1386745814193,45.29082137209503,116.01228801301544,0.0,0.0,16.21993381419872,41.81335762500552,94.82969810283119,482.40107836001374,23.0,2.0,3.0,io_bound,
2026-01-05 05:17:00,19.79846079319082,31.380728639313173,45.19591330634442,127.5574206276889,0.0,0.0,12.457452706749873,43.31876198092604,82.80721206586088,497.62064556545096,24.0,2.0,3.0,io_bound,
2026-01-05 05:18:00,20.948521772051595,28.989171216449513,45.6439529038292,125.9013241159993,0.0,0.0,15.473004095344914,41.478727426653734,100.17440611509136,512.3587277099663,25.0,7.0,3.0,io_bound,
2026-01-05 05:19:00,23.314057593054542,30.41811118765387,46.005944746181754,145.04454750132356,0.0,0.0,9.01556698513275,42.9368020826341,88.01902241107473,511.94168753952727,26.0,2.0,3.0,io_bound,
2026-01-05 05:20:00,23.975385915764665,25.82133673569556,45.86835990060688,145.09421539065877,0.0,0.0,18.256984565604107,41.520398885591256,46.20525145347728,521.0588851988567,27.0,2.0,3.0,io_bound,
2026-01-05 05:21:00,20.489137227854307,24.8432650086296,45.88386703396957,122.474441846362,0.0,0.0,19.078780395789035,45.0789200687064,49.087751350687185,528.4969124894039,28.0,4.0,3.0,io_bound,
2026-01-05 05:22:00,20.861118380251636,27.250470780266426,46.04446383673244,133.30458951219165,0.0,0.0,22.129152033337636,44.43303608300458,50.58965964466793,545.4767418801581,29.0,3.0,3.0,io_bound,
2026-01-05 05:23:00,18.547113974601654,29.54019822131854,46.059811441641195,124.30227583432686,0.0,0.0,19.669790796621857,42.803188337048724,53.798545188491104,534.2604521725558,30.0,6.0,3.0,io_bound,
2026-01-05 05:24:00,19.679745384326807,24.20179453138642,46.1473186072283,132.78441390812858,0.0,0.0,15.031213989360271,46.97601097294045,60.93629989363674,544.8242042383829,31.0,4.0,3.0,io_bound,
2026-01-05 05:25:00,19.782879569859997,27.01576914628828,46.403976550119744,123.65889005480122,0.0,0.0,13.381340176582391,42.7488110637372,34.81811069852664,531.6486445219676,32.0,2.0,3.0,io_bound,
2026-01-05 05:26:00,22.652743565170926,30.905276480980067,47.16049990255468,146.74284766722832,0.0,0.0,10.014720936349896,42.91233841239284,57.04199221497005,524.0195679872893,33.0,2.0,3.0,io_bound,
2026-01-05 05:27:00,18.910921385280904,33.574613188652826,46.94108021047052,126.46125163715195,0.0,0.0,10.866356000097525,40.330960648282115,35.74482690403544,510.5176688424433,34.0,3.0,3.0,io_bound,
2026-01-05 05:28:00,18.687326363449575,32.704470853819956,46.974315605737765,122.29452412846176,0.0,0.0,11.57011693343394,39.58373116640647,42.45554386642981,494.5185511513472,35.0,5.0,3.0,io_bound,
2026-01-05 05:29:00,22.67754496863932,33.91136679375927,47.081174590266066,136.20883959869676,0.0,0.0,15.798433789044536,39.5710166180407,52.27262981347845,494.1362593767955,36.0,3.0,3.0,io_bound,
2026-01-05 05:30:00,25.40706021983172,34.17666121148829,46.818745917327924,139.74509830539418,0.0,0.0,20.408189900815177,41.38664067653017,52.59755407842539,506.8579811954515,37.0,2.0,3.0,io_bound,
2026-01-05 05:31:00,23.00092628461425,35.634834705219966,46.61067104583321,138.1717238591404,0.0,0.0,22.908909610657055,41.63762816838875,31.405982632688648,490.33778986882635,38.0,4.0,3.0,io_bound,
2026-01-05 05:32:00,24.012290516238934,35.73155123129709,46.69919951522124,147.0211070197007,0.0,0.0,21.545887667341358,41.17106695686018,36.01805906670896,477.9419601260997,39.0,3.0,3.0,io_bound,
2026-01-05 05:33:00,24.728073420384177,34.60382982356404,47.23916887250429,144.03839227973046,0.0,0.0,20.698463259006658,38.895457215022404,36.815242060458154,494.554072272483,40.0,4.0,3.0,io_bound,
2026-01-05 05:34:00,24.349335580973516,32.997817364316866,47.358319808397724,137.57595040799168,0.0,0.0,20.65769857473194,39.70142427871493,26.22277770750251,504.6882822803701,41.0,3.0,3.0,io_bound,
2026-01-05 05:35:00,27.28009024738629,33.969047769261586,47.93626041715653,160.84488235256057,0.0,0.0,16.520298487367057,42.0312889004004,43.52611646270318,485.3639756401856,42.0,7.0,3.0,io_bound,
2026-01-05 05:36:00,29.376166205283823,33.08124594520967,48.11712833258144,156.9257198484225,0.0,0.0,15.959254255752592,44.7166544597646,44.354500930678334,490.224730321227,43.0,2.0,3.0,io_bound,
2026-01-05 05:37:00,27.00331470479258,32.51303364495111,47.87034772106558,156.4318507215218,0.0,0.0,21.119511187470152,44.397925171430295,59.997738711000295,500.4893825507085,44.0,4.0,3.0,io_bound,
2026-01-05 05:38:00,25.733496964566868,30.665902087461262,47.51522136379903,135.109531737563,0.0,0.0,17.240783525859964,47.306506141141845,53.49920201689443,490.39153726042986,45.0,5.0,3.0,io_bound,
2026-01-05 05:39:00,25.19093516780373,32.337628793658816,48.14379758085424,152.00935503216328,0.0,0.0,14.20064629094757,47.24812770215992,53.136139377593295,476.93516813203,46.0,2.0,3.0,io_bound,
2026-01-05 05:40:00,21.65828561397818,27.5823325069814,48.23302564703167,136.44281793764355,0.0,0.0,15.037893466033955,45.76524633866507,69.2597971831486,496.6438001044906,47.0,7.0,3.0,io_bound,
2026-01-05 05:41:00,25.36280314169109,28.829543009328315,48.441795179025924,145.44132794170653,0.0,0.0,13.392677513682813,46.49256070565462,66.09965951776172,498.5859847077287,48.0,6.0,3.0,io_bound,
2026-01-05 05:42:00,29.72183084030289,25.831728922464194,49.0565591688031,163.11896513351806,0.0,0.0,14.713235705802994,45.73445951487067,41.42247712241587,494.55342301353926,49.0,4.0,3.0,io_bound,
2026-01-05 05:43:00,26.16231777946254,27.505797385950956,48.582232300838385,136.0532277908261,0.0,0.0,14.922250648366148,50.590525999094126,24.448666991631,487.58810481280625,50.0,5.0,3.0,io_bound,
2026-01-05 05:44:00,20.59604867869264,28.83232956036959,48.37491584974001,131.4536176018558,0.0,0.0,17.03028823325726,50.10240036038815,8.788179580606794,468.7766770112641,51.0,2.0,3.0,io_bound,
2026-01-05 05:45:00,24.38652811949698,26.237845247968217,48.30571831210072,137.52036032700514,0.0,0.0,19.065639181512502,50.6350471156274,15.51730006087443,474.7838316858635,52.0,2.0,3.0,io_bound,
2026-01-05 05:46:00,24.283325192620886,27.838852625996424,47.88637995863097,136.6098130827616,0.0,0.0,23.860837409762,51.909249229575764,33.38238452876905,479.50274585505724,53.0,5.0,3.0,io_bound,
2026-01-05 05:47:00,23.266524910276168,30.93627059142468,47.345775501023226,135.153082163877,0.0,0.0,23.082800201617346,53.311579493271445,42.29854892556413,471.0282812674552,54.0,3.0,3.0,io_bound,
2026-01-05 05:48:00,21.24040005965711,31.17835754697083,47.21565746037314,132.61186517496708,0.0,0.0,24.1578026283518,50.731953831536416,27.917488099488324,473.5862298862139,55.0,3.0,3.0,io_bound,
2026-01-05 05:49:00,21.66409747287716,29.05629866255785,47.07485608926656,136.35450513031114,0.0,0.0,22.181535636210192,52.071758269903476,51.10408361023032,468.94324575493954,56.0,4.0,3.0,io_bound,
2026-01-05 05:50:00,21.876730491471925,25.834237096283676,47.1605190810461,129.7624688688922,0.0,0.0,22.023450414476553,51.932121184697316,66.89829970150976,463.2454911839389,57.0,2.0,3.0,io_bound,
2026-01-05 05:51:00,17.934908624764347,27.948973390464218,47.228806774296515,124.0818815623984,0.0,0.0,21.59049597964679,50.37971073921158,59.08454993785071,463.7999315733983,58.0,3.0,3.0,io_bound,
2026-01-05 05:52:00,17.660717265460146,30.358124732354813,46.918900148685076,124.55386920664084,0.0,0.0,21.682023001570784,46.36800627014694,57.75172641436656,461.68080459150167,59.0,5.0,3.0,io_bound,
2026-01-05 05:53:00,14.990940721422579,31.00307890401785,46.4386728929811,108.64255580809873,0.0,0.0,16.695843971806955,46.51366553749673,61.16129716478962,467.1564620425961,60.0,5.0,3.0,io_bound,
2026-01-05 05:54:00,16.645427343069546,29.816183203997895,46.29574987709433,116.4664143922311,0.0,0.0,20.583689073806564,43.71361960660734,52.35510321175492,473.8265034137964,61.0,2.0,3.0,io_bound,
2026-01-05 05:55:00,17.395557935099482,26.218779059960145,46.34420612040608,116.67464552355985,0.0,0.0,23.42511929237944,43.90630195271753,25.28311150604428,462.0800746170851,62.0,5.0,3.0,io_bound,
2026-01-05 05:56:00,18.055568773465286,26.237222368159102,46.26651947510168,115.21565024006833,0.0,0.0,21.858553246602995,42.90551021794774,14.439512730883749,451.0896271752753,63.0,2.0,3.0,io_bound,
2026-01-05 05:57:00,14.84039698393993,27.503960593572234,45.82486914448676,109.79721659744555,0.0,0.0,21.041281092871838,39.80531373966584,26.39406193751133,459.28500457292273,64.0,4.0,3.0,io_bound,
2026-01-05 05:58:00,16.225695785555335,27.30015602301674,45.48623374987243,108.96449800246056,0.0,0.0,16.352077514783897,41.927618191521645,39.268624346939404,493.84466377864976,65.0,5.0,3.0,io_bound,
2026-01-05 05:59:00,18.46728276882594,27.11196499132753,45.50515745238342,127.36454764675727,0.0,0.0,11.351862764175763,39.010370776464555,10.957522949332958,494.9041421106166,66.0,3.0,3.0,io_bound,
2026-01-05 06:00:00,21.135865135792038,30.773713262939747,45.76836880903067,130.9137937796952,0.0,0.0,5.233850549733106,35.799822742170974,36.495195347911306,480.25971438685093,67.0,3.0,3.0,io_bound,
2026-01-05 06:01:00,19.301969486472636,31.178031985573224,45.429596418124916,121.29009133350075,0.0,0.0,8.913110272485667,36.814964454799515,17.288408015668175,477.4492838982323,68.0,3.0,3.0,io_bound,
2026-01-05 06:02:00,22.444882896747792,29.032587123321445,45.77490480752394,143.40025948451722,0.0,0.0,5.822960525139155,35.67723641321067,15.750322696598591,473.67185008928465,69.0,3.0,3.0,io_bound,
2026-01-05 06:03:00,23.99040113367591,31.419968643368907,46.031102591530086,145.39622865967658,0.0,0.0,9.350432310883086,39.05923153465935,13.053462536062554,461.268722862781,70.0,4.0,3.0,io_bound,
2026-01-05 06:04:00,21.844000887067505,33.03423221916006,46.174625541367874,135.00804471251806,0.0,0.0,10.635373125658225,38.59222052079413,24.259087771538105,457.89123069825223,71.0,6.0,3.0,io_bound,
2026-01-05 06:05:00,23.57686809736188,32.34541445840393,46.723846523942605,136.50656347972324,0.0,0.0,15.56134221428071,38.61508600862597,37.66066288666007,463.7781087258707,72.0,3.0,3.0,io_bound,
2026-01-05 06:06:00,21.23787892557192,29.69563860637408,46.80271960401081,130.47029875752742,0.0,0.0,16.562944064589082,39.41177353359637,59.6052792407516,480.78926216310435,73.0,5.0,3.0,io_bound,
2026-01-05 06:07:00,21.717076592381726,33.22514498382598,46.78148199183311,142.27855789630283,0.0,0.0,14.754754587229549,36.713733836105625,52.90313852235532,470.517637077801,74.0,5.0,3.0,io_bound,
2026-01-05 06:08:00,18.767235780883567,32.89960476709538,46.426768201437326,124.95861144681615,0.0,0.0,12.489288627359265,39.099425894260214,38.148393507144704,465.6049632246679,75.0,4.0,3.0,io_bound,
2026-01-05 06:09:00,20.396541294451257,33.96366509932636,46.73305601217855,131.75066974534525,0.0,0.0,11.626342644005533,36.25574222314833,37.30649116198873,457.7015690854378,76.0,6.0,3.0,io_bound,
2026-01-05 06:10:00,21.205183355232975,33.796195397308196,46.693404069846,131.09033796955663,0.0,0.0,11.991506120929738,35.31676534578213,57.696211897558115,463.3223848874696,77.0,5.0,3.0,io_bound,
2026-01-05 06:11:00,16.361276096903886,33.57705357932811,46.31573848113413,114.25147509358165,0.0,0.0,7.084291262807447,35.81367870484383,45.09401597223165,479.9640881302268,78.0,4.0,3.0,io_bound,
2026-01-05 06:12:00,18.984351820848193,29.978819664001218,46.31712228576023,123.5531687353709,0.0,0.0,4.3285459206223145,36.209001943063264,69.41584437517756,479.06223964170283,79.0,5.0,3.0,io_bound,
2026-01-05 06:13:00,19.8020342662637,30.628894468907518,46.43384356766908,131.7068490500845,0.0,0.0,9.062423170261571,38.44537780858218,25.786696984838418,471.69786928331064,80.0,4.0,3.0,io_bound,
2026-01-05 06:14:00,15.774518706851296,27.94842794430695,46.06117318118622,113.45620912376793,0.0,0.0,10.307559002124938,41.55489114679455,44.37323114894494,466.72495171903427,81.0,3.0,3.0,io_bound,
2026-01-05 06:15:00,20.042271731648604,29.461350408542835,46.29100656771288,134.86066282138214,0.0,0.0,11.767208645628424,42.43466059054486,65.2550530524845,481.06530033988105,82.0,6.0,3.0,io_bound,
2026-01-05 06:16:00,22.8286312112085,29.98014280900909,46.39644980815471,140.36049383163748,0.0,0.0,12.423605797078121,43.39299975812493,54.62549039871605,478.958572001841,83.0,3.0,3.0,io_bound,
2026-01-05 06:17:00,23.428646454281505,29.23433167755969,46.5255574977037,138.43435507728276,0.0,0.0,9.713198792776652,47.107386307169,29.600139585097835,478.9990997035722,84.0,2.0,3.0,io_bound,
2026-01-05 06:18:00,22.64874284414394,31.56996201470698,46.674734583865,140.55190427484547,0.0,0.0,16.09504796774939,50.6373838156453,26.310471635578743,459.1998748215496,85.0,3.0,3.0,io_bound,
2026-01-05 06:19:00,24.110917797887254,34.478806202854585,46.392780669676526,129.4766136151838,0.0,0.0,11.153747509059428,47.00899779028083,20.393122408596167,457.00469004060545,86.0,2.0,3.0,io_bound,
2026-01-05 06:20:00,16.54585632978705,34.94800558727479,46.127608570730516,115.62843040815046,0.0,0.0,14.043990391785782,48.74508984502365,2.643497006201777,466.49693526652413,87.0,5.0,3.0,io_bound,
2026-01-05 06:21:00,15.52084686002975,35.044480928842155,45.95129371900151,109.82479683923172,0.0,0.0,10.433785974803158,49.43818851172923,37.321115658883244,452.11268720494985,88.0,4.0,3.0,io_bound,
2026-01-05 06:22:00,18.042233103848787,38.47073630405814,45.795611066200664,117.4182659499655,0.0,0.0,19.008875996837304,48.586515673099726,32.108973770140864,473.6646202027026,89.0,2.0,3.0,io_bound,
2026-01-05 06:23:00,20.393922435637894,37.49866545655897,45.53551721929502,124.65082114297613,0.0,0.0,17.735352979102977,49.664232894311475,24.017836748742205,480.7098339697555,90.0,3.0,3.0,io_bound,
2026-01-05 06:24:00,17.11327829812567,36.661758265795534,45.26481897374811,119.10308872631879,0.0,0.0,16.88173991869923,48.05461982271638,28.025235436062673,490.580742093993,91.0,6.0,3.0,io_bound,
2026-01-05 06:25:00,18.176870477214237,34.23826720548638,45.47679169872127,114.63735875324953,0.0,0.0,16.32382567995787,44.75473862402825,5.734567580131987,504.8822258989988,92.0,5.0,3.0,io_bound,
2026-01-05 06:26:00,16.46356892012252,33.214387737373734,45.01190001229395,117.33836894662561,0.0,0.0,21.2346537091901,45.448535081195,25.154526984862194,489.2242990310038,93.0,7.0,3.0,io_bound,
2026-01-05 06:27:00,18.53572000842727,33.68231652553098,44.94552051748773,117.49333686228744,0.0,0.0,14.654344454493327,43.34116431223028,38.716149150164505,489.8997801126868,94.0,6.0,3.0,io_bound,
2026-01-05 06:28:00,22.868067046948603,33.08122789641919,45.125152780031335,143.95795088785502,0.0,0.0,17.395561739697712,45.66305834783442,38.07214450408757,489.966753271773,95.0,4.0,3.0,io_bound,
2026-01-05 06:29:00,22.320471142067607,30.865503170034405,45.48443193640692,134.554318539168,0.0,0.0,17.542101741561694,40.873594213989776,9.415080927231156,485.52916696863895,96.0,4.0,3.0,io_bound,
2026-01-05 06:30:00,21.578618979033592,32.67006790496,45.62845319218749,134.3889892971349,0.0,0.0,14.429481719829717,39.144732199751296,27.500109672583353,486.7498873601497,97.0,4.0,3.0,io_bound,
2026-01-05 06:31:00,20.034553554473312,31.85135261180055,45.4255815603203,130.4390584857427,0.0,0.0,15.570269564819814,39.19545799509516,32.1334539863057,488.1391071180383,98.0,3.0,3.0,io_bound,
2026-01-05 06:32:00,18.61981328195229,34.1208776413795,45.439905833844996,135.73019088608902,0.0,0.0,20.043583983430725,42.318243159898444,19.69749616318056,480.99265304871835,99.0,2.0,3.0,io_bound,
2026-01-05 06:33:00,20.161120155345376,37.007796950282,45.70080828269683,125.8589894759561,0.0,0.0,20.915446338512794,44.35641087208195,38.68011239203182,482.6837715523085,100.0,4.0,3.0,io_bound,
2026-01-05 06:34:00,17.68487608659653,38.452256333165074,46.007207229384214,115.38542281996652,0.0,0.0,24.558609313961185,47.78597768155676,63.64366564831593,482.09540985222554,101.0,5.0,3.0,io_bound,
2026-01-05 06:35:00,14.820968317046756,38.53331197539778,46.05304931984387,114.01715720408342,0.0,0.0,26.1986979149004,46.392847755237476,40.957066556936596,477.0890632129403,102.0,4.0,3.0,io_bound,
2026-01-05 06:36:00,23.350352277545973,31.65554401610227,46.392803612343066,142.92301538157736,0.0,0.0,27.913492521211154,45.31232221554542,28.563965120641093,460.76948389786514,103.0,3.0,3.0,io_bound,
2026-01-05 06:37:00,20.33135985890238,34.336810134284946,46.17274592668684,122.19144870382667,0.0,0.0,21.164047158030268,45.36685984255524,35.16616627973673,468.36760688190697,104.0,4.0,3.0,io_bound,
2026-01-05 06:38:00,21.592026724305747,32.67366748845209,46.29878362907021,131.37020787310212,0.0,0.0,23.771938689842496,42.93244498312535,35.75482591293445,478.2950817022972,105.0,3.0,3.0,io_bound,
2026-01-05 06:39:00,21.715047265897947,35.01385240278336,46.444929970684015,138.6558685698178,0.0,0.0,25.5642974620466,44.0728834289024,32.955839964781184,469.3671109106361,106.0,2.0,3.0,io_bound,
2026-01-05 06:40:00,21.82419801445061,34.54380167005717,46.68943542585889,138.09329163308743,0.0,0.0,25.732427169346213,45.628526294047425,42.58948677167435,478.79810326244115,107.0,7.0,3.0,io_bound,
2026-01-05 06:41:00,21.24292685029902,37.708719260150495,47.03371004575276,135.56208157550913,0.0,0.0,27.259988053878203,46.808595861321,46.15078500884046,471.3235920845216,108.0,4.0,3.0,io_bound,
2026-01-05 06:42:00,27.1143898563991,38.61768610392377,47.69917152773557,154.21482449443093,0.0,0.0,23.546397648922714,46.339936151484636,38.03114826821325,475.49942999784173,109.0,3.0,3.0,io_bound,
2026-01-05 06:43:00,25.151163914521575,37.79728972389535,47.173174666048894,148.2633549487032,0.0,0.0,21.55588574239096,43.43721722662569,34.71982755137845,480.3443205414675,110.0,2.0,3.0,io_bound,
2026-01-05 06:44:00,24.755442841903772,38.85512558421071,47.393247681945105,150.2182312869252,0.0,0.0,23.297094299615924,44.56230940403425,59.14998798276555,498.75836309280703,111.0,5.0,3.0,io_bound,
2026-01-05 06:45:00,24.382023590772175,35.919247420065794,47.58602209541975,146.6632844737347,0.0,0.0,23.407523316755437,48.26175538403384,78.93082581557269,481.91863601555235,112.0,10.0,3.0,io_bound,
2026-01-05 06:46:00,27.195332735840154,36.730736733856766,47.82074801690585,160.02748052579034,0.0,0.0,22.377771128858924,50.441275603007696,76.61224687078487,483.56537009142164,113.0,6.0,3.0,io_bound,
2026-01-05 06:47:00,22.167638874491423,35.96516528223918,48.226885157207214,141.42333894668516,0.0,0.0,19.464150804546446,47.797287062534146,104.1765258391864,482.61043984923356,114.0,2.0,3.0,io_bound,
2026-01-05 06:48:00,21.16598174875936,35.85194632774426,47.92554015326969,128.08321022527855,0.0,0.0,15.203318055578103,49.8926419778497,61.57756196416918,492.588962854302,115.0,5.0,3.0,io_bound,
2026-01-05 06:49:00,20.887255998500546,36.48801936090863,47.512431631959856,128.96521096583362,0.0,0.0,12.839833328458226,47.377430852450615,53.813102935923524,487.67866007886823,116.0,3.0,3.0,io_bound,
2026-01-05 06:50:00,20.552381339853177,32.754993602996116,47.39518444560279,129.87205214817223,0.0,0.0,14.279182762238388,46.82590887808598,50.396722881351735,481.53997024356823,117.0,7.0,3.0,io_bound,
2026-01-05 06:51:00,20.58138799054933,31.91791870596596,46.94047189650004,136.0015479487855,0.0,0.0,16.528775719719075,46.98101506987245,52.23861349466439,490.14894022464154,118.0,3.0,3.0,io_bound,
2026-01-05 06:52:00,22.257911166323165,31.57264021439317,47.1078457795527,140.4201702055206,0.0,0.0,18.18774824906468,48.670097805879614,70.53902606270609,482.5925824169063,119.0,6.0,3.0,io_bound,
2026-01-05 06:53:00,21.194932656304342,30.246772199554492,47.13897944979394,129.29613297429023,0.0,0.0,17.419901514252253,43.55769628605215,92.90934166147021,470.3903516110899,120.0,2.0,3.0,io_bound,
2026-01-05 06:54:00,25.334720584198116,31.36240431871208,47.11874326118103,144.00223591652045,0.0,0.0,19.7051837594382,44.722773056659804,103.91349691759315,478.0147145253888,121.0,3.0,3.0,io_bound,
2026-01-05 06:55:00,25.196007467887366,30.05396946136955,47.65288298820515,151.47024595376536,0.0,0.0,21.83056450549237,45.83831314293157,77.86870149275848,464.856115601489,122.0,6.0,3.0,io_bound,
2026-01-05 06:56:00,24.35762685262987,27.824500764168796,48.123359846504975,142.25538071431433,0.0,0.0,20.909025455111532,44.87926755011821,75.21457097322767,459.4044040910401,123.0,3.0,3.0,io_bound,
2026-01-05 06:57:00,21.887773073431166,31.224347258314566,48.08300850531019,131.44988855244372,0.0,0.0,24.98207750701108,42.74115538255046,78.1231086934454,454.33928872860866,124.0,4.0,3.0,io_bound,
2026-01-05 06:58:00,21.061055386611706,31.15939313521655,48.05147481900818,137.30701837150264,0.0,0.0,22.436301343896584,42.08577820212958,95.26207161563083,446.23605118031435,125.0,3.0,3.0,io_bound,
2026-01-05 06:59:00,23.175594941948784,30.33905218847737,48.15008233346772,140.18275499719616,0.0,0.0,19.575141670887326,41.9886612503243,77.94838779685695,433.00520211202524,126.0,2.0,3.0,io_bound,
2026-01-05 07:00:00,27.482800210532897,29.23887483037658,48.02095480404215,151.96259235798163,0.0,0.0,17.7764510289905,41.321945088647134,77.4739095040436,451.33072686508535,127.0,6.0,3.0,io_bound,
2026-01-05 07:01:00,27.836594394396464,32.78909997811089,48.135721641933785,167.776140676017,0.0,0.0,17.660239907993535,44.1727591637165,58.729535087262576,457.7565981286938,128.0,2.0,3.0,io_bound,
2026-01-05 07:02:00,27.35508155663812,33.78666562101564,48.1574228191357,150.05656944219643,0.0,0.0,15.713638068081972,42.73596290126481,60.90713169633296,458.208034488853,129.0,4.0,3.0,io_bound,
2026-01-05 07:03:00,29.00346477382408,34.434588893279994,48.41653817765624,163.6788647318674,0.0,0.0,23.948591173105786,43.23532853112404,53.243226549720035,472.1237788165171,130.0,3.0,3.0,io_bound,
2026-01-05 07:04:00,31.471662470706914,37.21881484098913,48.54677289376102,172.08026547933375,0.0,0.0,19.80792634198154,42.932317035053075,39.753993531034034,480.2494000947632,131.0,5.0,3.0,io_bound,
2026-01-05 07:05:00,25.892278105656366,37.320376833898166,48.50751212830739,154.9903847940245,0.0,0.0,19.09403270340696,42.081772988227264,47.124871689826435,478.0161929118589,132.0,5.0,3.0,io_bound,
2026-01-05 07:06:00,27.56755504348367,40.20427977371531,48.29928755665229,146.02319702077722,0.0,0.0,18.23318341466803,42.568847864397895,54.67544186671586,477.085489774507,133.0,2.0,3.0,io_bound,
2026-01-05 07:07:00,27.729989756063087,40.81349128108184,48.16395487720509,161.7977435302037,0.0,0.0,16.288643089112227,43.39274004239873,58.14875900777942,476.8093866457981,134.0,5.0,3.0,io_bound,
2026-01-05 07:08:00,27.876112901873658,37.853641667868246,48.56252713073896,158.66964426534184,0.0,0.0,18.186405041872916,42.24463061572268,79.74809118320316,486.62079964686353,135.0,4.0,3.0,io_bound,
2026-01-05 07:09:00,29.09383374423103,39.59746899810028,48.679422088731556,154.32326474126205,0.0,0.0,23.91954487643735,41.79917339317789,83.3947467367725,476.4323845139771,136.0,3.0,3.0,io_bound,
2026-01-05 07:10:00,32.45180761867688,39.968154471422864,49.03822092674161,163.87469503320776,0.0,0.0,23.714667548538323,43.93509417394727,72.01808651853268,483.957507506649,137.0,4.0,3.0,io_bound,
2026-01-05 07:11:00,28.35787443923042,41.59578086373054,49.20675256059919,145.1421587040054,0.0,0.0,29.617959209054227,46.618407569639054,47.96255667966537,475.2333552786281,138.0,2.0,3.0,io_bound,
2026-01-05 07:12:00,27.55692941434667,40.9481375401147,49.40334825900627,152.5678090146985,0.0,0.0,21.481218339509507,48.21461553069949,66.55241586590353,478.7966688068391,139.0,3.0,3.0,io_bound,
2026-01-05 07:13:00,24.776617793296822,39.66185399297938,49.33317695518683,155.12769995933468,0.0,0.0,21.07059825874272,45.70071739535073,65.15095834839917,485.2829008873176,140.0,4.0,3.0,io_bound,
2026-01-05 07:14:00,19.507540783270013,37.863468070921826,48.68444862524042,124.5302173296247,0.0,0.0,22.713001003226964,46.83927449838569,63.42676537823571,494.0008146027769,141.0,3.0,3.0,io_bound,
2026-01-05 07:15:00,0.6466534115539158,18.5888118089249,47.506805283484965,60.27756004749009,0.0,0.0,8.976857175604616,27.08875803838456,31.36398099953134,14.818068825192096,0.0,2.0,0.0,idle,
2026-01-05 07:16:00,3.4537820778392505,16.387113604972257,46.28181452537781,72.09027281020332,0.0,0.0,12.71731993885934,30.34937627301476,26.790076853006354,6.796930402914974,0.0,2.0,0.0,idle,
2026-01-05 07:17:00,3.2097533395728908,14.768748126412799,45.5441605245999,68.20093889094996,0.0,0.0,14.595352180609325,32.03425080418097,38.47207772668632,18.71189198576177,0.0,1.0,0.0,idle,
2026-01-05 07:18:00,0.0,12.154838400604397,44.4628337113763,56.70537687300592,0.0,0.0,14.567270720682831,33.78785307779076,26.671908968942578,20.93272999679352,0.0,3.0,0.0,idle,
2026-01-05 07:19:00,0.0,14.471987024830797,44.07314115835221,57.02022411825114,0.0,0.0,9.610095690993852,33.67870632130888,20.798285837298025,19.207272026633838,0.0,4.0,0.0,idle,
2026-01-05 07:20:00,0.0,14.675153632978233,43.892570355637304,61.88740687917723,0.0,0.0,8.228398325625239,30.910402690453395,25.035296783821952,18.736514699380912,0.0,0.0,0.0,idle,
2026-01-05 07:21:00,0.0,10.987917854843612,43.17458263154453,67.70377426849063,0.0,0.0,4.751790883492794,28.14503378519433,22.43910062389908,10.949547980587475,0.0,0.0,0.0,idle,
2026-01-05 07:22:00,0.0,11.806822472221967,42.49900091649308,59.97262098776216,0.0,0.0,8.509742160154616,32.132496827163315,0.7959039680658009,9.011277831140635,0.0,1.0,0.0,idle,
2026-01-05 07:23:00,0.20716450032556544,7.506874537737829,42.298925737376514,60.67423191624104,0.0,0.0,13.524987621760854,33.013849362400066,0.0,6.209633828636481,0.0,3.0,0.0,idle,
2026-01-05 07:24:00,0.0,5.944242640079291,41.45286116794748,53.455390869399025,0.0,0.0,14.837227846824256,32.30787578093451,0.0,19.332896123782916,0.0,4.0,0.0,idle,
2026-01-05 07:25:00,0.0,3.99216265430797,41.293843685419446,55.805585218469105,0.0,0.0,14.298179542765915,35.03462227089361,0.0,20.98836203852178,0.0,2.0,0.0,idle,
2026-01-05 07:26:00,0.0,4.7980401055279005,41.07653340065426,60.65979849074147,0.0,0.0,12.177478421032479,34.369655636848606,0.0,16.136459148692666,0.0,3.0,0.0,idle,
2026-01-05 07:27:00,0.0,2.3658839876421904,40.55076548868184,50.0,0.0,0.0,11.979208096809511,31.07767839642635,0.3109684822139176,10.748692132009483,0.0,5.0,0.0,idle,
2026-01-05 07:28:00,0.0,5.176417260059562,39.53652302828779,58.71165228609363,0.0,0.0,12.015063585685612,34.4417285839114,10.078293885440385,33.00729707264817,0.0,5.0,0.0,idle,
2026-01-05 07:29:00,0.0,6.930297466627518,39.468024462616015,61.12699419259379,0.0,0.0,12.02394054442045,32.41511630350238,19.964353866247993,29.786140097511105,0.0,2.0,0.0,idle,
2026-01-05 07:30:00,0.0,10.419285098276621,39.12197048497358,55.35745144830043,0.0,0.0,13.876450923823292,28.627284915447767,7.888020430762845,13.189937316717687,0.0,0.0,0.0,idle,
2026-01-05 07:31:00,0.0,12.672974563055787,39.28249580122226,54.66840706527225,0.0,0.0,10.18165085410959,26.613946112437397,0.7677699015904773,10.665982912171998,0.0,1.0,0.0,idle,
2026-01-05 07:32:00,0.0,15.831901062108606,39.12739730955301,65.7067256907793,0.0,0.0,11.719444249960318,22.15166549585232,0.0,9.338074259212032,0.0,0.0,0.0,idle,
2026-01-05 07:33:00,0.0,16.426522092517573,38.88105149201558,65.02292357963448,0.0,0.0,14.247723577711294,22.402194066067693,0.0,16.15092860810289,0.0,2.0,0.0,idle,
2026-01-05 07:34:00,0.0,19.017924313088393,38.81383593915557,60.65348377442653,0.0,0.0,13.780877860855611,22.581303559647974,0.0,23.26056128653714,0.0,3.0,0.0,idle,
2026-01-05 07:35:00,0.0,19.86267511088905,38.655800058835574,61.007166712869456,0.0,0.0,11.039246517594858,23.861054668410134,0.0,16.963719748551718,0.0,1.0,0.0,idle,
2026-01-05 07:36:00,0.0,17.03586212115217,38.677091352059264,57.25914156562949,0.0,0.0,18.503328677572913,23.827754872313903,0.0,9.774273008537161,0.0,2.0,0.0,idle,
2026-01-05 07:37:00,0.0,15.883315297846163,38.844134448827646,55.99516404226633,0.0,0.0,18.456972013103805,25.94850829117935,0.0,12.170060479119062,0.0,2.0,0.0,idle,
2026-01-05 07:38:00,0.0,16.554801538924085,38.586175078036376,66.4897125762259,0.0,0.0,16.722366579680806,22.782243084844943,0.0,14.084677952276651,0.0,4.0,0.0,idle,
2026-01-05 07:39:00,0.0,18.56720210262833,38.65468465710878,67.67334270416909,0.0,0.0,13.981828463289798,23.86586739279016,2.0170321574469807,17.388522588864305,0.0,0.0,0.0,idle,
2026-01-05 07:40:00,0.013167535683677456,18.738105523757888,38.505263922503325,64.18701311058057,0.0,0.0,10.983546426029562,23.808470092126854,26.512357137037878,18.163133391020303,0.0,0.0,0.0,idle,
2026-01-05 07:41:00,3.5294512953996087,17.473568457717853,38.43074094240267,64.71242384875575,0.0,0.0,6.43455389921051,22.878624148010882,0.4774679683080727,5.098797606506433,0.0,1.0,0.0,idle,
2026-01-05 07:42:00,2.3956875911908013,17.669725018862035,38.41103475554403,66.0372383725482,0.0,0.0,7.647963536317142,21.33470969218653,2.655357178378931,9.688517479820154,0.0,2.0,0.0,idle,
2026-01-05 07:43:00,2.047204495381255,19.480248053973312,38.64564926056321,68.62993725917161,0.0,0.0,5.413938817614341,21.59781198893925,0.0,18.47811669143218,0.0,6.0,0.0,idle,
2026-01-05 07:44:00,5.888095654905049,21.02641203921567,38.90599517967404,83.61091335054823,0.0,0.0,8.350680305234224,24.4872645418525,0.0,10.139076737806505,0.0,2.0,0.0,idle,
2026-01-05 07:45:00,6.368077843585081,17.572686933575337,39.18275351282577,88.43225066128296,0.0,0.0,8.870219165294992,23.16305706352396,0.05250397726197242,0.0,0.0,3.0,0.0,idle,
2026-01-05 07:46:00,5.54490742177929,18.59737372659056,39.12455884935064,76.32688761844713,0.0,0.0,6.55763237192585,22.150745202246426,0.0,0.0,0.0,3.0,0.0,idle,
2026-01-05 07:47:00,4.9932990022913755,16.76358949901847,39.30548954598333,77.28191778927636,0.0,0.0,7.240066868335398,22.400982224782446,0.0,0.0,0.0,1.0,0.0,idle,
2026-01-05 07:48:00,6.030058052798294,16.689023453859413,39.12579652745029,78.76456199462919,0.0,0.0,5.2384861512688925,25.714955517926207,1.3727283985433871,0.0,0.0,1.0,0.0,idle,
2026-01-05 07:49:00,2.8056572635467285,17.33825839926515,38.95858676444142,72.67880649187079,0.0,0.0,3.3408584229745895,23.176301489674568,0.0,0.0,0.0,1.0,0.0,idle,
2026-01-05 07:50:00,0.15140256695650145,15.458278358657363,38.61862155492397,53.44588717008879,0.0,0.0,8.45159017563184,25.07267369796961,5.189499102675052,0.0,0.0,0.0,0.0,idle,
2026-01-05 07:51:00,4.337870118066193,13.736672563505152,38.86251569460012,70.77905003075199,0.0,0.0,2.967955476982,23.99778649294055,0.0,0.0,0.0,3.0,0.0,idle,
2026-01-05 07:52:00,2.6433078916553856,11.94547354558497,38.8766236060958,62.39251066406442,0.0,0.0,1.3690623176813634,20.483364062606558,12.04254464618623,11.83618112891386,0.0,6.0,0.0,idle,
2026-01-05 07:53:00,1.9174007826023067,14.393396675757248,38.902673780012734,62.472472403519035,0.0,0.0,0.0,23.304309295378676,0.9105106191571908,15.336681407377192,0.0,1.0,0.0,idle,
2026-01-05 07:54:00,0.0,11.979438291590078,39.267357740995934,54.197143435534215,0.0,0.0,9.807389919566425,24.37084677351048,13.002618905879551,9.22691678648423,0.0,5.0,0.0,idle,
2026-01-05 07:55:00,0.0,14.00912780004556,38.87184810182461,63.46026516864131,0.0,0.0,6.177935469871878,24.476913378054913,0.0,12.54536027419282,0.0,0.0,0.0,idle,
2026-01-05 07:56:00,0.07537237873891545,16.421186052447933,38.097716627268674,60.39601776553664,0.0,0.0,7.27497005852751,23.515677924043903,0.0,17.273387708926855,0.0,3.0,0.0,idle,
2026-01-05 07:57:00,0.0,16.668196795481013,38.327926150484195,60.907804355473715,0.0,0.0,4.7176630270268145,24.644165205027132,0.0,20.51056181020689,0.0,2.0,0.0,idle,
2026-01-05 07:58:00,0.0977727354231569,16.117727419088936,38.560638925803694,59.44391274899045,0.0,0.0,2.7891765649640936,25.49963923672319,0.0,7.01398401549183,0.0,2.0,0.0,idle,
2026-01-05 07:59:00,0.0,14.982439858756678,38.14992185648009,50.0,0.0,0.0,4.526911017746089,23.517216952456295,0.0,0.0,0.0,0.0,0.0,idle,
2026-01-05 08:00:00,0.0,16.7704859586821,37.9824355447714,66.59181129890102,0.0,0.0,3.972388465119328,21.979499849715424,0.0,0.0,0.0,5.0,0.0,idle,
2026-01-05 08:01:00,0.0,16.465264357903045,37.97001823432172,69.09143686411308,0.0,0.0,8.378455680701897,23.839078832756158,0.0,12.007001397424604,0.0,2.0,0.0,idle,
2026-01-05 08:02:00,0.0,13.040551367036063,37.787271566360104,65.20917066571123,0.0,0.0,6.997751485542819,23.557688072418944,0.0,11.506766166115318,0.0,4.0,0.0,idle,
2026-01-05 08:03:00,0.0,10.481025722251509,37.73877166596766,58.49411858542811,0.0,0.0,9.15507344717917,25.790443125165506,4.346850608881582,7.719614866792339,0.0,1.0,0.0,idle,
2026-01-05 08:04:00,0.6447957131593957,10.527031418389976,37.95405525911516,57.63098071641684,0.0,0.0,11.847187013251435,24.665025074697702,17.413375721774138,10.250840147156456,0.0,3.0,0.0,idle,
2026-01-05 08:05:00,0.0,10.567824698555077,37.76235508968191,54.131595782376095,0.0,0.0,10.28003876918385,24.591152801129585,2.898297345304961,14.890289863302378,0.0,1.0,0.0,idle,
2026-01-05 08:06:00,0.0,8.528169483128032,37.698144094484604,54.700715588576934,0.0,0.0,7.832477864897443,26.099178228847236,0.4847848222010551,14.172506068733963,0.0,5.0,0.0,idle,
2026-01-05 08:07:00,0.0,9.595659514334695,37.90753506890496,63.274796571600255,0.0,0.0,8.491053488716139,23.699470725356928,0.0,0.0,0.0,2.0,0.0,idle,
2026-01-05 08:08:00,0.0,12.251096373382495,37.93555760143158,56.707913729208215,0.0,0.0,2.9315412168594235,27.016837912320806,0.0,0.0,0.0,5.0,0.0,idle,
2026-01-05 08:09:00,3.780489640861372,13.389555220198881,37.52157072334968,62.039860289295746,0.0,0.0,0.0,25.83191988760637,0.0,0.0,0.0,0.0,0.0,idle,
2026-01-05 08:10:00,0.9186096977450527,15.564231130366295,37.58856262049662,61.04276055003248,0.0,0.0,0.0,28.126843664831046,0.0,0.0,0.0,1.0,0.0,idle,
2026-01-05 08:11:00,0.635580260556491,13.667511799630358,37.5049486522387,65.73372473695288,0.0,0.0,0.0,25.219835282141865,0.0,0.0,0.0,1.0,0.0,idle,
2026-01-05 08:12:00,0.0,15.412515884327313,37.3397722990697,50.40489803775345,0.0,0.0,0.0,26.950012040112608,0.0,0.0,0.0,1.0,0.0,idle,
2026-01-05 08:13:00,2.0287157085204433,15.310145774767438,37.80581568197794,68.5660045274891,0.0,0.0,0.0,24.695523698981873,0.0,0.0,0.0,2.0,0.0,idle,
2026-01-05 08:14:00,5.179049504380882,14.466143502294457,37.61457061539007,71.89703646328988,0.0,0.0,1.811579007232151,26.306304544032997,0.0,0.0,0.0,2.0,0.0,idle,
2026-01-05 08:15:00,2.13916191966324,12.20054088720488,38.10819136576534,63.733396161341346,0.0,0.0,6.80963734579021,26.444998017165172,0.0,0.0,0.0,2.0,0.0,idle,
2026-01-05 08:16:00,2.9808613176880416,14.089162070572947,38.309657871297645,73.13867843940622,0.0,0.0,3.1271773129004963,28.41725713484602,0.0,0.0,0.0,1.0,0.0,idle,
2026-01-05 08:17:00,0.0,16.10839994516332,38.46062405164674,61.27178247954907,0.0,0.0,4.322831516496844,27.654565080878445,0.0,5.377884554861859,0.0,1.0,0.0,idle,
2026-01-05 08:18:00,1.9355950822872177,12.391938878232278,38.644912299305894,65.74510996584202,0.0,0.0,5.1445934781761435,30.45201575285995,0.0,0.0,0.0,0.0,0.0,idle,
2026-01-05 08:19:00,0.0,12.129477023250027,38.256769393151124,63.77153954749346,0.0,0.0,3.8092032213826137,27.304372988036206,0.0,0.0,0.0,3.0,0.0,idle,
2026-01-05 08:20:00,0.0,13.135238214063822,38.205241289239446,51.70140766149825,0.0,0.0,7.369673290838413,28.660279132450558,0.0,0.0,0.0,1.0,0.0,idle,
2026-01-05 08:21:00,13.299336403054747,43.305457839780956,38.58813447897256,104.32920277451596,0.0,0.0,43.71390635011496,47.419099441646466,569.9013426818296,30.589646138745323,0.0,4.0,2.0,network_bound,
2026-01-05 08:22:00,19.244885669667205,42.105124048248754,39.81278887235611,116.3551780808105,0.0,0.0,48.83668537440735,46.97655296989261,562.0806698142013,24.032551775601565,1.0,4.0,2.0,network_bound,
2026-01-05 08:23:00,11.977028405317437,43.108305275294185,40.23233306412705,99.60175480349902,0.0,0.0,53.349844212348025,47.09008147157448,556.3567553407962,17.275161176151773,2.0,5.0,2.0,network_bound,
2026-01-05 08:24:00,10.099455825909622,42.36800427349795,40.091615362308985,91.68349000664033,0.0,0.0,51.20209675370715,45.98362452984248,544.184053235805,18.481255480601078,3.0,5.0,2.0,network_bound,
2026-01-05 08:25:00,11.891383234459804,42.477821170862285,40.4988665555718,98.85317810674485,0.0,0.0,47.663492822104146,45.916089581287466,542.9057785035512,12.536784945100372,4.0,4.0,2.0,network_bound,
2026-01-05 08:26:00,9.334760138581599,39.95066886673478,40.279801671396015,95.99787729369176,0.0,0.0,50.451024343819505,46.32578268293729,555.3252906049571,11.254021465046037,5.0,7.0,2.0,network_bound,
2026-01-05 08:27:00,9.901086741937478,40.57717307553317,40.37177711899271,92.24000871917887,0.0,0.0,48.890019944627554,46.328988695045716,575.851114301335,15.515289700166496,6.0,5.0,2.0,network_bound,
2026-01-05 08:28:00,7.317149660073559,38.47937825386188,40.33357640147785,91.22880274108626,0.0,0.0,50.433574915203025,44.79038100423213,558.089549605241,4.907605395398285,7.0,2.0,2.0,network_bound,
2026-01-05 08:29:00,13.163759697049638,39.24367378777943,40.77867940401182,109.92783796325098,0.0,0.0,47.006839232198814,43.781718197354316,548.7540152281738,1.6074643120528727,8.0,3.0,2.0,network_bound,
2026-01-05 08:30:00,12.29768549701286,40.32305368878855,41.15926544825281,95.09854382677095,0.0,0.0,48.48436696346486,40.52650147721684,543.2127802840689,1.5084756140168558,9.0,4.0,2.0,network_bound,
2026-01-05 08:31:00,18.128685679825676,42.22507129843905,41.794111609015715,117.93381974941785,0.0,0.0,49.49824980643804,44.399443699799654,559.1184609287961,0.0,10.0,2.0,2.0,network_bound,
2026-01-05 08:32:00,18.287712280932325,36.93497596830032,42.06869518681545,115.8765891670975,0.0,0.0,45.15163528078882,44.990651471874216,570.6847284986309,16.712308074149647,11.0,5.0,2.0,network_bound,
2026-01-05 08:33:00,17.789364081595092,36.532577116481264,42.66864731940692,123.58519925942632,0.0,0.0,46.12411530330183,46.63135891086776,543.3831204422597,2.3322596357098533,12.0,7.0,2.0,network_bound,
2026-01-05 08:34:00,16.979932657463117,38.948856516764536,42.814069308903285,119.2443552174603,0.0,0.0,41.792093825804024,44.83695319923894,544.9925517578914,6.2984775245347855,13.0,4.0,2.0,network_bound,
2026-01-05 08:35:00,18.627316158928366,35.77020920709188,43.05585775751647,124.25430174159838,0.0,0.0,40.74590215415647,46.95367455821195,558.5029788388912,20.870189363527835,14.0,4.0,2.0,network_bound,
2026-01-05 08:36:00,16.268217252317022,35.804697632854975,43.19300824898707,120.246830953011,0.0,0.0,39.155042054440706,47.32747834885764,564.1996471656463,34.67377296054377,15.0,4.0,2.0,network_bound,
2026-01-05 08:37:00,19.622206667630078,35.26411701006257,43.57632984312931,127.43215791229498,0.0,0.0,39.27143607519829,48.03378260923309,562.9188426762673,23.572442733554535,16.0,3.0,2.0,network_bound,
2026-01-05 08:38:00,21.016115753547126,38.709502786194264,44.11545385763233,127.99500935242902,0.0,0.0,38.478183599569675,47.44341419148765,537.0823736110167,21.611960235717817,17.0,8.0,2.0,network_bound,
2026-01-05 08:39:00,23.07875645220302,38.94953443360357,45.01998101515097,133.7304083503167,0.0,0.0,38.89743479102027,48.06899930995679,552.4333777167448,12.67455235557454,18.0,3.0,2.0,network_bound,
2026-01-05 08:40:00,24.96197429553174,39.93050998362025,45.147021294761096,148.0953837242014,0.0,0.0,38.360289140605566,48.55322687902839,554.6024828676941,3.4673312978887836,19.0,2.0,2.0,network_bound,
2026-01-05 08:41:00,25.094464340545198,39.24097037946734,45.51537769489438,142.07308011682164,0.0,0.0,38.0286140177899,46.02085846681685,549.9133840867921,2.6452955791446797,20.0,5.0,2.0,network_bound,
2026-01-05 08:42:00,25.59971945321494,40.863141909296736,46.12138712190232,158.8264954078788,0.0,0.0,37.41462431298608,45.181062887579024,541.338684528536,0.0,21.0,3.0,2.0,network_bound,
2026-01-05 08:43:00,24.694898918790244,40.457006538032054,46.18908216768883,143.25494722739649,0.0,0.0,40.694927862329166,46.5419200659111,533.4933078191151,5.367560191375713,22.0,3.0,2.0,network_bound,
2026-01-05 08:44:00,18.863374999073113,38.05879794228602,46.20179016272565,125.54889427225214,0.0,0.0,39.74367000043832,48.04448199613866,526.641779581906,21.241547779009753,23.0,5.0,2.0,network_bound,
2026-01-05 08:45:00,15.709561426925392,36.08727024845455,45.904881361486495,116.81147245881856,0.0,0.0,43.82874687875794,50.458593220929245,524.7146986365917,14.405262486743808,24.0,2.0,2.0,network_bound,
2026-01-05 08:46:00,13.939470850864218,38.08498532728039,45.571207580238294,108.07226054192157,0.0,0.0,49.41360869882229,49.216060550422604,541.4880912142844,20.52800885523812,25.0,4.0,2.0,network_bound,
2026-01-05 08:47:00,17.630107784782552,38.05225107326037,45.972524181548195,115.54324690940045,0.0,0.0,48.625894157165455,48.474149391475734,554.6997004606696,31.295879046488203,26.0,6.0,2.0,network_bound,
2026-01-05 08:48:00,16.07368220515761,37.87031576892183,45.905805121196536,113.197357373443,0.0,0.0,43.95014639648174,46.55374042583223,545.061183352408,41.63492941913043,27.0,3.0,2.0,network_bound,
2026-01-05 08:49:00,13.823985867726215,43.68503397177253,46.15809120135521,102.99165134648419,0.0,0.0,41.37303099924466,43.99131966573708,545.8329779796712,40.76460764572461,28.0,5.0,2.0,network_bound,
2026-01-05 08:50:00,18.459446627347518,40.82734328039065,46.38891944314765,129.7520802612015,0.0,0.0,40.22689101366627,41.46094255133179,542.8771352745777,47.16110971118575,29.0,2.0,2.0,network_bound,
2026-01-05 08:51:00,20.528131339826363,40.86149815770841,46.556134043174595,137.54242250823958,0.0,0.0,37.89283362261208,43.12952303792768,535.1366246174155,38.346829498101776,30.0,4.0,2.0,network_bound,
2026-01-05 08:52:00,22.129307327458815,40.53455207914946,46.563562835523335,132.66044666308758,0.0,0.0,39.854840743201734,40.47492224164142,522.4276108389881,25.661369930571837,31.0,3.0,2.0,network_bound,
2026-01-05 08:53:00,24.739155320090394,43.45404202967056,46.3947785146868,142.35053244696368,0.0,0.0,40.920350886020074,39.432271203085186,503.01962297673026,30.710593638243456,32.0,4.0,2.0,network_bound,
2026-01-05 08:54:00,22.952257962600605,43.30976521169216,46.45289417566955,134.2546474760472,0.0,0.0,40.56841691970917,42.89634605146519,535.57868537864,35.69784996814861,33.0,4.0,2.0,network_bound,
2026-01-05 08:55:00,23.37222746786039,38.67143728367881,46.81971120562008,146.32495561728751,0.0,0.0,36.28575170710203,44.77539175044126,551.269973229864,40.84774259551958,34.0,5.0,2.0,network_bound,
2026-01-05 08:56:00,24.759981968616792,41.93715242265212,46.93644760071513,144.3344815890253,0.0,0.0,31.807563233393765,48.19257992636351,537.4494173986558,32.07384355599898,35.0,2.0,2.0,network_bound,
2026-01-05 08:57:00,23.047421842675824,39.94043608899612,46.96052582547528,140.06365680154664,1.0,0.0,34.92002022382318,47.43367755731936,532.6811133132476,29.98071212929853,36.0,2.0,2.0,network_bound,
2026-01-05 08:58:00,22.593549491874818,43.353542201444164,47.09759525641719,137.3794409744362,0.0,0.0,34.07836123790509,48.021893019687454,571.3094327793707,27.60551771422967,37.0,4.0,2.0,network_bound,
2026-01-05 08:59:00,21.20235556045711,41.41717223179382,46.99326621649537,128.9671100915111,0.0,0.0,34.79794326656791,47.25947846534713,549.451336897026,24.927390224310834,38.0,3.0,2.0,network_bound,
2026-01-05 09:00:00,22.0006670605687,42.34184401588395,46.673915806295746,137.66517055124828,0.0,0.0,34.51026157998332,45.722267588452475,545.276205448335,18.99908864388246,39.0,2.0,2.0,network_bound,
2026-01-05 09:01:00,20.248110674180353,45.33560134006827,46.49399028134431,121.61803993319367,0.0,0.0,34.477786599917664,45.44932344166509,516.2149109929439,16.38914366652872,40.0,4.0,2.0,network_bound,
2026-01-05 09:02:00,22.681293400456088,43.74188889943071,46.125175185457216,136.50332328696945,0.0,0.0,34.16768675832239,45.546553568954124,543.6220701203256,29.01378301912279,41.0,7.0,2.0,network_bound,
2026-01-05 09:03:00,21.07993988159542,39.86389317202479,46.29857507983556,132.6297575492509,0.0,0.0,40.593700392331854,46.7952570036085,538.8317073783212,25.848982707347076,42.0,3.0,2.0,network_bound,
2026-01-05 09:04:00,21.99651874398322,39.13892447587481,46.22628241534785,134.82920935523254,0.0,0.0,33.12030958953736,41.5403077658911,531.2726825083648,28.71571211077582,43.0,3.0,2.0,network_bound,
2026-01-05 09:05:00,21.55648679049974,37.38774809817333,46.06286665224496,129.95238674297087,0.0,0.0,34.449506055409074,46.179875606124206,524.4483451543092,20.369122009090265,44.0,5.0,2.0,network_bound,
2026-01-05 09:06:00,21.33977108377369,38.38748445157015,46.172086914088986,140.13473549317644,0.0,0.0,38.52325758371038,46.49788688132146,526.0364848089973,28.380693309580074,45.0,3.0,2.0,network_bound,
2026-01-05 09:07:00,22.86278796754342,36.51672080424312,45.9858612254793,137.50440062304114,0.0,0.0,43.73540421009139,45.55302514027109,537.0932173253105,5.940047446333338,46.0,4.0,2.0,network_bound,
2026-01-05 09:08:00,22.210167245834064,37.250561507376716,45.763569906184195,136.00095118584673,0.0,0.0,40.417330107248915,43.719335141691246,559.6162873822274,0.0,47.0,2.0,2.0,network_bound,
2026-01-05 09:09:00,24.277663716892267,38.90470994485648,45.88329379966719,154.036268834927,0.0,0.0,38.981889296824995,44.69515456519762,598.0596061565506,0.0,48.0,4.0,2.0,network_bound,
2026-01-05 09:10:00,21.76480075317743,34.662964456800495,45.62955565393167,132.37075158419333,0.0,0.0,37.28587084362434,40.87491801616467,589.7750540115396,0.0,49.0,5.0,2.0,network_bound,
2026-01-05 09:11:00,17.965911858840474,36.56633747548378,45.62196200608562,131.51386237767926,0.0,0.0,34.511850076655655,42.433452175896846,627.2120775442645,9.699342131354786,50.0,4.0,2.0,network_bound,
2026-01-05 09:12:00,16.001588686679753,37.70887427031441,45.21145022226215,109.08574502404267,0.0,0.0,34.13294259865645,42.412652917928156,651.5750779724932,5.279598135937114,51.0,5.0,2.0,network_bound,
2026-01-05 09:13:00,12.00165578286545,36.8063016049666,44.750470599480316,87.99861094453637,0.0,0.0,38.325193502368855,41.84075211138746,643.8697075178986,8.193683474213955,52.0,4.0,2.0,network_bound,
2026-01-05 09:14:00,13.446331388327629,35.90613732605943,44.435851244754524,109.43461489650575,0.0,0.0,35.73643636586304,42.922821846940586,633.0207952940682,9.578378587153388,53.0,4.0,2.0,network_bound,
2026-01-05 09:15:00,17.451938964631715,35.69809933058401,44.74694916906891,123.94914412948779,0.0,0.0,33.93396235755561,43.68650769544592,647.0848592077382,1.5122635264554063,54.0,3.0,2.0,network_bound,
2026-01-05 09:16:00,18.05200766821951,39.80502353877466,45.25019673086397,117.77377556835074,0.0,0.0,33.20634156851824,43.833039736485766,647.1472689916332,36.692339020904704,55.0,5.0,2.0,network_bound,
2026-01-05 09:17:00,21.370829254265033,38.090443147070786,45.34725633140844,130.6746326343908,0.0,0.0,34.946284416209586,43.31188397006839,640.0390778514517,40.84686781479107,56.0,7.0,2.0,network_bound,
2026-01-05 09:18:00,22.36160158809176,36.278062590983254,45.811219679033975,140.8826938653515,0.0,0.0,37.689370401840755,45.32897525239832,645.814006888733,17.154177610217847,57.0,4.0,2.0,network_bound,
2026-01-05 09:19:00,19.61516696157403,34.49384816184025,45.656704413722274,127.44902060087166,0.0,0.0,36.35767483055661,46.803936504601985,651.4517041881419,20.243085413774118,58.0,6.0,2.0,network_bound,
2026-01-05 09:20:00,19.329681257653014,39.78822474824234,45.51232400705525,126.65194285526611,0.0,0.0,32.37372942435123,44.07060243537804,657.0404541128742,23.10403563789017,59.0,6.0,2.0,network_bound,
2026-01-05 09:21:00,17.1196089025147,40.06913027733418,45.552383394482895,116.4552814284594,0.0,0.0,33.35365808541505,45.65314300971878,613.4327316254233,20.832771170660035,60.0,6.0,2.0,network_bound,
2026-01-05 09:22:00,15.753050751151159,40.130025954451746,45.304262443058676,115.13469064868659,0.0,0.0,33.61556317657253,43.51167445403528,610.5657696270935,20.4212521848573,61.0,3.0,2.0,network_bound,
2026-01-05 09:23:00,12.455059015439467,40.613888755460316,45.47393030216735,108.89370697176564,0.0,0.0,33.79354190456089,43.275126769850374,618.7750769456804,14.006918171585546,62.0,3.0,2.0,network_bound,
2026-01-05 09:24:00,10.389450846421768,39.97586590409977,44.52945074827393,88.85887194171936,0.0,0.0,35.002203787437054,42.19152832164996,619.6428006314769,47.99542526884227,63.0,2.0,2.0,network_bound,
2026-01-05 09:25:00,12.438799594501006,39.01312162825321,44.475553663463806,99.56329411744873,0.0,0.0,39.54232449399533,42.56171570689981,612.8687133785534,50.706586302533,64.0,4.0,2.0,network_bound,
2026-01-05 09:26:00,15.266231507415627,40.452536301172124,44.638682116634314,123.74267882533492,0.0,0.0,35.85603314963143,43.55332304840821,613.3959147453353,75.93861068763167,65.0,4.0,2.0,network_bound,
2026-01-05 09:27:00,13.52461829836234,40.85676476963389,44.25111775980351,101.85952948689969,0.0,0.0,36.49592680242088,44.9837182844698,624.2820585841048,58.2926519793115,66.0,3.0,2.0,network_bound,
2026-01-05 09:28:00,14.333941784205908,40.32847943860398,44.56836463485645,115.49756241030491,0.0,0.0,35.97881833339285,46.724012627921184,647.6927187374987,65.4155690034369,67.0,3.0,2.0,network_bound,
2026-01-05 09:29:00,17.307174715189173,43.27459507629137,44.56780852479945,127.93778226692996,0.0,0.0,34.241994281346166,43.94331855186429,618.9867707418776,53.62417449101523,68.0,5.0,2.0,network_bound,
2026-01-05 09:30:00,20.848922733748783,40.519804029536786,44.770655947869805,132.35668677113,0.0,0.0,40.096360409560134,45.82914260476236,592.5097402155213,51.98282012295563,69.0,4.0,2.0,network_bound,
2026-01-05 09:31:00,20.65459430354074,41.39169460502699,44.97345450410323,125.87552389084263,0.0,0.0,44.78598236949033,48.97894245025932,615.983679383748,58.98010708294258,70.0,2.0,2.0,network_bound,
2026-01-05 09:32:00,21.728415510518385,42.51305222439759,45.424004872283106,143.2322420529448,0.0,0.0,42.11746600470874,51.77777412637806,625.3027850920646,55.29783842259185,71.0,2.0,2.0,network_bound,
2026-01-05 09:33:00,21.10856901255661,41.4226596305135,45.33773279437776,136.33938130952228,0.0,0.0,40.02164590270761,52.28259203431906,630.4345858594403,47.27771278752631,72.0,4.0,2.0,network_bound,
2026-01-05 09:34:00,26.04757103451691,40.53105424530727,45.44295788089222,146.9426610875601,0.0,0.0,36.53635329851106,52.406908529884745,602.6726337302986,52.698325496866765,73.0,5.0,2.0,network_bound,
2026-01-05 09:35:00,26.304189185631007,41.6226140833616,45.488815762909226,147.2126816101791,0.0,0.0,32.91750271005665,51.49202908638219,609.6592212391113,42.42189203135035,74.0,3.0,2.0,network_bound,
2026-01-05 09:36:00,24.670993062473574,39.81651283210453,45.66327832805331,144.05957592326024,0.0,0.0,28.098542071242157,49.281077312810275,589.0200897901285,31.711080928242993,75.0,4.0,2.0,network_bound,
2026-01-05 09:37:00,23.379887735600395,42.755773835040124,46.46350054892276,144.95075424141567,0.0,0.0,32.11743152455594,48.22396495507806,584.7743685579104,53.19196124772959,76.0,5.0,2.0,network_bound,
2026-01-05 09:38:00,22.10443760129406,44.48346390490722,46.63493953579508,149.1960862276007,0.0,0.0,34.70483931241984,49.11621456713776,569.8494381803421,37.692888879374436,77.0,6.0,2.0,network_bound,
2026-01-05 09:39:00,23.60166343174413,45.48081146194944,46.37526620563724,147.8150534172227,0.0,0.0,42.20841329303273,47.24350194616077,570.68702209959,44.97471845646965,78.0,4.0,2.0,network_bound,
2026-01-05 09:40:00,22.30400852235481,42.93676558172622,46.51494762861126,127.30286222154542,0.0,0.0,43.65914938481097,45.95724643402441,585.0562010590065,51.09263966292498,79.0,4.0,2.0,network_bound,
2026-01-05 09:41:00,21.534673766076843,40.19766425726681,46.72089539277735,132.1377074604563,0.0,0.0,41.24406378640656,44.69884272355461,585.3906525295993,27.72565042567678,80.0,5.0,2.0,network_bound,
2026-01-05 09:42:00,21.61797752261134,39.45775109393795,46.763474918479666,129.8274980287918,0.0,0.0,41.89706212820525,46.6928048740824,575.5226473120431,28.87863029168707,81.0,5.0,2.0,network_bound,
2026-01-05 09:43:00,21.64735521047117,38.9888055737661,46.66883646677866,135.9690605609528,0.0,0.0,35.775184188089106,41.80805739883777,577.8676843853284,15.884869697151906,82.0,4.0,2.0,network_bound,
2026-01-05 09:44:00,22.887346426775338,39.126872402668795,46.94591244184338,132.95980537739248,0.0,0.0,37.063248852945044,44.6449755712463,550.1270139733535,29.728214635016986,83.0,8.0,2.0,network_bound,
2026-01-05 09:45:00,23.772245411006395,37.77808186468775,46.93811693970769,134.47002435595738,0.0,0.0,37.87621229702242,47.83922114447936,529.8839011773773,29.645023248554143,84.0,3.0,2.0,network_bound,
2026-01-05 09:46:00,23.049853103387616,36.23663211564516,46.981028356773,136.4940456668804,0.0,0.0,35.641160142288214,47.19641811721333,496.4055888347351,41.51706882777896,85.0,3.0,2.0,network_bound,
2026-01-05 09:47:00,22.008598108838214,40.636472653465496,46.76190431750152,133.14306429901228,0.0,0.0,38.86080385022981,44.85758473648632,507.2022667872059,49.36742078037175,86.0,4.0,2.0,network_bound,
2026-01-05 09:48:00,17.837787597898945,40.69485859101479,46.799487089416225,113.68516370874127,0.0,0.0,32.53819492395127,45.80055621418388,515.1911019073093,56.170246058442345,87.0,2.0,2.0,network_bound,
2026-01-05 09:49:00,16.578130970066685,41.07342020820762,47.11534398505484,110.85979439920472,0.0,0.0,36.147617453987884,45.066759585176804,518.0108260094015,29.68434989858988,88.0,7.0,2.0,network_bound,
2026-01-05 09:50:00,19.00080516458734,39.80779220768968,46.88030855543041,125.02475716833614,0.0,0.0,39.76280466169338,46.378443797455624,518.0084115257658,26.650598947965477,89.0,7.0,2.0,network_bound,
2026-01-05 09:51:00,15.858397826537166,41.104597704301035,46.454807753767646,110.43309932768163,0.0,0.0,39.61984180321318,42.89542973561918,511.34535557810636,16.375240260533424,90.0,5.0,2.0,network_bound,
2026-01-05 09:52:00,17.281865683416456,41.617825956296564,46.23098253418063,121.3025526664363,0.0,0.0,36.344273273190176,44.88313471151944,499.74883586745284,0.01032465272142602,91.0,4.0,2.0,network_bound,
2026-01-05 09:53:00,15.532462323912329,43.95289715451426,46.0786669050762,107.2775274446146,0.0,0.0,36.99734200275712,45.11602842829967,477.17724180206545,8.38183491207673,92.0,3.0,2.0,network_bound,
2026-01-05 09:54:00,17.13608414866373,44.93723222167898,45.576692038004246,115.6054098451133,0.0,0.0,39.03723212204249,42.10811467680485,482.49231102096564,29.233095893712985,93.0,3.0,2.0,network_bound,
2026-01-05 09:55:00,22.46790428030689,44.27536973210637,45.93170127213178,141.13909977706695,0.0,0.0,38.12914799430191,41.63289111418156,513.6830232033823,23.69977870487383,94.0,4.0,2.0,network_bound,
2026-01-05 09:56:00,20.255141131382263,44.8307367988722,46.335580004935366,130.88913032278185,0.0,0.0,36.49663273750944,41.79094885508418,538.9159350930652,16.12494167350998,95.0,5.0,2.0,network_bound,
2026-01-05 09:57:00,21.07922971482777,44.48228458894148,46.803215312116635,136.464670801951,0.0,0.0,39.17069438778899,37.9186881621321,547.7417021829511,13.890180909958424,96.0,3.0,2.0,network_bound,
2026-01-05 09:58:00,23.072977698389252,43.75272549020496,47.1732844616049,137.5329601259358,0.0,0.0,33.71957910826447,35.382442630733635,548.9852622973332,0.0,97.0,5.0,2.0,network_bound,
2026-01-05 09:59:00,23.446583853980513,43.054232603784165,47.01591927061936,134.7433915346033,0.0,0.0,33.58081184618307,37.60960444613877,566.0059127824567,4.433021855099167,98.0,2.0,2.0,network_bound,
2026-01-05 10:00:00,27.407653053997823,42.5640622874641,47.03326601116697,151.30144293011625,0.0,0.0,33.044678471511276,39.30810949013552,572.8387570404072,10.26003034321883,99.0,3.0,2.0,network_bound,
2026-01-05 10:01:00,24.161572892633306,45.24794112740638,46.88570382109567,135.75388891386837,0.0,0.0,30.049719614938034,41.33572882787947,592.5774474061265,22.458207364920312,100.0,2.0,2.0,network_bound,
2026-01-05 10:02:00,20.510145117046868,42.16709470025047,46.65807772470859,131.91480284452012,0.0,0.0,31.275110983257026,42.26127813232664,606.8539772356037,17.074757464612496,101.0,3.0,2.0,network_bound,
2026-01-05 10:03:00,22.727862260601086,41.94439109441113,46.60616990446079,137.7752253342016,0.0,0.0,29.65609381874617,41.87341168381043,600.2428774665648,16.787336289007225,102.0,2.0,2.0,network_bound,
2026-01-05 10:04:00,24.057826345873888,40.06631171308801,46.365025111669006,135.6168993869004,0.0,0.0,27.502304181841115,45.15303890676813,582.8985071579278,13.496244626886376,103.0,5.0,2.0,network_bound,
2026-01-05 10:05:00,25.501923374292844,40.3625328361435,46.77385168798229,144.4583384739954,0.0,0.0,28.96573449294366,42.880809527534915,573.1988602563883,16.77052793290735,104.0,3.0,2.0,network_bound,
2026-01-05 10:06:00,25.698552588113138,42.112448023372735,46.685150785749315,142.3094930931509,0.0,0.0,25.573751411634074,40.617778614941855,583.6466036117729,10.373284568547199,105.0,3.0,2.0,network_bound,
2026-01-05 10:07:00,27.827230631242415,41.26831470524124,46.57872623739413,152.7619421344258,0.0,0.0,29.187124043549893,41.13128381026395,577.9976986080062,11.566111579528709,106.0,4.0,2.0,network_bound,
2026-01-05 10:08:00,24.86716668266355,42.796775597106794,46.793438677498294,150.6984734333675,0.0,0.0,29.278433927428814,41.65721217772541,580.9519713514906,11.306014105699088,107.0,5.0,2.0,network_bound,
2026-01-05 10:09:00,28.362352185960603,41.34342775559585,46.754517441750664,164.37020675990723,0.0,0.0,30.97237936362375,41.77642308021057,562.0465967353532,32.430106507122595,108.0,3.0,2.0,network_bound,
2026-01-05 10:10:00,28.399261013229605,43.263054409160496,47.54342419669984,160.45117787443084,0.0,0.0,35.66771622846922,43.302688454927846,576.0238964222705,50.327275022477494,109.0,4.0,2.0,network_bound,
2026-01-05 10:11:00,22.016884409805726,42.82850037098694,47.778786874959025,133.68280929856294,0.0,0.0,38.50800126343226,47.20898054450494,587.1203974431888,44.393158293907746,110.0,5.0,2.0,network_bound,
2026-01-05 10:12:00,22.52399120890392,43.36200025712507,47.244450304018834,139.43473430550148,0.0,0.0,37.33023753909035,45.47746691836805,602.0733862587424,38.000575985604556,111.0,5.0,2.0,network_bound,
2026-01-05 10:13:00,27.2651089782508,41.0934284198457,47.32444470364065,151.10436826585715,0.0,0.0,39.225707658289394,44.09633031120822,593.8136987351213,47.920525600203305,112.0,4.0,2.0,network_bound,
2026-01-05 10:14:00,27.899845641716567,40.48465458910862,47.72431602516472,153.99159564183802,0.0,0.0,45.16553079895439,44.1421682822372,605.9468423033491,27.212307396765944,113.0,3.0,2.0,network_bound,
2026-01-05 10:15:00,28.958076337864853,39.91318193353597,48.26559115527451,159.58343722492052,0.0,0.0,40.586929822919416,45.86918828391349,595.3779392971303,19.217395432551996,114.0,4.0,2.0,network_bound,
2026-01-05 10:16:00,25.446689556295997,40.59406202449824,48.28266682312795,148.28027769268127,0.0,0.0,45.38352128535787,46.67559280164042,597.3691889348752,28.18924926958029,115.0,3.0,2.0,network_bound,
2026-01-05 10:17:00,25.82122472308329,39.69148261046245,48.06140959709833,149.99446550537297,0.0,0.0,44.15075831883723,48.55589420938612,606.7216632632926,27.97509837292728,116.0,2.0,2.0,network_bound,
2026-01-05 10:18:00,23.74974753731458,42.249119290711924,48.11564940227758,140.94015309731952,0.0,0.0,39.33919958328329,50.903508232970715,600.7004977240424,33.23925512725642,117.0,2.0,2.0,network_bound,
2026-01-05 10:19:00,26.654793912284052,47.05289251144583,48.32588379663441,160.06583657993824,0.0,0.0,41.74538687685559,47.79788274209053,606.0032573614194,26.661039832710788,118.0,3.0,2.0,network_bound,
2026-01-05 10:20:00,29.833372900112277,47.83995922949034,48.50976036527672,165.48930987602762,0.0,0.0,40.880051402706655,49.834478314376504,601.8578471802998,31.46974191359838,119.0,7.0,2.0,network_bound,
2026-01-05 10:21:00,32.192620745298825,45.27403188424182,49.02145960724547,165.26419432941307,0.0,0.0,34.76832414969113,46.3511798125261,641.9282217213314,22.633683675444114,120.0,5.0,2.0,network_bound,
2026-01-05 10:22:00,30.57964681327528,44.8452157515038,49.13844506722801,166.39219887174514,0.0,0.0,30.81324007072798,45.97009417975924,633.5816962536867,16.168222043966253,121.0,5.0,2.0,network_bound,
2026-01-05 10:23:00,29.180772462706834,43.2395936426794,49.17625046624956,154.58125105764964,0.0,0.0,34.82769597269617,46.928980702422656,621.9092704198823,21.16494550474994,122.0,4.0,2.0,network_bound,
2026-01-05 10:24:00,25.669022883214204,49.98664342732354,49.123735308107456,138.92585322322552,0.0,0.0,39.9376810654946,44.79146100473498,611.7996923051073,28.5582381786164,123.0,3.0,2.0,network_bound,
2026-01-05 10:25:00,24.678228650424018,50.58294449885736,48.922004475451764,146.25192933774034,0.0,0.0,40.85068304327157,44.33341774129226,616.537030145965,38.98351164407531,124.0,5.0,2.0,network_bound,
2026-01-05 10:26:00,22.56557974179064,53.73417747196187,48.53408451996744,143.05014428620652,0.0,0.0,39.353624629851666,45.16177936548515,613.0739587956793,42.09541235439331,125.0,5.0,2.0,network_bound,
2026-01-05 10:27:00,19.93619241883744,51.51383186315593,48.26177035417417,120.59878243221914,0.0,0.0,41.963284586351854,44.66555825978175,592.8414805248957,45.328015385945484,126.0,4.0,2.0,network_bound,
2026-01-05 10:28:00,19.919428423358287,48.549396843094755,48.10203121791449,124.36019102400915,0.0,0.0,42.722759404041255,43.54333197542913,606.6037540805266,29.504628708503457,127.0,2.0,2.0,network_bound,
2026-01-05 10:29:00,21.246149413457328,47.67261408141702,47.82836164967145,132.19970819573115,0.0,0.0,37.73623638150437,40.88565880228056,572.9920003027732,35.609469819984895,128.0,2.0,2.0,network_bound,
2026-01-05 10:30:00,22.56019371934903,47.16429697686356,47.32059739874362,135.8732144816674,0.0,0.0,35.346035460996596,42.555007959543595,592.9443038758543,34.48036438037736,129.0,3.0,2.0,network_bound,
2026-01-05 10:31:00,27.618576986332087,41.78169678777736,47.72178395923526,151.69703423839988,0.0,0.0,33.920386103009925,38.050643248390315,590.6578959241269,39.37449098940212,130.0,4.0,2.0,network_bound,
2026-01-05 10:32:00,24.61946991256822,43.947326375483975,48.01931820888573,147.95040962808625,0.0,0.0,33.750656392224386,36.920179112582176,596.0522490671133,33.41088177457448,131.0,5.0,2.0,network_bound,
2026-01-05 10:33:00,23.358661937542568,46.44859760917315,48.100619123935125,131.74303336793906,0.0,0.0,35.72958070566348,37.08350227215702,562.3416493812135,26.295372660210305,132.0,4.0,2.0,network_bound,
2026-01-05 10:34:00,20.237986644113757,43.83531460500429,48.03018839510097,124.87422950539344,0.0,0.0,42.19652515125354,36.16243648673138,570.0498298573904,35.294315847744826,133.0,6.0,2.0,network_bound,
2026-01-05 10:35:00,23.90536855914599,43.11655156321173,48.24539733707199,146.80277200402367,0.0,0.0,43.99722777685511,37.13746128985864,573.3033002670034,48.884433301511834,134.0,2.0,2.0,network_bound,
2026-01-05 10:36:00,22.629506655128196,41.10750135332664,48.45033398578304,138.822408488584,0.0,0.0,40.21440911430439,39.083896555789906,567.0755470515454,46.444593504419146,135.0,3.0,2.0,network_bound,
2026-01-05 10:37:00,22.302743166882916,42.65073264858223,48.5451810480107,134.3078476508273,0.0,0.0,37.511962279335364,40.571995596101495,574.0496994393321,21.82584708478271,136.0,4.0,2.0,network_bound,
2026-01-05 10:38:00,21.699932360283913,40.88963904296984,48.47070736756052,132.90219389046663,0.0,0.0,37.77521589681032,41.44934035881477,584.7192667101891,35.23628585433957,137.0,3.0,2.0,network_bound,
2026-01-05 10:39:00,21.164054593676738,40.92748177565858,48.0069840773818,127.67126802642971,0.0,0.0,37.80429511074095,39.467096111816296,604.5468688093125,27.151307885275735,138.0,4.0,2.0,network_bound,
2026-01-05 10:40:00,29.684445671917295,41.10862097137971,48.354792323466505,166.61923461975508,0.0,0.0,36.49272177430701,38.65834846289034,619.9771673957614,31.192015035866483,139.0,6.0,2.0,network_bound,
2026-01-05 10:41:00,23.73270270958957,38.47960397361683,48.60026256586201,147.07406128677647,0.0,0.0,41.75655427296075,35.36734375712954,617.2044299721391,18.32533140580983,140.0,5.0,2.0,network_bound,
2026-01-05 10:42:00,24.86692596793778,40.91940785283094,48.015440737245314,137.04583658209998,0.0,0.0,37.880568338999474,33.99039673314469,625.8774352269778,36.02673514818291,141.0,3.0,2.0,network_bound,
2026-01-05 10:43:00,25.663303922122623,41.168641465252435,48.002719912830166,146.3337940622211,0.0,0.0,42.41243448931914,31.65672876933069,627.6811482478694,34.61073597706012,142.0,8.0,2.0,network_bound,
2026-01-05 10:44:00,26.625590668571732,40.263068076970384,47.78103470709174,146.75005321144414,0.0,0.0,41.570482536753545,35.0906430382218,617.3011205363999,20.363338727461972,143.0,3.0,2.0,network_bound,
2026-01-05 10:45:00,25.84611277922793,41.66519740019448,47.72086699052036,152.97533192186287,0.0,0.0,41.97374905124752,36.014880160818166,600.4226058615073,24.32402443925159,144.0,3.0,2.0,network_bound,
2026-01-05 10:46:00,26.25116695596261,40.22361143050926,47.68342820078618,146.38203154050439,0.0,0.0,42.440094087734515,40.211910713832566,597.1863883894599,6.4229537853578265,145.0,4.0,2.0,network_bound,
2026-01-05 10:47:00,24.867761658778104,39.85176318569495,47.62886229927136,139.5639771308625,0.0,0.0,45.898182659056175,39.50995652620642,587.4469745581735,9.486845031328631,146.0,6.0,2.0,network_bound,
2026-01-05 10:48:00,25.911622488113878,39.547258443281756,47.45879467025625,141.76346723932136,0.0,0.0,47.25060582718998,39.634388562679526,562.1572521548146,23.97432298760525,147.0,5.0,2.0,network_bound,
2026-01-05 10:49:00,26.04948596235976,37.17477747754637,47.484501725686364,155.0674640400875,0.0,0.0,47.908992728260365,42.018308318908396,603.5362659480193,19.70957770805747,148.0,3.0,2.0,network_bound,
2026-01-05 10:50:00,27.449245925811862,40.964889258111505,47.68361779471782,155.71039893167116,0.0,0.0,45.70253970019486,42.66682942582916,610.4980924429328,24.24391834989179,149.0,4.0,2.0,network_bound,
2026-01-05 10:51:00,27.329570746421364,43.421444475236314,48.145635318780705,149.91295855577556,0.0,0.0,47.7166944586531,43.66291992540525,598.704257821578,32.62224013916765,150.0,3.0,2.0,network_bound,
2026-01-05 10:52:00,27.44087818837471,46.463143906003566,48.549349542023236,164.89755552398395,0.0,0.0,44.01761597015067,45.839077404837774,581.1714456537086,14.584315181121987,151.0,4.0,2.0,network_bound,
2026-01-05 10:53:00,25.921683010544633,45.233714457737214,48.23442311548095,156.53924282980896,0.0,0.0,45.31197071231426,46.247897053754514,580.2590101785825,24.76494388305248,152.0,4.0,2.0,network_bound,
2026-01-05 10:54:00,24.968853659940443,45.609948941856516,48.418416278497844,149.29749271579837,0.0,0.0,41.85249159152529,45.67707399792982,571.0062071948516,26.10940428678046,153.0,3.0,2.0,network_bound,
2026-01-05 10:55:00,24.180542338784697,43.68472580185329,48.36565504828253,138.79728915634888,0.0,0.0,44.54901063951749,45.970097864512546,570.9319006661642,38.9696568814098,154.0,3.0,2.0,network_bound,
2026-01-05 10:56:00,23.259821421725285,44.40498721230889,48.19382547714734,136.63814295335126,0.0,0.0,44.76057821742385,45.30128494869311,559.1334005433566,37.07285264057097,155.0,5.0,2.0,network_bound,
2026-01-05 10:57:00,18.810036019807775,44.263196216759184,47.91404903410608,123.84752769038012,0.0,0.0,40.51909277290133,42.92046593131648,551.1542459861898,26.07609515747396,156.0,2.0,2.0,network_bound,
2026-01-05 10:58:00,16.931150161097523,44.50546424236451,47.57909875428226,123.33736567263504,0.0,0.0,41.06444548626688,41.61633261170853,543.3474381926752,21.5270682970015,157.0,6.0,2.0,network_bound,
2026-01-05 10:59:00,13.79706352209347,44.64814770351022,47.01265055100393,103.44326198559699,0.0,0.0,35.86163195540548,40.61784783431429,532.3823956700867,27.040822363009877,158.0,5.0,2.0,network_bound,
2026-01-05 11:00:00,11.961220290812467,45.260407450309344,46.6496786770014,96.98708459931932,0.0,0.0,34.72113618733633,37.92754408165283,528.6648550925122,23.69477216979144,159.0,3.0,2.0,network_bound,
2026-01-05 11:01:00,13.522185327222033,47.22537403080034,46.38347306421275,100.47511871484268,0.0,0.0,31.330651477180446,38.90420661298114,545.4174143334498,22.494347751104808,160.0,3.0,2.0,network_bound,
2026-01-05 11:02:00,11.218810846476167,49.64793409281296,46.01459257710743,95.48052395432356,0.0,0.0,33.83750466651125,41.20233260638646,527.5466311344588,14.88150320804314,161.0,4.0,2.0,network_bound,
2026-01-05 11:03:00,11.033736119440965,47.62377308435471,45.76323702773737,100.55029873163957,0.0,0.0,35.770848000187954,42.52184278425662,538.9526475070069,29.419069946576776,162.0,6.0,2.0,network_bound,
2026-01-05 11:04:00,8.978418893173409,45.37724297537581,44.74801288968827,86.87918779154516,0.0,0.0,37.085685860455996,41.15449906695097,552.1846581014452,20.986894491372702,163.0,3.0,2.0,network_bound,
2026-01-05 11:05:00,11.395277719940161,46.04255411502518,43.99403346189035,93.02277349002229,0.0,0.0,37.528579399450415,41.95947073647066,533.8350451150172,13.23284495189759,164.0,3.0,2.0,network_bound,
2026-01-05 11:06:00,12.58625020737567,45.27974626692196,43.869300629463076,100.7842737208013,0.0,0.0,38.801156234233524,44.71741419101412,556.6471648850169,9.333034013664367,165.0,3.0,2.0,network_bound,
2026-01-05 11:07:00,9.261609039274873,43.8253912584291,43.36779256203624,87.7848467232531,0.0,0.0,39.079982710352525,43.119871591344314,570.0442595735167,0.955634753511525,166.0,2.0,2.0,network_bound,
2026-01-05 11:08:00,14.080816153859644,45.42256597426901,43.18261252215476,104.9270095371765,0.0,0.0,39.14457336780883,42.6531533549484,559.8183931489322,4.285277455306563,167.0,6.0,2.0,network_bound,
2026-01-05 11:09:00,12.084860591943336,42.86349258965582,42.947505584041295,94.94388565281821,0.0,0.0,42.18854874944127,45.344253488932694,573.4944590369893,13.598518552493399,168.0,4.0,2.0,network_bound,
2026-01-05 11:10:00,13.802149452577858,40.24107544885622,42.75202641858811,106.65635799645055,0.0,0.0,35.4785507584383,42.939831082055164,566.9664941803238,14.464601115768627,169.0,4.0,2.0,network_bound,
2026-01-05 11:11:00,14.02281143415469,39.666685495483115,43.22565581029796,113.17744430994976,0.0,0.0,34.8143690377274,43.61923060779475,561.9590578599556,11.639564771800842,170.0,3.0,2.0,network_bound,
2026-01-05 11:12:00,18.19438121811185,40.791192236608005,43.92475958677869,126.91283329675369,0.0,0.0,34.789768310036365,47.0292382962138,560.4542130997601,23.313856158335085,171.0,3.0,2.0,network_bound,
2026-01-05 11:13:00,21.172522857082527,40.13727737006817,44.45382365193011,139.8463650349074,0.0,0.0,34.08774822630635,43.64511686094768,590.0627877952203,18.814218521496205,172.0,4.0,2.0,network_bound,
2026-01-05 11:14:00,24.754024996091513,41.153951975709724,44.964256265446025,145.6416147124559,0.0,0.0,38.64369776040226,42.539716241402154,597.3780731088588,8.564205395192204,173.0,4.0,2.0,network_bound,
2026-01-05 11:15:00,22.600655732300233,42.84022412048874,45.4125773335037,138.85584167115096,0.0,0.0,39.91960751126098,43.42675404920781,595.3332693857446,39.56995156614024,174.0,5.0,2.0,network_bound,
2026-01-05 11:16:00,23.25184390222673,38.994029876938896,45.41862774424777,134.0206635257872,0.0,0.0,38.518518109958535,42.40875129852585,608.6517523012943,13.228468107544913,175.0,4.0,2.0,network_bound,
2026-01-05 11:17:00,27.30411638212648,37.88419246930762,45.35455318843573,146.27696658080356,0.0,0.0,38.89965410830114,41.97034680375317,639.1513138097113,10.771918195325696,176.0,5.0,2.0,network_bound,
2026-01-05 11:18:00,30.325367641114646,41.4256786217698,45.673305344945646,167.51897293801727,0.0,0.0,35.78336253001275,41.07832893227485,621.877026826228,26.3260598817767,177.0,3.0,2.0,network_bound,
2026-01-05 11:19:00,25.488627377450847,41.4805359991383,46.169221134490094,146.58503148090597,0.0,0.0,36.31253207226558,40.14818697244144,628.7964838766342,20.539962157376873,178.0,6.0,2.0,network_bound,
2026-01-05 11:20:00,23.43812055252721,41.806533180951334,46.44619650030676,145.5212457979685,0.0,0.0,31.18273443351955,40.520520660589895,598.1519309840525,39.821422752367596,179.0,4.0,2.0,network_bound,
2026-01-05 11:21:00,22.48058083277284,44.7324949529555,46.71729465484482,143.92160372682636,0.0,0.0,27.93055146716054,38.98618659982807,608.747294171137,36.12088488600353,180.0,4.0,2.0,network_bound,
2026-01-05 11:22:00,22.530804660016766,41.78555244922317,46.765722225445906,141.72964299553712,0.0,0.0,32.3107421669397,40.619174139820274,591.0623466901026,45.181663840017144,181.0,2.0,2.0,network_bound,
2026-01-05 11:23:00,22.200609897189835,43.06663582216803,46.49193055609757,134.19915769867018,0.0,0.0,37.81163610855197,42.5756187698536,593.6854797974248,35.30922930006787,182.0,2.0,2.0,network_bound,
2026-01-05 11:24:00,26.625417141010928,43.133951796363036,47.065651068672814,160.78679207389467,0.0,0.0,37.10118607670821,40.25586294536496,599.8427187233499,50.262989107169595,183.0,4.0,2.0,network_bound,
2026-01-05 11:25:00,27.98255144364239,42.227550092997625,47.19468033381368,158.10563965077444,0.0,0.0,34.14901898954035,44.04547400837822,607.03148590152,41.884128434856,184.0,5.0,2.0,network_bound,
2026-01-05 11:26:00,24.54603952157521,41.21443022115789,47.14277982363908,140.34764880890233,0.0,0.0,36.40109460718728,41.76317528530181,609.4658672481854,54.75495907561416,185.0,3.0,2.0,network_bound,
2026-01-05 11:27:00,20.96562457293223,39.73271218414195,46.99426668315184,136.84415732903932,0.0,0.0,35.05036898198136,39.53683813213919,608.0995985453346,40.62282731046781,186.0,4.0,2.0,network_bound,
2026-01-05 11:28:00,19.630597237208804,38.01039381922175,47.143689029856155,125.1210065574376,0.0,0.0,38.52596140968527,40.33219685119811,590.1844118636083,42.55027433489707,187.0,4.0,2.0,network_bound,
2026-01-05 11:29:00,16.456464190594346,40.518534177187355,46.72402595358287,123.51766907514659,0.0,0.0,39.926213495619294,39.20849761627145,598.67659876934,46.31660777574037,188.0,4.0,2.0,network_bound,
2026-01-05 11:30:00,11.912983808178147,40.77515434426551,45.61022593780755,105.60204257148752,0.0,0.0,38.66132320607348,38.47350435554798,612.3243846919964,36.27818893710006,189.0,3.0,2.0,network_bound,
2026-01-05 11:31:00,9.259259976196702,38.75940310227358,44.955869380162106,92.39483890373066,0.0,0.0,36.56424957091997,37.67962116741943,608.5945101307836,40.99958464331774,190.0,4.0,2.0,network_bound,
2026-01-05 11:32:00,16.121119495044123,43.169789441285275,44.929851958086,106.37726525137447,0.0,0.0,32.455686649686236,38.07715843458934,612.2059349460709,40.512519831035014,191.0,3.0,2.0,network_bound,
2026-01-05 11:33:00,19.38250212166733,37.98513444082832,45.550832245386694,128.03355172285467,0.0,0.0,31.86517005268597,36.85341800152069,608.6999359559046,36.409054096686106,192.0,3.0,2.0,network_bound,
2026-01-05 11:34:00,14.59011836367242,39.354774574697664,45.11381358959716,101.62119673198042,1.0,0.0,31.697511773598578,41.37368287396679,581.5571045979552,33.33436003751896,193.0,3.0,2.0,network_bound,
2026-01-05 11:35:00,0.0,8.902181793717356,44.4500876684065,54.370260360562426,0.0,0.0,0.8095601410715201,24.02518158559466,0.0,0.0,0.0,1.0,0.0,idle,
2026-01-05 11:36:00,0.0,11.859928521799862,43.26153896777286,54.55049880100281,0.0,0.0,1.0192544902865839,26.54778869938834,6.885043718664187,0.6446842156363413,0.0,0.0,0.0,idle,
2026-01-05 11:37:00,0.0,10.977061705037036,42.296650134096794,52.48995070573575,0.0,0.0,3.931459413748486,25.551884091559238,6.917185919507908,0.0,0.0,0.0,0.0,idle,
2026-01-05 11:38:00,0.0,14.903803153686617,41.54332396726741,64.61702144033804,0.0,0.0,0.7169635917408597,24.964755776342635,7.55346006264573,0.0,0.0,6.0,0.0,idle,
2026-01-05 11:39:00,0.0,14.478732458497472,41.273202410521314,65.55287346604132,0.0,0.0,1.4767640846586634,21.62560634382635,0.0,0.0,0.0,4.0,0.0,idle,
2026-01-05 11:40:00,0.0,13.871376739581473,41.29182256751089,65.43083778363878,0.0,0.0,0.0,20.16134566469446,19.358198228488163,0.0,0.0,1.0,0.0,idle,
2026-01-05 11:41:00,0.26248655981399327,13.215506468941122,40.69073093014787,50.83712109230572,0.0,0.0,0.0,20.158049800511407,24.73566232979019,0.0,0.0,3.0,0.0,idle,
2026-01-05 11:42:00,3.747251734214294,12.741624483304255,40.53232104870961,65.50974717982507,0.0,0.0,0.0,21.87665957707383,13.879851700372106,0.0,0.0,2.0,0.0,idle,
2026-01-05 11:43:00,6.5844298047395045,13.985049784708405,40.75111806800258,86.02233894553409,0.0,0.0,0.0,25.22291622348135,0.0,0.0,0.0,2.0,0.0,idle,
2026-01-05 11:44:00,3.706299702511883,11.614306073700451,40.89881632172335,69.35165720245874,0.0,0.0,0.0,22.62810841832605,0.0,0.0,0.0,4.0,0.0,idle,
2026-01-05 11:45:00,3.7737103084941674,12.748612400377013,40.55571335768067,76.18738646780169,0.0,0.0,4.3850045998478135,25.14379288432535,0.0,0.0,0.0,4.0,0.0,idle,
2026-01-05 11:46:00,2.959553183604837,10.887433685795584,40.0782223528065,67.52667749915655,0.0,0.0,5.3315460053046815,24.9947150369105,0.0,0.0,0.0,0.0,0.0,idle,
2026-01-05 11:47:00,8.248581999526722,8.65270107712449,39.72872590483496,83.71472570876323,0.0,0.0,7.856988232881768,24.32192699324594,0.0,0.0,0.0,2.0,0.0,idle,
2026-01-05 11:48:00,8.62606566576129,7.480171703167825,40.29303673762811,83.80846425669233,0.0,0.0,8.28893530513711,23.953088056979276,0.0,0.0,0.0,4.0,0.0,idle,
2026-01-05 11:49:00,6.445237256862157,8.470928602139644,40.06000485219299,82.14814201433586,0.0,0.0,11.080050719970613,27.23170365539202,0.0,0.0,0.0,1.0,0.0,idle,
2026-01-05 11:50:00,3.799715465516536,9.038846326096767,39.96346287699902,73.02573695755841,0.0,0.0,8.819236648742452,29.110712546044265,0.0,0.0,0.0,4.0,0.0,idle,
2026-01-05 11:51:00,3.4157929115664065,9.456172146692944,40.07262688270357,78.26167945271227,0.0,0.0,8.179890578377488,26.97964752586007,0.0,0.9066962011715247,0.0,3.0,0.0,idle,
2026-01-05 11:52:00,3.1628105626086396,11.601524799392493,39.798777960659905,68.82745020233556,0.0,0.0,8.733568181287012,28.068387351594144,0.0,1.431586618692036,0.0,2.0,0.0,idle,
2026-01-05 11:53:00,4.6266124272775535,10.98371630816844,40.21585243970687,76.73036789844507,0.0,0.0,6.242073847368237,26.938911606862916,0.0,1.0095952092280616,0.0,1.0,0.0,idle,
2026-01-05 11:54:00,5.304342905419317,13.627785975522794,40.1797008228804,71.50080111316909,0.0,0.0,7.186761855866619,26.61629046335832,0.0,18.428663551987338,0.0,3.0,0.0,idle,
2026-01-05 11:55:00,3.414177149518458,16.34675882583553,39.71374194535866,64.56841786091006,0.0,0.0,0.9394720335223523,24.07333990782704,0.0,14.7593392232873,0.0,0.0,0.0,idle,
2026-01-05 11:56:00,7.287824982144547,13.647255850506834,40.21534294869584,95.0483431513924,0.0,0.0,0.0,21.359589382812516,1.31280576695141,19.84808609224801,0.0,2.0,0.0,idle,
2026-01-05 11:57:00,3.606716017419659,11.208911578964642,40.129819011990435,68.94194732399043,0.0,0.0,0.0,20.822703217052016,0.0,16.545571958248726,0.0,1.0,0.0,idle,
2026-01-05 11:58:00,6.139869664974995,13.69829920254519,39.67134252557291,77.41895645810635,0.0,0.0,0.09419320695418332,23.420391173087268,0.0,0.0,0.0,3.0,0.0,idle,
2026-01-05 11:59:00,6.069193004988407,11.899080850696693,39.61957568670304,76.2099996261208,0.0,0.0,0.0,23.399404560404626,0.0,2.9066409959296085,0.0,3.0,0.0,idle,
