timestamp,gpu_utilization,memory_utilization,gpu_temperature,power_consumption,ecc_errors,xid_errors,cpu_usage,ram_usage,network_throughput,disk_io,job_runtime,queue_length,active_processes,label,incident
2026-01-05 00:00:00,0.043994340818384825,7.316589707890527,38.0,66.801275894952,0.0,0.0,7.336249273073673,33.43461564313045,1.6169144805698847,2.0202325549907494,0.0,2.0,0.0,idle,
2026-01-05 00:01:00,1.4965426595658933,4.671767248277962,37.624638910666285,61.45211547085689,0.0,0.0,8.261654989614009,34.120003294014445,0.0,0.0,0.0,2.0,0.0,idle,
2026-01-05 00:02:00,0.0,4.592503083590296,37.33586431400596,55.4700076145131,0.0,0.0,5.785262133336472,35.43936030867925,0.0,0.0,0.0,5.0,0.0,idle,
2026-01-05 00:03:00,1.127867862714461,4.816213429557519,37.3324601827514,68.42196817679793,0.0,0.0,7.139695209213605,34.51301451265989,10.935268223389826,0.0,0.0,5.0,0.0,idle,
2026-01-05 00:04:00,0.0,4.82938729429608,37.200554824735846,58.34538808281113,0.0,0.0,5.168714789749107,36.001928865463704,0.0,0.0,0.0,2.0,0.0,idle,
2026-01-05 00:05:00,1.2567846656386177,3.9608015769545455,37.717243983079875,56.88272789181377,0.0,0.0,2.7503869155626495,34.200960565828865,0.0,0.0,0.0,2.0,0.0,idle,
2026-01-05 00:06:00,0.8295789799033813,2.5263060472271386,38.0893152738887,55.724261583509374,0.0,0.0,2.40606203982826,31.9172182608284,9.68126371296755,0.0,0.0,1.0,0.0,idle,
2026-01-05 00:07:00,0.0,2.6788062303788367,38.136268779740554,61.509988764125374,0.0,0.0,0.4562191616478408,31.716879668727994,12.885921867319638,13.148491778829605,0.0,3.0,0.0,idle,
2026-01-05 00:08:00,0.0,0.9686747808605194,38.11788049265555,64.33154181404639,0.0,0.0,0.15063204122862572,31.940972138163563,32.03340221277047,12.870872365920384,0.0,4.0,0.0,idle,
2026-01-05 00:09:00,3.1161108653003895,0.0,38.14109692548704,71.15861411450467,0.0,0.0,2.0056669513019703,33.42953071640217,18.102545505331083,2.880738411547317,0.0,3.0,0.0,idle,
2026-01-05 00:10:00,4.745407857642071,1.0652045813548785,38.45122826500441,80.13938115655469,0.0,0.0,3.8866985204366276,32.665522063464174,0.0,19.288022312332284,0.0,6.0,0.0,idle,
2026-01-05 00:11:00,2.0009797750200744,0.19849532708122375,38.1691539476591,65.46798023928139,0.0,0.0,0.0,34.22526188025225,0.0,15.921632403729689,0.0,1.0,0.0,idle,
2026-01-05 00:12:00,0.0,1.1400343501304704,37.84473622013296,62.05590652673396,0.0,0.0,0.0,33.81719155717403,0.0,0.1940311869037119,0.0,4.0,0.0,idle,
2026-01-05 00:13:00,0.9300869039174776,2.2633595162017404,37.701716781748424,68.09364899187231,0.0,0.0,0.0,35.93196108135154,15.826159152604049,4.000111362877424,0.0,2.0,0.0,idle,
2026-01-05 00:14:00,1.76295925237766,3.4376624609730504,37.92854842104492,68.85382182758741,0.0,0.0,7.492094687085948,33.557030668685485,1.1032972027326613,0.0,0.0,3.0,0.0,idle,
2026-01-05 00:15:00,1.9459619681182807,4.710250962522066,37.82692400621906,61.594311417899746,0.0,0.0,9.124053449296031,33.373027837684525,0.0,9.26979734533997,0.0,2.0,0.0,idle,
2026-01-05 00:16:00,1.549681965522716,2.7004115089019365,37.90121889190791,67.99022542340742,0.0,0.0,8.812696623850098,29.886999377644308,0.0,12.686350303835166,0.0,3.0,0.0,idle,
2026-01-05 00:17:00,0.0,9.640128270615772,37.862996886419275,58.289144048035816,0.0,0.0,6.7594683395937585,31.46031757293315,0.0,20.966124469823576,0.0,3.0,0.0,idle,
2026-01-05 00:18:00,0.0,8.500418874430324,37.591398839013074,57.83661338225099,0.0,0.0,5.692523055165636,30.198373370559487,0.0,13.921774094002867,0.0,1.0,0.0,idle,
2026-01-05 00:19:00,0.0,6.897673302678845,37.89336325404332,68.59154395064309,0.0,0.0,2.7393823421652606,32.23275147692502,0.0,8.95298527060075,0.0,3.0,0.0,idle,
2026-01-05 00:20:00,0.0,4.729445143848848,37.678449149469195,54.80447358563636,0.0,0.0,0.13501127948450176,29.835691129551005,0.0,21.88473194370197,0.0,1.0,0.0,idle,
2026-01-05 00:21:00,0.0,8.754184905813544,37.64158812723821,65.90550467244128,0.0,0.0,3.8875138817307846,30.039647170878162,0.0,27.78293432452206,0.0,4.0,0.0,idle,
2026-01-05 00:22:00,0.0,13.805935247467978,37.27883909690879,55.27130889657583,0.0,0.0,5.368030871963831,27.71266159301063,0.0,33.38416636271668,0.0,0.0,0.0,idle,
2026-01-05 00:23:00,0.0,13.295051518948629,37.28493131730896,62.244595776726385,0.0,0.0,5.774035972378167,28.766460959312464,0.0,14.728359507596206,0.0,1.0,0.0,idle,
2026-01-05 00:24:00,0.0,14.052817037824052,37.404773860731325,55.319377264852214,0.0,0.0,6.22049199457196,28.86120120653514,0.0,4.997582449678089,0.0,4.0,0.0,idle,
2026-01-05 00:25:00,0.0,14.321754132386332,37.19901468721257,65.72148520981236,0.0,0.0,3.099196071593635,28.68634412217704,0.0,0.0,0.0,3.0,0.0,idle,
2026-01-05 00:26:00,0.0,12.280054847452762,36.926836521606205,60.42382075708577,0.0,0.0,4.592092409140928,28.73645301946383,0.0,0.0,0.0,4.0,0.0,idle,
2026-01-05 00:27:00,0.0,13.256518072357123,37.22727543306094,68.27633350756717,0.0,0.0,6.940358892534944,34.101646878796515,0.0,0.0,0.0,2.0,0.0,idle,
2026-01-05 00:28:00,0.0,11.50735051518463,37.087244661753495,69.49290814680859,0.0,0.0,2.407821274280465,33.40386532672134,0.0,0.0,0.0,1.0,0.0,idle,
2026-01-05 00:29:00,0.0,13.888864415780679,36.86579812540202,50.0,0.0,0.0,4.860048504409464,31.11878675607987,0.0,1.2848988183352876,0.0,0.0,0.0,idle,
2026-01-05 00:30:00,0.0,8.3597847186699,36.52398975232961,57.547249353205295,0.0,0.0,5.893489292036197,28.942732342098513,0.0,4.467754127089094,0.0,0.0,0.0,idle,
2026-01-05 00:31:00,0.0,6.126943383651454,36.49036303363671,63.49070048279013,0.0,0.0,5.907369933495959,32.95137104323279,0.6924845904592862,10.2913119298818,0.0,3.0,0.0,idle,
2026-01-05 00:32:00,0.0,6.638046799966803,36.92524922314832,59.934451926140056,0.0,0.0,3.156687798915261,29.810002862947467,16.38579367124668,2.620850638746881,0.0,3.0,0.0,idle,
2026-01-05 00:33:00,0.0,8.899058739187701,36.730682213285654,55.57870425245722,0.0,0.0,2.311572915976324,34.700863914008956,0.8566855967115794,17.34595991074094,0.0,2.0,0.0,idle,
2026-01-05 00:34:00,0.0,7.771467138540252,36.698743683252246,58.65626223323387,0.0,0.0,2.777213771056836,34.45403063677589,5.8350120088020345,13.05634722087899,0.0,0.0,0.0,idle,
2026-01-05 00:35:00,0.0,4.675339267074012,36.790399312413236,58.303069782141876,0.0,0.0,2.507361429071418,35.38342401450701,0.0,7.012382741266279,0.0,2.0,0.0,idle,
2026-01-05 00:36:00,0.0,6.385466518088395,36.67738194295788,62.97760705927863,0.0,0.0,10.155113127680703,36.323682229912635,0.0,7.274785237841528,0.0,2.0,0.0,idle,
2026-01-05 00:37:00,0.0,4.593450368822342,36.51612121275261,56.28172007832909,0.0,0.0,8.976703830687772,35.56994373446788,0.0,7.672532904240568,0.0,2.0,0.0,idle,
2026-01-05 00:38:00,0.0,4.386522568962556,37.0988062371278,64.9550911264363,0.0,0.0,9.116104524676935,36.000105456542755,17.84144136632914,15.75248355220375,0.0,1.0,0.0,idle,
2026-01-05 00:39:00,0.0,7.689207423166646,36.94230460572832,61.26254433283128,0.0,0.0,11.793106395234364,39.801900373346754,12.483168970949365,13.049698030296895,0.0,5.0,0.0,idle,
2026-01-05 00:40:00,0.0,8.09622200405335,37.17342377694742,69.27800188810399,0.0,0.0,12.469937670495307,40.27744311043678,3.8487913409054864,12.147957317100165,0.0,0.0,0.0,idle,
2026-01-05 00:41:00,0.0,8.927065873137657,37.69378234695028,66.06909597199231,0.0,0.0,10.255636077873238,40.97702694747985,14.059607772901387,1.4531086583084614,0.0,3.0,0.0,idle,
2026-01-05 00:42:00,0.0,3.3131540083938003,37.97199190481978,67.13612901824753,0.0,0.0,6.111923222412912,38.687317694976684,19.1521185707279,6.212423007751145,0.0,3.0,0.0,idle,
2026-01-05 00:43:00,0.0,5.261942257338674,38.18150969220704,63.4986371538302,0.0,0.0,5.728780442571316,36.5778679408184,21.139501526726715,1.4486200736030401,0.0,1.0,0.0,idle,
2026-01-05 00:44:00,0.0,7.295422784350941,38.10580323941055,55.23553439784282,0.0,0.0,3.513915604083322,34.218988476191896,24.62551388172333,17.658139579484835,0.0,3.0,0.0,idle,
2026-01-05 00:45:00,28.789930480028318,89.20870320739188,39.6155484642216,154.60952830518676,0.0,0.0,39.36010143549273,60.361830615346655,126.9071184389191,51.28287392217357,0.0,3.0,1.0,memory_bound,
2026-01-05 00:46:00,32.81640475315241,87.6563784671481,40.76972853172302,170.08999569821714,0.0,0.0,40.37100269186982,61.522491057741455,115.2937600069725,53.1435144751856,1.0,6.0,1.0,memory_bound,
2026-01-05 00:47:00,32.67180401670718,90.27693131220654,42.0160755396653,166.02120265727171,0.0,0.0,44.37661240799821,62.20894410261461,110.57676239084782,62.61331212290427,2.0,4.0,1.0,memory_bound,
2026-01-05 00:48:00,32.168292932405095,91.59920157057743,43.25138900001286,164.87252753861264,0.0,0.0,43.51552175745553,58.82382154994467,118.94927977660078,66.59776127649951,3.0,2.0,1.0,memory_bound,
2026-01-05 00:49:00,31.157263414445907,89.15495521179722,43.93447444164826,158.00803258960522,0.0,0.0,42.76616631764148,55.03623190304142,123.12889777158807,73.41089803070989,4.0,7.0,1.0,memory_bound,
2026-01-05 00:50:00,30.22295916475133,89.53568590509055,44.184366451954936,166.7848132001633,0.0,0.0,41.91546996711908,56.01511640489201,94.12851161133361,64.28388782353211,5.0,3.0,1.0,memory_bound,
2026-01-05 00:51:00,30.090338477244813,90.9659514657214,44.89211341435556,163.11377263098734,0.0,0.0,42.59829457688029,54.654059680055845,95.26856723834408,58.28371632373974,6.0,3.0,1.0,memory_bound,
2026-01-05 00:52:00,30.119864846546513,92.55168267382771,45.43513377716337,168.59085217055838,0.0,0.0,39.88686543047624,56.30010099681164,116.42841458672018,45.08399789965412,7.0,3.0,1.0,memory_bound,
2026-01-05 00:53:00,32.56186078620073,92.87375970666233,45.92274155625595,170.15803589744144,0.0,0.0,33.917580178537634,57.76830653718859,83.74225998502871,45.576374943278616,8.0,5.0,1.0,memory_bound,
2026-01-05 00:54:00,32.98569447899205,95.40613187807733,46.66052001200063,166.98394476923224,0.0,0.0,33.977793486683716,60.185731330470894,84.22431451813884,55.01573455083063,9.0,2.0,1.0,memory_bound,
2026-01-05 00:55:00,31.358504605859974,94.0637086965987,47.16056881905622,158.09591809257628,0.0,0.0,34.71487300920881,60.57552875464054,67.02373335696447,72.23362256815663,10.0,5.0,1.0,memory_bound,
2026-01-05 00:56:00,30.195825150783996,92.65383168156325,47.3800122471874,169.78329977613657,0.0,0.0,43.11442142717497,60.05450799659865,101.09107605328384,62.898565159062855,11.0,3.0,1.0,memory_bound,
2026-01-05 00:57:00,32.201624442540634,91.31122039484845,47.72440960785795,168.53456693861705,0.0,0.0,48.37301060070877,62.448847794172416,84.88906999910671,67.76080752826905,12.0,3.0,1.0,memory_bound,
2026-01-05 00:58:00,36.13453222923443,90.5946191888839,48.3096068851915,185.44408991598044,0.0,0.0,47.25762794362626,62.67214286578873,85.44826246915166,64.3644189746218,13.0,4.0,1.0,memory_bound,
2026-01-05 00:59:00,35.70511172775277,88.18940369826274,49.21818998782952,179.90201256022561,0.0,0.0,47.08373247592745,62.464163156941936,77.04541375465813,54.5766631015771,14.0,3.0,1.0,memory_bound,
2026-01-05 01:00:00,31.771316861864797,88.01817497274327,49.16614805541433,172.35481979393683,0.0,0.0,44.27375136708992,61.99307033873798,62.310518345783294,47.23898405272718,15.0,3.0,1.0,memory_bound,
2026-01-05 01:01:00,30.52257331353505,88.85451890962077,49.0417263039847,164.2335947116317,0.0,0.0,43.74157315918298,62.33389938830547,67.2859336810891,64.1742142744264,16.0,4.0,1.0,memory_bound,
2026-01-05 01:02:00,32.167565789380106,88.47475848359214,49.52407186776875,170.71623946039637,0.0,0.0,38.60524058591887,63.3585157435484,111.73883192330605,51.25260873118635,17.0,5.0,1.0,memory_bound,
2026-01-05 01:03:00,31.18601233958141,85.97733459361196,50.06417220284469,168.66919586702608,0.0,0.0,36.901773665298485,64.12830474051638,82.55515174821335,42.589334369802216,18.0,2.0,1.0,memory_bound,
2026-01-05 01:04:00,29.972601996179602,90.73262719201632,49.939341193030664,159.3884821274923,0.0,0.0,39.10089642818527,63.00407274634205,88.71106267321434,31.108916670490604,19.0,4.0,1.0,memory_bound,
2026-01-05 01:05:00,32.59960352376969,88.56793848177351,50.6670628051833,169.90640946849413,0.0,0.0,40.03104064195645,60.17145787316412,95.52287808477958,71.2538569358538,20.0,3.0,1.0,memory_bound,
2026-01-05 01:06:00,32.53130069329302,86.72137423522562,50.37581366371617,169.43970231612434,0.0,0.0,43.60221082390529,61.12314088656903,85.93127656568284,69.76692460641937,21.0,8.0,1.0,memory_bound,
2026-01-05 01:07:00,34.16588734018064,83.78074193396286,50.418370687538484,174.2831534195968,0.0,0.0,39.24415510269984,61.515279481249216,88.27889085525497,74.38131456545722,22.0,2.0,1.0,memory_bound,
2026-01-05 01:08:00,32.5380344929891,83.94296566503034,50.10036057024886,157.76038456343366,0.0,0.0,41.682978977861424,61.755361273120684,73.56612298449741,67.68652979042574,23.0,2.0,1.0,memory_bound,
2026-01-05 01:09:00,30.255954588799163,87.08517094762206,50.37547904157323,165.47019252970628,0.0,0.0,39.91236498041343,60.637921921990106,90.73358990865471,69.70529858292124,24.0,3.0,1.0,memory_bound,
2026-01-05 01:10:00,27.77431005064807,87.48788623705875,50.28760723611412,154.25592140164957,0.0,0.0,38.8528468688087,59.26967927529341,100.96064430226241,79.90636980083292,25.0,4.0,1.0,memory_bound,
2026-01-05 01:11:00,24.11466030051656,86.84182430653023,50.36315771118621,145.9981783267877,0.0,0.0,40.72361810632779,61.798408561754776,99.3080421296663,83.96759056944086,26.0,2.0,1.0,memory_bound,
2026-01-05 01:12:00,23.135431672490846,86.32881628446323,49.964105500643484,143.39020356638736,0.0,0.0,40.093600630661825,60.330835695543676,91.59594865212169,91.36792266040946,27.0,4.0,1.0,memory_bound,
2026-01-05 01:13:00,26.002861393295284,85.27269453466907,49.46658216610739,137.30088204955982,0.0,0.0,36.86938783977747,60.421469074826334,71.93329532237892,69.38719584105098,28.0,5.0,1.0,memory_bound,
2026-01-05 01:14:00,27.873848056643943,83.4853905765237,49.64020565205701,157.87270824156127,0.0,0.0,40.28088330824186,56.80044853131636,69.70430669640075,51.56107063087304,29.0,3.0,1.0,memory_bound,
2026-01-05 01:15:00,26.571351952704298,85.92921517611121,49.558058889475625,142.65356928886183,0.0,0.0,36.24339734825004,60.453591996620716,75.81943560278148,43.59063257961923,30.0,4.0,1.0,memory_bound,
2026-01-05 01:16:00,28.75347013998696,86.30587247796224,49.764895512534316,158.8659385382712,0.0,0.0,37.48280897982189,60.49731541132894,49.35643334931048,46.29252697836395,31.0,3.0,1.0,memory_bound,
2026-01-05 01:17:00,28.77248401720213,86.41112205520133,49.69525833551643,158.616440880349,0.0,0.0,39.323726511099075,57.51043209167883,18.413484672567904,52.092328730071344,32.0,5.0,1.0,memory_bound,
2026-01-05 01:18:00,26.9643696424054,85.80676033538093,49.45157481129473,139.71277470957483,0.0,0.0,40.17677774583963,55.816602231294915,9.170037691982742,57.581354699230005,33.0,3.0,1.0,memory_bound,
2026-01-05 01:19:00,28.608306055314,86.84205198176318,49.34597662600182,167.01460532396013,0.0,0.0,39.529978465054576,60.608917433061244,15.94052505172938,53.90397287373409,34.0,5.0,1.0,memory_bound,
2026-01-05 01:20:00,27.5863857226785,85.24013634637758,49.015914127880926,152.84936462245184,0.0,0.0,39.83061128967748,61.96556535615058,25.147193349078314,73.81621980256877,35.0,3.0,1.0,memory_bound,
2026-01-05 01:21:00,31.997777825613927,84.80346403747579,49.277922294809,171.97069582641205,0.0,0.0,39.45705926731794,59.408562454054916,45.70422931945325,71.03107268313494,36.0,3.0,1.0,memory_bound,
2026-01-05 01:22:00,34.89165394688517,84.53939164600918,49.749350712156485,177.23915705935917,0.0,0.0,41.4844715025298,57.820752868568235,28.404522363398428,63.9146411809996,37.0,5.0,1.0,memory_bound,
2026-01-05 01:23:00,31.992940993356825,85.20689163613089,49.73876210496467,167.27959903976642,0.0,0.0,41.776964566445486,57.82041273284409,50.25143168606584,71.57205055983096,38.0,7.0,1.0,memory_bound,
2026-01-05 01:24:00,33.58968176086804,85.03291890376718,49.695194304193976,173.88889182886047,0.0,0.0,41.617010396635635,59.668543672546754,61.466375186632504,68.01200352222656,39.0,7.0,1.0,memory_bound,
2026-01-05 01:25:00,36.308659357073175,85.80091245778904,49.963537971226025,190.49468384380916,0.0,0.0,42.70014743686452,61.02613745991008,71.58600083477617,57.16783456479569,40.0,4.0,1.0,memory_bound,
2026-01-05 01:26:00,35.89235175124199,86.46741522028276,49.9460858689386,184.34710738472256,0.0,0.0,42.470707744398396,63.91017595311367,54.195470662903375,38.28510525711987,41.0,6.0,1.0,memory_bound,
2026-01-05 01:27:00,36.27222586809606,80.94769748190994,50.354847014602406,182.37568523024385,0.0,0.0,37.09373827154248,62.560665664227955,86.61421858687265,47.384025128795344,42.0,3.0,1.0,memory_bound,
2026-01-05 01:28:00,37.5713638417685,83.26071102684232,50.73515194413429,193.06223101741736,0.0,0.0,33.79637060615496,65.70037417904399,89.36933323125342,38.0986536241367,43.0,9.0,1.0,memory_bound,
2026-01-05 01:29:00,37.743871930013746,85.1514250486175,51.274768567723534,193.43172921675222,0.0,0.0,35.3145992323315,64.30920244369874,70.83543265587393,24.180551427061225,44.0,5.0,1.0,memory_bound,
2026-01-05 01:30:00,37.732784290873376,86.18195931609048,51.231122249289086,182.91301659937005,0.0,0.0,34.11505146570508,61.20577018639527,51.34656908263724,48.58647275117322,45.0,5.0,1.0,memory_bound,
2026-01-05 01:31:00,38.27314644588243,87.15507972747567,51.88923356357118,188.0164127404791,0.0,0.0,34.94189769637279,60.22077216134919,43.514018820303846,51.29816427945048,46.0,4.0,1.0,memory_bound,
2026-01-05 01:32:00,36.06050701865623,85.38883967269027,51.783847719779146,187.97360828020882,0.0,0.0,36.14107485213199,61.43687716715578,64.56315610316757,52.06323579465911,47.0,3.0,1.0,memory_bound,
2026-01-05 01:33:00,35.382971914961246,87.8945012239028,51.86417744253787,180.13232560911678,0.0,0.0,32.32686989165859,62.88325491659333,59.605069919679856,77.90284037114515,48.0,5.0,1.0,memory_bound,
2026-01-05 01:34:00,34.97232465506796,89.73698832640427,51.87057924376392,173.0360968243931,0.0,0.0,30.744093214752713,62.603813477837434,67.7884632921749,91.14395842208404,49.0,4.0,1.0,memory_bound,
2026-01-05 01:35:00,35.7092933051176,87.52581822361167,51.89299131465867,182.6216079182091,0.0,0.0,33.57636667295745,62.43231700611724,83.39453685182588,100.38523023658692,50.0,2.0,1.0,memory_bound,
2026-01-05 01:36:00,38.25203583087014,89.20164762874663,52.21447293134328,188.41486395003182,0.0,0.0,29.367311687066852,63.03450489728467,94.18873724603516,71.98897205170306,51.0,4.0,1.0,memory_bound,
2026-01-05 01:37:00,38.996190560673334,87.50264731209889,52.60703460294788,194.47444382783783,0.0,0.0,29.586946560456035,62.86469408970911,109.76534483311312,67.2924363318402,52.0,3.0,1.0,memory_bound,
2026-01-05 01:38:00,35.55209443671525,85.24708144191466,52.615760323913705,179.81178313486308,0.0,0.0,31.98852744588823,61.478151289945686,77.77484863750726,80.09317773973588,53.0,4.0,1.0,memory_bound,
2026-01-05 01:39:00,38.23787501313113,88.6660226081643,52.638246370344724,197.14618830397413,0.0,0.0,34.39910467759524,62.11374745738394,70.26920232968551,69.11913851620412,54.0,5.0,1.0,memory_bound,
2026-01-05 01:40:00,37.41110423581678,89.68517575744941,52.94475796546755,201.24805491123809,0.0,0.0,32.752470128355014,60.83796578048747,60.22760132367357,64.7487465475572,55.0,3.0,1.0,memory_bound,
2026-01-05 01:41:00,34.01162706847134,88.15527334430153,52.65924938893957,171.41738902067624,0.0,0.0,35.387003052923625,61.12046213451646,66.1091404066803,74.98135268936011,56.0,2.0,1.0,memory_bound,
2026-01-05 01:42:00,32.72732140933877,89.07276205157757,52.46705775927086,169.73899676260356,0.0,0.0,30.575068109935625,56.84184725679354,58.28172900515217,65.90027455693979,57.0,3.0,1.0,memory_bound,
2026-01-05 01:43:00,34.118311830273505,86.8883271269642,52.0397678600977,180.47962715787313,0.0,0.0,30.09275060057717,56.86154324339038,86.26837366572464,42.94566347313577,58.0,3.0,1.0,memory_bound,
2026-01-05 01:44:00,31.963830946522517,86.64727402056039,52.183097584983436,169.35293873885283,0.0,0.0,38.053869491545946,59.49833357956156,69.14004774316122,54.19488245206924,59.0,2.0,1.0,memory_bound,
2026-01-05 01:45:00,26.323210552358333,85.30274030689671,51.91586393060897,151.22920987535258,0.0,0.0,38.085475800799244,59.64531232656162,81.02314921128107,65.14166319353137,60.0,3.0,1.0,memory_bound,
2026-01-05 01:46:00,26.968072044838422,85.95882551366404,51.63925344941946,153.58164902565733,0.0,0.0,41.11967574590258,57.13875058937607,83.26728094280082,74.15948223281693,61.0,6.0,1.0,memory_bound,
2026-01-05 01:47:00,24.741539148316022,85.79496414652506,51.179738243070275,141.89026950492274,0.0,0.0,39.51844509948793,59.17538476260386,65.87914194302049,68.23209728779733,62.0,2.0,1.0,memory_bound,
2026-01-05 01:48:00,24.03704433946595,85.6199879784317,50.79717688424134,141.9562177050925,0.0,0.0,41.41790235395674,60.44433170892696,36.05151132721622,80.66989187645846,63.0,5.0,1.0,memory_bound,
2026-01-05 01:49:00,23.04122840671351,85.59990611304876,50.15164034659068,141.41292067142197,0.0,0.0,41.775327202454264,64.28238564993768,49.47212641978586,75.30950904737296,64.0,4.0,1.0,memory_bound,
2026-01-05 01:50:00,25.521830533531833,88.82902632651762,49.84638796005007,148.68565759945662,0.0,0.0,37.57204886846104,62.243158295270455,88.39935220300796,79.42078911020627,65.0,5.0,1.0,memory_bound,
2026-01-05 01:51:00,24.961020809305086,87.95027916832139,49.816104836412926,146.44881589326988,0.0,0.0,39.24223378561587,62.31201796646774,82.21899121060446,83.50844838283142,66.0,4.0,1.0,memory_bound,
2026-01-05 01:52:00,26.529853258132412,86.71266166668569,49.71726267034137,151.68786878053837,0.0,0.0,36.92047416243361,66.76686167940903,88.81756659106459,93.35287906404872,67.0,3.0,1.0,memory_bound,
2026-01-05 01:53:00,27.562071524520494,87.80021072493675,49.27946892269744,143.31365900466494,0.0,0.0,47.912984408504656,68.90996914701304,108.44499566381428,87.32633411672707,68.0,4.0,1.0,memory_bound,
2026-01-05 01:54:00,24.86016264876124,85.82123951502624,48.96115308547669,136.33444932224907,0.0,0.0,53.05231821918943,66.79342321391522,122.56842133845868,82.844497564561,69.0,4.0,1.0,memory_bound,
2026-01-05 01:55:00,23.44337947890274,88.03067400176401,48.735950742266894,137.43755720347082,0.0,0.0,46.92868337489861,63.51694279274738,149.33215499351104,77.50023378946335,70.0,3.0,1.0,memory_bound,
2026-01-05 01:56:00,23.581511484122416,87.18683316081373,48.47088850469709,140.96906110985162,0.0,0.0,43.11908631516453,67.35858841317675,145.12803164081203,78.50765327734385,71.0,5.0,1.0,memory_bound,
2026-01-05 01:57:00,24.3918329306496,89.58254986594281,48.34798077459403,139.27209937206212,0.0,0.0,46.88352075751895,65.6205975505207,120.76277700806683,84.38672655548768,72.0,5.0,1.0,memory_bound,
2026-01-05 01:58:00,27.2478958811315,88.8242207191343,48.25972672900101,151.98647390765248,0.0,0.0,45.23016845255033,67.09976240980968,120.71956595203703,69.55639940908426,73.0,6.0,1.0,memory_bound,
2026-01-05 01:59:00,30.191248726908917,91.5288823854886,48.46120427592478,166.52786139545861,0.0,0.0,48.91837017235308,62.9050816476144,128.05879504524054,65.14381576084051,74.0,6.0,1.0,memory_bound,
2026-01-05 02:00:00,31.69740914327097,90.00142296253976,48.623240853416426,169.924722013831,0.0,0.0,51.37027674136219,61.965981041307145,107.47252338426678,78.11871968855914,75.0,6.0,1.0,memory_bound,
2026-01-05 02:01:00,32.433609128117595,87.8706690137005,49.32295540617345,179.7786812844815,0.0,0.0,53.489304016393575,65.1438629669344,110.70808341815342,68.20755597692099,76.0,5.0,1.0,memory_bound,
2026-01-05 02:02:00,31.33917785226675,86.24519974792025,49.579432050842826,166.2626670283301,0.0,0.0,44.92808787160542,63.93487241467745,111.65830020779899,76.70598709854761,77.0,4.0,1.0,memory_bound,
2026-01-05 02:03:00,28.704397148719114,87.92869937595255,49.576727257412756,154.34070804026166,0.0,0.0,44.14692809577944,64.59113839906163,116.62653277021838,70.55536013577203,78.0,3.0,1.0,memory_bound,
2026-01-05 02:04:00,26.64168641392441,85.0783797053829,49.507370037579996,156.01881585209802,0.0,0.0,48.28429944505903,66.14057588245348,100.1285020383416,60.589526718874,79.0,3.0,1.0,memory_bound,
2026-01-05 02:05:00,27.203914894644605,84.3649853427303,49.507943904295715,153.74314236996113,0.0,0.0,50.090333228912655,66.47778288950934,114.69341102155863,71.65292650282504,80.0,2.0,1.0,memory_bound,
2026-01-05 02:06:00,25.646366233244652,85.53203813695234,49.432475194124876,140.0480101996116,0.0,0.0,45.72829756609279,65.19225479161815,121.81009306416883,82.68364126818966,81.0,5.0,1.0,memory_bound,
2026-01-05 02:07:00,30.750578218449558,84.83968487796722,50.074779300545806,169.3422668378857,0.0,0.0,41.90547847850015,64.41953735824228,112.92862780809,80.39221261743559,82.0,2.0,1.0,memory_bound,
2026-01-05 02:08:00,33.447565010867464,86.41275083656647,50.49919175019201,173.97931153462062,0.0,0.0,45.27327387634745,64.47572846742548,110.60868087387753,93.033562470706,83.0,3.0,1.0,memory_bound,
2026-01-05 02:09:00,35.25557164946802,87.49321595976723,50.906139721863234,182.55251106849627,0.0,0.0,42.91564822975661,63.078492816305264,106.57820901052725,94.77083207643267,84.0,5.0,1.0,memory_bound,
2026-01-05 02:10:00,35.99307614319713,86.26374623679895,51.50251839470871,187.3011601094722,0.0,0.0,39.27708956309197,61.93065030133324,100.354015840408,98.4792683512897,85.0,3.0,1.0,memory_bound,
2026-01-05 02:11:00,36.76497231426668,84.41240528049323,52.06833962162971,184.38032514935804,0.0,0.0,39.503462570059945,59.589861256281374,84.64406385625992,89.94531785050579,86.0,3.0,1.0,memory_bound,
2026-01-05 02:12:00,35.42857218783165,85.16636403267388,51.817994044473785,187.96255875413462,0.0,0.0,42.84464127672768,61.489305120072224,105.92365931716712,96.54205370937447,87.0,2.0,1.0,memory_bound,
2026-01-05 02:13:00,37.80503030261815,82.01841658058002,52.03536358872648,186.2438988000964,0.0,0.0,44.08364773745999,61.265712446112715,104.36285364464659,94.74346294298186,88.0,4.0,1.0,memory_bound,
2026-01-05 02:14:00,42.61873097191933,83.4902736352227,52.64348204092669,198.34149601832658,0.0,0.0,44.59762915232839,61.16629452992344,126.45707802210435,93.63888690280474,89.0,4.0,1.0,memory_bound,
2026-01-05 02:15:00,40.713165854055134,86.50589315406366,52.82353065508813,197.15417877164955,0.0,0.0,43.23432200124223,64.38875083779865,114.65055421710895,99.06734026111016,90.0,4.0,1.0,memory_bound,
2026-01-05 02:16:00,42.230917483326664,89.3876830032825,52.94689302606339,203.72159247289926,0.0,0.0,41.21699347583651,62.47048902264039,115.10873474477125,101.1440146440527,91.0,4.0,1.0,memory_bound,
2026-01-05 02:17:00,36.832980758676854,88.10029504489066,52.91326314025583,179.61989129225415,0.0,0.0,46.84698039509402,64.79412451210928,123.83391974510369,111.19023347444163,92.0,3.0,1.0,memory_bound,
2026-01-05 02:18:00,32.634034680220594,86.23687287493365,52.75499426241658,173.29837237469673,0.0,0.0,47.12872300344869,66.90498458318025,112.4772946511022,89.93461950702536,93.0,5.0,1.0,memory_bound,
2026-01-05 02:19:00,31.16112803781439,84.61721604788342,52.19439702208447,164.3614182930543,0.0,0.0,47.47030791124366,64.70249599522161,100.13371099640861,82.4889909831438,94.0,3.0,1.0,memory_bound,
2026-01-05 02:20:00,29.827942981636344,89.58903431307945,51.55889174353685,157.91063578950946,0.0,0.0,50.13443662852309,64.6639533921215,72.28898407096284,68.45421607154772,95.0,2.0,1.0,memory_bound,
2026-01-05 02:21:00,27.04159746885211,88.38765668154427,51.61222617989805,150.51319916472602,0.0,0.0,46.60884311642667,63.83470863136708,79.2398245744683,69.55914904296094,96.0,4.0,1.0,memory_bound,
2026-01-05 02:22:00,31.330709812595334,88.76673192266628,51.587957205146,161.78744922025325,0.0,0.0,46.08140918836274,59.94347993919269,93.22080895811555,48.27181616230757,97.0,2.0,1.0,memory_bound,
2026-01-05 02:23:00,35.489880773674734,91.42996944547042,51.73114923253064,185.3542810519382,0.0,0.0,47.348248672329724,60.38717004423566,73.25419965231151,35.56323808586173,98.0,3.0,1.0,memory_bound,
2026-01-05 02:24:00,38.874162118702024,90.75488522861839,51.926533199399316,193.76086938129174,0.0,0.0,51.75890421480495,58.0501901364079,47.725376053991035,20.327783288879935,99.0,4.0,1.0,memory_bound,
2026-01-05 02:25:00,38.665419805760294,85.81203370466174,52.39499100831678,194.7217053145503,0.0,0.0,45.48698488817131,59.69070197350441,65.5295871332751,3.019812321926487,100.0,2.0,1.0,memory_bound,
2026-01-05 02:26:00,42.242891432116,85.75683021622943,53.236447087677824,212.7172135817323,0.0,0.0,44.186555130468385,65.13325778383498,72.42709176216502,14.839295853597044,101.0,5.0,1.0,memory_bound,
2026-01-05 02:27:00,35.673951305877715,84.43143682692182,53.796887062678834,176.11373534808382,0.0,0.0,44.294858439856604,62.91380704910454,87.35015908187923,20.34518713061692,102.0,4.0,1.0,memory_bound,
2026-01-05 02:28:00,34.265099585526826,84.86428003223891,54.01014370451083,183.65028373774527,0.0,0.0,39.10366147544454,64.0065805502381,72.43327877442664,10.535587683167371,103.0,4.0,1.0,memory_bound,
2026-01-05 02:29:00,33.544049757375205,85.54661332251266,54.34874804417891,179.06639268805088,0.0,0.0,40.10681062509609,66.45982446716158,84.14368136754918,21.284424178137108,104.0,5.0,1.0,memory_bound,
2026-01-05 02:30:00,35.6147646437574,88.07754827996699,53.95919302448749,186.10971630620213,0.0,0.0,44.446445347033965,66.1266880057482,91.3125754392191,16.067529271694724,105.0,7.0,1.0,memory_bound,
2026-01-05 02:31:00,36.01994883261403,86.25671699112414,53.69182029262989,184.4178863789152,0.0,0.0,45.88397080636036,63.30457542189916,97.20952973845822,17.676063007031118,106.0,3.0,1.0,memory_bound,
2026-01-05 02:32:00,36.72612520439105,86.74651613226895,53.51318645463516,178.23224315621388,0.0,0.0,49.68480986652598,63.885049743688114,89.73020498045014,24.40216830737701,107.0,5.0,1.0,memory_bound,
2026-01-05 02:33:00,36.86865901112589,89.88164438605182,53.68900187538025,193.3650559214442,0.0,0.0,44.89095134041648,62.145531135075274,102.44094501455196,34.98500937412557,108.0,3.0,1.0,memory_bound,
2026-01-05 02:34:00,34.64529257410605,87.75002282880752,54.03153778146067,180.5171240247995,0.0,0.0,42.12619648107913,62.96793365421835,105.3032451855704,50.92412073340608,109.0,5.0,1.0,memory_bound,
2026-01-05 02:35:00,37.3881546650242,89.88232686055046,54.14786587772314,194.62481156335295,0.0,0.0,38.253658403205414,62.7885595394119,76.73409212150744,29.97092103407025,110.0,8.0,1.0,memory_bound,
2026-01-05 02:36:00,37.27585104905488,90.5468378823315,54.3713691748792,193.41783009671317,0.0,0.0,40.34757131259045,61.860574584015964,87.8359337251433,35.89767350479507,111.0,5.0,1.0,memory_bound,
2026-01-05 02:37:00,38.82512263889178,90.23929491897881,53.56338716930061,183.56291925106189,0.0,0.0,38.835221642573984,59.85043880367594,82.75234886365881,40.824308448490875,112.0,2.0,1.0,memory_bound,
2026-01-05 02:38:00,39.06659227680126,89.58613254818441,53.56510531053583,196.69100765831837,0.0,0.0,42.22379062517357,55.68733886055585,90.64889733916226,49.703601649445574,113.0,5.0,1.0,memory_bound,
2026-01-05 02:39:00,35.232168114597684,88.29129048649507,53.27727966723357,178.6927474574908,0.0,0.0,43.000884941546175,55.76406742945602,86.38278320143975,35.61593789606954,114.0,4.0,1.0,memory_bound,
2026-01-05 02:40:00,32.55885316981486,88.61821739936879,52.65895572313368,165.806294989734,0.0,0.0,45.0885622972875,56.32576555077793,83.18025966135725,37.85667979770608,115.0,4.0,1.0,memory_bound,
2026-01-05 02:41:00,34.566501310133454,87.0421237897773,52.51953681668438,175.3602491455824,0.0,0.0,42.09658236091296,56.36595245016247,74.1924811283371,57.4948867952523,116.0,5.0,1.0,memory_bound,
2026-01-05 02:42:00,33.92883777236848,84.93382093071753,52.59545337473999,179.95338946633962,0.0,0.0,39.4214526948577,60.156059220615525,58.45837047796617,59.988619651036025,117.0,4.0,1.0,memory_bound,
2026-01-05 02:43:00,31.3668892534278,85.43652162484314,52.48793792354879,173.1682020398436,0.0,0.0,37.38278939713197,59.149412168701424,52.04197374541977,64.99417327304653,118.0,2.0,1.0,memory_bound,
2026-01-05 02:44:00,33.17106887763873,81.94291232402934,52.583672956948455,175.31192528987353,0.0,0.0,35.47657602346041,59.85038568299778,53.953033987352235,52.51750729973124,119.0,6.0,1.0,memory_bound,
2026-01-05 02:45:00,34.97201040397422,83.01340078610451,52.78071073806257,174.49749233740732,0.0,0.0,32.376437795518314,57.79291131431403,90.23418746807127,48.251264160044954,120.0,4.0,1.0,memory_bound,
2026-01-05 02:46:00,34.1962687381426,83.80733501701486,52.41742831894916,166.0791752223181,0.0,0.0,30.374216092286666,63.3171196520654,85.49247819164908,43.63275838587798,121.0,3.0,1.0,memory_bound,
2026-01-05 02:47:00,34.98866748263668,81.5505373275394,51.99216424610967,176.26041996603664,0.0,0.0,30.04718038710289,62.670773463165915,89.80450551540513,49.05042508413943,122.0,3.0,1.0,memory_bound,
2026-01-05 02:48:00,32.924906017251644,82.87512496588533,52.26196340185468,176.182573557386,0.0,0.0,27.11449168007198,56.85708606796275,104.12901549077057,32.11428303785866,123.0,3.0,1.0,memory_bound,
2026-01-05 02:49:00,1.061840195181595,3.34801605652751,50.70435603281656,61.69860710434726,0.0,0.0,0.0,27.50103112160164,18.431730115397013,0.0,0.0,1.0,0.0,idle,
2026-01-05 02:50:00,3.2394797716312187,2.1831278647553436,49.16202315861072,65.78645428578349,0.0,0.0,0.0,27.845404694368916,5.5172538483927935,0.0,0.0,2.0,0.0,idle,
2026-01-05 02:51:00,2.8945881983782398,3.893306831215543,47.8260404330947,75.91881611744705,0.0,0.0,0.0,26.822072198072803,0.0,0.0,0.0,0.0,0.0,idle,
2026-01-05 02:52:00,0.0,3.3244610319792454,46.841026211973414,59.21055553695384,0.0,0.0,0.0,26.09512690902646,9.768958772101374,0.0,0.0,1.0,0.0,idle,
2026-01-05 02:53:00,1.8026485130490038,8.006608970736604,45.813334742029035,68.5970581953929,0.0,0.0,1.8090900402542793,27.414636055578804,12.791517545192217,0.0,0.0,1.0,0.0,idle,
2026-01-05 02:54:00,7.184576646403756,9.011631831951327,45.3806014775262,86.27061456523313,0.0,0.0,0.0,27.224479243703204,6.40186900872378,0.0,0.0,1.0,0.0,idle,
2026-01-05 02:55:00,3.5973108011928208,9.5486668949518,44.90247306789484,75.34437647841897,0.0,0.0,0.0,26.839557758211207,0.0,0.0,0.0,4.0,0.0,idle,
2026-01-05 02:56:00,1.584277601851153,8.929921339922622,43.963238155394784,60.806352609680616,0.0,0.0,1.9991876184257524,24.91073720093103,0.0,0.0,0.0,2.0,0.0,idle,
2026-01-05 02:57:00,1.1491860900810837,8.886584248530234,43.06156998322503,62.13432585170083,0.0,0.0,2.880597444795888,27.129579667115674,0.0,0.0,0.0,1.0,0.0,idle,
2026-01-05 02:58:00,2.5617804821982646,10.514993410265847,42.432785517186346,68.0747491320476,0.0,0.0,9.090787602041068,27.928625722502844,0.0,0.0,0.0,1.0,0.0,idle,
2026-01-05 02:59:00,0.0,9.925790343324428,41.92626524992643,70.40322259020891,0.0,0.0,16.288300628200965,27.49975067503809,0.0,22.566231578350656,0.0,1.0,0.0,idle,
2026-01-05 03:00:00,0.0,7.050501909329167,41.739225419642025,64.76008037181202,0.0,0.0,18.399893111121735,31.19359911976247,0.0,12.96858322899822,0.0,0.0,0.0,idle,
2026-01-05 03:01:00,0.0,8.284053294859982,41.17487621724401,59.63480677249197,0.0,0.0,17.88440449897095,29.192339482755884,14.976604647570941,14.072887263882663,0.0,1.0,0.0,idle,
2026-01-05 03:02:00,2.1344858334777115,8.792764173351225,40.69029283660339,62.01060509720293,0.0,0.0,16.96041064151887,29.18347569584913,0.0,20.50356882466653,0.0,2.0,0.0,idle,
2026-01-05 03:03:00,35.03384002480162,47.429104267804966,42.25874970731106,186.57439007005155,0.0,0.0,54.23295254500262,41.132197150807116,734.9831888929067,37.67520035982607,0.0,5.0,2.0,network_bound,
2026-01-05 03:04:00,32.935032098297036,47.88022043188005,43.199792396953534,166.76396848395962,0.0,0.0,51.06050147846812,43.82308780502879,758.8156678972409,50.70633561735744,1.0,5.0,2.0,network_bound,
2026-01-05 03:05:00,30.471917595397446,44.180074275324976,43.80848529665864,167.31512665512085,0.0,0.0,49.547187731430675,44.21259168842602,767.3460192780689,46.35623775330423,2.0,4.0,2.0,network_bound,
2026-01-05 03:06:00,34.75065375079192,47.32378485727013,44.92861256137418,181.0213224008733,0.0,0.0,49.460098180105135,43.70413265274058,765.7868029281055,35.13016387598164,3.0,2.0,2.0,network_bound,
2026-01-05 03:07:00,31.25681669490249,46.02838645230058,45.876087465351326,162.86687583896943,0.0,0.0,44.42659562071073,40.78963304318358,757.9421437711591,34.85383562057422,4.0,3.0,2.0,network_bound,
2026-01-05 03:08:00,32.88653376373577,44.072399663398386,46.91164354100059,176.15300005234369,0.0,0.0,44.294350682497495,43.13884046002295,744.9473406010793,39.65708787860599,5.0,7.0,2.0,network_bound,
2026-01-05 03:09:00,29.905137427748258,45.82504164593656,47.81916748771454,165.92682380431503,0.0,0.0,44.26428251297548,44.29140780931295,749.2444511657811,38.283964042442186,6.0,4.0,2.0,network_bound,
2026-01-05 03:10:00,30.649799007221493,45.527288101716316,47.811922726339844,165.12086542892266,0.0,0.0,42.22990099352007,44.92710763411462,742.794011724387,33.38287376159483,7.0,3.0,2.0,network_bound,
2026-01-05 03:11:00,33.0661175895136,43.24637025410446,48.05996712681516,177.3466705913967,0.0,0.0,39.86512132066811,47.467169998845236,759.9807529321864,40.87099246396682,8.0,3.0,2.0,network_bound,
2026-01-05 03:12:00,37.92660745644163,40.493869298208125,48.973287862829835,193.46881185816648,0.0,0.0,37.986774198634016,47.314131392290626,783.1727313453639,30.85465707702217,9.0,2.0,2.0,network_bound,
2026-01-05 03:13:00,32.36742971663911,38.0094414988582,49.29139838324973,181.04271648840822,0.0,0.0,35.92135498786507,47.195367635312294,764.5853646480315,30.254841909098054,10.0,3.0,2.0,network_bound,
2026-01-05 03:14:00,33.2864539823913,37.37656283143052,49.516774020373965,178.8440843114151,0.0,0.0,40.23102263437017,47.59214849622503,780.554032256114,34.03581648472479,11.0,7.0,2.0,network_bound,
2026-01-05 03:15:00,35.677773904125026,39.20431926144467,49.93750975802282,176.81278937349833,0.0,0.0,43.236362924387045,47.44467857708624,772.1170035040974,22.374422466023358,12.0,6.0,2.0,network_bound,
2026-01-05 03:16:00,34.665555534444316,42.09891183882522,49.831889062607225,175.90386548652117,0.0,0.0,43.089309307650666,50.81820170363071,787.7909543080457,26.868651387377454,13.0,4.0,2.0,network_bound,
2026-01-05 03:17:00,38.13918380865743,41.20909077511891,50.33687420802181,186.46111968034876,0.0,0.0,42.391070764665926,51.248887376187774,781.0771996148874,40.041667406813374,14.0,5.0,2.0,network_bound,
2026-01-05 03:18:00,37.80326667832502,40.577103023943835,51.04128525997668,197.73465930524364,0.0,0.0,37.40922699361837,51.38537369808042,800.9014692719619,58.30602795926187,15.0,3.0,2.0,network_bound,
2026-01-05 03:19:00,38.9898559322126,44.17205184295935,51.032911976181246,181.64313004981568,0.0,0.0,34.85982970178756,54.650745916422416,823.8740661748031,49.63918469327627,16.0,3.0,2.0,network_bound,
2026-01-05 03:20:00,38.54287244427975,42.581296502266056,51.23229721545632,188.20388288286622,0.0,0.0,38.356117493286874,52.358853795986796,804.4738699685581,58.02039700734966,17.0,5.0,2.0,network_bound,
2026-01-05 03:21:00,32.20792658480367,45.40724256374558,50.996783824567736,160.54805026895852,0.0,0.0,40.50176159070565,51.17756515873202,788.4131020006395,51.24536125541706,18.0,4.0,2.0,network_bound,
2026-01-05 03:22:00,32.24916490109299,46.1587958541768,51.32203732470249,174.99370661886272,0.0,0.0,41.268405190133706,54.296975880515916,789.0168510051811,49.9997411486237,19.0,8.0,2.0,network_bound,
2026-01-05 03:23:00,37.42841129642677,45.51126019991625,51.80307997450047,189.71118770075876,0.0,0.0,47.52044368436131,52.86584654144091,820.41755633487,39.33195317200824,20.0,5.0,2.0,network_bound,
2026-01-05 03:24:00,31.970857237574442,41.818322747314355,51.378309873277004,173.95764726023464,0.0,0.0,46.859119423182555,51.965410548475724,823.8191258389595,36.58405821545418,21.0,7.0,2.0,network_bound,
2026-01-05 03:25:00,35.60465126660457,42.411821614657164,51.19067620831427,182.6691229468301,0.0,0.0,46.41941040718209,51.212989908444456,807.3966023954454,51.825104729006256,22.0,5.0,2.0,network_bound,
2026-01-05 03:26:00,35.19242371336432,45.47012235479825,51.34689847285384,188.57810112960132,0.0,0.0,48.6532402637861,48.71902511138804,791.3190692515195,43.33610086413135,23.0,4.0,2.0,network_bound,
2026-01-05 03:27:00,34.26382203399243,45.23900296309408,51.442741687524986,178.7489582348363,1.0,0.0,51.82404945337975,49.322330380957666,786.0639486859903,39.36580748446573,24.0,5.0,2.0,network_bound,
2026-01-05 03:28:00,33.335227464868794,49.98758139937314,51.61323650207554,174.62558113470342,0.0,0.0,52.5755591587306,48.333052142507626,789.2521972615701,18.09778001100889,25.0,5.0,2.0,network_bound,
2026-01-05 03:29:00,27.6701380356147,49.376640491687695,51.54547827087307,156.67101691372775,0.0,0.0,50.24110280098291,47.871925840002,778.6780456382484,20.84003847487843,26.0,3.0,2.0,network_bound,
2026-01-05 03:30:00,30.077424875963036,45.75526614815831,51.489854943232636,162.23116800026486,0.0,0.0,53.60810713517163,49.113935791404366,787.1730768990803,27.972612334991524,27.0,5.0,2.0,network_bound,
2026-01-05 03:31:00,32.1791028672421,42.71412899138023,51.45631340375396,165.05111115883665,0.0,0.0,48.74755644343432,45.94417223017974,771.2875486150976,32.23272911831281,28.0,5.0,2.0,network_bound,
2026-01-05 03:32:00,32.10873591805944,44.36373836557928,51.30140272193223,168.8672901986529,0.0,0.0,46.06984974038227,42.36312743649591,749.0014892559855,49.173119670432456,29.0,3.0,2.0,network_bound,
2026-01-05 03:33:00,31.69599554710933,43.92932335501149,51.20217326409966,169.98072081512532,0.0,0.0,42.913326443253425,45.64087291418396,759.8901126250012,46.34172184820916,30.0,4.0,2.0,network_bound,
2026-01-05 03:34:00,31.843896364293688,43.98357280014235,50.98107312790809,164.22637996585502,0.0,0.0,41.933718064621175,45.131781322868164,743.3351398198104,44.30693541870028,31.0,3.0,2.0,network_bound,
2026-01-05 03:35:00,36.079471130540135,46.231146622636885,51.404522395824706,182.51964996329045,0.0,0.0,40.667968639206,47.45180207385433,735.5933482849014,32.097820400889105,32.0,3.0,2.0,network_bound,
2026-01-05 03:36:00,32.97723652885735,44.13355147630544,51.27565307130207,168.72578229723123,0.0,0.0,42.51632124342993,52.44018620423742,756.989093571221,22.61705453957896,33.0,3.0,2.0,network_bound,
2026-01-05 03:37:00,32.22544953631277,44.62127227629034,51.48171826928413,177.30370299688823,0.0,0.0,45.43448820207918,53.17900612789583,776.6980778884326,29.72646832499222,34.0,2.0,2.0,network_bound,
2026-01-05 03:38:00,35.09361068083279,45.09343919868459,51.661747656110194,170.86477012630664,0.0,0.0,44.23904719061496,54.04668345170467,785.6693152875733,41.155770407852515,35.0,5.0,2.0,network_bound,
2026-01-05 03:39:00,34.44063505616997,43.98635553686235,51.31360898771949,177.2213708442115,0.0,0.0,42.43145434859765,52.76547349231359,762.7990210135663,36.601509186009615,36.0,3.0,2.0,network_bound,
2026-01-05 03:40:00,38.16716689933151,42.64845098234932,51.59439758299497,190.47077577577463,0.0,0.0,42.157149608220045,50.60388141788696,782.6672049068837,28.755358351808777,37.0,3.0,2.0,network_bound,
2026-01-05 03:41:00,37.184063322995506,41.17479224246179,51.90540236487874,190.85983963670512,0.0,0.0,40.58168780248322,51.86996826648026,790.3769151319389,28.480643323906573,38.0,5.0,2.0,network_bound,
2026-01-05 03:42:00,37.17565229574363,39.0405065515151,52.2658027552785,192.5211644777798,0.0,0.0,35.45265915426486,47.322355922670226,743.5195084078746,37.85098384931821,39.0,3.0,2.0,network_bound,
2026-01-05 03:43:00,41.53991433204096,39.47319719122579,53.05152959795323,209.4095677223237,0.0,0.0,44.063906036036784,45.25171245659415,763.4454798995723,30.51858821035493,40.0,2.0,2.0,network_bound,
2026-01-05 03:44:00,39.58829682376503,39.75168728856008,53.42230160488348,188.00415786848802,0.0,0.0,41.32477516179247,48.87566363035524,757.1419233521021,23.51652835461485,41.0,4.0,2.0,network_bound,
2026-01-05 03:45:00,41.47471689844078,42.807843611826,53.50120064727361,203.0591936075341,0.0,0.0,46.15976953440245,43.16396489413734,769.8710829541182,31.2290437492907,42.0,4.0,2.0,network_bound,
2026-01-05 03:46:00,44.99339716444133,43.11518191301556,54.07078757286656,207.86164811239698,0.0,0.0,46.07104686333712,42.235804085172546,812.4548726486877,39.915696566095676,43.0,4.0,2.0,network_bound,
2026-01-05 03:47:00,46.025016482126674,39.63649368498229,54.57432704102735,222.9077247940339,0.0,0.0,43.824396750603995,44.92975024406979,810.829638967245,43.1090180108055,44.0,4.0,2.0,network_bound,
2026-01-05 03:48:00,42.837022921124,43.07967692487717,54.90983637515166,203.09771069344117,0.0,0.0,45.42526447480843,45.741789200246835,811.0001212187157,43.93871116358449,45.0,5.0,2.0,network_bound,
2026-01-05 03:49:00,44.179134342561085,41.1339428363875,55.1890993081451,205.01387784047122,0.0,0.0,39.82157893836078,46.30161324982091,831.525885992353,40.56726763458814,46.0,3.0,2.0,network_bound,
2026-01-05 03:50:00,44.84233172840083,37.21097041593963,55.32273610453598,208.35470634561256,0.0,0.0,39.43420234984069,48.27741574951648,828.3969227262734,49.65421675999912,47.0,6.0,2.0,network_bound,
2026-01-05 03:51:00,45.6718662552457,41.35294552117256,55.495828916201106,214.67854756959298,0.0,0.0,39.60870384155719,48.671365741287474,802.252044902272,52.492431937285076,48.0,6.0,2.0,network_bound,
2026-01-05 03:52:00,42.99962113501148,41.940703186014844,55.43911778015572,209.26290875047792,0.0,0.0,40.46847551209156,49.327092271265286,789.7952041096589,40.95970182723984,49.0,7.0,2.0,network_bound,
2026-01-05 03:53:00,41.31893766799639,41.972437214805296,55.755466097258555,201.38997775424184,0.0,0.0,37.912308264311854,49.80811475432679,794.9047766973914,47.47166017699894,50.0,6.0,2.0,network_bound,
2026-01-05 03:54:00,39.34021772550985,38.65315742096065,55.91413933883132,189.19012906910038,0.0,0.0,39.285772835490825,47.763837322626685,748.1832663228564,60.629236138569375,51.0,2.0,2.0,network_bound,
2026-01-05 03:55:00,37.69834269191776,42.08910319449629,55.54368255410738,188.47688703326065,0.0,0.0,37.35644749213324,50.0900103373485,759.0740979159707,49.7588491644285,52.0,5.0,2.0,network_bound,
2026-01-05 03:56:00,35.172898355065385,42.598199708933414,54.96820042591291,166.43947716165505,0.0,0.0,36.966532091885696,49.2416603068955,757.3841221175152,40.30381899076395,53.0,4.0,2.0,network_bound,
2026-01-05 03:57:00,35.055088018859884,45.292777600269396,54.294835054901,176.05606434706937,0.0,0.0,37.55302354118642,49.07920839187752,761.3761355440872,42.57444520118729,54.0,4.0,2.0,network_bound,
2026-01-05 03:58:00,38.63692382354827,46.245489448837475,53.7809827651673,192.41218672093237,0.0,0.0,33.656374429883556,45.08978400421557,779.4429715871307,49.55187157521097,55.0,3.0,2.0,network_bound,
2026-01-05 03:59:00,41.89826704386391,43.38746447823088,54.46758933538332,205.68586010842785,0.0,0.0,39.34728763079438,46.60403311066706,755.3707316144452,41.847303008418855,56.0,4.0,2.0,network_bound,
2026-01-05 04:00:00,39.59585165396104,43.787855820659146,54.59592057337646,206.5842286399997,0.0,0.0,36.330010062765474,43.68673893922239,764.1408074148295,48.83488262984734,57.0,4.0,2.0,network_bound,
2026-01-05 04:01:00,41.97436665466701,45.115752185369516,54.62560028647744,204.6552000539696,0.0,0.0,39.664058985635656,44.476891148092804,800.6324741000839,53.04914933593254,58.0,4.0,2.0,network_bound,
2026-01-05 04:02:00,37.544749179405464,46.222016212427626,54.50290466723559,191.72772512579124,0.0,0.0,45.614414523172115,43.846708042408466,820.259672160135,57.683163014015065,59.0,7.0,2.0,network_bound,
2026-01-05 04:03:00,39.91735836718473,50.745124940133806,54.20761166875036,190.81489105715215,0.0,0.0,41.07819860295427,43.94770715066034,804.4897933713893,56.38318441501602,60.0,3.0,2.0,network_bound,
2026-01-05 04:04:00,39.592525170499805,48.60752143581931,53.892103511633934,190.11087550303802,0.0,0.0,43.45596115359037,43.953482894216855,778.5909445792354,54.56953637946323,61.0,3.0,2.0,network_bound,
2026-01-05 04:05:00,40.76002796511029,48.05334167910925,53.976391288912765,195.57237610080074,0.0,0.0,47.927441110810484,47.32480646635803,762.4185024063665,62.46493795747754,62.0,4.0,2.0,network_bound,
2026-01-05 04:06:00,39.734155292439446,44.06238685304504,54.08322525820803,201.28780406854747,0.0,0.0,49.2279213485439,43.496840899393604,751.3422379442356,62.48914628406976,63.0,4.0,2.0,network_bound,
2026-01-05 04:07:00,37.78363929321584,45.778731253693294,53.65963388533335,182.38715728632891,0.0,0.0,47.647804472996825,45.164961797142595,743.0717212815828,50.164899053536274,64.0,3.0,2.0,network_bound,
2026-01-05 04:08:00,39.012324816370075,44.84213721149211,53.70623415575336,195.43025442782337,0.0,0.0,47.6886035328899,45.69819830464914,773.2120353388507,46.96155748193344,65.0,2.0,2.0,network_bound,
2026-01-05 04:09:00,37.97178239370666,45.525824211103775,53.66057102765286,189.9633470001779,0.0,0.0,50.07212047403296,48.054191299669974,767.7380117282596,59.0797695632258,66.0,3.0,2.0,network_bound,
2026-01-05 04:10:00,36.89428873777524,45.3284484649339,53.567662178490544,183.37785929364932,0.0,0.0,47.70213217615419,49.3375242645906,781.4348967379975,70.84432943303946,67.0,3.0,2.0,network_bound,
2026-01-05 04:11:00,34.90650219902782,42.917673346544355,53.52435519537784,176.54069990797706,0.0,0.0,45.74141620793369,48.60747999777876,790.8578722261395,76.21063000480953,68.0,2.0,2.0,network_bound,
2026-01-05 04:12:00,32.639006988123946,42.44509132796885,53.417097499327035,173.4730974566773,0.0,0.0,47.81800855867735,44.51513886948577,769.1702831456502,63.772855722007115,69.0,5.0,2.0,network_bound,
2026-01-05 04:13:00,32.26063240501549,42.90666797772505,53.35264268669243,173.89275083225328,0.0,0.0,47.7650364499671,45.70860713027326,749.7193522276051,56.33114577472925,70.0,5.0,2.0,network_bound,
2026-01-05 04:14:00,32.413397990689575,42.914592718457946,52.95180345438572,171.71744896380866,0.0,0.0,46.7412880611886,44.77578294166839,776.6178935905353,67.15356315990668,71.0,4.0,2.0,network_bound,
2026-01-05 04:15:00,33.0340602998505,40.89822650243492,52.86707144278877,170.5441961132858,0.0,0.0,43.93595251188097,44.97078531138938,795.2783199915663,63.04270662880362,72.0,5.0,2.0,network_bound,
2026-01-05 04:16:00,33.245442997255104,40.650238907005665,52.56202040487652,170.3150674721466,0.0,0.0,45.54595843156191,47.8453883560328,803.7799704529369,50.994774183267026,73.0,4.0,2.0,network_bound,
2026-01-05 04:17:00,32.408674113451646,39.75255268538174,52.48692874346798,167.4262189225008,0.0,0.0,41.72076023318796,47.65795328463292,810.806576450542,25.41339083667353,74.0,4.0,2.0,network_bound,
2026-01-05 04:18:00,34.32817755564181,42.45422630462885,52.712344930379736,178.32514049600184,0.0,0.0,49.11611050571588,50.57597893585944,799.8688678092597,34.721277854719034,75.0,4.0,2.0,network_bound,
2026-01-05 04:19:00,35.592456676426515,39.46379847482207,52.81773532605129,182.12731081042085,0.0,0.0,53.68202205334612,50.834948926879896,819.2095871455873,45.06762694937139,76.0,4.0,2.0,network_bound,
2026-01-05 04:20:00,35.014142593476556,41.944623933640834,53.03052248135657,184.39217070759284,0.0,0.0,51.414927223834304,50.26952056460013,824.0952486334318,42.2934364095022,77.0,2.0,2.0,network_bound,
2026-01-05 04:21:00,30.309933557857395,40.41341220055055,52.71301686118434,167.2292153097301,0.0,0.0,48.835704162277,49.91182413668971,807.7920008881806,49.07512888887385,78.0,3.0,2.0,network_bound,
2026-01-05 04:22:00,27.676144789178643,37.89719774380768,52.03898791262325,150.61700908126286,0.0,0.0,47.827948484854375,50.42094418966297,805.0416206455598,43.55706023388277,79.0,3.0,2.0,network_bound,
2026-01-05 04:23:00,29.10454876044699,37.5141581686927,51.829030324261716,160.68570402303877,0.0,0.0,44.0578262643362,51.11542709581652,803.3507703428021,45.14449552339005,80.0,2.0,2.0,network_bound,
2026-01-05 04:24:00,32.430573402956526,35.527411140735914,51.8772311585661,180.00657741053854,0.0,0.0,41.65016940783627,50.15664325814062,802.8313666952822,50.54706332220448,81.0,2.0,2.0,network_bound,
2026-01-05 04:25:00,29.248203174219785,36.3653142366466,52.03738268680936,158.43070829183335,0.0,0.0,39.097240239894646,50.42530752720799,807.4985079230316,54.109331010636694,82.0,5.0,2.0,network_bound,
2026-01-05 04:26:00,27.240841076205125,39.16243515488833,52.14192244788563,154.19170943612616,0.0,0.0,42.14240226426801,50.99525487693582,814.2472547723096,49.243573663329705,83.0,4.0,2.0,network_bound,
2026-01-05 04:27:00,26.203617040619424,37.9474667481923,51.853681987835564,149.66863637428602,0.0,0.0,36.918154410252484,50.60823944167683,817.9592043934189,32.18847685769808,84.0,3.0,2.0,network_bound,
2026-01-05 04:28:00,27.794777141834427,37.8561934361641,51.57418471383008,149.09043275362475,0.0,0.0,39.26348318119451,50.23140610834245,788.8595260641516,28.911671348826655,85.0,4.0,2.0,network_bound,
2026-01-05 04:29:00,30.122914583457185,35.0718558409554,51.677614704893536,168.23778724124696,0.0,0.0,39.57583062900275,51.23164473624602,779.2443831637314,36.75136142496142,86.0,3.0,2.0,network_bound,
2026-01-05 04:30:00,31.044781051670505,38.30053836013838,51.29518602385674,167.2425151347313,0.0,0.0,41.75921232747541,52.14769180111532,800.6065293719198,48.82060362709686,87.0,5.0,2.0,network_bound,
2026-01-05 04:31:00,27.89567658628718,35.95674086099739,51.38582650934656,155.85498611029084,0.0,0.0,39.14324355037171,52.64329042325067,816.8353625799833,52.56795962800763,88.0,3.0,2.0,network_bound,
2026-01-05 04:32:00,27.526729987584865,35.90710166325572,51.26808505929589,153.5603983279028,0.0,0.0,36.49167495942311,51.45238726530982,820.9750445401701,53.461753743303035,89.0,2.0,2.0,network_bound,
2026-01-05 04:33:00,29.46189380644378,37.024838446661086,51.08227617744013,163.18651603065695,0.0,0.0,39.94313848610197,51.44296932098415,820.0071188497525,45.01523294345552,90.0,3.0,2.0,network_bound,
2026-01-05 04:34:00,30.97439225820132,39.08138825654365,51.09454932881554,165.4794046954236,0.0,0.0,45.88444526873402,51.69454585426021,795.3825475543188,34.78811344440596,91.0,5.0,2.0,network_bound,
2026-01-05 04:35:00,32.9261597972758,39.49803648794792,50.89188815452638,168.83176353515861,0.0,0.0,46.41313802843677,50.60314841752992,797.9876399323065,14.83816938853765,92.0,4.0,2.0,network_bound,
2026-01-05 04:36:00,37.54028315351192,38.926079524670584,51.57749446448213,198.22225449736237,0.0,0.0,45.62804987938036,46.79942170434529,790.9494360269204,9.456110200936088,93.0,3.0,2.0,network_bound,
2026-01-05 04:37:00,37.57467380469137,42.5719204789866,52.50127479107371,194.1362737908284,0.0,0.0,41.539056709480136,48.288606613190176,785.8493846534845,3.112874196591214,94.0,3.0,2.0,network_bound,
2026-01-05 04:38:00,38.19658781442462,41.33343440402075,52.78556013676467,194.61633758829734,0.0,0.0,43.432725169546124,45.73052235297992,779.5716268508045,30.61040301013208,95.0,3.0,2.0,network_bound,
2026-01-05 04:39:00,39.773580297338356,42.701697920128254,53.20260731515096,196.56162292563633,0.0,0.0,48.1276975813845,45.241730577990026,794.9431652761871,36.69023180560739,96.0,3.0,2.0,network_bound,
2026-01-05 04:40:00,41.35627456324431,43.290665418485474,53.6123693924216,197.61890883363984,0.0,0.0,46.285434501955024,47.475617728367865,787.5052119263572,47.40003170021054,97.0,5.0,2.0,network_bound,
2026-01-05 04:41:00,43.01594842460986,44.376887310533654,53.80936651497645,199.36451549937996,0.0,0.0,44.12304216885633,45.62672766779609,809.372771331177,63.633169638796026,98.0,3.0,2.0,network_bound,
2026-01-05 04:42:00,41.03505739588185,46.82616835372985,53.94056445712597,200.3641457776848,0.0,0.0,40.42652357582886,46.359642697797455,822.5815566343682,65.68561519181833,99.0,5.0,2.0,network_bound,
2026-01-05 04:43:00,39.68097176312732,44.9371949272764,53.92792732182732,197.62556327690135,0.0,0.0,40.4525501181546,47.19671754793253,799.2613393618133,71.94541754940374,100.0,3.0,2.0,network_bound,
2026-01-05 04:44:00,35.99047629294539,44.64423503234915,53.84505475682519,177.23982605499313,0.0,0.0,42.45542355388443,45.11771325964076,791.5087648014678,56.762331079460125,101.0,3.0,2.0,network_bound,
2026-01-05 04:45:00,37.184351416734074,45.21352955430432,53.5909068257683,190.24132940720108,0.0,0.0,40.48854776180352,44.56271739364782,791.1188506630072,68.33834666824934,102.0,5.0,2.0,network_bound,
2026-01-05 04:46:00,34.855413878470884,43.35875717647398,53.304685125225454,175.85281254936243,0.0,0.0,48.713188628338415,44.72186101767882,795.4867383107644,59.91389694300131,103.0,5.0,2.0,network_bound,
2026-01-05 04:47:00,33.78084782862654,42.18551334233483,53.46406433086467,178.71477577827454,0.0,0.0,50.73719166241705,45.620351048955015,815.2394237621339,55.0547393016589,104.0,5.0,2.0,network_bound,
2026-01-05 04:48:00,34.69261725712508,40.680653193865346,53.47012723420235,177.3818549548369,0.0,0.0,49.89792272447582,48.00447142631515,810.2291373943829,64.09076676013709,105.0,3.0,2.0,network_bound,
2026-01-05 04:49:00,32.09573391130592,42.94948672502599,52.75982730151833,158.21320687126325,0.0,0.0,49.645967948672805,46.71557127799503,824.4604895030735,58.83772826637801,106.0,2.0,2.0,network_bound,
2026-01-05 04:50:00,31.15091895691676,44.92529427403297,52.87611922391327,164.5932594816065,0.0,0.0,54.15238185375583,48.92587398301072,840.2710905181312,42.93731514071299,107.0,5.0,2.0,network_bound,
2026-01-05 04:51:00,29.065989206648325,44.671181354910715,52.87871754349329,157.90561655191294,0.0,0.0,51.55460539105346,50.199581634737974,814.4486554922138,42.03976816173027,108.0,5.0,2.0,network_bound,
2026-01-05 04:52:00,31.38032202820418,45.11030180182085,53.125836038443474,173.44425153177028,0.0,0.0,55.64880117852722,48.59963739759006,811.6638262712999,39.547227984645964,109.0,4.0,2.0,network_bound,
2026-01-05 04:53:00,29.145891078510886,43.66210025612338,52.96115469227821,159.36689844559973,0.0,0.0,54.03534188231512,46.255141313441456,844.573800496507,37.57482769046706,110.0,4.0,2.0,network_bound,
2026-01-05 04:54:00,28.727746923867983,45.95802483446424,52.03444972493843,156.17524474456707,0.0,0.0,52.56690430599947,46.5000994082484,844.9335928796596,40.87079202424863,111.0,5.0,2.0,network_bound,
2026-01-05 04:55:00,32.59053798186569,42.68469958553993,51.86635205842214,168.77880916469272,0.0,0.0,45.32576769140088,46.18048140577397,795.2386971967949,31.373477721317194,112.0,2.0,2.0,network_bound,
2026-01-05 04:56:00,35.32105734323513,43.115137746725075,51.74265156101466,179.50118722634764,0.0,0.0,47.075825826425856,44.995062847820506,803.5417276880427,28.355358191425232,113.0,6.0,2.0,network_bound,
2026-01-05 04:57:00,36.546556020720075,44.1278695546912,51.89420823661794,185.40970311982664,0.0,0.0,53.10687492670334,46.968936545994566,783.6215367861365,19.40235212912965,114.0,3.0,2.0,network_bound,
2026-01-05 04:58:00,34.51385576004304,42.00095600984711,51.88814326883353,176.12219592654824,0.0,0.0,48.27433389496738,50.78930632061622,809.7840968246318,35.33533216031811,115.0,2.0,2.0,network_bound,
2026-01-05 04:59:00,35.51484611439603,44.36330359135097,51.75612172224828,178.2978239083464,0.0,0.0,50.61713650438959,50.61775021966797,810.2074628675249,36.46454049368394,116.0,4.0,2.0,network_bound,
2026-01-05 05:00:00,37.53123179525808,43.80497928167636,52.35407602305328,191.53141119545973,0.0,0.0,49.67870977064897,47.527329124841565,829.2826755578884,22.036912219657186,117.0,3.0,2.0,network_bound,
2026-01-05 05:01:00,38.42819448459208,41.87279645326412,52.72159746459549,190.8552123365789,0.0,0.0,49.89931172820323,47.42816481316657,818.8949730377519,23.659676149946986,118.0,3.0,2.0,network_bound,
2026-01-05 05:02:00,37.011692156708136,44.54954893928261,53.27984227009641,188.09905835458554,0.0,0.0,46.12534642259656,48.48497952915917,832.2623618125712,9.995103741204126,119.0,5.0,2.0,network_bound,
2026-01-05 05:03:00,34.277650804041464,43.15219031193137,52.99369338907273,172.6657208424673,0.0,0.0,49.404878602502926,49.83098643534144,823.3918145515124,20.64275463838626,120.0,4.0,2.0,network_bound,
2026-01-05 05:04:00,37.249576480801494,44.407304741664134,53.01111322746235,179.16740897738742,0.0,0.0,50.41242373875392,47.63092159756793,820.560133025474,15.66271067882641,121.0,5.0,2.0,network_bound,
2026-01-05 05:05:00,32.868653804505726,42.45205223957261,52.55797305342384,171.9781822529816,0.0,0.0,50.21061851269549,44.94997871275696,847.9582839162217,9.325945283423032,122.0,5.0,2.0,network_bound,
2026-01-05 05:06:00,31.855748780482045,41.799638359050725,52.26217126878101,163.15448915488372,0.0,0.0,50.80869839239129,46.31999814523569,847.819583698,0.09445305821247629,123.0,4.0,2.0,network_bound,
2026-01-05 05:07:00,32.62530037062534,40.751162468625076,52.01743564543304,175.6016243469552,0.0,0.0,49.166165650858716,48.15167615892747,863.8702118340846,2.3108054712891786,124.0,3.0,2.0,network_bound,
2026-01-05 05:08:00,37.56179939240439,40.14376341160694,52.115806084607506,179.5368180128561,0.0,0.0,48.793706393808755,48.96774687977548,850.028215889196,32.27087275617765,125.0,8.0,2.0,network_bound,
2026-01-05 05:09:00,39.944705985094615,44.27836986872215,52.33876419039169,191.70021527102816,0.0,0.0,48.278824049404086,47.336740732558,853.2148868288245,31.243040962688916,126.0,3.0,2.0,network_bound,
2026-01-05 05:10:00,39.7794274814296,42.9977163195025,53.09789397832295,195.44034644458768,0.0,0.0,43.34889466125996,48.579215278422545,872.0224661764279,40.11804765821661,127.0,4.0,2.0,network_bound,
2026-01-05 05:11:00,38.4819600702374,42.37804295241308,53.10437676818074,187.31038815648495,0.0,0.0,40.39946593689313,48.286478458420135,841.4131117656613,21.91325276081294,128.0,5.0,2.0,network_bound,
2026-01-05 05:12:00,38.97927774223577,42.97464802998269,52.62832941442685,195.99726634653243,0.0,0.0,41.69633036429492,47.28129241041053,844.5952016974459,13.573154227674241,129.0,4.0,2.0,network_bound,
2026-01-05 05:13:00,41.94534872347421,44.423058111551896,52.88405671970365,204.33244366605786,0.0,0.0,38.8835243156836,49.99689344833502,885.9158982130242,5.2783869953460325,130.0,5.0,2.0,network_bound,
2026-01-05 05:14:00,41.32505567762431,44.02819602571379,53.19107544200047,201.36050522449062,0.0,0.0,39.739830171513994,55.269591248879784,890.7664051409619,10.621809885872931,131.0,3.0,2.0,network_bound,
2026-01-05 05:15:00,40.03295815451403,45.415992067208585,53.48035183111465,195.81278728992277,0.0,0.0,35.600284781673025,54.97430942844112,883.3473733892137,8.695077964412782,132.0,4.0,2.0,network_bound,
2026-01-05 05:16:00,40.155879906047765,46.318697784603955,53.6159976094331,192.93801293152904,0.0,0.0,35.53542225014708,57.52589616238099,875.2863099434569,6.8460981525383495,133.0,6.0,2.0,network_bound,
2026-01-05 05:17:00,39.79731307716644,48.494527932542844,53.55098638556839,197.61934521750288,0.0,0.0,36.528319619741715,55.89263020319671,866.5119156775934,20.231364888863226,134.0,3.0,2.0,network_bound,
2026-01-05 05:18:00,39.41258910336194,45.68126599931558,53.76718696866887,192.46998828845204,0.0,0.0,35.55699556395807,55.105975625182055,862.9777126303115,28.779644200405848,135.0,3.0,2.0,network_bound,
2026-01-05 05:19:00,36.40579592610704,45.055492986157645,53.90420654328261,183.7630791709038,0.0,0.0,38.67769278225172,55.095669473195485,865.5669540777226,23.888475164890423,136.0,3.0,2.0,network_bound,
2026-01-05 05:20:00,35.53906872272357,46.0049952833796,53.76301993087335,179.70138523938743,0.0,0.0,34.713706115186284,55.93257370848422,837.3245686528188,25.8727411552695,137.0,3.0,2.0,network_bound,
2026-01-05 05:21:00,35.55587460571206,44.739467757973685,53.414545901669406,171.22222369955534,0.0,0.0,38.62467709034728,51.986398500556085,822.8672279478304,32.648179709859576,138.0,3.0,2.0,network_bound,
2026-01-05 05:22:00,34.4625370962616,42.19298252207132,53.52413090979644,186.78266294417762,0.0,0.0,39.4245416741275,48.259515490383585,835.4206900354367,35.90238241382707,139.0,5.0,2.0,network_bound,
2026-01-05 05:23:00,36.42238844633354,43.071001783053894,53.63027715403743,189.8870013654617,0.0,0.0,42.73933969417009,48.06055577838567,799.5070971895834,20.800184790151278,140.0,3.0,2.0,network_bound,
2026-01-05 05:24:00,33.24429819726177,42.52076283617532,53.60029403956536,165.03262046959318,0.0,0.0,39.30355516893848,47.93610638009701,770.5286531376656,4.627507711892527,141.0,5.0,2.0,network_bound,
2026-01-05 05:25:00,31.029075249139364,41.33728266714778,53.027608148316496,162.25322437637436,0.0,0.0,39.71055685623901,50.11127247896699,788.2021844456017,22.02521091722877,142.0,5.0,2.0,network_bound,
2026-01-05 05:26:00,31.279021623349273,42.06786448052609,52.367739974098235,174.8845022442959,0.0,0.0,39.97686086652229,48.62901101654007,777.2686164855648,39.05442372159595,143.0,7.0,2.0,network_bound,
2026-01-05 05:27:00,28.03443985734548,42.052432394012676,52.26976297351782,159.26758774434475,0.0,0.0,35.57345140667675,45.087539099835304,774.5899464267422,11.69770725200462,144.0,5.0,2.0,network_bound,
2026-01-05 05:28:00,30.172866963679876,40.38141532497832,52.49943095178271,157.03347148185105,0.0,0.0,37.62615401686569,49.05554018929318,769.5869835352661,33.37938922906111,145.0,4.0,2.0,network_bound,
2026-01-05 05:29:00,29.375244231733635,43.150300655325985,52.022970577761946,158.89291488100602,0.0,0.0,38.58887706627072,49.777691868486976,772.4125738501316,26.225998323024648,146.0,3.0,2.0,network_bound,
2026-01-05 05:30:00,29.59578421043036,39.5005663884788,51.96380544984752,156.34601178609586,0.0,0.0,38.38442972389582,48.58206566048441,770.4165041225723,36.801000386993394,147.0,2.0,2.0,network_bound,
2026-01-05 05:31:00,28.849996341588707,38.39847188515378,51.23302647748006,156.52213664767996,0.0,0.0,40.166543484851026,47.03796539665897,773.2391627688695,36.58955439754013,148.0,4.0,2.0,network_bound,
2026-01-05 05:32:00,30.339992518381404,37.441106709314425,51.58886156529724,162.58941001753115,0.0,0.0,40.673561101214176,47.384468358016214,777.9448805012928,43.24159405953702,149.0,3.0,2.0,network_bound,
2026-01-05 05:33:00,30.45775245638133,37.58273123542845,51.80353597206839,162.65371482811872,0.0,0.0,42.34758886881988,43.40042154557278,792.2855158805908,34.71531058137098,150.0,4.0,2.0,network_bound,
2026-01-05 05:34:00,25.98566898160572,41.377468782945,52.01594086481206,152.12495040319502,0.0,0.0,43.84677696220405,41.77587940860952,787.8843484762039,25.205392403274363,151.0,5.0,2.0,network_bound,
2026-01-05 05:35:00,27.75259931151935,44.676030698590125,51.69247961036634,150.46831421393998,0.0,0.0,45.75573214027747,44.29105955547378,802.9193630421048,45.257831160589035,152.0,3.0,2.0,network_bound,
2026-01-05 05:36:00,33.56006023104855,43.25645804557852,51.65897483271383,171.572085599546,0.0,0.0,42.1883791385183,45.39079162318357,827.3799789809159,47.87425722747555,153.0,5.0,2.0,network_bound,
2026-01-05 05:37:00,37.6878757579678,39.611720037489945,51.83025299592241,195.4596737396811,0.0,0.0,39.99196289606814,44.034316582700825,810.1440279416015,40.68147265143651,154.0,5.0,2.0,network_bound,
2026-01-05 05:38:00,35.00117519256766,37.46169764247045,51.723530492280105,177.68198993449988,0.0,0.0,39.700914306398374,45.52498832266747,797.9269497502463,27.722247205509078,155.0,2.0,2.0,network_bound,
2026-01-05 05:39:00,29.315479362019822,37.887198661074024,52.004031943712015,159.35728087357774,0.0,0.0,38.79819603796194,46.448791292730796,794.5175242354611,25.012274106597893,156.0,2.0,2.0,network_bound,
2026-01-05 05:40:00,26.27106868934761,37.91758286463168,51.454439280815684,151.26866735278267,0.0,0.0,40.12905507239127,47.277056196973064,789.3746010763123,34.49551119293886,157.0,3.0,2.0,network_bound,
2026-01-05 05:41:00,29.193453097759406,39.34317149793988,51.755118240774536,168.75812013311867,0.0,0.0,38.87745673283268,45.6126724388033,812.5724365790697,20.27256986328964,158.0,3.0,2.0,network_bound,
2026-01-05 05:42:00,31.208826579752852,41.76548768575632,51.53837640882318,157.0546878335635,0.0,0.0,36.13489184115288,45.77424315648248,814.442669610893,19.64630037513483,159.0,5.0,2.0,network_bound,
2026-01-05 05:43:00,34.32263109711769,44.69101856106046,52.11192344752529,177.37229766840423,0.0,0.0,37.621791550408105,46.92773964995881,793.2745016171257,20.751937770618213,160.0,2.0,2.0,network_bound,
2026-01-05 05:44:00,32.58963594287867,44.38695362831609,52.16139675177293,174.748170714316,0.0,0.0,38.52290961659889,47.312442205329994,775.561738599234,3.277845433607421,161.0,4.0,2.0,network_bound,
2026-01-05 05:45:00,33.333763535910165,43.13695450329811,52.15186808728223,171.55476329750525,0.0,0.0,39.64643407303381,47.49019786119759,754.0681213811326,10.643299607623678,162.0,4.0,2.0,network_bound,
2026-01-05 05:46:00,3.130004314620979,5.241092394006762,50.911704893516145,67.07038161360155,0.0,0.0,4.391091724421976,34.42945492629924,0.0,0.0,0.0,3.0,0.0,idle,
2026-01-05 05:47:00,2.307249334501306,4.4154011191723335,48.823185648929666,70.22261926168443,0.0,0.0,7.29250079580418,34.80034394262986,0.0,0.0,0.0,0.0,0.0,idle,
2026-01-05 05:48:00,2.451516081502073,6.30921108129745,47.89976511640892,63.54070003962225,0.0,0.0,7.562614152984856,37.29864541945841,0.0,0.0,0.0,4.0,0.0,idle,
2026-01-05 05:49:00,5.677949363481584,4.033098248445597,46.85823459064748,79.0521310294674,0.0,0.0,9.87193405801073,37.7251515752601,0.0,1.847949947474885,0.0,0.0,0.0,idle,
2026-01-05 05:50:00,6.000946297373399,4.805257391935506,45.62262336020158,80.60936592304925,0.0,0.0,7.0452544914375,40.722203210969596,4.319743474109628,0.0,0.0,3.0,0.0,idle,
2026-01-05 05:51:00,6.999784763016971,4.877743274091429,44.94559361592239,79.86479794775049,0.0,0.0,3.4275147067163867,40.38562309275508,9.22511960557721,5.801125040898538,0.0,4.0,0.0,idle,
2026-01-05 05:52:00,6.509100081236813,4.473063331984685,44.71034979530569,80.24166450548671,0.0,0.0,11.52471480929934,41.991997933582766,0.0,14.076251396075754,0.0,3.0,0.0,idle,
2026-01-05 05:53:00,6.480963228469259,1.6558553908277247,44.28590847552591,83.84519983218364,0.0,0.0,16.044934110173735,39.889185541570654,11.38582959447379,0.0,0.0,2.0,0.0,idle,
2026-01-05 05:54:00,7.59068883769757,2.2851591607132766,44.09213452966584,87.72534750310473,0.0,0.0,15.28910813100139,43.25012302889402,15.42807619098835,6.518591663950565,0.0,1.0,0.0,idle,
2026-01-05 05:55:00,6.3374384356329525,0.655365820199787,43.842590934867,78.35750140866297,0.0,0.0,16.40034327602841,41.720863236442,35.944113398997466,2.2833376579889295,0.0,0.0,0.0,idle,
2026-01-05 05:56:00,4.628952339378586,4.075476510710345,43.92437012690669,90.93056386519989,0.0,0.0,15.501120526764023,39.76833520118343,28.04198001617406,0.0,0.0,2.0,0.0,idle,
2026-01-05 05:57:00,2.8443457123590083,6.000101436143831,43.226230605113095,64.8606275635151,0.0,0.0,14.36790786425476,40.99513271618275,14.627985814944196,0.0,0.0,1.0,0.0,idle,
2026-01-05 05:58:00,3.76841446252413,5.602248291536729,43.00538199241257,71.41522983218559,0.0,0.0,12.292630323672732,39.763457117193525,0.0,0.0,0.0,3.0,0.0,idle,
2026-01-05 05:59:00,4.718654674355178,4.034943042194044,42.86311944217652,73.64308524656738,0.0,0.0,10.334738370273296,37.987721285477804,3.192611427950136,0.0,0.0,2.0,0.0,idle,
2026-01-05 06:00:00,10.3936706450545,4.90377059298519,43.2289620916008,101.94093332082568,0.0,0.0,9.312410127701071,37.76293964214277,0.0,0.0,0.0,2.0,0.0,idle,
2026-01-05 06:01:00,4.511123288188208,5.781969171906056,43.322305217873975,71.06653649301627,0.0,0.0,12.310978190545248,37.497573042890664,0.0,0.0,0.0,3.0,0.0,idle,
2026-01-05 06:02:00,4.007489795531231,8.403165063014615,43.401015036760306,73.71138865655895,0.0,0.0,9.822385534499423,38.52858379420966,2.8290541614723095,0.0,0.0,2.0,0.0,idle,
2026-01-05 06:03:00,1.5736127572876333,8.063150192149541,42.54193411216739,60.06884842665736,0.0,0.0,7.69356929007617,37.022225478818626,10.718495128201056,0.0,0.0,4.0,0.0,idle,
2026-01-05 06:04:00,0.0,7.845473429004229,41.75238293407301,61.89565878227429,0.0,0.0,7.324593914172967,33.22966190100309,10.022239706382447,0.0,0.0,1.0,0.0,idle,
2026-01-05 06:05:00,1.3565608012576464,10.520327660469794,40.67816089508582,54.28557905775615,0.0,0.0,4.208260409417552,33.164127648211156,5.016040741686206,0.0,0.0,1.0,0.0,idle,
2026-01-05 06:06:00,0.30296426844089575,10.852580347271633,40.43793666561922,62.24916524780436,0.0,0.0,0.0,35.812499174902065,10.390881559024557,0.0,0.0,1.0,0.0,idle,
2026-01-05 06:07:00,0.0,10.615234404708076,40.51845922205995,59.711026510852136,0.0,0.0,2.5691225152310535,35.56888178965266,6.298156400023605,0.0,0.0,0.0,0.0,idle,
2026-01-05 06:08:00,1.0670221947468037,9.91286629176023,40.15782499530441,64.51719147784374,0.0,0.0,2.4726821573239652,32.77390290350069,22.864429691127533,14.41475351870277,0.0,2.0,0.0,idle,
2026-01-05 06:09:00,0.017233534720942134,11.849356872462012,40.089901504255266,59.46732332295184,0.0,0.0,5.850239938161817,31.464113940938933,16.666506444667174,9.692217922942216,0.0,3.0,0.0,idle,
2026-01-05 06:10:00,0.0,9.015162011521472,39.368479166176876,52.915584284737,0.0,0.0,6.9465589270611225,32.659098302720956,15.818615199574854,16.24342230562844,0.0,1.0,0.0,idle,
2026-01-05 06:11:00,0.0,9.441004364155775,39.435457975518645,64.70781293180833,0.0,0.0,7.433024612632778,30.62494449258751,24.98429318326349,1.2610188683027852,0.0,2.0,0.0,idle,
2026-01-05 06:12:00,0.0,8.136320081409092,39.17229611660017,57.632657305322624,0.0,0.0,13.466753924110348,31.103082432561138,24.920579012298266,0.0,0.0,2.0,0.0,idle,
2026-01-05 06:13:00,0.0,7.607329173282868,38.70645453653424,56.63624390194169,0.0,0.0,15.073329242482147,34.50031387411283,27.574894439511386,0.0,0.0,3.0,0.0,idle,
2026-01-05 06:14:00,0.0,6.915852596513478,38.674687202058195,53.6916616062736,0.0,0.0,15.947518011232903,31.98935945652448,28.038796854544437,0.0,0.0,2.0,0.0,idle,
2026-01-05 06:15:00,0.0,5.1999814777213675,38.19294638973486,63.362789290401125,0.0,0.0,16.535450554076295,33.580230634815265,12.71089763614198,0.0,0.0,2.0,0.0,idle,
2026-01-05 06:16:00,2.118077058716981,5.981505521590678,38.65945894001553,61.686657555352575,0.0,0.0,13.264446628490544,33.19838035057868,0.0,0.0,0.0,3.0,0.0,idle,
2026-01-05 06:17:00,3.1698561572943404,4.490795611402948,38.83307319891524,68.40618354112137,0.0,0.0,11.724121311697994,34.215299912327644,0.0,0.0,0.0,0.0,0.0,idle,
2026-01-05 06:18:00,4.055227193688346,5.393088266490172,38.88488452984132,72.92952558835283,0.0,0.0,8.33384809848107,32.581003641636734,0.0,0.0,0.0,2.0,0.0,idle,
2026-01-05 06:19:00,6.585013067429376,8.064823709676492,39.00510073377152,74.71153634570983,0.0,0.0,5.332078124112104,36.31730083225499,0.0,0.0,0.0,1.0,0.0,idle,
2026-01-05 06:20:00,7.347763489904795,8.350335915273474,39.393667000743704,82.70668705218714,0.0,0.0,10.917612549855848,35.92911060944615,0.0,0.0,0.0,2.0,0.0,idle,
2026-01-05 06:21:00,2.0793859325294424,10.417998475436306,39.01455103321782,60.849853323879834,0.0,0.0,10.282036508814151,36.50809897104648,0.0,0.0,0.0,3.0,0.0,idle,
2026-01-05 06:22:00,1.309682296722766,11.899313274174208,38.602404113868914,59.4189911762589,0.0,0.0,14.362557098420485,36.08238250475052,7.58379582588656,0.0,0.0,3.0,0.0,idle,
2026-01-05 06:23:00,1.4110963256007154,14.613617589833769,38.333196383666824,60.28616834915241,0.0,0.0,13.647653370645024,32.66060288999992,0.0,0.0,0.0,0.0,0.0,idle,
2026-01-05 06:24:00,1.4069867098385895,11.878867710932187,37.974914258426914,69.0463900762316,0.0,0.0,12.304367415477024,35.19513419564416,0.0,0.0,0.0,2.0,0.0,idle,
2026-01-05 06:25:00,28.462901608825216,53.8610777724878,39.21191516733488,156.87324635526286,0.0,0.0,37.58407462687515,42.956914584294196,37.05271812191848,280.42441394444944,0.0,5.0,3.0,io_bound,
2026-01-05 06:26:00,29.4139003815196,53.19921499108039,40.443848554354545,162.9046493507763,0.0,0.0,35.09934473731108,46.503263179948135,46.50725232524941,295.9602103370813,1.0,4.0,3.0,io_bound,
2026-01-05 06:27:00,30.83758864463791,50.18749082690008,42.04286549082188,164.00961219454024,0.0,0.0,30.664376346945563,47.29177668317923,40.98650724755121,302.1596386102697,2.0,5.0,3.0,io_bound,
2026-01-05 06:28:00,29.154203143468,49.621799572453696,43.175539409120866,161.44688184430336,0.0,0.0,31.204951087201554,49.306378765112775,52.93569803213373,304.219028214517,3.0,3.0,3.0,io_bound,
2026-01-05 06:29:00,28.128442896109814,50.04976344207619,43.62235400460085,150.10647558157274,0.0,0.0,30.89315779913176,47.22947283696483,43.78895054800586,298.3103386058379,4.0,6.0,3.0,io_bound,
2026-01-05 06:30:00,29.572860609629796,51.26458970549281,43.85143818390277,158.80912803596857,0.0,0.0,33.173830726243885,46.133056370324816,35.71097830365342,289.0608621884218,5.0,2.0,3.0,io_bound,
2026-01-05 06:31:00,30.47222626122308,49.749584033452905,44.77771032721423,157.8594310193797,0.0,0.0,34.39186379262923,44.37211980118588,51.3175785613886,286.83267210447394,6.0,3.0,3.0,io_bound,
2026-01-05 06:32:00,30.000420583448857,47.91769124913453,45.71150239209192,157.83654382652568,0.0,0.0,31.162038217833043,46.28680389130066,48.4799112207252,285.58031588186117,7.0,5.0,3.0,io_bound,
2026-01-05 06:33:00,26.49380118559983,46.03185818274444,46.183429749465844,147.6247114073855,0.0,0.0,30.12075559481415,45.84396906499491,56.77614044507092,295.762306437051,8.0,4.0,3.0,io_bound,
2026-01-05 06:34:00,27.771097898325696,45.73769704525743,46.19727882570073,155.12156707886749,0.0,0.0,29.728562313439376,42.63111615131853,57.32766082383791,289.3984140618326,9.0,3.0,3.0,io_bound,
2026-01-05 06:35:00,27.925035493843154,49.14842618876317,46.56202820068305,156.37127536301054,0.0,0.0,29.61854481204846,42.08406293848347,67.9771954199794,286.83681491536095,10.0,6.0,3.0,io_bound,
2026-01-05 06:36:00,25.265833887820136,43.27352635915822,46.6104142994581,145.4774691682421,0.0,0.0,29.744744497314883,43.926418073790245,54.49127724890793,281.42964380392243,11.0,5.0,3.0,io_bound,
2026-01-05 06:37:00,27.446220316470704,43.530206714337524,46.33351489415032,142.59256263076264,0.0,0.0,29.758861841296557,41.75276319820162,44.605005814251044,271.5846734122261,12.0,6.0,3.0,io_bound,
2026-01-05 06:38:00,30.374866254667182,44.078095689385734,47.02334182875183,158.86421537059704,0.0,0.0,32.633404577215366,40.53136936358884,24.1290263679022,285.817704650888,13.0,3.0,3.0,io_bound,
2026-01-05 06:39:00,33.19785921489493,42.617956461526155,47.716192582247174,172.9781717727301,0.0,0.0,29.42805354787791,43.084774585383165,16.818436086231216,293.71208211392184,14.0,3.0,3.0,io_bound,
2026-01-05 06:40:00,33.00867661669783,41.4158862353457,48.50989830801547,162.16514633069227,0.0,0.0,30.589469954446727,39.795227353300746,10.789160995244629,301.25959151235594,15.0,5.0,3.0,io_bound,
2026-01-05 06:41:00,28.535230353802994,40.40517554416201,49.158375485807646,152.73629611994204,0.0,0.0,34.44319900568242,38.987929436175875,37.83459137738373,296.77128480975585,16.0,3.0,3.0,io_bound,
2026-01-05 06:42:00,33.53344229818476,45.06084882177854,49.5778122559637,173.40900299936942,0.0,0.0,36.15231835618191,39.08665328893052,36.58454942102884,289.7923336013805,17.0,4.0,3.0,io_bound,
2026-01-05 06:43:00,31.410250667517964,46.377956203114444,49.460063569106474,164.02596178503714,0.0,0.0,31.33503841609977,39.48060079901948,38.060547900761705,278.80097661855586,18.0,5.0,3.0,io_bound,
2026-01-05 06:44:00,30.674043519805444,45.63970541523641,49.259619080443684,160.30706921534124,0.0,0.0,27.984934801884673,43.59660089051038,51.47813714390053,274.1892038743172,19.0,8.0,3.0,io_bound,
2026-01-05 06:45:00,30.01058455092302,45.555970367281816,49.06114975736956,166.28214176389645,0.0,0.0,29.946601068192923,41.83189267488772,48.447259636699584,266.57421314326274,20.0,3.0,3.0,io_bound,
2026-01-05 06:46:00,30.862450303613503,43.01756706933647,49.37446767551596,162.69127965539093,0.0,0.0,27.85232712538467,41.077579984445435,56.8063080680754,273.3237697124002,21.0,5.0,3.0,io_bound,
2026-01-05 06:47:00,31.564749381662203,43.94629456875218,49.6161922059568,162.6165412870987,0.0,0.0,32.01699802528975,45.96145976412273,38.43277944408459,266.7168307994701,22.0,5.0,3.0,io_bound,
2026-01-05 06:48:00,31.989082619705137,41.06424251723834,50.08530494832166,177.1521418844253,0.0,0.0,35.01333431848653,43.17677042525851,20.289049894459815,277.07176048974196,23.0,6.0,3.0,io_bound,
2026-01-05 06:49:00,37.25074431608938,39.732549703774104,50.13979363807032,179.43652412692046,0.0,0.0,33.43919777379961,41.04738003960514,54.82269277283581,295.90749796352384,24.0,5.0,3.0,io_bound,
2026-01-05 06:50:00,37.442915478639826,42.62417053711785,50.93931503680719,185.89026972601954,0.0,0.0,40.91391579939304,39.203550881495644,70.84616025480115,281.12665007009394,25.0,5.0,3.0,io_bound,
2026-01-05 06:51:00,32.2767728316646,38.53560356166393,51.04188459229301,181.70663141543508,0.0,0.0,38.305643037938815,38.33639553813536,72.8092804273618,280.9266164560736,26.0,4.0,3.0,io_bound,
2026-01-05 06:52:00,28.258835860420632,41.855216363326946,50.7580221245885,156.39767197537054,0.0,0.0,39.14465480338065,37.6760495470586,81.35181312028234,295.2693205735612,27.0,2.0,3.0,io_bound,
2026-01-05 06:53:00,29.82135005441885,44.628159787678484,50.85498409266845,166.52114566793944,0.0,0.0,40.11197934228256,38.07895624845091,72.99872264284525,300.7375225755927,28.0,7.0,3.0,io_bound,
2026-01-05 06:54:00,31.272085435029656,46.20931650925916,50.81505162803339,171.1666993736833,0.0,0.0,43.63111853773334,36.29299887542016,81.12088439224252,309.01737758288505,29.0,2.0,3.0,io_bound,
2026-01-05 06:55:00,28.10114098818174,44.44573993430138,50.74210307528579,155.9527123556244,0.0,0.0,46.08575336138237,37.54375403320034,87.70231068933222,300.7307603040433,30.0,5.0,3.0,io_bound,
2026-01-05 06:56:00,29.241599852741597,44.92575628293177,50.721108476944444,155.26220731134222,0.0,0.0,43.30986410723145,39.71785825846251,86.08366863793404,301.35885160990335,31.0,3.0,3.0,io_bound,
2026-01-05 06:57:00,31.924288777851363,47.822991039621094,50.26848732956199,168.62838648992255,0.0,0.0,45.25300731248547,41.65563153693653,107.50372049382787,293.98894898448236,32.0,3.0,3.0,io_bound,
2026-01-05 06:58:00,30.531477240907538,46.42675533510709,50.17613962169562,157.33553755691787,0.0,0.0,39.2041507580677,42.98046585951498,120.93075209378028,296.64152302589395,33.0,2.0,3.0,io_bound,
2026-01-05 06:59:00,30.30686810311704,45.670864619191285,49.739913855589414,161.59541179768834,0.0,0.0,40.29456279865619,41.9127811455264,101.36104202770977,283.50659074538305,34.0,4.0,3.0,io_bound,
2026-01-05 07:00:00,29.096175645255,44.65249142399269,49.35685942396611,158.18324756040374,0.0,0.0,39.91920506084753,46.588577056593614,115.8455040939318,284.23060844023973,35.0,3.0,3.0,io_bound,
2026-01-05 07:01:00,28.621112789338625,43.955109376408615,49.58322632386469,159.0410646483332,0.0,0.0,41.46945863898008,43.19746664402818,89.0514855197853,270.9904243631029,36.0,2.0,3.0,io_bound,
2026-01-05 07:02:00,25.16907168274622,45.71393076085078,49.61915438359355,149.4419364257562,0.0,0.0,46.69883169324471,43.68399986441167,81.87245296723638,283.2966151461588,37.0,4.0,3.0,io_bound,
2026-01-05 07:03:00,22.80154254924169,46.9685386529025,49.370741750789165,130.60342068043823,0.0,0.0,43.086501254534326,45.13918024496748,71.8305235668126,301.83943833067707,38.0,4.0,3.0,io_bound,
2026-01-05 07:04:00,25.853444750934543,48.0605957237769,49.0237759681002,157.25830987943132,0.0,0.0,36.962090325453644,43.197082138189,94.52029769093801,288.4133126433768,39.0,7.0,3.0,io_bound,
2026-01-05 07:05:00,26.950781519795818,49.712271271867785,49.40363079607599,154.97596434846548,0.0,0.0,36.64210157511884,43.25164664811831,110.09818872413697,280.90427337923575,40.0,3.0,3.0,io_bound,
2026-01-05 07:06:00,27.741667819429704,52.740370420376685,49.45702513823343,164.74124153780284,0.0,0.0,34.62678692607142,43.1527307481594,128.00246647380558,299.23361045100734,41.0,5.0,3.0,io_bound,
2026-01-05 07:07:00,29.490725007348992,52.253781132040764,49.576828306526544,161.64920785974988,0.0,0.0,35.50160063161532,47.68327920405951,123.84477735704442,294.1475233126261,42.0,4.0,3.0,io_bound,
2026-01-05 07:08:00,28.84659430259803,50.63627015911989,49.629422122329736,155.21147140062035,0.0,0.0,38.026021085679524,46.30661552702938,105.34123909320286,291.8685802771938,43.0,6.0,3.0,io_bound,
2026-01-05 07:09:00,32.227816249022446,55.375076835001394,49.79181428023663,169.85067540476666,0.0,0.0,31.61313085453699,46.49440820621403,79.08771622562583,298.05068438403123,44.0,2.0,3.0,io_bound,
2026-01-05 07:10:00,36.170015680889705,51.03534696392138,50.03437186587486,177.87024926379124,0.0,0.0,37.39459298944291,48.31616344281375,64.90034404976187,298.94442187347295,45.0,6.0,3.0,io_bound,
2026-01-05 07:11:00,35.88121443857165,50.5406436404797,50.36449171470159,188.72719817383648,0.0,0.0,40.96322608611008,45.856237645519684,73.38457719373051,295.3876175384294,46.0,2.0,3.0,io_bound,
2026-01-05 07:12:00,29.533985846971007,48.469593432305736,49.879215469831124,153.3206122535457,0.0,0.0,32.91729309874431,44.60102700423512,81.75066123618471,299.8876199148081,47.0,2.0,3.0,io_bound,
2026-01-05 07:13:00,29.18115659076557,48.86744208642547,49.307908107531674,156.17220501906556,0.0,0.0,30.839723048091486,43.517688650621174,88.73381479135023,296.0327208669315,48.0,4.0,3.0,io_bound,
2026-01-05 07:14:00,33.87304153316368,48.777859722606664,49.707395161324975,178.99570070070016,0.0,0.0,28.364237607903924,43.04902608976038,91.82670200995543,288.6907469760915,49.0,3.0,3.0,io_bound,
2026-01-05 07:15:00,32.92193446846252,53.002217225316784,50.13861138513182,178.09489173078163,0.0,0.0,31.831178675776773,44.99363459709111,87.15358652789375,291.44193315835565,50.0,7.0,3.0,io_bound,
2026-01-05 07:16:00,31.81122170122971,50.4961377326001,50.263561246699275,165.15137998541678,0.0,0.0,36.016942902774666,40.5048678911448,86.52922348109227,304.0222654801513,51.0,4.0,3.0,io_bound,
2026-01-05 07:17:00,31.545460482477722,46.8512310904386,50.59865127509441,166.58227241217588,0.0,0.0,32.898711421260394,42.67713144354129,80.43426200501382,303.01989551882536,52.0,3.0,3.0,io_bound,
2026-01-05 07:18:00,30.56085879866224,46.376717079296526,50.764285196521215,162.90816330706295,0.0,0.0,30.264058148015856,42.57369739812177,60.84489611196865,304.6345915430234,53.0,4.0,3.0,io_bound,
2026-01-05 07:19:00,28.057439428460903,46.22764471255915,50.87734070290136,159.58118562675654,0.0,0.0,31.07761668673637,46.79758862924204,44.367351703963664,300.4999623626998,54.0,5.0,3.0,io_bound,
2026-01-05 07:20:00,28.07876763169072,45.014696725048694,50.67305957399995,163.18124921404709,0.0,0.0,33.18484554965918,46.33522364524734,38.56813834638041,311.83643877700916,55.0,5.0,3.0,io_bound,
2026-01-05 07:21:00,24.747048241647022,45.44905069461334,50.2472435794641,140.19630229591522,0.0,0.0,38.43068812948577,46.32096344416958,34.57319171679001,318.23636319965726,56.0,2.0,3.0,io_bound,
2026-01-05 07:22:00,28.447304174673476,45.917740907509696,50.46943544813374,165.2187898306519,0.0,0.0,37.073324720576366,42.87803817110592,44.58837758129265,308.4792485804886,57.0,4.0,3.0,io_bound,
2026-01-05 07:23:00,27.18940517061977,42.05351858284081,49.84382374219869,150.9786125061654,0.0,0.0,41.439105913544374,43.81445091531362,53.124384219400994,312.43402739591363,58.0,2.0,3.0,io_bound,
2026-01-05 07:24:00,28.08408599843499,40.29708836827267,49.51428663850908,157.47925127152055,0.0,0.0,34.053958438926365,47.278771982979485,44.23492804925541,316.52024866657393,59.0,5.0,3.0,io_bound,
2026-01-05 07:25:00,25.624591832214936,42.63276806397103,49.45372608822418,141.94505024919658,0.0,0.0,36.83908378233175,47.21989390558247,38.833451244259095,307.6187968536581,60.0,3.0,3.0,io_bound,
2026-01-05 07:26:00,25.597596693952667,43.50510544863657,49.13527528611459,152.17925779073678,0.0,0.0,34.2438519040801,48.11470144831842,41.39149853971649,312.7448411759464,61.0,4.0,3.0,io_bound,
2026-01-05 07:27:00,28.15565825183378,44.40472557219301,49.16743537071465,158.84416833087153,0.0,0.0,36.01172942195475,45.34919952397691,23.98058602358853,303.33453242892654,62.0,7.0,3.0,io_bound,
2026-01-05 07:28:00,29.00731797714911,44.444291369088575,49.378118461726956,164.27439510876476,0.0,0.0,35.915524344646876,44.49276901349897,20.45787533208251,285.47571211243957,63.0,4.0,3.0,io_bound,
2026-01-05 07:29:00,30.682052402785867,44.906302128593744,49.57420863031088,164.41809977559757,0.0,0.0,28.992860003996142,42.47428233492937,17.340997076719155,283.64352056666326,64.0,4.0,3.0,io_bound,
2026-01-05 07:30:00,30.741708020100006,46.75348987390806,50.36635861448322,167.23642633104862,0.0,0.0,28.889669060536594,39.30566740939911,45.96792011845913,295.4132100320687,65.0,2.0,3.0,io_bound,
2026-01-05 07:31:00,26.36049995428234,48.001869856824044,50.00151384664235,152.432164269686,0.0,0.0,27.863522476503817,39.91478538219192,29.057128673891786,305.6921265068667,66.0,3.0,3.0,io_bound,
2026-01-05 07:32:00,27.065218997169584,45.943224414568085,49.601247664638926,152.58515956462315,0.0,0.0,23.293575129021747,37.67913803208335,36.64058521078184,311.72524277652667,67.0,4.0,3.0,io_bound,
2026-01-05 07:33:00,34.825343699207245,45.94698840916732,49.450290974644396,179.29489620242202,0.0,0.0,27.228638601322615,37.46422561272646,47.634191204503374,291.77515217574717,68.0,3.0,3.0,io_bound,
2026-01-05 07:34:00,34.39226312181452,49.077983764524916,49.391846870829006,167.7389277000871,0.0,0.0,23.868722720518512,40.86107944769641,38.46175468213885,306.4834095401813,69.0,3.0,3.0,io_bound,
2026-01-05 07:35:00,34.16444186959201,47.68892696559963,49.73091489616101,170.52212326148663,0.0,0.0,22.319493178758666,40.52660774046086,25.31884308387702,303.1211300640597,70.0,4.0,3.0,io_bound,
2026-01-05 07:36:00,32.15254314151264,46.059550577346286,50.157568692772124,165.74972828831275,0.0,0.0,27.231341943322054,41.49493059553245,48.743848441457786,301.72074647317015,71.0,2.0,3.0,io_bound,
2026-01-05 07:37:00,30.28201108332951,45.42726647228539,50.153384204166166,154.12208040703115,0.0,0.0,32.36451268215686,42.313527177905186,42.808662413149975,291.77169091607067,72.0,3.0,3.0,io_bound,
2026-01-05 07:38:00,30.014353319450485,41.89418894851957,50.27938345161162,160.17317004456206,0.0,0.0,28.241212110477726,42.65581124564095,45.917996219471185,300.24604201113283,73.0,3.0,3.0,io_bound,
2026-01-05 07:39:00,28.34523109389446,43.35214170115248,50.05589462300975,154.98853575028426,0.0,0.0,35.007761668272686,46.243267597160155,52.2874766297375,303.0461007133037,74.0,3.0,3.0,io_bound,
2026-01-05 07:40:00,31.772690137455637,42.28335682472336,49.91587178729595,165.95717443733375,0.0,0.0,33.4874705281009,47.258213833947686,51.50718420187338,300.4313020531162,75.0,2.0,3.0,io_bound,
2026-01-05 07:41:00,32.246722593572684,43.043599872406226,50.268214069010995,170.18123132932925,0.0,0.0,32.68680984907435,47.69225145307246,60.52673982688509,282.5291606401344,76.0,4.0,3.0,io_bound,
2026-01-05 07:42:00,31.965322321741265,43.42850248676132,50.45287623437072,169.80697638202852,0.0,0.0,33.08126333067012,46.98446506032771,44.851226451995686,278.1726374140237,77.0,4.0,3.0,io_bound,
2026-01-05 07:43:00,32.58904378991074,42.129169510324516,50.73020109872999,173.27890908518322,0.0,0.0,36.00453463591742,47.15736558369971,58.576625315670476,270.9605782098987,78.0,3.0,3.0,io_bound,
2026-01-05 07:44:00,28.634837554823307,41.21899057114342,50.49281963089948,149.73482555944148,0.0,0.0,36.57869677497112,45.626195379168145,75.13732742446115,278.0830075467678,79.0,3.0,3.0,io_bound,
2026-01-05 07:45:00,24.679355560104124,43.805575670737895,50.328449348737266,144.86052041640792,0.0,0.0,37.204332079125955,45.0229426607141,71.20084976259764,275.9906412964943,80.0,3.0,3.0,io_bound,
2026-01-05 07:46:00,27.900603416155846,43.990975300516865,50.55239540385614,154.7459932498668,0.0,0.0,37.295154189047125,47.39184890166452,89.78427651054226,265.31407043189597,81.0,3.0,3.0,io_bound,
2026-01-05 07:47:00,29.088569641612512,44.360201201730874,50.510047439169774,155.03989595677731,0.0,0.0,38.250441712193975,49.950319316892624,80.62638773985246,284.0844945926811,82.0,6.0,3.0,io_bound,
2026-01-05 07:48:00,28.247035117898253,45.278967014061536,50.161704856287415,161.97339779018802,0.0,0.0,41.36815461651584,47.07738630290574,74.8388777376635,283.04948177218586,83.0,5.0,3.0,io_bound,
2026-01-05 07:49:00,25.467764385985085,44.41768016577341,49.628942368827396,137.12510048451531,0.0,0.0,38.232804206823985,47.335369482528186,72.09019611984614,263.0083909526679,84.0,5.0,3.0,io_bound,
2026-01-05 07:50:00,24.775255433560943,45.41243808994177,49.704722360613765,150.47743112892823,0.0,0.0,43.62869161386285,49.57300276141807,69.26535489973999,265.4416148195747,85.0,3.0,3.0,io_bound,
2026-01-05 07:51:00,27.44516927601979,49.335830629225015,49.513982880104585,156.53745960879357,0.0,0.0,44.53270439179093,47.00463796823566,76.08737854770288,274.7446713815775,86.0,4.0,3.0,io_bound,
2026-01-05 07:52:00,30.492045279444348,51.21569899555519,49.83014793599792,162.2689804498374,0.0,0.0,41.47501220987736,44.95286902883003,73.21023729557828,270.5851831961069,87.0,4.0,3.0,io_bound,
2026-01-05 07:53:00,28.217853308911856,50.227972376991865,50.041836795854024,163.01511778545245,0.0,0.0,42.136062270409006,41.946273416528676,93.37626195667782,280.004019429161,88.0,4.0,3.0,io_bound,
2026-01-05 07:54:00,31.631884094257014,47.14417424758548,50.13390028574413,175.1270960733329,0.0,0.0,43.516980847343504,44.83561755069415,71.81495794824923,272.34560723662423,89.0,4.0,3.0,io_bound,
2026-01-05 07:55:00,29.335284002954765,50.11770681619788,49.76312390683857,155.89087349785433,0.0,0.0,40.82514027485908,45.71769576408057,79.09617105575163,263.2264886946315,90.0,8.0,3.0,io_bound,
2026-01-05 07:56:00,31.426743310947916,52.10053583273171,50.094447619674426,167.21813238350214,0.0,0.0,39.908566270473784,41.64382868170985,51.78099331699222,270.7615548342298,91.0,5.0,3.0,io_bound,
2026-01-05 07:57:00,33.63015770109581,51.498885605184725,50.10521493662749,169.09305140593037,0.0,0.0,39.42417887128034,40.37062822055485,39.60878562938268,280.35191438109496,92.0,5.0,3.0,io_bound,
2026-01-05 07:58:00,6.979562497578639,10.223981246629299,49.04443288481528,85.7219223326514,0.0,0.0,11.49347407244246,29.173886988128316,0.0,0.0,0.0,1.0,0.0,idle,
2026-01-05 07:59:00,10.401606406911807,11.443539820115049,48.39030542447782,100.1175747030661,0.0,0.0,6.665653556837592,31.939564373185846,13.43408443033469,0.0,0.0,1.0,0.0,idle,
2026-01-05 08:00:00,6.692881931165321,9.87357759152783,47.62970053032679,93.2157385617847,0.0,0.0,6.18003123872464,30.755253032245527,2.8772853831382514,7.954461017487775,0.0,0.0,0.0,idle,
2026-01-05 08:01:00,7.461297793032759,8.413565279946557,46.914959952836945,89.05403392903858,0.0,0.0,5.866464210063165,28.534298546911472,0.0,16.26106886651232,0.0,2.0,0.0,idle,
2026-01-05 08:02:00,6.906262353997532,6.43697482103286,45.993942973248394,88.55427994430455,0.0,0.0,6.452693920173297,26.51526057394654,0.0,8.70372514246417,0.0,0.0,0.0,idle,
2026-01-05 08:03:00,5.454544904281632,8.77045756332804,45.66055233624754,81.36134409597084,0.0,0.0,3.8208226159162852,23.985329973448323,0.0,13.519735518240594,0.0,3.0,0.0,idle,
2026-01-05 08:04:00,3.4614877795280865,7.762285027089935,44.41609828250465,67.2493576977624,0.0,0.0,2.5070782998934398,24.830339078322023,0.0,24.34594600161885,0.0,2.0,0.0,idle,
2026-01-05 08:05:00,2.9150315122172694,8.502679941828578,43.591418448426204,73.80021819249252,0.0,0.0,0.0,25.32063671491994,0.0,24.145481541829124,0.0,3.0,0.0,idle,
2026-01-05 08:06:00,3.9797418949718386,9.474710967732257,42.79272186699333,68.8273357099913,0.0,0.0,0.0,27.89891813319705,0.0,15.86863662134298,0.0,1.0,0.0,idle,
2026-01-05 08:07:00,7.255026941214572,10.32157445056847,42.764513779487444,83.74307259190059,0.0,0.0,1.0682479406327499,30.658580147332838,0.0,26.605075897723307,0.0,0.0,0.0,idle,
2026-01-05 08:08:00,5.3942009369010755,11.740356363682682,42.33526665768529,76.28846597180652,0.0,0.0,3.957872999521533,32.187902652177975,0.15335563296756316,15.35597840632683,0.0,4.0,0.0,idle,
2026-01-05 08:09:00,4.0486956635770195,10.560423548734684,41.93228428469594,77.10491331017282,0.0,0.0,3.653335017899865,32.1881821153603,8.855080039553282,8.47285920719024,0.0,3.0,0.0,idle,
2026-01-05 08:10:00,2.5077552829165604,9.757544304071171,42.08836005172759,69.34569648806934,0.0,0.0,4.126796384807188,35.28430660887204,0.0,0.0,0.0,2.0,0.0,idle,
2026-01-05 08:11:00,0.0,6.235576718818669,41.75390543642094,60.54908610981992,0.0,0.0,2.142351482746987,33.84968140027671,0.0,0.0,0.0,1.0,0.0,idle,
2026-01-05 08:12:00,0.0,8.322052626713559,41.39336111514244,59.49837934493212,0.0,0.0,0.4187609664544203,32.832213105518385,0.6074702965752588,17.42817786713671,0.0,3.0,0.0,idle,
2026-01-05 08:13:00,0.0,6.951945003045549,41.643451255904544,57.87144713736479,0.0,0.0,3.5765889971891065,36.94763163468656,6.273264435129962,3.3409483343808217,0.0,1.0,0.0,idle,
2026-01-05 08:14:00,0.0,6.5641987453046,41.118574976854156,57.16696497607851,0.0,0.0,2.396450302090459,36.02638738099971,3.1501414847353773,2.2510614627069687,0.0,2.0,0.0,idle,
2026-01-05 08:15:00,0.0,6.781845592992804,40.47267332062127,66.8832849341786,0.0,0.0,0.6698237848384023,31.705096656885065,0.0,0.0,0.0,3.0,0.0,idle,
2026-01-05 08:16:00,17.83700896750471,49.10817692521061,41.14815013505862,121.7286323758242,0.0,0.0,27.397630211707526,42.829341616683855,53.21212082947303,291.64813522701684,0.0,5.0,3.0,io_bound,
2026-01-05 08:17:00,19.563357906182507,49.2309738094622,41.68756039372696,121.7738396558681,0.0,0.0,23.521485547999248,41.241160088562644,64.06719305055164,293.5816234630827,1.0,3.0,3.0,io_bound,
2026-01-05 08:18:00,20.928881350000786,52.25640906839591,41.99555003767297,123.67992709156415,0.0,0.0,21.836096215641163,43.862018506777375,72.89023521211892,300.7270875302776,2.0,3.0,3.0,io_bound,
2026-01-05 08:19:00,17.616078454602246,45.9357328009571,42.117615572291406,114.41181288730255,0.0,0.0,24.305006453411625,43.909019724068955,82.20613855766246,313.5667483034044,3.0,3.0,3.0,io_bound,
2026-01-05 08:20:00,18.897581350840028,44.23887903367842,42.501666134083735,129.56586710809893,0.0,0.0,24.537172175243022,45.570841265652255,70.65981143261124,311.91757366644606,4.0,4.0,3.0,io_bound,
2026-01-05 08:21:00,18.105931391163793,45.73236396278131,42.64913644184291,122.01673816966618,0.0,0.0,33.25352949349353,48.77514820099724,64.45692270459205,316.07005249411105,5.0,3.0,3.0,io_bound,
2026-01-05 08:22:00,16.957716121234252,46.89331276943626,42.85178405781515,124.08988289347529,0.0,0.0,34.1517636095591,49.42350064175142,81.27224386864239,332.1743164386231,6.0,5.0,3.0,io_bound,
2026-01-05 08:23:00,18.278216814696364,50.06587390079862,43.319600146799,113.07108665545083,0.0,0.0,28.033843919122397,49.23094840260899,70.61718650499185,344.35769022208405,7.0,3.0,3.0,io_bound,
2026-01-05 08:24:00,15.744739585967702,49.39225991939839,43.24054477869319,113.98010820766358,0.0,0.0,28.74258518262723,48.52561719453431,43.6577723865299,331.09524096904386,8.0,7.0,3.0,io_bound,
2026-01-05 08:25:00,20.038402374522633,50.241170432885454,43.1481379516629,127.59511086480552,0.0,0.0,30.300079534425777,48.55806349084683,61.678633544474714,332.39610685122153,9.0,3.0,3.0,io_bound,
2026-01-05 08:26:00,23.016013613034055,49.177389979767526,43.594429061555566,134.62829524846055,0.0,0.0,29.788202500261704,47.10314795033423,47.04818344842984,302.59822367751775,10.0,4.0,3.0,io_bound,
2026-01-05 08:27:00,26.658605894323905,50.637396650528835,44.33694845157445,142.43946011457123,0.0,0.0,28.7971104778702,46.67838742548641,31.630378880801928,312.6404958276494,11.0,4.0,3.0,io_bound,
2026-01-05 08:28:00,26.65396147032383,50.3557268041314,44.63111854818331,147.17143284359975,0.0,0.0,25.61126956561361,44.29748192239,21.370367540805475,314.2034977828304,12.0,2.0,3.0,io_bound,
2026-01-05 08:29:00,26.17741512468939,49.279952826339056,45.71214906689,148.78317287162136,0.0,0.0,35.94469342130609,45.472484070580705,45.19789518455845,321.11846945021875,13.0,3.0,3.0,io_bound,
2026-01-05 08:30:00,29.22464470410454,47.54680896699677,46.08584668469575,155.4248317093753,0.0,0.0,36.87957839469266,46.57334659965917,42.73922400788004,304.91070439591147,14.0,2.0,3.0,io_bound,
2026-01-05 08:31:00,27.287975444404964,49.37633112689783,46.453366663644864,154.9475888336173,0.0,0.0,32.959336336247915,45.88448987462163,37.325404931022106,296.6148159722054,15.0,3.0,3.0,io_bound,
2026-01-05 08:32:00,25.610778512888682,51.63492803674337,46.77369762338164,138.38736489135158,0.0,0.0,33.673443533679524,46.72003680589325,34.3078956911207,289.3990218927465,16.0,2.0,3.0,io_bound,
2026-01-05 08:33:00,22.39426820141701,52.883419631988005,46.55918985226974,128.43883766623492,0.0,0.0,33.90195477728597,48.691666417977736,57.091055610008524,311.9307103017645,17.0,3.0,3.0,io_bound,
2026-01-05 08:34:00,25.653967356626303,49.52219494655076,47.18756945599951,153.7764214955705,0.0,0.0,34.295139149326594,47.1974587930794,52.28776919188914,325.4461513558512,18.0,5.0,3.0,io_bound,
2026-01-05 08:35:00,23.183560431512163,49.175101502580915,46.66226477565415,139.68731771849363,0.0,0.0,41.17095624484421,46.17651228538832,50.658603775058936,335.3669528543708,19.0,2.0,3.0,io_bound,
2026-01-05 08:36:00,18.48175854607721,48.43575450330341,46.28738587138181,114.47190147516157,0.0,0.0,40.92500151197266,42.9591167161825,19.971153173804957,337.37141318935926,20.0,3.0,3.0,io_bound,
2026-01-05 08:37:00,21.003920829448234,47.238406713823885,46.27574099390261,125.49665192847033,0.0,0.0,37.7139690474972,43.62172572387978,25.866340948315173,336.39117073482134,21.0,3.0,3.0,io_bound,
2026-01-05 08:38:00,21.63569569050995,49.71084451651312,46.3625162565803,128.12128291160934,1.0,0.0,40.095285772080004,41.565732248658364,24.76829522694763,333.8764843085344,22.0,3.0,3.0,io_bound,
2026-01-05 08:39:00,21.247351417443426,47.10008777266425,46.63579287502093,138.51502848461993,0.0,0.0,36.85569389044465,43.02173720556445,43.47544842066211,335.5268793095736,23.0,6.0,3.0,io_bound,
2026-01-05 08:40:00,23.222003216449913,50.00293196447487,46.4539995333945,135.44815843572593,0.0,0.0,34.81540945144765,40.47856237416996,83.67466617064542,318.49877136826626,24.0,6.0,3.0,io_bound,
2026-01-05 08:41:00,22.745556526771935,49.56492507024731,46.392884820406685,133.34604175654874,0.0,0.0,34.825266508399295,43.08889022951671,83.1641912982953,312.72388538965,25.0,3.0,3.0,io_bound,
2026-01-05 08:42:00,25.3323498662865,48.25283786304848,47.22447400683681,149.99660434273576,0.0,0.0,30.398291804033967,41.87024395641251,68.21105982301248,310.2639826206053,26.0,2.0,3.0,io_bound,
2026-01-05 08:43:00,18.28825764476165,51.85897405112356,47.194912146189836,128.29845530550375,0.0,0.0,29.14112113031081,41.060725368798124,69.18852014471159,313.01288808259903,27.0,4.0,3.0,io_bound,
2026-01-05 08:44:00,22.92159045557768,55.43592953539777,47.469675671246584,131.37968389976322,0.0,0.0,26.220395616457612,40.073358921046164,87.60956060219476,314.63699800531566,28.0,5.0,3.0,io_bound,
2026-01-05 08:45:00,21.281900831461336,52.0319232218916,47.47972337750478,141.85524487057137,0.0,0.0,30.768671005219634,38.43378519867308,81.10736681703878,312.7337091337015,29.0,2.0,3.0,io_bound,
2026-01-05 08:46:00,21.29155495764201,49.530968884473886,47.358019456125945,132.4137114025538,0.0,0.0,31.8544398779517,39.737835084401766,89.82463495952913,331.4074973341574,30.0,7.0,3.0,io_bound,
2026-01-05 08:47:00,22.09085046579061,48.79183053964541,47.51914670007429,133.5807236081514,0.0,0.0,31.780989094346705,40.80420179991526,89.14313834065345,348.4204408152734,31.0,5.0,3.0,io_bound,
2026-01-05 08:48:00,22.31474442498814,47.93608751342224,47.126468030036946,131.19441565229687,0.0,0.0,37.12938319874198,39.5035249717591,98.40600525026733,330.50415459648735,32.0,2.0,3.0,io_bound,
2026-01-05 08:49:00,25.75678973864757,46.653171845469004,47.43379916404798,153.10416601110035,0.0,0.0,33.98627722145317,38.10421841600488,87.1893789605104,317.8309768699774,33.0,5.0,3.0,io_bound,
2026-01-05 08:50:00,30.86934101186737,46.633778197816454,47.45820611129648,164.05432485817835,0.0,0.0,28.939394939955434,38.98295179938575,73.02559747377336,315.04539274166603,34.0,3.0,3.0,io_bound,
2026-01-05 08:51:00,30.302199907189973,45.60790337395907,47.588630830059124,156.50395297585123,0.0,0.0,29.38017032291555,36.14296907413543,53.91756026529234,302.5902114181443,35.0,5.0,3.0,io_bound,
2026-01-05 08:52:00,28.95098991429335,43.88015510778375,47.794678914123935,158.50219912482498,0.0,0.0,35.20632831874519,37.367742632629316,47.7092062393538,308.2035385057541,36.0,5.0,3.0,io_bound,
2026-01-05 08:53:00,34.00470202215551,40.946980972825116,48.105451526617955,172.66032176908493,0.0,0.0,25.909892611422762,38.32498304008245,60.22001214883335,298.1725859095082,37.0,3.0,3.0,io_bound,
2026-01-05 08:54:00,33.30071864052852,40.54867208166823,48.510327889787085,173.16419207858866,0.0,0.0,25.52461674330138,38.321530834934606,41.60463803274678,320.7803315950099,38.0,4.0,3.0,io_bound,
2026-01-05 08:55:00,35.690562350901544,40.85409534447611,49.09824069654771,181.19426267830605,0.0,0.0,26.205078279109717,38.29903758426937,43.93133062448293,321.6044689431582,39.0,2.0,3.0,io_bound,
2026-01-05 08:56:00,39.33760641952734,42.52959564296576,49.96126718365181,193.99892571418255,0.0,0.0,25.951761502890378,40.29361420134045,52.381036032448606,312.69490064257934,40.0,4.0,3.0,io_bound,
2026-01-05 08:57:00,31.02218926910077,42.74853775881514,50.30760354992988,164.71236950638826,0.0,0.0,26.58531626249377,37.423785864458885,54.27668957961205,317.94627530042493,41.0,4.0,3.0,io_bound,
2026-01-05 08:58:00,30.226889069016032,45.16666732441431,50.46212942291554,164.986603270639,0.0,0.0,25.786240708054677,39.13152120356363,68.2276732597436,319.0200693481936,42.0,4.0,3.0,io_bound,
2026-01-05 08:59:00,31.75507057113454,46.9500911312169,50.92500298536527,181.80999238407205,0.0,0.0,25.778024053211603,38.2058163784769,71.7743206622559,316.75559420647437,43.0,3.0,3.0,io_bound,
2026-01-05 09:00:00,28.260872122512687,48.73417091215459,50.95465662093207,156.8760296937607,0.0,0.0,24.979439586579574,39.216368048646366,66.56358265016318,313.7506147614057,44.0,5.0,3.0,io_bound,
2026-01-05 09:01:00,29.21056689433349,47.776681688577426,51.14842498167588,164.32427780893423,0.0,0.0,30.311952551743325,42.92354755315819,63.00343883224754,314.5039923324852,45.0,6.0,3.0,io_bound,
2026-01-05 09:02:00,27.36967774623116,49.68826190794806,51.42673468372587,152.86390194245692,0.0,0.0,31.760127350063506,42.95895026601213,67.2850992141857,322.15076254863783,46.0,5.0,3.0,io_bound,
2026-01-05 09:03:00,27.03885244738564,47.39941494098122,51.585307293108094,160.25841784859327,0.0,0.0,32.63895608167488,42.185771578467715,65.1133351615885,304.43943148249576,47.0,5.0,3.0,io_bound,
2026-01-05 09:04:00,25.910671817146824,43.09628973635418,51.54071727327041,154.6965131290253,0.0,0.0,35.372087671900466,42.040935685393315,56.20692789668252,299.3525798476542,48.0,4.0,3.0,io_bound,
2026-01-05 09:05:00,27.625366348317943,45.32460096719497,51.08164940147202,143.35533576195104,0.0,0.0,36.641198915344475,42.10546001544738,46.489404813263945,314.5333936258452,49.0,7.0,3.0,io_bound,
2026-01-05 09:06:00,29.5252335209741,47.78305971382084,51.193447730661205,168.49266992160477,0.0,0.0,35.75115667055522,43.482644121876,60.6933007572795,330.08899086391364,50.0,5.0,3.0,io_bound,
2026-01-05 09:07:00,28.527968580755218,51.85441867727424,51.12278757495619,147.7352158589809,0.0,0.0,34.15745194788775,41.810679550112525,51.61236521359529,333.47126115918417,51.0,4.0,3.0,io_bound,
2026-01-05 09:08:00,28.51056475838835,49.7949810042832,51.403872923017815,156.7058646213524,0.0,0.0,32.49644560675828,43.184839874782334,81.47075419928039,320.15855930349653,52.0,6.0,3.0,io_bound,
2026-01-05 09:09:00,29.367526668656925,50.476314059137245,51.56140482682785,159.78292540627265,0.0,0.0,34.76663331347371,44.92903465564029,100.17647569301488,298.2903384788072,53.0,2.0,3.0,io_bound,
2026-01-05 09:10:00,28.526122144262793,52.33063940686425,51.00949665570451,159.18239568526238,0.0,0.0,38.67551033119952,45.03068610319527,103.0637218842306,278.14164273441975,54.0,5.0,3.0,io_bound,
2026-01-05 09:11:00,31.186092322089095,50.367115241269154,50.86751588600257,163.88053462610017,0.0,0.0,39.04365151787915,44.180697486575085,88.26794165388651,291.6279539588632,55.0,2.0,3.0,io_bound,
2026-01-05 09:12:00,31.289165546339817,49.25965997806128,50.92198461708996,168.6313739617107,0.0,0.0,38.79204150528607,46.61264914038476,98.07249894470004,282.7799650215921,56.0,4.0,3.0,io_bound,
2026-01-05 09:13:00,31.503378648070925,50.40140696331498,50.74266249780384,164.94575132704603,0.0,0.0,35.80021805906361,48.46456972757861,92.04539427448016,302.9325280687439,57.0,5.0,3.0,io_bound,
2026-01-05 09:14:00,30.353808106772725,50.40591881116625,50.36887010238506,166.9755486995257,0.0,0.0,32.88482491528024,45.387741600284436,87.02827213285377,292.9694683430541,58.0,5.0,3.0,io_bound,
2026-01-05 09:15:00,33.064860800018366,49.59993167140434,50.30480209350415,173.2899410991086,0.0,0.0,30.118563043038705,45.30577683155171,89.31964188211367,287.3999135641091,59.0,2.0,3.0,io_bound,
2026-01-05 09:16:00,32.760395234230785,48.95341797861489,50.54875219386322,167.48012674303345,0.0,0.0,37.231299957512746,47.10658313375998,71.69685272138726,291.81107947012003,60.0,4.0,3.0,io_bound,
2026-01-05 09:17:00,32.63666375028461,48.94090091084731,50.99837083505139,177.85312492238825,0.0,0.0,32.62098629798446,47.009992205115886,65.6139031471286,287.66380035322203,61.0,2.0,3.0,io_bound,
2026-01-05 09:18:00,32.228641115733495,53.13794105134526,51.036351774348134,176.22555812550013,0.0,0.0,34.61349449743848,46.90976103262185,78.44579655152535,298.8902745324092,62.0,6.0,3.0,io_bound,
2026-01-05 09:19:00,28.2908099362057,52.9674666665754,50.810646310904005,159.3792117981416,0.0,0.0,32.10747772908215,51.532802435062244,85.37250004543249,306.773514004475,63.0,4.0,3.0,io_bound,
2026-01-05 09:20:00,27.07257056465251,52.524773387276966,50.48750739585541,154.18117866979668,0.0,0.0,34.63960405193101,56.315497629469945,99.84090151154454,313.08294268442506,64.0,7.0,3.0,io_bound,
2026-01-05 09:21:00,28.70447047722575,47.12984776781035,50.062758026820354,156.64733660626914,0.0,0.0,31.97487847703362,57.41201788287003,105.538856998136,304.8524281913074,65.0,2.0,3.0,io_bound,
2026-01-05 09:22:00,27.96993892173064,46.60659028880322,50.20726739233362,152.373055986644,0.0,0.0,31.28834824011891,52.61396013760948,94.32577333405064,310.3637911544826,66.0,2.0,3.0,io_bound,
2026-01-05 09:23:00,28.661658115175715,46.703680623152465,50.18128818008709,152.6322537343196,0.0,0.0,25.67576642184696,53.23846993478738,78.34654482660682,296.2550862711244,67.0,10.0,3.0,io_bound,
2026-01-05 09:24:00,32.68722896273898,44.491430432932475,50.281024018637936,175.06071543216356,0.0,0.0,28.523476620770893,53.31797122606305,68.34097843043197,302.5141789219976,68.0,5.0,3.0,io_bound,
2026-01-05 09:25:00,28.951788587707625,46.36328831980138,50.003248488108134,152.67785307356093,0.0,0.0,30.34306453995959,48.89046381663567,51.75290502533875,297.94671670763864,69.0,2.0,3.0,io_bound,
2026-01-05 09:26:00,30.88594911697949,47.973372296786195,50.114405540346205,164.2627424503116,0.0,0.0,31.277303949076114,51.19053265178107,27.54378131665502,305.89338003660345,70.0,2.0,3.0,io_bound,
2026-01-05 09:27:00,29.184982413437233,46.14508829850687,50.01670126451423,157.96824597497624,0.0,0.0,27.6228714750685,48.63683408085268,45.68427002274494,297.2667713685344,71.0,4.0,3.0,io_bound,
2026-01-05 09:28:00,27.912882887663663,46.87980624762417,49.606038605075874,155.05944632773364,0.0,0.0,26.664226139970943,46.70068852248204,43.54237153002674,293.55445224601993,72.0,4.0,3.0,io_bound,
2026-01-05 09:29:00,30.771626610188896,42.77068185845968,49.83513171914546,164.8307762617377,0.0,0.0,30.473020741922298,45.64467070034588,36.784286186205314,284.7173578464824,73.0,3.0,3.0,io_bound,
2026-01-05 09:30:00,32.366457191033334,44.68792334124553,50.33402756139717,178.79193663961667,0.0,0.0,33.64646172568804,42.431585196786244,32.56638917148497,303.88814251063354,74.0,3.0,3.0,io_bound,
2026-01-05 09:31:00,34.51254918108718,43.348310584464585,50.638103130766936,175.81386494141572,0.0,0.0,32.4918916283014,43.24845208458205,50.753727679280445,310.9613691466508,75.0,3.0,3.0,io_bound,
2026-01-05 09:32:00,31.27611084996183,45.47116087313583,50.97281994448062,154.32211221899934,0.0,0.0,30.273763947734274,44.288126492138346,58.54541011278519,315.06301034326475,76.0,2.0,3.0,io_bound,
2026-01-05 09:33:00,30.08743613162462,48.5163243126397,50.89662226817456,160.35721149130782,0.0,0.0,32.85445003499751,47.27582898977795,56.16183614471613,320.6325637619378,77.0,4.0,3.0,io_bound,
2026-01-05 09:34:00,28.352897004264698,48.207608125413266,51.17006566827482,151.42052570763153,0.0,0.0,29.996335395022363,47.127895573893575,39.26509016093696,325.51125393859996,78.0,4.0,3.0,io_bound,
2026-01-05 09:35:00,25.302261070582773,50.850151119115445,50.7086108418314,145.03421524091917,0.0,0.0,28.576400960723344,49.96595174977129,34.845254774567806,316.4923549859078,79.0,5.0,3.0,io_bound,
2026-01-05 09:36:00,25.37111989994516,48.59142737914387,50.325291954745026,147.35176536789854,0.0,0.0,35.40756616141397,48.34871890720214,23.85158639440315,328.63359214480437,80.0,6.0,3.0,io_bound,
2026-01-05 09:37:00,25.122001231997636,49.799267813470316,49.93446047733124,140.39581247300595,0.0,0.0,36.14856244021894,45.451145249981586,22.36912729404606,312.1662069946409,81.0,3.0,3.0,io_bound,
2026-01-05 09:38:00,23.26920991756195,47.494945187096484,49.46053211499754,137.27955437198176,0.0,0.0,36.01842563450924,45.438108547953526,37.01585945945725,311.6685365360436,82.0,3.0,3.0,io_bound,
2026-01-05 09:39:00,19.468969296939743,45.549305089911414,49.20463525123898,119.07157728653236,0.0,0.0,34.13704460682908,44.655954590455565,38.263322405803116,321.24482101867454,83.0,4.0,3.0,io_bound,
2026-01-05 09:40:00,23.69443804495432,44.02326496451664,49.0293946474168,144.2070149906162,0.0,0.0,37.49452761530789,43.291036019909605,53.947023733945926,318.98933700879303,84.0,7.0,3.0,io_bound,
2026-01-05 09:41:00,27.481058445183457,41.7990339499633,49.5180795750338,155.49967796006712,0.0,0.0,35.369979443627706,44.106393138475234,22.39811504362347,317.78891597460984,85.0,4.0,3.0,io_bound,
2026-01-05 09:42:00,28.802237432914335,46.213206026636136,49.51448016881947,156.61702558023526,0.0,0.0,33.952429211065215,44.37176076169323,45.886421531704926,317.7186104775254,86.0,4.0,3.0,io_bound,
2026-01-05 09:43:00,25.348762268823915,45.3485550190037,49.1518512988703,149.60623430816122,0.0,0.0,28.214731604518917,46.74050301918395,41.889465169905336,302.561582686227,87.0,4.0,3.0,io_bound,
2026-01-05 09:44:00,29.219750733156598,45.821046186775405,49.512737362002845,158.94593265404416,0.0,0.0,28.822048498144195,46.973178232902775,43.43462519993507,298.1468591354648,88.0,3.0,3.0,io_bound,
2026-01-05 09:45:00,24.3954782172196,50.488732814965815,49.0558101434836,138.66969281893023,0.0,0.0,29.298987897874007,49.00152810125699,57.35209617164464,289.6688696060458,89.0,3.0,3.0,io_bound,
2026-01-05 09:46:00,25.966725405780963,52.197178026128874,49.404301545294445,152.39601128719664,0.0,0.0,28.98651704897569,48.049816274623595,41.51906369490864,302.77953849832267,90.0,3.0,3.0,io_bound,
2026-01-05 09:47:00,24.60886120697206,50.570435098214915,49.14846021003743,141.65483779111256,0.0,0.0,33.17383732568854,52.67588653508606,61.39200969230017,291.7808057800687,91.0,5.0,3.0,io_bound,
2026-01-05 09:48:00,29.500383844663823,54.70296253722155,49.27110198758343,155.91872793204135,0.0,0.0,34.53609658780009,51.43404165383128,60.382830349291,304.14418011931116,92.0,3.0,3.0,io_bound,
2026-01-05 09:49:00,29.37860459511905,52.9865296155921,49.218059960623876,166.1822918805975,0.0,0.0,30.378341316784496,51.333200299754395,31.35313805386725,294.6760725131792,93.0,4.0,3.0,io_bound,
2026-01-05 09:50:00,27.159883517734517,54.77389626470588,48.75466232364351,150.06117983152942,0.0,0.0,31.18934698899997,51.07829099356438,38.8456747161468,293.2207084810959,94.0,2.0,3.0,io_bound,
2026-01-05 09:51:00,23.784658490869067,55.53228129156371,48.295059409271865,147.36064147134107,0.0,0.0,31.12796438501215,48.2724513009669,6.644877610896195,307.2100037299215,95.0,3.0,3.0,io_bound,
2026-01-05 09:52:00,23.72632266778478,55.73322003324495,48.34507822128096,151.38071764677167,0.0,0.0,33.859376773065904,47.543288714917466,24.913588790024946,313.8971109443298,96.0,3.0,3.0,io_bound,
2026-01-05 09:53:00,21.84810721473484,55.34910672620345,48.06649723695272,135.40775339186106,0.0,0.0,33.18591802104559,45.36102699512413,39.93684453696089,309.5287446417454,97.0,4.0,3.0,io_bound,
2026-01-05 09:54:00,26.45335257844609,53.168031661545854,47.973313961895194,151.28798525777066,0.0,0.0,27.094133542844368,49.3859169481791,55.056220311517215,316.8714287080188,98.0,4.0,3.0,io_bound,
2026-01-05 09:55:00,24.81323330248496,52.264724477543865,47.94457564199469,142.0466676041091,0.0,0.0,27.24143880537705,47.091757607693985,89.95103733489555,296.1601638152877,99.0,4.0,3.0,io_bound,
2026-01-05 09:56:00,28.527756865793158,51.08277982769068,48.219335697518005,166.9998860079703,0.0,0.0,27.997530402528533,43.0329812840354,79.10543675150359,297.0924054764954,100.0,4.0,3.0,io_bound,
2026-01-05 09:57:00,30.758887825026957,55.11561835455731,48.09530200323815,152.81141765560687,0.0,0.0,27.898603296166147,44.26884130841195,53.81654671217596,298.2318014764915,101.0,6.0,3.0,io_bound,
2026-01-05 09:58:00,32.581512153132714,54.05705569337326,48.549618341309106,176.6545728276706,0.0,0.0,28.765249349571196,41.53980970854564,63.04350440350346,298.66235021271746,102.0,3.0,3.0,io_bound,
2026-01-05 09:59:00,33.64016625729325,54.43096634266355,48.99446835751788,177.60103740058952,0.0,0.0,29.8657557104419,44.44639950210256,97.40018420943166,304.1331623746385,103.0,5.0,3.0,io_bound,
2026-01-05 10:00:00,33.33030070351049,55.87218758918308,49.05467643450507,173.1076901649077,0.0,0.0,34.39095463292139,42.69737824550375,97.26767125588944,291.15274242276405,104.0,2.0,3.0,io_bound,
2026-01-05 10:01:00,32.882235254384135,56.07983561790614,49.24716212506552,174.00179380564884,0.0,0.0,34.67102187728106,42.0463271064694,76.91466138604686,306.78268659473355,105.0,4.0,3.0,io_bound,
2026-01-05 10:02:00,26.91498665949625,54.918443074623035,49.231732620663806,154.79561636040054,0.0,0.0,38.254838161752005,44.59210200482287,43.22480110123239,286.66336469040635,106.0,7.0,3.0,io_bound,
2026-01-05 10:03:00,30.16715885735501,52.46543189538477,49.45949411966192,166.94848589965704,0.0,0.0,36.32693060888268,43.88133100723573,3.396704399543914,293.8058798013912,107.0,3.0,3.0,io_bound,
2026-01-05 10:04:00,31.809296077350993,49.10387389201043,49.97388733292947,171.17359600076287,0.0,0.0,29.85942950441777,44.860006043994254,0.10211752350048187,309.0498884800925,108.0,5.0,3.0,io_bound,
2026-01-05 10:05:00,36.11044917976432,48.691034681137566,50.53015965849133,190.09760176460668,0.0,0.0,31.794904262934665,42.880982994874074,0.0,308.70515893860625,109.0,2.0,3.0,io_bound,
2026-01-05 10:06:00,36.67761460641549,48.99724169655498,50.98550130207615,176.5820030576976,0.0,0.0,34.764504509821705,42.680909617816745,0.0,294.439680752528,110.0,6.0,3.0,io_bound,
2026-01-05 10:07:00,34.96042399657897,48.12068040852155,50.94935800553382,176.66169150867034,0.0,0.0,32.95956130400716,46.36594891553067,0.0,303.1621379556788,111.0,4.0,3.0,io_bound,
2026-01-05 10:08:00,34.509434638027585,50.76760169099239,51.19193673163013,175.15690101021926,0.0,0.0,29.151154824944236,45.744859051207655,0.0,283.4833450673339,112.0,4.0,3.0,io_bound,
2026-01-05 10:09:00,33.087772217667045,45.44034597513617,51.103553005088514,162.5506875552676,0.0,0.0,25.38469207722818,45.5601839746807,0.0,292.628134688674,113.0,4.0,3.0,io_bound,
2026-01-05 10:10:00,30.485750798877064,44.3787855943161,51.09779782203858,158.90545757716265,0.0,0.0,25.386223603535655,48.080822194414765,0.0,272.5757634570494,114.0,6.0,3.0,io_bound,
2026-01-05 10:11:00,30.53485816480373,42.79486571268211,50.88291933624532,167.92150814555586,0.0,0.0,28.618214032025186,47.5892491777989,19.6226334436477,260.59788400930483,115.0,6.0,3.0,io_bound,
2026-01-05 10:12:00,32.7415727436704,42.713313348884455,50.996589731108266,171.1525726358059,0.0,0.0,32.46544419906364,47.91265488900411,22.977753303590625,264.3259412041962,116.0,5.0,3.0,io_bound,
2026-01-05 10:13:00,27.63374338473658,48.22602920120164,50.79527912284049,154.43673326399505,0.0,0.0,38.49863756298919,46.49335692912155,23.249402126810452,274.4769780704197,117.0,3.0,3.0,io_bound,
2026-01-05 10:14:00,23.709874362366588,48.83297474194057,50.2246177392323,138.90647440781876,0.0,0.0,38.19618661924624,44.754858221356606,16.4934946622662,282.48426406343987,118.0,2.0,3.0,io_bound,
2026-01-05 10:15:00,22.856963701469496,51.22419515926432,50.00145707511207,142.19717750709762,0.0,0.0,32.36821846353652,45.235936782149004,0.0,263.20942290855845,119.0,3.0,3.0,io_bound,
2026-01-05 10:16:00,25.66943531448004,47.04621690617823,49.049735128689704,142.43665410003635,0.0,0.0,30.07224774526892,41.84538232843026,2.0269249606655393,279.6697085701763,120.0,4.0,3.0,io_bound,
2026-01-05 10:17:00,26.891000735037057,48.767292739829706,49.10118628637423,152.4872650943176,0.0,0.0,30.379581817505414,44.56771174437332,3.5654763251080652,280.38086268132525,121.0,3.0,3.0,io_bound,
2026-01-05 10:18:00,22.151096808616092,46.861217679630506,48.96656834251385,138.38541883931254,0.0,0.0,28.90558539947217,45.288764970413204,0.0,273.6601656892601,122.0,4.0,3.0,io_bound,
2026-01-05 10:19:00,21.042304647977424,46.643919848896026,48.58490095944767,131.94016077279025,0.0,0.0,31.70360812120243,45.626840611260896,2.7446283032330925,262.13411990447986,123.0,3.0,3.0,io_bound,
2026-01-05 10:20:00,17.411424689316735,47.03682477788204,48.29899389690684,125.52828499574531,0.0,0.0,35.099525142450794,43.099942510331644,14.3464288600358,270.21612614543506,124.0,3.0,3.0,io_bound,
2026-01-05 10:21:00,20.957857032083922,46.73821425342624,47.921932149858925,126.70393203748648,0.0,0.0,30.75812154023854,42.99827188938729,26.357569703055457,259.6976772901539,125.0,3.0,3.0,io_bound,
2026-01-05 10:22:00,19.54136185202797,47.41449768987691,48.16523018943684,128.95230770723103,0.0,0.0,30.554380604536558,41.99984422561132,20.715430873428495,262.7647749721805,126.0,5.0,3.0,io_bound,
2026-01-05 10:23:00,15.050458044833668,51.142845472836974,47.404974254133,118.19975142001228,0.0,0.0,31.22259245831169,43.420817125754894,41.45890983096933,244.58690133908937,127.0,2.0,3.0,io_bound,
2026-01-05 10:24:00,12.58780685257161,48.900655902090236,47.04204151665465,95.11795048703007,0.0,0.0,36.058984975163206,42.04894769680287,55.287615838265054,230.26751078779256,128.0,6.0,3.0,io_bound,
2026-01-05 10:25:00,16.0633966280557,44.742784387858435,46.587912449619274,118.50458132094718,0.0,0.0,33.09178088721762,42.41927873756091,60.45815518320691,249.4277830176335,129.0,6.0,3.0,io_bound,
2026-01-05 10:26:00,17.6264672890944,46.97410177938146,45.9202061455336,116.31767994270713,0.0,0.0,38.64638125184291,41.28392921500104,42.92611581315521,264.2201865474319,130.0,5.0,3.0,io_bound,
2026-01-05 10:27:00,20.260831902981444,45.10424045421632,45.876468972844236,121.27965672458335,0.0,0.0,40.08772523348676,44.40135673802795,39.76304728007383,270.88607961577264,131.0,2.0,3.0,io_bound,
2026-01-05 10:28:00,22.635399574206808,43.362882138874376,46.19901786689525,137.30207948218566,0.0,0.0,43.83915578689193,47.81498784823582,36.495120216390276,281.6070436330263,132.0,3.0,3.0,io_bound,
2026-01-05 10:29:00,18.976114193685817,43.96781649352952,45.78919630994608,116.74493754591819,0.0,0.0,43.46384137934872,45.38548817734808,7.068480299714125,286.83785013282403,133.0,3.0,3.0,io_bound,
2026-01-05 10:30:00,22.64228713820389,44.702207440129996,46.20402641458409,129.62413457195024,0.0,0.0,48.06846145015972,42.72803635579025,19.766087631941247,278.70949867899185,134.0,3.0,3.0,io_bound,
2026-01-05 10:31:00,24.164904378697216,45.85873345247231,46.45979214528804,147.52536128640332,0.0,0.0,48.84669589991583,43.89961930518606,19.513540237858038,270.64789984338023,135.0,4.0,3.0,io_bound,
2026-01-05 10:32:00,26.335775950075714,50.76104542254398,46.75387800899092,156.570336608887,0.0,0.0,46.99376578677293,45.144186834165744,45.635691429663865,274.33592019135205,136.0,2.0,3.0,io_bound,
2026-01-05 10:33:00,28.185373163746128,52.75413552820229,47.136604698291386,154.70161423693634,0.0,0.0,48.93206367009,47.18841320607739,21.027103167257607,269.3438767908938,137.0,3.0,3.0,io_bound,
2026-01-05 10:34:00,29.442856869553587,53.964621687915944,47.45131491967891,168.21588383577722,0.0,0.0,42.95284546638794,43.427311793665346,7.290913175940261,274.0313074998615,138.0,5.0,3.0,io_bound,
2026-01-05 10:35:00,27.63314148379999,52.999685380804024,47.59885348156322,153.17646117083396,0.0,0.0,45.27820591560462,41.92444992625723,4.970684358839129,280.6280500920501,139.0,5.0,3.0,io_bound,
2026-01-05 10:36:00,29.46760628812547,53.28744857215679,47.63574251683874,156.41962517624276,0.0,0.0,43.10606893467338,46.356362781263,24.264671661493445,294.08126766259863,140.0,3.0,3.0,io_bound,
2026-01-05 10:37:00,27.335648934573808,53.1339396034786,47.78248301737641,149.0631930181043,0.0,0.0,40.40013266840081,46.491669196307775,16.357847492998864,280.066128782321,141.0,4.0,3.0,io_bound,
2026-01-05 10:38:00,28.196636633722562,49.825829593708924,48.29280503239496,154.55193739175175,0.0,0.0,39.562712014459464,44.065776836104426,22.18009089450249,291.35193484503816,142.0,3.0,3.0,io_bound,
2026-01-05 10:39:00,28.26722716959627,47.5078077541433,48.61278646028509,158.13005646923935,0.0,0.0,35.779617490107846,42.71083202028747,20.94602209882681,293.288552845677,143.0,3.0,3.0,io_bound,
2026-01-05 10:40:00,27.301452696749696,50.09261537597753,48.72519066403979,146.85787817674898,0.0,0.0,30.343959812423524,42.0838152132572,27.848154658967008,291.92445644139434,144.0,2.0,3.0,io_bound,
2026-01-05 10:41:00,28.9493215994084,48.73630833735148,49.112599606979686,159.52864072607687,0.0,0.0,28.35016067805197,42.022640284463925,33.93248268691244,289.53214968245754,145.0,6.0,3.0,io_bound,
2026-01-05 10:42:00,31.834200730318134,48.763160875078455,49.598276035101385,167.24755637591235,0.0,0.0,29.144362918102637,42.62287854400537,52.037938721401765,317.8145018357147,146.0,9.0,3.0,io_bound,
2026-01-05 10:43:00,35.52761839558867,46.2420354561048,50.10739997783755,175.4555485640605,0.0,0.0,27.425160506164953,43.38807871566811,33.14548843131553,310.23903601175743,147.0,4.0,3.0,io_bound,
2026-01-05 10:44:00,38.44483664561115,45.35660230517693,50.45612983347455,191.46819989343408,0.0,0.0,29.04514887025407,42.62631505097117,28.702046445054474,306.2506165260205,148.0,2.0,3.0,io_bound,
2026-01-05 10:45:00,35.022723679147205,48.17678261744382,50.70839891359114,188.45746989703014,0.0,0.0,28.915338409274447,46.20358083988105,52.772194143749616,303.50915409335687,149.0,3.0,3.0,io_bound,
2026-01-05 10:46:00,33.12665479910374,46.61776416176291,51.249128190702734,172.38018667827342,0.0,0.0,27.40659761810366,46.20567373856398,55.010082396421495,308.17072320584543,150.0,5.0,3.0,io_bound,
2026-01-05 10:47:00,30.666981401535107,45.605679710064265,51.032359909347626,151.45835184794993,0.0,0.0,24.784002259628622,46.0052204048108,33.19237306071189,300.8142045809032,151.0,3.0,3.0,io_bound,
2026-01-05 10:48:00,28.7396093853558,43.61494074168933,51.060024808553436,159.23993089379206,0.0,0.0,28.503963599087896,42.70280459064147,32.821075328744506,306.44763578106785,152.0,3.0,3.0,io_bound,
2026-01-05 10:49:00,25.70660394011215,45.842823098856044,50.87461835405826,151.81930647680915,0.0,0.0,30.90617655912763,42.847371048999335,47.644303991793784,314.8585848859851,153.0,3.0,3.0,io_bound,
2026-01-05 10:50:00,25.14444936194591,43.459451872670186,49.86616367255962,143.68831568492124,0.0,0.0,26.726052594895076,40.856261296821216,34.4978519073653,302.921227972619,154.0,5.0,3.0,io_bound,
2026-01-05 10:51:00,22.348821510253657,45.815782103502926,49.88031165011004,145.85646154165258,0.0,0.0,26.357285595264674,37.43673798569873,27.791765145758145,313.26044191497783,155.0,8.0,3.0,io_bound,
2026-01-05 10:52:00,0.0,8.174529609139208,48.3618565823077,63.68380205139694,0.0,0.0,0.0,26.946803738846214,0.0,18.82808910269959,0.0,1.0,0.0,idle,
2026-01-05 10:53:00,0.0,11.800692947726288,47.03770173651974,58.13566047203738,0.0,0.0,6.935520026921674,25.05321269095119,0.0,2.8821020127657837,0.0,3.0,0.0,idle,
2026-01-05 10:54:00,0.0,10.08472651799359,45.73397516335462,58.252870471804336,0.0,0.0,7.387559783973068,27.008193667353147,0.0,4.038050067904463,0.0,1.0,0.0,idle,
2026-01-05 10:55:00,1.1220551324681325,10.69795776288689,45.09163294540429,62.80292477326279,0.0,0.0,7.206809695868142,23.758857122882006,0.0,20.714178607225733,0.0,1.0,0.0,idle,
2026-01-05 10:56:00,2.4919825722571645,7.485326627789025,44.2155363833478,67.77711470683094,0.0,0.0,9.56842032180551,22.32594173256168,0.0,19.639400122560087,0.0,1.0,0.0,idle,
2026-01-05 10:57:00,2.59210812300966,5.205813452433003,43.25591910568044,58.30704174977796,0.0,0.0,6.039608975702406,24.58368323507448,0.0,9.183598268388966,0.0,3.0,0.0,idle,
2026-01-05 10:58:00,0.0,3.9351845966627828,43.10858463795283,67.72715473734378,0.0,0.0,11.180673945464875,24.279261389707244,9.298595542910483,0.0,0.0,2.0,0.0,idle,
2026-01-05 10:59:00,0.0,6.263703947189158,42.04774088888734,62.92546924021807,0.0,0.0,12.11856934811447,25.585263877587565,0.0,0.0,0.0,1.0,0.0,idle,
2026-01-05 11:00:00,1.6653163632548384,6.36085112741416,41.657749684609946,66.02854356208857,0.0,0.0,7.019712687183701,25.772915346593763,0.0,0.0,0.0,4.0,0.0,idle,
2026-01-05 11:01:00,4.885572930831878,8.464895826138658,40.98470344330476,72.83884586916224,0.0,0.0,9.388329385512419,26.219391184552123,0.0,0.0,0.0,2.0,0.0,idle,
2026-01-05 11:02:00,0.0,8.525796174451802,40.32062917013889,57.971638910395846,0.0,0.0,12.870483257828678,25.231336975563444,0.0,0.0,0.0,2.0,0.0,idle,
2026-01-05 11:03:00,2.5126908681575992,7.651960414528148,39.61119013220901,71.89602834623379,0.0,0.0,9.081778733513858,21.629571017889855,3.5177968045739147,0.0,0.0,2.0,0.0,idle,
2026-01-05 11:04:00,4.122399436666545,8.75889922153599,39.88398767158448,84.30264036012693,0.0,0.0,6.126923681231853,25.280029461267247,36.550540327460936,0.2340614465694708,0.0,5.0,0.0,idle,
2026-01-05 11:05:00,3.3642273320170277,11.51546137969698,39.558017039361765,62.831983370988716,0.0,0.0,7.1214923106074455,28.634438308271662,40.3239658410133,20.9142724918749,0.0,4.0,0.0,idle,
2026-01-05 11:06:00,5.9585884991407685,11.757987570234326,39.66434646715122,85.35941513324582,0.0,0.0,8.542123474085793,25.797934866636183,39.697592520622614,18.82140388713838,0.0,2.0,0.0,idle,
2026-01-05 11:07:00,1.1544249300640228,9.338043790871776,39.94087051006973,58.85881224120724,0.0,0.0,4.177258357288235,25.98170883176708,56.56871575788504,20.615382479205387,0.0,2.0,0.0,idle,
2026-01-05 11:08:00,0.9546453286442467,11.48052693572441,39.676852601389776,58.276808812307834,0.0,0.0,4.158137024824365,29.97895132381045,66.47771538827048,39.294698436156004,0.0,3.0,0.0,idle,
2026-01-05 11:09:00,3.920090701666406,10.989161049063041,39.89753009431176,77.98766644844142,0.0,0.0,6.705229284667004,30.085173351451637,44.11891533128483,45.15669703421226,0.0,3.0,0.0,idle,
2026-01-05 11:10:00,1.079033487849462,12.868481832712867,39.87621244266051,69.25029639374509,0.0,0.0,13.494441798767426,31.85036627366261,39.30671798896327,48.03223146054383,0.0,2.0,0.0,idle,
2026-01-05 11:11:00,1.6803394606538626,12.871140090587481,39.839438127806574,65.0055578236504,0.0,0.0,12.901632399428266,33.846608377089225,21.27894648939789,26.756224448237845,0.0,1.0,0.0,idle,
2026-01-05 11:12:00,2.3433959915626397,13.514662555033759,39.579888192590964,66.06061084532188,0.0,0.0,14.481090183862836,32.9143968545821,0.0,0.0,0.0,0.0,0.0,idle,
2026-01-05 11:13:00,5.198835036599769,13.383448435191205,40.05062003490597,83.96891176325542,0.0,0.0,8.263437987786054,32.16986984021742,0.0,1.9952119880888772,0.0,1.0,0.0,idle,
2026-01-05 11:14:00,4.563981550128069,13.319858331288078,40.392690700527446,68.85743034293951,0.0,0.0,10.042265638616184,32.34929006784953,0.0,9.185364367486692,0.0,1.0,0.0,idle,
2026-01-05 11:15:00,2.2524853269859944,12.614565840876573,40.27141959132708,64.27551924531112,0.0,0.0,13.618339143177693,34.87942704321334,0.0,0.0,0.0,1.0,0.0,idle,
2026-01-05 11:16:00,0.0,10.74375546637205,39.80392675428041,61.02691019824453,0.0,0.0,8.321501835723808,32.69424821928223,0.0,0.0,0.0,3.0,0.0,idle,
2026-01-05 11:17:00,0.0,11.296626262397693,39.809572406992224,63.22760071948299,0.0,0.0,7.549122825754337,33.281149504990545,0.0,0.0,0.0,5.0,0.0,idle,
2026-01-05 11:18:00,0.0,10.937102013071101,39.573399033555866,62.46856815000843,0.0,0.0,8.941377898675693,32.05218668684631,0.0,0.0,0.0,1.0,0.0,idle,
2026-01-05 11:19:00,0.0,9.892789960747876,39.3495942287028,56.9560314162995,0.0,0.0,6.112094994627847,31.566447156375855,0.0,0.0,0.0,2.0,0.0,idle,
2026-01-05 11:20:00,0.0,9.190781600839777,38.52785201579799,56.11950612789697,0.0,0.0,3.9303809688255273,32.410669035951564,0.0,0.0,0.0,4.0,0.0,idle,
2026-01-05 11:21:00,0.0,7.9697100716525515,38.560117091757625,67.12840832296682,0.0,0.0,4.291806679802615,27.889524451603258,0.0,0.0,0.0,2.0,0.0,idle,
2026-01-05 11:22:00,0.0,9.125780058640258,38.47430725740676,66.39215331857618,0.0,0.0,5.009109212731174,29.694258282879826,0.0,0.0,0.0,3.0,0.0,idle,
2026-01-05 11:23:00,0.0,12.661803579954356,38.2159927553718,58.50617139579115,0.0,0.0,4.577570471401031,29.704635249597633,0.0,0.0,0.0,1.0,0.0,idle,
2026-01-05 11:24:00,0.0,12.408634976375776,38.159764868349235,54.26957255901163,0.0,0.0,3.9717861272132975,32.90164142936195,8.336637032419024,0.0,0.0,2.0,0.0,idle,
2026-01-05 11:25:00,0.0,11.036087323323171,37.96771440597017,50.0,0.0,0.0,4.269437907028381,30.202521730913027,8.5519663892685,0.0,0.0,0.0,0.0,idle,
2026-01-05 11:26:00,0.0,11.585570785978735,37.79216913185368,59.58491622019255,0.0,0.0,8.781027754843446,31.298649216704458,2.79567512588142,0.0,0.0,2.0,0.0,idle,
2026-01-05 11:27:00,0.0,7.223690527493846,37.11882211966659,56.91979674909585,0.0,0.0,6.558233392404993,33.701186099507275,33.54469605569915,0.0,0.0,3.0,0.0,idle,
2026-01-05 11:28:00,0.0,5.459734595223956,37.274419642857914,60.716576996058485,0.0,0.0,7.522698413151957,37.90296391186822,27.39121420343361,21.7744047172731,0.0,0.0,0.0,idle,
2026-01-05 11:29:00,0.0,5.6001298059906555,37.63681167351981,50.0,0.0,0.0,9.611290194669426,33.5879796353201,0.0,32.231371081122035,0.0,2.0,0.0,idle,
2026-01-05 11:30:00,0.0,5.708127541040512,37.65260104152502,57.871858621720115,0.0,0.0,11.18872921981307,29.075348227185113,1.7593472583144765,23.387906912937723,0.0,1.0,0.0,idle,
2026-01-05 11:31:00,0.0,5.258631760539901,37.341297202753694,53.405064388041396,0.0,0.0,9.58147791158278,28.086287228687674,0.0,31.27258531670829,0.0,1.0,0.0,idle,
2026-01-05 11:32:00,0.0,3.632273388873551,37.397690164819394,65.20479022805546,0.0,0.0,2.973694378221948,26.460801378947302,0.0,43.90843529498269,0.0,1.0,0.0,idle,
2026-01-05 11:33:00,0.0,6.402171257299923,37.870810619877886,61.02188504082792,0.0,0.0,5.085727333020619,28.96949904033343,0.0,49.31956782219451,0.0,0.0,0.0,idle,
2026-01-05 11:34:00,0.0,7.999798972089134,37.73746335423627,64.85576242818682,0.0,0.0,4.936333491484074,26.216426071634473,0.0,23.29487308619755,0.0,2.0,0.0,idle,
2026-01-05 11:35:00,0.0,6.003087821168657,38.02732400317744,54.86335307440078,0.0,0.0,2.0817813386197956,27.096853127586275,0.0,8.827322679172003,0.0,1.0,0.0,idle,
2026-01-05 11:36:00,0.0,11.251887731170006,37.78133463888437,60.45358110892412,0.0,0.0,2.125293358112489,27.739017201191324,0.0,27.020532849191213,0.0,2.0,0.0,idle,
2026-01-05 11:37:00,0.43584376744820597,5.4892893283250785,38.10653126322488,59.7960247185785,0.0,0.0,3.630501970765363,29.81601686241406,0.0,43.42442539454933,0.0,3.0,0.0,idle,
2026-01-05 11:38:00,1.3101512529717287,8.887947338883876,38.26122207465061,68.72952164651423,0.0,0.0,1.188823944546586,29.254610226532023,0.0,41.753741476315724,0.0,2.0,0.0,idle,
2026-01-05 11:39:00,3.980459014300887,12.101888079768951,37.96822243751338,68.52677157966014,0.0,0.0,3.905691081699209,28.67717528123919,0.0,47.10568091476261,0.0,1.0,0.0,idle,
2026-01-05 11:40:00,6.3459614811874525,14.491972575885448,38.208615156019434,79.66274109773889,0.0,0.0,3.8109265764707176,29.749448974411948,0.0,42.26782110053494,0.0,4.0,0.0,idle,
2026-01-05 11:41:00,4.443311106104112,14.643608815456528,38.14497548383703,75.44654006477963,0.0,0.0,9.447055902551941,27.65308305385732,0.0,41.027775774689204,0.0,2.0,0.0,idle,
2026-01-05 11:42:00,4.942426823934005,14.666016412706679,38.61083064571606,90.2700590593976,0.0,0.0,10.106027782765642,30.602769704899693,0.0,49.92952327123849,0.0,1.0,0.0,idle,
2026-01-05 11:43:00,2.8042436194456175,13.998229911791492,38.88264884076077,71.89585909517295,0.0,0.0,7.04628670890482,30.393115728771875,1.9432737878075317,55.21863145618896,0.0,4.0,0.0,idle,
2026-01-05 11:44:00,4.391677846111829,12.930414496306156,39.37053806192279,82.76512941568865,0.0,0.0,5.491264314201555,30.300766915304166,5.566161100989246,47.46892395787541,0.0,5.0,0.0,idle,
2026-01-05 11:45:00,1.9040591519353929,12.016298426729717,39.00828007466487,57.0763608581706,0.0,0.0,5.5834049606983465,30.376896523395626,2.78228323765853,35.32369643339778,0.0,0.0,0.0,idle,
2026-01-05 11:46:00,2.102940911425572,13.011129854691799,39.18539518403082,67.50972706646597,0.0,0.0,8.692949956852814,31.411823899823933,0.0,26.444075967365666,0.0,2.0,0.0,idle,
2026-01-05 11:47:00,0.0,10.650964313454184,39.014464465962035,54.507715080142816,0.0,0.0,5.1399399775934445,31.57756009405385,0.0,9.753630894818894,0.0,2.0,0.0,idle,
2026-01-05 11:48:00,0.0,11.098151440936212,38.64884988144975,60.345861059797244,0.0,0.0,4.706607607573053,32.93308630171141,0.0,0.0,0.0,3.0,0.0,idle,
2026-01-05 11:49:00,6.120297528675541,12.942710841015142,39.29539706666738,75.21160013162974,0.0,0.0,3.8914376325816975,33.25533327179843,0.0,12.958977919107504,0.0,2.0,0.0,idle,
2026-01-05 11:50:00,6.18756886436596,14.25148060228679,39.27713747488632,83.61418175659482,0.0,0.0,5.9179833766409295,33.86569107405405,0.0,20.62644198996785,0.0,1.0,0.0,idle,
2026-01-05 11:51:00,6.032000277324629,12.437344589122866,39.245456880181386,76.90405754764313,0.0,0.0,3.3693388130637287,34.323876673701555,0.0,8.44059190169467,0.0,5.0,0.0,idle,
2026-01-05 11:52:00,4.04944865120578,11.187091151202198,39.285003570843635,77.41049826486334,0.0,0.0,1.4639033875259102,37.71936098604172,0.0,18.398064462637254,0.0,1.0,0.0,idle,
2026-01-05 11:53:00,6.224592669185753,14.038731049731114,39.293633671706345,80.14968107955502,0.0,0.0,0.0,40.229486709048444,0.0,11.38081457731224,0.0,5.0,0.0,idle,
2026-01-05 11:54:00,4.113176196308455,10.973944674582878,39.11906104507964,68.52323097090081,0.0,0.0,0.0,36.56247120976979,0.0,3.3509189655621636,0.0,2.0,0.0,idle,
2026-01-05 11:55:00,6.610384239244434,10.716943428702828,39.11328863701954,82.04187012458601,0.0,0.0,0.0,35.854137127357376,0.0,22.879717893288777,0.0,2.0,0.0,idle,
2026-01-05 11:56:00,5.771138907857778,10.14384227699237,38.81777916307456,80.25904443333273,1.0,0.0,0.0,35.57569143823483,0.0,20.579940762685183,0.0,1.0,0.0,idle,
2026-01-05 11:57:00,6.53366755273403,8.438234749196846,39.17601841746045,74.35627587689962,0.0,0.0,0.0,38.373924080001714,0.0,32.267980206848264,0.0,1.0,0.0,idle,
2026-01-05 11:58:00,5.781826331055383,6.215988567621679,39.274106108660774,82.77397970762989,0.0,0.0,0.0,35.95003669396646,0.0,24.1984841266715,0.0,2.0,0.0,idle,
2026-01-05 11:59:00,4.0784163310981185,7.8134637254508394,39.508553963614865,83.65495109559707,0.0,0.0,0.0,34.140463317405825,0.0,20.517292518577577,0.0,3.0,0.0,idle,
