timestamp,gpu_utilization,memory_utilization,gpu_temperature,power_consumption,ecc_errors,xid_errors,cpu_usage,ram_usage,network_throughput,disk_io,job_runtime,queue_length,active_processes,label,incident
2026-01-05 00:00:00,0.305034696630584,10.667172211669516,38.0,56.97375350002868,0.0,0.0,3.820923009536443,20.43769019841651,8.06391092272667,0.23066207131007044,0.0,3.0,0.0,idle,
2026-01-05 00:01:00,0.0,8.192664458993605,37.463141792754314,54.83519291327116,0.0,0.0,2.0736271721308013,20.108922393126498,16.574575861626116,0.0,0.0,3.0,0.0,idle,
2026-01-05 00:02:00,3.0120422168484136,6.029148956768214,37.986064703484374,77.52767977667622,0.0,0.0,0.0,22.93143133865574,13.391474550979094,0.0,0.0,1.0,0.0,idle,
2026-01-05 00:03:00,3.787965428909597,8.280441873232544,38.74829352012098,72.66216229588316,0.0,0.0,0.0,20.50073326412566,9.806233433062369,0.0,0.0,1.0,0.0,idle,
2026-01-05 00:04:00,1.3263725633742522,11.28403437757595,39.09679164707712,71.68855708574719,0.0,0.0,3.1516791843692533,18.970218163617304,1.8536441062351807,7.877880698174507,0.0,3.0,0.0,idle,
2026-01-05 00:05:00,93.24716505566013,54.794956937817,43.71615477072061,368.9543822815501,0.0,0.0,65.1613206828361,53.54810816752184,24.895210968100933,18.083016999387958,0.0,2.0,3.0,compute_bound,
2026-01-05 00:06:00,95.52025468474935,47.132270982382515,48.24090655430149,389.46782153603334,0.0,0.0,64.15101389220773,51.638036745303005,27.36744852598517,18.414146188409628,1.0,4.0,3.0,compute_bound,
2026-01-05 00:07:00,95.64455827559348,48.585269743003835,51.63816544419926,382.23149152984575,0.0,0.0,61.42352908945268,52.13660113455578,56.625990289358995,13.147566588260542,2.0,4.0,3.0,compute_bound,
2026-01-05 00:08:00,91.63111078933701,48.36023493697887,54.21803233291003,367.03020875509156,0.0,0.0,67.62600504028948,51.96101883396637,60.60429196049683,8.797305633993428,3.0,3.0,3.0,compute_bound,
2026-01-05 00:09:00,87.08194628124097,54.36773455174509,56.705382729041595,353.3233394969244,0.0,0.0,63.03101067553802,49.5531912606837,95.20930463296514,29.17082740406203,4.0,7.0,3.0,compute_bound,
2026-01-05 00:10:00,84.07880365222451,53.92082861142829,58.3619912239814,341.6504566187084,0.0,0.0,59.035536561240136,46.678396352288004,83.28247215198066,27.468979637984333,5.0,4.0,3.0,compute_bound,
2026-01-05 00:11:00,87.09614480330553,57.16073954498176,60.23413215267003,353.1349954774524,0.0,0.0,61.769080502923735,49.09567147242812,74.82091824806392,35.48108342766601,6.0,6.0,3.0,compute_bound,
2026-01-05 00:12:00,85.4343468132625,58.939272587829734,61.92915364424899,352.1101897757216,0.0,0.0,56.95806470388264,49.02770800362381,74.57759853346224,41.55788757145568,7.0,3.0,3.0,compute_bound,
2026-01-05 00:13:00,85.9418510702561,56.39413048825118,63.78128529994628,358.6258276950214,0.0,0.0,58.61902110975574,48.46814929551514,97.57046839419658,31.180516419790486,8.0,4.0,3.0,compute_bound,
2026-01-05 00:14:00,82.27964488581398,57.27770479791876,64.69501315661789,340.9718649435167,0.0,0.0,58.759743478835766,49.96002519933529,68.86561920524099,32.5692082483802,9.0,4.0,3.0,compute_bound,
2026-01-05 00:15:00,83.08533231990721,50.88309040778669,65.54710406506133,338.35686107250183,0.0,0.0,63.07634259851563,47.5387407228683,56.40345639970202,41.489320202205775,10.0,4.0,3.0,compute_bound,
2026-01-05 00:16:00,85.7379473237515,50.285932648148616,66.31139937020386,355.1758327249551,0.0,0.0,66.62394450388283,47.66391788553847,49.45445393927069,18.137684851802888,11.0,4.0,3.0,compute_bound,
2026-01-05 00:17:00,88.43074182578071,51.31521226314828,67.27179412550483,366.1976133315144,0.0,0.0,69.31230161971412,50.03614151557915,65.74675708929276,2.0595872885990154,12.0,5.0,3.0,compute_bound,
2026-01-05 00:18:00,91.01927234207054,46.419814395932775,68.88808305460466,369.4838852353854,0.0,0.0,68.47408602705421,50.266344892637335,53.37411018147425,0.556059694245274,13.0,5.0,3.0,compute_bound,
2026-01-05 00:19:00,89.25774703643718,46.08546558231062,69.77179337657849,361.0041770000585,0.0,0.0,71.0203515037,48.088317209964174,40.24736582874255,0.0,14.0,6.0,3.0,compute_bound,
2026-01-05 00:20:00,89.91441173612536,47.72967963814263,70.03447557574621,356.74971989699014,0.0,0.0,75.36277712603412,49.07012540351979,34.69774526375742,5.51839316461302,15.0,2.0,3.0,compute_bound,
2026-01-05 00:21:00,85.62840581006371,50.3707827823781,70.5769422738511,356.07385049822983,0.0,0.0,78.12992810960225,50.25580152837891,56.03909297521595,0.0,16.0,3.0,3.0,compute_bound,
2026-01-05 00:22:00,87.00794076175804,50.20576116366546,71.19285792765055,358.80892605398765,0.0,0.0,72.93437193321884,49.19836740965163,57.92655587352237,8.348543220953442,17.0,3.0,3.0,compute_bound,
2026-01-05 00:23:00,88.67768155888804,50.05196821371624,71.29721446660575,362.2852184541543,0.0,0.0,74.74493469521354,48.64978301500453,77.78246214852683,16.790921425197673,18.0,5.0,3.0,compute_bound,
2026-01-05 00:24:00,86.91245558358179,49.22138895516019,71.50753963252097,356.1860518376041,0.0,0.0,69.51055972511818,48.60899572028489,92.04048961603151,22.246843461834672,19.0,2.0,3.0,compute_bound,
2026-01-05 00:25:00,89.03736588005358,50.89558471252858,71.92453770397317,365.05790917981204,0.0,0.0,69.51204335918497,49.27053157819161,60.69393964894463,17.30859751735446,20.0,5.0,3.0,compute_bound,
2026-01-05 00:26:00,95.98829742263032,53.68693217286566,72.5249396843621,385.2556327086642,0.0,0.0,69.07893166257723,52.48842165337943,44.26412338175719,15.452480870485983,21.0,3.0,3.0,compute_bound,
2026-01-05 00:27:00,93.1403791329826,56.92158618735146,73.00003944516303,367.53883247121155,0.0,0.0,66.1308356079028,52.98378635892284,63.78787800193283,13.664810779584059,22.0,4.0,3.0,compute_bound,
2026-01-05 00:28:00,91.98646908677217,58.6390393616495,72.92304670409462,382.001173100846,0.0,0.0,69.30196910002692,54.945101954191834,61.04584128460711,30.396643535938914,23.0,5.0,3.0,compute_bound,
2026-01-05 00:29:00,91.64606932226319,60.06588466504106,73.61830601351254,363.7828760041323,0.0,0.0,66.50518688971512,56.58837212993333,84.9753369215787,26.908015361229623,24.0,2.0,3.0,compute_bound,
2026-01-05 00:30:00,92.7518198045445,54.573330811492795,74.15135600821567,386.22653306012853,0.0,0.0,68.78066985591555,56.12337002840539,81.28201045560948,22.377612291984857,25.0,2.0,3.0,compute_bound,
2026-01-05 00:31:00,92.72696867545702,55.81182594316985,74.42669073734253,373.26137681745286,0.0,0.0,70.37688327083197,55.60225419640243,93.36705359714394,35.808783109178655,26.0,4.0,3.0,compute_bound,
2026-01-05 00:32:00,89.17825153245842,55.03959925680543,74.67103602395099,368.3490751440041,0.0,0.0,70.79782449892389,55.61542746288168,67.11021347769217,34.83364704196649,27.0,6.0,3.0,compute_bound,
2026-01-05 00:33:00,95.28586126117357,58.821311436511365,75.50297373051392,395.62006090008015,0.0,0.0,67.75399454119217,54.0824274164903,56.9580069172059,29.548835715849343,28.0,6.0,3.0,compute_bound,
2026-01-05 00:34:00,92.53054108425698,60.37584083501191,76.09034685297247,380.0642959013902,0.0,0.0,67.55871213771644,56.27792755667734,58.19033356266932,37.11129303072166,29.0,6.0,3.0,compute_bound,
2026-01-05 00:35:00,96.42233886158799,56.78991695796064,76.3735963464117,388.2840959285853,0.0,0.0,65.60019153772213,59.13363065502327,44.56068731790817,39.40300994178895,30.0,9.0,3.0,compute_bound,
2026-01-05 00:36:00,94.06268749811373,51.80047030365234,76.36620794084054,383.17693552648905,0.0,0.0,68.48108019228924,57.33749953074666,47.298985321847894,38.47900624193119,31.0,2.0,3.0,compute_bound,
2026-01-05 00:37:00,97.7262238290612,55.09344866960041,76.5950919065462,393.26907421477256,0.0,0.0,70.39978733345556,56.29300434021823,47.1106923458055,23.808088047792133,32.0,4.0,3.0,compute_bound,
2026-01-05 00:38:00,97.24666487219874,56.48409104291216,76.65012269694328,400.4265922815318,0.0,0.0,72.37104524758784,54.00520822126109,20.768135968909323,22.577164681153175,33.0,4.0,3.0,compute_bound,
2026-01-05 00:39:00,94.95091636883474,54.17857732266814,76.80347467625704,381.33317295137107,0.0,0.0,71.2231731194816,54.695894347977216,43.21480595434102,33.31958901442074,34.0,3.0,3.0,compute_bound,
2026-01-05 00:40:00,95.1110299689695,52.92702291847873,76.98580390261465,393.17145927407284,0.0,0.0,73.28469699058641,56.830266492908,10.114939371415211,33.229332038982236,35.0,3.0,3.0,compute_bound,
2026-01-05 00:41:00,97.05366618318676,51.998429547065655,77.24694648721237,393.3540214824568,0.0,0.0,69.57764130457849,54.560152957793946,21.179921145180657,24.3498360169039,36.0,9.0,3.0,compute_bound,
2026-01-05 00:42:00,96.258121375034,52.53151087027198,77.22424202972094,388.653404238553,0.0,0.0,69.39968620226756,52.92263145688304,50.288577823132925,7.453547930493794,37.0,5.0,3.0,compute_bound,
2026-01-05 00:43:00,96.54291489886057,54.030411477637564,77.5104335445292,379.8345378532492,0.0,0.0,69.82336488971639,54.56188740514055,54.56403934994041,17.579963107946668,38.0,2.0,3.0,compute_bound,
2026-01-05 00:44:00,94.8686956475689,54.449406238333026,77.88736790054566,385.09785956513065,1.0,0.0,64.3601258717077,52.81927426558486,70.15224738272597,17.5577112509974,39.0,3.0,3.0,compute_bound,
2026-01-05 00:45:00,98.26307695875094,55.608688864619495,77.93312743706109,391.1149592784714,0.0,0.0,67.08299600891782,53.95945532723161,56.14436429660645,21.88954174958636,40.0,3.0,3.0,compute_bound,
2026-01-05 00:46:00,93.27713576087525,56.46270714656784,77.74648159982542,374.7822357187182,0.0,0.0,66.19218460292743,52.30753075944819,40.844775411002594,21.601492123725624,41.0,3.0,3.0,compute_bound,
2026-01-05 00:47:00,94.51099150806297,54.63745050268077,77.45071174281114,382.31824301097697,0.0,0.0,69.17815969190175,52.97665938769706,42.66840750277846,15.320454706949267,42.0,4.0,3.0,compute_bound,
2026-01-05 00:48:00,96.45547558931197,50.97170981694126,77.27978463200625,378.3736346914604,0.0,0.0,73.84413800169314,58.0469447235159,44.819421514517884,22.825504470778615,43.0,4.0,3.0,compute_bound,
2026-01-05 00:49:00,94.57509028575878,51.412517291332286,77.50694299907335,377.3984242753711,0.0,0.0,73.8323338082867,60.39779864663337,45.309352963156186,20.02347518478855,44.0,3.0,3.0,compute_bound,
2026-01-05 00:50:00,97.55978530303372,51.18590411565385,77.67436645562744,386.3533428925263,0.0,0.0,72.36740141496476,58.61667856539314,82.03987319771518,21.47288352650319,45.0,4.0,3.0,compute_bound,
2026-01-05 00:51:00,95.3024804012285,53.22394053680956,77.77157664014945,382.6518964929508,0.0,0.0,76.5881952318931,57.61938400083103,47.71616616208741,21.795271239106473,46.0,5.0,3.0,compute_bound,
2026-01-05 00:52:00,93.67831839308441,52.05626918452876,78.08809011803388,379.4640806656485,0.0,0.0,76.43475582719535,57.14305493693173,23.56573878609117,22.165313635268173,47.0,5.0,3.0,compute_bound,
2026-01-05 00:53:00,92.73410051813615,54.29621425879617,77.94707443876538,374.36711763683957,0.0,0.0,77.36654543193808,52.42798401627565,30.427933102147627,30.158545522823246,48.0,5.0,3.0,compute_bound,
2026-01-05 00:54:00,91.897248898084,55.18615557126754,77.79877041112829,378.27742160870287,0.0,0.0,73.35195504072853,50.332415607548384,38.23865874128267,14.187228943517347,49.0,3.0,3.0,compute_bound,
2026-01-05 00:55:00,92.3642864894361,52.06188034820057,77.46544286216157,369.1212760272422,0.0,0.0,77.60099182622844,51.63186900722158,39.1441138122582,10.956362869105309,50.0,3.0,3.0,compute_bound,
2026-01-05 00:56:00,88.37054874464886,54.69681117629116,77.09594084280648,364.11434671259497,0.0,0.0,80.54650004435408,56.230846328546,34.863483271539216,8.395815616915382,51.0,2.0,3.0,compute_bound,
2026-01-05 00:57:00,92.53758505956472,51.71025091446084,76.46457228584653,376.7899768269725,0.0,0.0,76.15109834971443,59.18680405486369,33.381539425773056,0.9968411481253447,52.0,4.0,3.0,compute_bound,
2026-01-05 00:58:00,91.58902800332196,53.50933529974429,76.43610268307407,371.30076708103263,0.0,0.0,74.86615682178441,59.15044334546654,0.0,0.0,53.0,2.0,3.0,compute_bound,
2026-01-05 00:59:00,86.35280829157367,54.11233942571039,75.95521927824366,353.57956274406445,0.0,0.0,72.70323398596413,57.59745034196888,13.396520771570344,4.7299950349549285,54.0,4.0,3.0,compute_bound,
2026-01-05 01:00:00,93.04598909289818,53.876498243845795,76.04300693718713,373.5934730808119,0.0,0.0,72.72989295165398,57.57076620294665,41.0655970178778,0.9212911395163452,55.0,5.0,3.0,compute_bound,
2026-01-05 01:01:00,92.90312707594114,52.929617338452815,76.14568175066177,369.6713671877396,0.0,0.0,77.78467376994035,59.86816538412288,47.743200158101835,2.0809501066616463,56.0,4.0,3.0,compute_bound,
2026-01-05 01:02:00,89.8115775484239,54.27943385152806,76.00899670550528,367.20585535033626,0.0,0.0,78.1203331685346,57.348816010108386,52.85651733806079,7.795146155305758,57.0,4.0,3.0,compute_bound,
2026-01-05 01:03:00,88.95649624158585,53.158186384992746,75.44405207254052,359.0635444312387,0.0,0.0,75.43558512323219,55.28652958651144,31.76340512005779,31.861520149844317,58.0,3.0,3.0,compute_bound,
2026-01-05 01:04:00,90.3041564419063,58.00312691643157,75.07761324748593,369.7626505084551,0.0,0.0,74.60297358093607,52.50798466130606,2.446774681216098,29.38668258054414,59.0,5.0,3.0,compute_bound,
2026-01-05 01:05:00,93.139064704939,59.61139172592895,75.60737189544777,382.3301729692958,0.0,0.0,75.13201466482784,54.22353624989782,0.0,17.742390304233513,60.0,2.0,3.0,compute_bound,
2026-01-05 01:06:00,94.11770158274726,60.54494260568654,75.75607365552695,379.40108390169894,0.0,0.0,78.3082384914037,59.77678329121167,10.354111886694625,39.473980037064294,61.0,6.0,3.0,compute_bound,
2026-01-05 01:07:00,89.88593518069868,60.30169103323805,75.58996651365148,372.07015137959917,0.0,0.0,70.20965164630391,62.03347522797603,47.56154081151643,28.866673956704147,62.0,3.0,3.0,compute_bound,
2026-01-05 01:08:00,91.48587159628802,59.00334546569922,75.77149321684858,362.6862788382058,0.0,0.0,69.61367363413582,62.77423939859894,62.0449533486134,39.719739814453675,63.0,4.0,3.0,compute_bound,
2026-01-05 01:09:00,87.32449624595566,58.5340883634111,75.2257369211928,355.5774754676652,0.0,0.0,64.55884678380511,60.12002187639368,73.92458047798547,40.9969369144555,64.0,4.0,3.0,compute_bound,
2026-01-05 01:10:00,88.52675046500566,54.041622535745304,75.39672914632978,353.4793164728984,0.0,0.0,60.826653527472786,58.819577409001326,77.00336196733268,35.06414384000992,65.0,3.0,3.0,compute_bound,
2026-01-05 01:11:00,90.22328365360845,56.054176294644314,75.26726736565041,369.55417309936735,0.0,0.0,62.30894965084242,59.912231895646975,74.7766510746442,43.24869621723208,66.0,2.0,3.0,compute_bound,
2026-01-05 01:12:00,91.80984575764984,56.15873190362821,75.37995954267465,372.58181930922007,0.0,0.0,60.996113358799555,55.95386301956761,59.170715802772484,34.57871955713756,67.0,5.0,3.0,compute_bound,
2026-01-05 01:13:00,95.57122894714973,55.61617904227922,75.61412781417587,382.6636426941927,0.0,0.0,63.04615593177804,53.804519219569436,51.939099985735325,40.78719053875392,68.0,6.0,3.0,compute_bound,
2026-01-05 01:14:00,95.65966218950689,57.672206188454616,75.85818767859125,389.0415201228138,0.0,0.0,64.89900042394208,50.856722422024646,37.21809590107046,65.3026313635415,69.0,4.0,3.0,compute_bound,
2026-01-05 01:15:00,96.78926241991853,58.78272707906678,75.95641564863568,381.1508657311197,0.0,0.0,68.0191452360193,48.614819220711695,34.28968647384964,32.243295870164744,70.0,2.0,3.0,compute_bound,
2026-01-05 01:16:00,95.29886623598523,54.85900070401153,76.46029454382935,386.0543454121669,0.0,0.0,71.2911190516161,48.6213966057368,26.067872096525896,17.24597634891066,71.0,3.0,3.0,compute_bound,
2026-01-05 01:17:00,94.3001469853644,51.773479748347924,76.12924019373038,374.0809231774273,0.0,0.0,65.40635390366293,45.22992989362385,19.537540290540125,16.17790874454883,72.0,5.0,3.0,compute_bound,
2026-01-05 01:18:00,92.58165236164552,48.891306294412374,75.86017612592148,360.8079325388102,0.0,0.0,73.53283069570261,46.860008833943475,18.01016972057222,6.896497128191687,73.0,6.0,3.0,compute_bound,
2026-01-05 01:19:00,96.75010910805472,50.64906722637413,76.14003350552879,395.6176938414856,0.0,0.0,73.69307614665337,47.443369438437664,21.66486922651912,6.65250637778238,74.0,3.0,3.0,compute_bound,
2026-01-05 01:20:00,93.14837841576053,51.988039895563446,75.9578168948091,366.88643600191085,0.0,0.0,75.7263297956094,47.41378690222001,23.78976553330206,21.56487374403816,75.0,2.0,3.0,compute_bound,
2026-01-05 01:21:00,92.9161405494028,53.099256275897204,76.00863237934935,378.9175808967197,0.0,0.0,79.85367501183387,47.83282430411833,18.95350521612745,17.9023633679871,76.0,3.0,3.0,compute_bound,
2026-01-05 01:22:00,92.82030224882253,53.260361690533514,76.28764850468737,378.551618982569,0.0,0.0,83.8423051278256,48.30152215381954,21.50230598062663,19.668025328967847,77.0,4.0,3.0,compute_bound,
2026-01-05 01:23:00,89.27221873733497,54.38952119856193,75.96607855786556,358.45776521436994,0.0,0.0,85.52258117889899,48.26844606220874,43.82219253534251,27.10971197958299,78.0,3.0,3.0,compute_bound,
2026-01-05 01:24:00,88.7926829447862,56.78910860993344,75.99491455737677,362.01502168631856,0.0,0.0,83.10682923907804,51.50919442193749,60.85025112675288,22.418985301244337,79.0,4.0,3.0,compute_bound,
2026-01-05 01:25:00,90.04666850504498,56.06236746815682,76.28575689234006,367.3303846251881,0.0,0.0,79.11058955413557,49.752261700002016,21.53629624903035,16.608641033919906,80.0,6.0,3.0,compute_bound,
2026-01-05 01:26:00,89.73390500906338,54.985676715715904,76.17330314994172,367.04938980347396,0.0,0.0,72.62226803192334,52.136395143719675,27.33699922922128,0.0,81.0,2.0,3.0,compute_bound,
2026-01-05 01:27:00,91.77596568790567,55.00359733809943,76.54017763422915,373.1321474080784,0.0,0.0,69.59308954293155,53.46663152433768,37.31391842972829,16.181010912238865,82.0,6.0,3.0,compute_bound,
2026-01-05 01:28:00,89.64606625632057,56.02930545440312,76.42839933156095,366.35755907288797,0.0,0.0,74.35026636522635,55.14394207078541,56.175077354570085,13.14532422060405,83.0,2.0,3.0,compute_bound,
2026-01-05 01:29:00,86.47881608392751,53.67528483297141,76.39250877016195,359.25775749547034,0.0,0.0,76.32890216471492,54.00130730775764,78.96078326761739,11.594271161122045,84.0,4.0,3.0,compute_bound,
2026-01-05 01:30:00,89.4434958914487,55.17614605453709,76.09749122041431,359.09064264264737,0.0,0.0,82.78226570232636,54.93826453007854,55.33357141283137,24.836795187645652,85.0,3.0,3.0,compute_bound,
2026-01-05 01:31:00,95.80182124010797,52.686406517332685,76.35502605067187,387.08434791505914,0.0,0.0,80.06085083244479,54.22781470202071,58.09476887896015,25.936766826028784,86.0,4.0,3.0,compute_bound,
2026-01-05 01:32:00,91.87361720641209,48.551672431774584,76.10567462841179,370.198952377798,0.0,0.0,78.59529969987533,52.91404589309704,52.464888635472406,22.580903034964958,87.0,2.0,3.0,compute_bound,
2026-01-05 01:33:00,89.24938015423099,49.57441534953708,76.05493736231738,360.69402824072597,0.0,0.0,78.21937339801667,54.67497873527145,51.925120765764326,11.896406122289214,88.0,5.0,3.0,compute_bound,
2026-01-05 01:34:00,90.22868112424717,47.22050328106481,76.41689674640074,369.85583831476424,0.0,0.0,71.55808533968228,54.885002963570365,61.37516163067712,11.111982826785795,89.0,4.0,3.0,compute_bound,
2026-01-05 01:35:00,93.89884799942767,49.5466834559616,76.80172652908516,385.2344189376299,0.0,0.0,70.02171097322471,53.69566542156599,68.89566512473318,19.668206005217307,90.0,4.0,3.0,compute_bound,
2026-01-05 01:36:00,97.78348649322376,48.27743838210503,77.40693453138203,390.1777675034292,0.0,0.0,72.2862207988315,56.249808019424215,68.06379065667471,7.2529710869171815,91.0,5.0,3.0,compute_bound,
2026-01-05 01:37:00,94.92672559621374,48.020122469318764,77.3548563042021,380.9328466974828,0.0,0.0,70.22832695876474,55.68657089016238,58.366690978888066,11.518092528401692,92.0,5.0,3.0,compute_bound,
2026-01-05 01:38:00,91.30023144059355,49.489039775382835,77.09544778217129,376.62524249094,0.0,0.0,67.05543263476933,55.348325057893526,36.61556707581071,14.019330213496268,93.0,6.0,3.0,compute_bound,
2026-01-05 01:39:00,90.33668872493966,46.8258683855257,76.73515759820908,361.4500207456358,0.0,0.0,64.50852149611752,56.8116519375194,31.53608813548355,22.46937232760126,94.0,2.0,3.0,compute_bound,
2026-01-05 01:40:00,93.69834131195068,45.529073763505735,76.0536779984666,382.80978196269865,0.0,0.0,64.33024240829815,56.86353284381936,47.834298203302815,11.2919801876173,95.0,2.0,3.0,compute_bound,
2026-01-05 01:41:00,94.31058325243569,45.57091570075986,76.24224272966046,383.1595815887116,0.0,0.0,65.58807551204546,58.52953737495941,42.66437273969378,15.855152750224978,96.0,5.0,3.0,compute_bound,
2026-01-05 01:42:00,93.29001389327125,50.23780672520814,76.13646291591776,371.79481832607814,0.0,0.0,68.74906288095731,57.27008117198135,39.074718482709116,15.344180688712067,97.0,7.0,3.0,compute_bound,
2026-01-05 01:43:00,95.07385663267011,53.227967893997864,76.45379525789465,383.1888815991529,0.0,0.0,66.87857649513428,57.183463691525546,19.84218258550415,27.678803516622875,98.0,3.0,3.0,compute_bound,
2026-01-05 01:44:00,92.61088944556903,49.09248447006481,76.93114440456453,385.4089546585081,0.0,0.0,66.62142289455883,56.46018827832736,31.15206949380497,13.726802422772634,99.0,5.0,3.0,compute_bound,
2026-01-05 01:45:00,94.24495241801371,54.01311934442709,77.50125489655768,389.0068918008784,0.0,0.0,64.53731487823973,54.991878339278394,19.176510737353723,31.723685216248935,100.0,5.0,3.0,compute_bound,
2026-01-05 01:46:00,89.69256825490885,53.824524910984636,77.03077406885652,366.9646017803502,0.0,0.0,64.18084282465793,56.36201192432478,41.45915392519839,46.14169973863814,101.0,6.0,3.0,compute_bound,
2026-01-05 01:47:00,90.29920669394848,50.07037930006219,76.89955831515513,365.42642694335115,0.0,0.0,64.15979094110217,55.1029238460883,68.13503064566176,37.605346602907275,102.0,8.0,3.0,compute_bound,
2026-01-05 01:48:00,88.82765082349107,50.20238228088501,76.63593521351487,358.17751929220714,0.0,0.0,59.78894244679139,56.50672067254606,55.396536628105636,73.63215615781633,103.0,6.0,3.0,compute_bound,
2026-01-05 01:49:00,87.56007355743293,55.51624598095689,76.69367361013892,362.1871071771438,0.0,0.0,61.81127790438837,56.84910091653363,48.89152344705689,63.41120290249171,104.0,7.0,3.0,compute_bound,
2026-01-05 01:50:00,88.35826347018961,58.551827814159864,76.75965852513379,358.3111682319698,0.0,0.0,65.87887223762722,56.20899845641721,43.15568500218387,73.41615500324896,105.0,2.0,3.0,compute_bound,
2026-01-05 01:51:00,90.96562397041278,55.98291552029554,76.64266600133398,367.91265693232157,0.0,0.0,67.6059505580225,52.02209671526707,15.911079144057553,59.21821760376504,106.0,3.0,3.0,compute_bound,
2026-01-05 01:52:00,93.00081086320395,55.78748508362767,76.49396886454801,379.77346974103875,0.0,0.0,65.33196589630809,53.618035075961835,0.0,47.57910368100609,107.0,5.0,3.0,compute_bound,
2026-01-05 01:53:00,89.44969559349964,53.797415420325464,76.6850083035862,359.2121831610889,0.0,0.0,65.10704193709313,52.999869907901335,0.0,45.65737011814561,108.0,5.0,3.0,compute_bound,
2026-01-05 01:54:00,92.95951160864753,49.77584454409146,76.98565438458202,379.54000186287425,0.0,0.0,64.04968814757538,51.849491515966186,1.5802253681407379,52.74705861732197,109.0,10.0,3.0,compute_bound,
2026-01-05 01:55:00,95.10380394051896,52.21175421248477,77.00198874780278,378.81766544705766,0.0,0.0,64.3348376807243,50.60018257959501,15.35442758587341,49.693846098968436,110.0,4.0,3.0,compute_bound,
2026-01-05 01:56:00,97.26105651238721,55.33836092499225,77.17544165947866,394.4559248834541,0.0,0.0,64.1834413092954,48.33766683987959,45.118941971597565,53.28325504839695,111.0,3.0,3.0,compute_bound,
2026-01-05 01:57:00,94.77890337482738,57.13694361322164,76.98341170114175,386.0982395005356,0.0,0.0,67.94226670891847,52.419151245915806,55.92371546321763,57.01865418723226,112.0,3.0,3.0,compute_bound,
2026-01-05 01:58:00,97.94481878523969,55.27489213727089,77.02227486029076,386.49836803359113,0.0,0.0,66.03159944144917,51.02874595121082,73.49368132185512,41.86431865078719,113.0,4.0,3.0,compute_bound,
2026-01-05 01:59:00,95.63544907398558,53.91101993517309,77.09212367637275,390.57266616508895,0.0,0.0,71.69454947948097,50.64411359303857,69.70098802829358,49.74119169260054,114.0,5.0,3.0,compute_bound,
2026-01-05 02:00:00,95.99865488730653,53.43837835719526,77.50065639120051,386.7275172911357,0.0,0.0,71.7347722752325,50.03361402744165,58.76868960229493,66.056283481462,115.0,3.0,3.0,compute_bound,
2026-01-05 02:01:00,94.49173741513594,53.144069453381185,77.64738530152812,384.22222853488876,0.0,0.0,71.80903645836007,48.35832572001924,39.9476918563179,55.555690104150806,116.0,6.0,3.0,compute_bound,
2026-01-05 02:02:00,94.60770258416464,51.07926319241747,77.42608079667268,364.5127267672579,0.0,0.0,70.4450330916717,48.25654197316543,47.37502858150217,54.962594227024596,117.0,4.0,3.0,compute_bound,
2026-01-05 02:03:00,96.1816538225934,52.45067737712406,77.22286360252204,381.68254009043403,0.0,0.0,74.611678609631,50.609970153783514,41.8216657630783,46.82775175386048,118.0,3.0,3.0,compute_bound,
2026-01-05 02:04:00,95.8075093868462,58.17808233070359,76.96002666910243,388.53914450563315,0.0,0.0,66.30603201599087,50.55085378017421,46.13451756544202,39.491790879198554,119.0,4.0,3.0,compute_bound,
2026-01-05 02:05:00,93.26066989821923,61.00720395976198,77.05800519371364,378.8966007818738,0.0,0.0,65.38304676512767,48.19917609272995,64.31478849109175,40.14720990746322,120.0,5.0,3.0,compute_bound,
2026-01-05 02:06:00,93.032040279408,59.710179771926455,77.0686451641355,387.6281907249853,0.0,0.0,60.10536744043264,50.72708976876461,85.63166887938368,38.88131497023981,121.0,5.0,3.0,compute_bound,
2026-01-05 02:07:00,92.9147936055864,55.81805009317162,77.02375172671694,380.57583738338263,0.0,0.0,60.1128211103645,58.44819377365345,58.774639197646124,40.614776045788865,122.0,3.0,3.0,compute_bound,
2026-01-05 02:08:00,91.27559356397828,53.98170848358597,76.89155549918577,361.60913218129724,0.0,0.0,58.36097160342595,59.90377864152153,56.38559553049058,47.19412242722569,123.0,6.0,3.0,compute_bound,
2026-01-05 02:09:00,90.01485580569646,48.01637803798965,76.37133701897204,362.57737277440856,0.0,0.0,59.940222268670446,57.268780568349605,26.57934944024141,20.675562520032603,124.0,2.0,3.0,compute_bound,
2026-01-05 02:10:00,88.90763365664155,47.48903806295108,75.82055723754662,361.586847789954,0.0,0.0,55.328782841730145,54.95457143622235,30.26508418623549,27.10953261149252,125.0,4.0,3.0,compute_bound,
2026-01-05 02:11:00,88.42228947966068,50.215794737306275,75.79534521649154,357.46140061443845,0.0,0.0,62.251639925770775,52.41892418094646,4.958123264207934,30.0470414437527,126.0,4.0,3.0,compute_bound,
2026-01-05 02:12:00,87.29348226735951,55.439675575035025,75.53748255730135,357.4315682466428,0.0,0.0,64.47785601891249,56.887992764007464,50.95850704572722,50.892855577299656,127.0,6.0,3.0,compute_bound,
2026-01-05 02:13:00,94.81455802595902,56.22594309202194,75.36338108822083,378.70569967168416,0.0,0.0,66.19943092958599,54.11437808529388,83.9192112631944,42.209346300024,128.0,5.0,3.0,compute_bound,
2026-01-05 02:14:00,88.42506428132405,52.95441347139689,75.56995840147071,363.5312265330821,0.0,0.0,67.03651445519326,55.46667267180414,84.76732014624389,52.61926201130868,129.0,3.0,3.0,compute_bound,
2026-01-05 02:15:00,88.27070446994718,50.785165446638814,75.45559268575208,362.71729617775725,0.0,0.0,65.58274464067917,53.985812806207804,103.09279267690297,34.538618118852135,130.0,3.0,3.0,compute_bound,
2026-01-05 02:16:00,87.69497603311318,54.021618166848846,75.40994704865545,357.56434259599047,0.0,0.0,62.48307265640234,56.61004734110805,88.64000903696393,31.148181631195527,131.0,6.0,3.0,compute_bound,
2026-01-05 02:17:00,87.45451621128736,55.73595178915574,75.63478739283805,352.9271460323862,0.0,0.0,59.751177534440636,57.07187718805552,75.1055242778528,30.604597416824145,132.0,7.0,3.0,compute_bound,
2026-01-05 02:18:00,88.92130148479279,56.6641238246938,75.53709198625664,369.30537993200323,0.0,0.0,62.236894181897526,55.081485729597695,47.248369232303475,30.79425790644941,133.0,5.0,3.0,compute_bound,
2026-01-05 02:19:00,91.01950627225663,55.96590680014336,75.42829005260714,371.38060306813975,0.0,0.0,63.08885119218732,55.98806292015769,68.41628353721225,36.4414261206968,134.0,3.0,3.0,compute_bound,
2026-01-05 02:20:00,90.79345292502389,54.64206530495563,75.58943479823392,369.30543725565286,0.0,0.0,67.57313214006284,55.707971450586996,62.42783374638233,24.294684397793777,135.0,2.0,3.0,compute_bound,
2026-01-05 02:21:00,93.58476271116352,55.62365004882759,75.6772746633216,377.1972341733091,0.0,0.0,62.51208537345014,58.87277790053885,71.40126271653544,15.106665131100455,136.0,5.0,3.0,compute_bound,
2026-01-05 02:22:00,90.88430613012866,55.41809808457745,75.55582661383934,371.7472898773416,0.0,0.0,63.865335064776964,58.684274234256506,55.56629461247382,12.643562382010888,137.0,2.0,3.0,compute_bound,
2026-01-05 02:23:00,90.9050767438624,55.74423617731382,75.87240107083065,370.7537501374862,0.0,0.0,62.02670316211932,59.03479567316024,69.73417285816252,10.823575273091999,138.0,3.0,3.0,compute_bound,
2026-01-05 02:24:00,88.94295842523918,56.656629393542595,75.85412193971814,367.1530275908056,0.0,0.0,65.04956742907204,58.88435836934818,91.54289548198776,22.657241478022904,139.0,3.0,3.0,compute_bound,
2026-01-05 02:25:00,88.33355421118358,54.845652475976834,75.98384770327525,367.7940428075635,0.0,0.0,66.46717998433985,59.007554703567486,58.05272431677297,23.77748058249483,140.0,5.0,3.0,compute_bound,
2026-01-05 02:26:00,88.77684079598797,55.74712239195336,75.81257002524342,363.70756663455006,0.0,0.0,70.0471392899936,57.74475853326762,57.17966930636461,27.944759081101605,141.0,6.0,3.0,compute_bound,
2026-01-05 02:27:00,95.53044796255165,53.77382356946318,75.5570598866116,375.7662254814459,0.0,0.0,64.87539218930803,59.8662121161531,78.65481150487466,40.38027316411713,142.0,2.0,3.0,compute_bound,
2026-01-05 02:28:00,94.56793540458564,53.06148728072511,75.73721428715048,381.4034215963846,0.0,0.0,73.66438226005964,57.64327254241119,83.51343326915118,36.285500111589585,143.0,5.0,3.0,compute_bound,
2026-01-05 02:29:00,92.30506575882009,55.9080291237454,76.01963476339493,375.78556799743814,0.0,0.0,73.4326919398279,55.27292564082722,89.12450331654233,55.08211950544825,144.0,3.0,3.0,compute_bound,
2026-01-05 02:30:00,88.15694766200424,55.45765009091585,75.76487944731554,354.12117001095487,0.0,0.0,74.68083813180718,56.66776161662011,80.8841855695714,56.05835974865796,145.0,2.0,3.0,compute_bound,
2026-01-05 02:31:00,92.59884478073268,54.50616611322905,75.60201840123219,371.12265429655065,0.0,0.0,67.77343052598529,56.0073310141161,77.3485025993501,46.281715567327126,146.0,6.0,3.0,compute_bound,
2026-01-05 02:32:00,94.31344679734025,57.42743923496778,75.90432930435786,371.7322562315703,0.0,0.0,72.08931735419603,53.834458551252624,86.7175189543009,41.271271863783184,147.0,2.0,3.0,compute_bound,
2026-01-05 02:33:00,91.86897508131663,59.54872206671851,75.99058256859928,365.6446357515648,0.0,0.0,77.4419491294342,49.653563009007584,76.76283053200217,37.09699634626754,148.0,5.0,3.0,compute_bound,
2026-01-05 02:34:00,92.62842456204288,56.20398637984177,75.92063331767929,376.60345239314444,0.0,0.0,69.66116703723253,49.99352080076206,96.05203643874901,42.38934194031349,149.0,4.0,3.0,compute_bound,
2026-01-05 02:35:00,99.1341162011753,53.42755156281121,76.42706889994095,392.597780060398,0.0,0.0,68.9657059832077,51.207810629856866,76.22753303327909,44.60282062383263,150.0,4.0,3.0,compute_bound,
2026-01-05 02:36:00,97.792470030629,58.11556006615238,76.85118159208707,397.19533117062366,0.0,0.0,63.33748287554263,52.91191763586784,75.56747397415151,51.14103926426188,151.0,2.0,3.0,compute_bound,
2026-01-05 02:37:00,98.05709691524467,58.81090818685795,77.45812390294233,406.9454576356872,0.0,0.0,62.78801802174567,52.859450718892894,57.56306356425423,45.064947431618705,152.0,5.0,3.0,compute_bound,
2026-01-05 02:38:00,97.62893124709596,54.38603289879844,78.11472409884665,396.5231883230084,0.0,0.0,63.80594163407342,52.509715823692545,73.89691701504458,56.02215559992345,153.0,3.0,3.0,compute_bound,
2026-01-05 02:39:00,89.88796038826794,56.63882855551986,77.77070089896549,374.5213550857568,0.0,0.0,60.27886421132357,54.20718426796264,74.07053055990556,37.95487802824007,154.0,3.0,3.0,compute_bound,
2026-01-05 02:40:00,96.07699287028123,55.750353263567185,77.75200393176222,384.48204891803806,0.0,0.0,66.31093953069966,56.48831762846462,99.78731514105957,42.886112322711696,155.0,4.0,3.0,compute_bound,
2026-01-05 02:41:00,97.62559559751874,55.26824029099905,77.96987211898204,396.82856000206135,0.0,0.0,63.329725230463836,56.92972554603564,79.13036589161885,45.91445711544803,156.0,3.0,3.0,compute_bound,
2026-01-05 02:42:00,97.87759201600248,54.23935030249668,77.97152933997279,391.5376621240464,0.0,0.0,66.09280373369063,57.09407142070951,46.88932686182796,52.78047974560401,157.0,6.0,3.0,compute_bound,
2026-01-05 02:43:00,92.64069335995896,53.516774943541485,77.9232179698575,374.26700784006704,0.0,0.0,64.9250072171876,57.60415107060229,31.878825749822692,78.86258459882741,158.0,3.0,3.0,compute_bound,
2026-01-05 02:44:00,90.30633540631466,58.182562669620886,77.65432994939479,359.96485667815983,0.0,0.0,65.43838726202642,57.333357933011825,31.463151346798707,94.89590063450139,159.0,3.0,3.0,compute_bound,
2026-01-05 02:45:00,92.47551533060955,60.04138897474593,77.6661260474892,377.59184068623864,0.0,0.0,71.43088840343496,53.077474178522515,34.40412423122194,92.95982497965558,160.0,2.0,3.0,compute_bound,
2026-01-05 02:46:00,96.1715932747476,58.83777117687595,77.72742029553281,383.17636552408015,0.0,0.0,75.93813132390343,56.27283317562918,31.567490345139582,88.26339206277792,161.0,4.0,3.0,compute_bound,
2026-01-05 02:47:00,95.52541763918771,58.54720695196691,78.13042225809131,393.25418860120163,0.0,0.0,76.36019399416153,56.81264809509829,32.59272085499313,69.85590755853373,162.0,4.0,3.0,compute_bound,
2026-01-05 02:48:00,96.839806216499,56.82501328979731,77.97919534040032,392.52174102021917,0.0,0.0,81.49921232967377,58.591521771302496,39.830549475978465,57.68924918875982,163.0,3.0,3.0,compute_bound,
2026-01-05 02:49:00,96.59375812331265,53.61816537450499,77.72614306877776,389.5581270032984,0.0,0.0,75.7643738602068,52.9148026240313,51.70090606686337,56.320066472621846,164.0,2.0,3.0,compute_bound,
2026-01-05 02:50:00,93.98839057833723,50.77162685692342,77.4211305719627,373.4329962427904,0.0,0.0,75.01371976796013,52.99011136924361,51.93978774788511,38.54968947343491,165.0,5.0,3.0,compute_bound,
2026-01-05 02:51:00,93.26200958311242,52.00083462284945,77.38417680814095,377.3585989845121,0.0,0.0,73.10595389203276,51.95269093739286,62.59173160045458,61.70017539083656,166.0,4.0,3.0,compute_bound,
2026-01-05 02:52:00,93.26759303794647,52.460483568420464,77.7205934319831,376.7486073478407,0.0,0.0,74.24530484688329,53.91686414920422,49.25205020742986,65.0590187141158,167.0,5.0,3.0,compute_bound,
2026-01-05 02:53:00,92.9278795641271,52.351065495532005,77.57564524437242,375.83493427329324,0.0,0.0,73.52772394611517,54.525450254724625,58.17818936436435,39.26478420841406,168.0,4.0,3.0,compute_bound,
2026-01-05 02:54:00,90.71867940398465,51.96883723668157,77.0786681090738,374.35742595765964,0.0,0.0,72.4128461014569,55.99472903828009,76.04341414738397,44.08981114439762,169.0,2.0,3.0,compute_bound,
2026-01-05 02:55:00,90.90822535762538,54.09959121206925,77.15722371869913,374.27843497027226,0.0,0.0,69.18290425236704,56.07665866290059,70.99915705557093,46.856610744928986,170.0,5.0,3.0,compute_bound,
2026-01-05 02:56:00,90.29465541168739,51.527938282430796,76.43378420593078,366.18483868941075,0.0,0.0,61.002805385979755,56.55126152343563,75.34663152896243,47.13242176641134,171.0,2.0,3.0,compute_bound,
2026-01-05 02:57:00,93.52926325476568,50.36089616267937,76.46622536844919,379.6366132096501,1.0,0.0,62.02586275229558,54.7590955206303,93.93955255843952,49.239522643366,172.0,5.0,3.0,compute_bound,
2026-01-05 02:58:00,96.23133317941272,51.02471184264496,76.86767312658569,393.73121621442016,0.0,0.0,66.80467618467316,57.656303692023414,101.59734414980531,34.15905615792789,173.0,6.0,3.0,compute_bound,
2026-01-05 02:59:00,95.18799151435188,53.17426009864689,76.75553432682581,380.57743258438705,0.0,0.0,64.72289264425108,56.83855804317566,84.8101223468658,31.081615748152508,174.0,2.0,3.0,compute_bound,
2026-01-05 03:00:00,97.45027205897831,56.33686263502697,76.58128678274005,386.5671234809668,0.0,0.0,68.423887165824,54.070517532869424,63.76698593263054,46.33163783614965,175.0,3.0,3.0,compute_bound,
2026-01-05 03:01:00,94.85929117757856,56.176127525326045,76.81379677125332,386.5961575538717,0.0,0.0,64.70057886604671,55.87641802190534,46.84712621245013,40.32958356272121,176.0,6.0,3.0,compute_bound,
2026-01-05 03:02:00,94.30839709244651,52.13867811338616,76.56543698235778,378.500788042264,0.0,0.0,70.13842431183386,53.907814339232296,51.03507894380873,42.28190847985763,177.0,4.0,3.0,compute_bound,
2026-01-05 03:03:00,97.07585987778546,56.11808421943621,77.21202420475025,391.8160979014746,0.0,0.0,68.21695376504059,54.63845028585968,54.97313661813121,30.124831340838355,178.0,2.0,3.0,compute_bound,
2026-01-05 03:04:00,91.12386181776316,60.03034821379971,76.92455644893862,374.51128503063495,0.0,0.0,68.33691092700967,57.78963035774697,68.33620146698351,28.969815276455407,179.0,3.0,3.0,compute_bound,
2026-01-05 03:05:00,96.41007882897385,56.65175233567011,77.00735247843488,388.39574186665436,0.0,0.0,70.03868950791964,55.6883594382759,63.95069445173293,41.72294914289314,180.0,3.0,3.0,compute_bound,
2026-01-05 03:06:00,97.39246710667561,59.222946361160005,77.3612098640228,394.3856740568213,0.0,0.0,69.26808668771743,54.26840440824359,67.85181949057518,35.163925525597506,181.0,6.0,3.0,compute_bound,
2026-01-05 03:07:00,95.12678224818039,57.82113061950683,77.85735309077721,385.72325330069503,0.0,0.0,73.05641241803497,51.7134282291299,52.81737471716822,18.493306979458907,182.0,2.0,3.0,compute_bound,
2026-01-05 03:08:00,95.81231456538342,55.88899903984988,77.63779030994245,386.6273342306212,0.0,0.0,70.0991589862861,50.96554609766995,37.416953185384074,18.14051683116748,183.0,3.0,3.0,compute_bound,
2026-01-05 03:09:00,95.00048643086251,58.01173694180694,77.90110057799183,390.97492021143046,0.0,0.0,67.27351763007408,52.718626552838785,46.45865734200426,43.22046270438233,184.0,6.0,3.0,compute_bound,
2026-01-05 03:10:00,94.79256252694954,56.94049755468925,78.09540536045058,389.301126924297,0.0,0.0,64.70210518300213,53.47379025818589,58.13148751310288,63.29136133393145,185.0,2.0,3.0,compute_bound,
2026-01-05 03:11:00,90.92619936821464,57.68900548072443,78.19355009110961,371.40244212048185,0.0,0.0,64.97213692570887,55.05988566389984,56.259634855081295,66.69466722694669,186.0,6.0,3.0,compute_bound,
2026-01-05 03:12:00,96.02702351813937,55.93618946348423,78.46678268788183,393.36644648264223,0.0,0.0,64.91421075588438,57.734512629703175,20.522132250325907,59.114779295044926,187.0,4.0,3.0,compute_bound,
2026-01-05 03:13:00,100.0,55.88075968166673,78.43689216764345,397.82421864954057,0.0,0.0,58.71150744981462,58.144125597812256,12.26422896020452,42.945317198696145,188.0,7.0,3.0,compute_bound,
2026-01-05 03:14:00,97.27408259597799,53.88070956599876,78.25773432602634,385.41751648840795,0.0,0.0,63.312445437076505,58.24137836705157,20.462308886420082,39.41213559623908,189.0,5.0,3.0,compute_bound,
2026-01-05 03:15:00,94.40690748354314,57.29681868949559,78.19323894991008,389.87265295588327,0.0,0.0,64.50094084150933,57.24726457418056,48.27796185364919,37.23406806791386,190.0,4.0,3.0,compute_bound,
2026-01-05 03:16:00,94.76872730078672,58.57878811785121,78.53111813058923,385.6753602027101,0.0,0.0,65.00294427160388,54.33929228039011,50.64469432421596,36.62088659056671,191.0,10.0,3.0,compute_bound,
2026-01-05 03:17:00,94.58950028278107,58.5545938576246,78.58668255199676,385.4951819301817,0.0,0.0,61.2753632504325,55.52161115942841,68.98623943126682,43.388829026938325,192.0,4.0,3.0,compute_bound,
2026-01-05 03:18:00,96.0345942650159,53.714170315807976,78.38711931329406,386.9695944271223,0.0,0.0,58.75785958937864,54.00297217516432,32.85654053467952,33.807302070101066,193.0,4.0,3.0,compute_bound,
2026-01-05 03:19:00,93.44282771737373,53.453871592680045,77.79103151491339,381.69205145400605,0.0,0.0,57.524551096502975,52.922689456444104,21.681872992005314,29.105136065151214,194.0,3.0,3.0,compute_bound,
2026-01-05 03:20:00,97.94385765739769,55.20605826450077,78.06452681887285,391.9483465737135,0.0,0.0,58.55218200499259,55.190516165555074,36.53796604208684,12.98109253757385,195.0,5.0,3.0,compute_bound,
2026-01-05 03:21:00,97.10548353781407,57.095723333634986,78.16930214668093,388.37300681635145,0.0,0.0,59.39155605724931,55.0351886394493,57.883647700265875,12.677035482659255,196.0,2.0,3.0,compute_bound,
2026-01-05 03:22:00,96.49809715801749,52.48864510532154,78.62792119309368,397.60189268250286,0.0,0.0,57.273644079106234,55.560370624631695,31.36141736485264,26.433827465730076,197.0,5.0,3.0,compute_bound,
2026-01-05 03:23:00,0.0,7.011342791241791,73.94199740262762,61.90364768442982,0.0,0.0,0.0,20.875924935295583,0.0,0.0,0.0,0.0,0.0,idle,
2026-01-05 03:24:00,0.0,7.086209319592287,69.71242773630105,62.846702192669255,0.0,0.0,3.4011346112222856,19.419240486922053,0.0,4.711760639221391,0.0,1.0,0.0,idle,
2026-01-05 03:25:00,0.0,8.233564911425038,65.58640569241409,53.769958173385135,0.0,0.0,3.545196364793396,21.96175912833266,0.0,0.6493737296215798,0.0,3.0,0.0,idle,
2026-01-05 03:26:00,0.0,11.094382785309314,62.01403944767085,56.5962756992992,0.0,0.0,5.780932935656811,23.926451084183245,0.0,0.0,0.0,2.0,0.0,idle,
2026-01-05 03:27:00,0.0,12.340473912930529,58.92654557903806,63.94632783059312,0.0,0.0,9.583746790177544,24.729210450509207,0.0,0.0,0.0,2.0,0.0,idle,
2026-01-05 03:28:00,0.0,11.91829077043386,56.58740656283043,57.36673356324445,0.0,0.0,9.023101396037848,27.590842382919767,0.0,0.0,0.0,1.0,0.0,idle,
2026-01-05 03:29:00,0.0,13.758805829067928,54.07994009633815,63.63489245971224,0.0,0.0,14.363180710056525,26.368771460875493,0.0,0.0,0.0,4.0,0.0,idle,
2026-01-05 03:30:00,0.0,14.883424488437504,52.060421834697465,58.01424032019383,0.0,0.0,10.064106437097287,21.615102002149726,0.0,0.0,0.0,2.0,0.0,idle,
2026-01-05 03:31:00,0.0,17.880086221055898,50.54540412219873,61.05600647964456,0.0,0.0,12.202681458963735,21.923389269412745,19.981140666747002,0.0,0.0,5.0,0.0,idle,
2026-01-05 03:32:00,0.0,17.70923311780804,48.78335715833948,60.627739734604454,0.0,0.0,11.298328812456907,23.48774549478894,31.492441272251302,0.0,0.0,1.0,0.0,idle,
2026-01-05 03:33:00,0.0,16.226534073987203,47.24690692123224,54.14112948535414,0.0,0.0,15.005963426671812,26.297829197148406,26.06956047245687,0.0,0.0,3.0,0.0,idle,
2026-01-05 03:34:00,0.0,16.562997543156747,45.76380652518872,57.895726954869914,0.0,0.0,10.670982051646353,23.380528110704297,12.57853062451797,0.0,0.0,2.0,0.0,idle,
2026-01-05 03:35:00,0.0,11.219552422874447,45.119803768799095,57.169288142741635,0.0,0.0,8.225235457962873,22.68812143691165,5.096018937447725,0.0,0.0,2.0,0.0,idle,
2026-01-05 03:36:00,0.0,12.400962145057093,44.629328845083975,59.03281376296519,0.0,0.0,6.280001790303179,21.713086919685857,27.585488745907057,0.0,0.0,1.0,0.0,idle,
2026-01-05 03:37:00,0.0,15.97073263161773,44.21391914315304,69.5452727789803,0.0,0.0,9.435200092126419,23.770535429660846,18.854558443884276,0.0,0.0,0.0,0.0,idle,
2026-01-05 03:38:00,0.0,13.935427394647075,43.18584315503094,64.31205492131552,0.0,0.0,7.7567790588342085,23.233087065418662,22.088949414484684,0.0,0.0,2.0,0.0,idle,
2026-01-05 03:39:00,0.0,15.345570192101547,42.291883320232756,54.53474201288657,0.0,0.0,0.6781976042923374,19.57821380482548,10.25072218882073,0.0,0.0,2.0,0.0,idle,
2026-01-05 03:40:00,0.0,12.687783235227277,41.414546479026036,64.15561472955677,0.0,0.0,2.4190628871108966,19.90258676970482,6.489686351821228,0.0,0.0,1.0,0.0,idle,
2026-01-05 03:41:00,0.0,13.076220444498752,40.701583577189815,56.02275448574574,0.0,0.0,2.8677247057055713,23.984073165194204,2.3898751759565284,0.0,0.0,2.0,0.0,idle,
2026-01-05 03:42:00,0.0,13.45562678058434,40.8569551352314,64.14533862865414,0.0,0.0,0.5853449899901753,26.77527067663665,22.249944308253554,0.0,0.0,5.0,0.0,idle,
2026-01-05 03:43:00,0.0,12.580479642325415,40.34259405757739,58.05163257717917,0.0,0.0,0.0,25.0883874681104,13.96190034524963,0.0,0.0,3.0,0.0,idle,
2026-01-05 03:44:00,0.0,9.215222044858749,40.28957959168717,57.595461514547246,0.0,0.0,0.8749477043368628,21.3169341886258,27.770273119493417,0.0,0.0,3.0,0.0,idle,
2026-01-05 03:45:00,79.93402664547949,52.829766175562376,43.938107134070826,328.0813202337835,0.0,0.0,60.18995584323916,50.576295330325934,60.29273908638467,31.82594482671471,0.0,7.0,3.0,compute_bound,
2026-01-05 03:46:00,80.21945899150171,51.31834343684067,46.96799203733057,326.20602349125693,0.0,0.0,60.076852745395946,49.516686291912755,46.096651027726686,25.246744790087824,1.0,3.0,3.0,compute_bound,
2026-01-05 03:47:00,84.64926945658749,48.30165085559807,49.74876736445786,345.62665074331795,0.0,0.0,57.454548183653,49.94213986043623,43.08525326812894,30.784018157053687,2.0,4.0,3.0,compute_bound,
2026-01-05 03:48:00,83.68466926222277,51.06083043943681,52.196664431339705,339.92115823872524,1.0,0.0,60.524881158399566,51.97328118173591,38.28383289056859,26.31713490167586,3.0,3.0,3.0,compute_bound,
2026-01-05 03:49:00,85.77640918229332,53.37352721736153,55.06522376636723,358.63229009406376,0.0,0.0,66.14401486869409,50.80245063918413,52.05450040536344,0.0,4.0,4.0,3.0,compute_bound,
2026-01-05 03:50:00,85.3253235589159,51.6659889467861,57.166692440475586,347.23087685720196,0.0,0.0,65.81028935613064,51.12251939356997,59.892069731951686,8.674875663161782,5.0,2.0,3.0,compute_bound,
2026-01-05 03:51:00,83.4855498415194,51.58772477339314,59.00968746889882,345.9810897942498,0.0,0.0,68.50894037889844,56.378417078488546,55.79737645433194,8.499560208089143,6.0,4.0,3.0,compute_bound,
2026-01-05 03:52:00,82.34543440982665,52.97344624709498,60.6810932022504,343.28909261714136,0.0,0.0,70.4156810561355,60.932241468058876,81.54949655625934,11.035396775034352,7.0,5.0,3.0,compute_bound,
2026-01-05 03:53:00,80.59151845788543,56.83306570763364,62.286376908616695,333.5149783378936,0.0,0.0,70.05277881169873,57.21795242471593,72.67696695105042,16.384381135408855,8.0,3.0,3.0,compute_bound,
2026-01-05 03:54:00,80.10493032598228,57.26562093834955,63.49804876646209,336.8478969382615,0.0,0.0,71.08577757743608,58.75369613467059,53.03835199186419,8.055405092224447,9.0,2.0,3.0,compute_bound,
2026-01-05 03:55:00,82.26986996628182,55.98587117521273,64.52256426985988,341.55801984626277,0.0,0.0,66.1806526628065,58.115199550235,20.81952031333655,5.449898467017697,10.0,6.0,3.0,compute_bound,
2026-01-05 03:56:00,84.73217901609789,59.34088557806476,66.00639342061191,348.31659341386495,0.0,0.0,70.5742333523033,58.0302019805404,22.002590398029994,22.619700181567843,11.0,3.0,3.0,compute_bound,
2026-01-05 03:57:00,89.5503098337642,59.61484635272626,66.95286040060839,361.16146780456506,0.0,0.0,69.35968961200084,54.213541894739805,20.378859298614323,33.54156485949607,12.0,4.0,3.0,compute_bound,
2026-01-05 03:58:00,91.54568166230808,57.92925489064589,68.13624139183746,367.8834876636479,0.0,0.0,72.32541437469828,57.05630749127746,33.49002368635677,58.93937253637597,13.0,2.0,3.0,compute_bound,
2026-01-05 03:59:00,91.2711824445872,59.93932591522956,68.78498072056516,371.5340834330333,0.0,0.0,73.80658287523165,52.949652189302064,17.08123131413403,39.75994810606859,14.0,3.0,3.0,compute_bound,
2026-01-05 04:00:00,94.53605691508831,58.3264119518593,70.12003704837595,384.74870743382763,0.0,0.0,72.3698706807294,57.34596757854694,29.780536992409736,22.25039878771041,15.0,4.0,3.0,compute_bound,
2026-01-05 04:01:00,95.50598105514037,56.05567129808585,71.2880232717822,389.9277337968352,0.0,0.0,75.58807709889382,57.89313671439329,17.22282733816327,10.515169819605998,16.0,3.0,3.0,compute_bound,
2026-01-05 04:02:00,96.012868172438,52.84330109774541,72.14430394623486,391.6717051268875,0.0,0.0,72.57853324223994,57.06249985282252,0.0,17.224018607778515,17.0,3.0,3.0,compute_bound,
2026-01-05 04:03:00,88.61817618590949,54.771274169196325,72.30631722322013,360.67927844236254,0.0,0.0,70.04800854295657,56.632493381635776,0.0,32.481025486733074,18.0,2.0,3.0,compute_bound,
2026-01-05 04:04:00,86.8067185288973,53.55169453139021,72.5968323296462,351.5238394969129,0.0,0.0,67.36331990801156,57.357760359529905,0.0,37.24966534205521,19.0,2.0,3.0,compute_bound,
2026-01-05 04:05:00,89.27311170826044,53.78389021233486,72.8137301302606,361.746010435441,0.0,0.0,70.36024527948403,55.763984848071914,0.0,26.391832115284622,20.0,3.0,3.0,compute_bound,
2026-01-05 04:06:00,89.56678886412553,54.88623336849672,72.93598532419298,362.12134528762914,0.0,0.0,71.24997207004083,54.44442816611472,6.265126385025205,30.196286247474617,21.0,3.0,3.0,compute_bound,
2026-01-05 04:07:00,90.21964444925928,54.94260382720667,73.56392036487999,372.7538731052055,0.0,0.0,74.68912538967842,53.01087942339363,9.89343738653583,40.472155839951775,22.0,3.0,3.0,compute_bound,
2026-01-05 04:08:00,85.25062711064874,58.414366278452064,73.2282713371954,343.72944385614466,0.0,0.0,72.3122664478199,53.06888673713489,7.415455522268502,51.80133263973181,23.0,7.0,3.0,compute_bound,
2026-01-05 04:09:00,87.24443202543077,55.60439101125166,73.59639747636453,361.91977874108017,0.0,0.0,67.5890026947547,53.07616093155357,13.299811289131519,57.41087821270416,24.0,4.0,3.0,compute_bound,
2026-01-05 04:10:00,86.60039228398922,51.90782261452427,73.49444059206095,355.61279454422436,0.0,0.0,66.56275304867994,50.532990915782975,11.584132956377843,44.101278227763444,25.0,5.0,3.0,compute_bound,
2026-01-05 04:11:00,90.95092871311667,51.741039515164736,73.78903741776158,367.3944445016773,0.0,0.0,67.72541571781923,49.20588387467508,22.845040474284072,25.480004643080104,26.0,3.0,3.0,compute_bound,
2026-01-05 04:12:00,96.46930204426002,52.46997249644839,74.33457401447629,393.92747294622706,0.0,0.0,72.19168484939593,50.08749840338318,37.716961958099205,35.780606678359405,27.0,4.0,3.0,compute_bound,
2026-01-05 04:13:00,96.08250359390765,54.02618415944711,74.86152028784318,390.6667741076229,0.0,0.0,74.65924269294683,49.924222079792706,41.06720352431036,45.99883503546188,28.0,2.0,3.0,compute_bound,
2026-01-05 04:14:00,93.37384788908855,52.493174536456955,74.62063136962023,375.26255951624535,0.0,0.0,67.58322278230484,49.57094285094997,61.01985104684761,64.557166072137,29.0,3.0,3.0,compute_bound,
2026-01-05 04:15:00,92.41218943043583,50.69238333724204,75.00202405667136,379.1879856296623,0.0,0.0,66.30807006736535,48.307134404997,54.178187753555974,41.87124463290409,30.0,3.0,3.0,compute_bound,
2026-01-05 04:16:00,92.34935350537911,50.99408591879052,75.09164989302887,375.7719271602524,0.0,0.0,64.93629059787858,50.49103877028467,20.646904170102406,39.07931401761396,31.0,3.0,3.0,compute_bound,
2026-01-05 04:17:00,92.82595376312582,54.383454976039246,75.21911881546764,374.5947147175231,0.0,0.0,66.20918970658695,51.09462700584752,30.788038956184707,54.78974088561096,32.0,4.0,3.0,compute_bound,
2026-01-05 04:18:00,88.5679827909796,54.98891640787643,74.8054700292557,358.8345199687997,0.0,0.0,67.3358188233977,50.70746296608612,37.836026122455856,48.501383958185016,33.0,5.0,3.0,compute_bound,
2026-01-05 04:19:00,88.25668628677039,56.09869336511459,74.59014797250461,363.9692552317277,0.0,0.0,71.75729040425333,48.83055282078574,47.187528254794664,35.75759981011868,34.0,5.0,3.0,compute_bound,
2026-01-05 04:20:00,92.0456272488981,57.689829491410094,74.79357077566102,375.99670846053846,0.0,0.0,71.50803414205608,51.13727477373823,23.869701087338058,24.85239023022541,35.0,3.0,3.0,compute_bound,
2026-01-05 04:21:00,90.9634768137394,58.67048832127386,74.70747887334778,367.9480138218675,0.0,0.0,76.60773624565,56.020672948619335,28.254424674339923,27.926574332490933,36.0,2.0,3.0,compute_bound,
2026-01-05 04:22:00,90.81766048916951,54.14349933554438,74.63244647043705,369.2564489025109,0.0,0.0,75.6714496561454,55.18663948185768,15.130340783107854,16.911239156041084,37.0,4.0,3.0,compute_bound,
2026-01-05 04:23:00,92.46190602939996,49.64748464361023,74.86081608426278,379.98407693203427,0.0,0.0,73.94841967501212,57.12941993935369,16.73103381222362,24.487928875393266,38.0,2.0,3.0,compute_bound,
2026-01-05 04:24:00,92.94237264500529,52.0369564344028,75.23187775024749,378.0806745005554,0.0,0.0,71.09842578215377,57.65720564664266,20.291913540373287,41.790452127399305,39.0,6.0,3.0,compute_bound,
2026-01-05 04:25:00,92.06765863290275,48.977466973113664,75.89525463794,375.93666391610327,0.0,0.0,76.98793306727863,56.9850917255539,14.326321832532791,39.58546573604269,40.0,2.0,3.0,compute_bound,
2026-01-05 04:26:00,92.30013292563399,48.695364681390416,76.38053720592907,366.73591056721864,0.0,0.0,73.70804051440973,59.8652442831352,26.004406349320117,34.76615667755154,41.0,7.0,3.0,compute_bound,
2026-01-05 04:27:00,93.19212830673759,50.88443723806265,76.5634562186565,380.4161806941232,0.0,0.0,74.51232682181148,59.92725406333899,19.699444644998557,42.644846911759856,42.0,4.0,3.0,compute_bound,
2026-01-05 04:28:00,91.75729905787253,51.82370444864388,76.71758657450168,369.3588359223473,0.0,0.0,74.95464017681853,61.85855814280471,23.025981263518425,18.69755645054544,43.0,5.0,3.0,compute_bound,
2026-01-05 04:29:00,96.27845367598891,54.32507400321892,77.04740731166928,391.22034186160846,0.0,0.0,76.07015262371615,60.42508222739678,18.572919381513834,20.853730222744954,44.0,2.0,3.0,compute_bound,
2026-01-05 04:30:00,94.93409419194018,55.92249225702703,77.30664637817054,388.8616189968109,0.0,0.0,77.33334623591185,56.73073804042163,22.54274087142032,13.829903381834662,45.0,3.0,3.0,compute_bound,
2026-01-05 04:31:00,90.90543903298256,57.11999286364946,77.08431491623517,367.4127982913785,0.0,0.0,69.9390201250723,56.714727002119005,43.14161195381464,16.79016046855424,46.0,4.0,3.0,compute_bound,
2026-01-05 04:32:00,90.55999245224737,54.07552368572962,76.88804395218918,363.9035822208687,0.0,0.0,69.69383820777432,53.50719604648409,37.73168546084246,22.59597439306245,47.0,2.0,3.0,compute_bound,
2026-01-05 04:33:00,87.41583790360463,57.05965619042932,76.5830397105477,357.5614757828718,0.0,0.0,68.5774160862254,54.63385107444704,61.98226748354763,24.157632713370457,48.0,3.0,3.0,compute_bound,
2026-01-05 04:34:00,87.83027089033747,59.37807561410457,75.68441796558359,349.738037129767,0.0,0.0,68.80586073743088,52.95792244121989,66.11165863246029,26.74214397229077,49.0,5.0,3.0,compute_bound,
2026-01-05 04:35:00,92.674561928545,60.710103238811186,75.94093584333478,374.15397503001844,0.0,0.0,67.23120889791268,48.63081315646419,73.7085255184175,45.50379215486732,50.0,7.0,3.0,compute_bound,
2026-01-05 04:36:00,88.64637373930924,58.244434914427174,75.7005909979311,362.44657105620115,0.0,0.0,70.76944010910132,50.400706021291384,82.65172241878639,55.82152000842203,51.0,2.0,3.0,compute_bound,
2026-01-05 04:37:00,87.94295463132154,59.42184810185,75.07263728101542,349.04862566626025,0.0,0.0,64.70018065842444,52.14288053318544,88.24820847870627,57.28577398555264,52.0,2.0,3.0,compute_bound,
2026-01-05 04:38:00,86.8912427060608,59.63368991432227,74.48595474267103,342.77170427831,0.0,0.0,59.7907475742049,51.191796472238686,96.61747425724124,58.11709813684509,53.0,4.0,3.0,compute_bound,
2026-01-05 04:39:00,88.77254080118657,57.063239566486175,74.31712971673531,357.93210289063745,0.0,0.0,60.07153133708965,50.90974649789541,85.93575007356662,42.32683259760243,54.0,7.0,3.0,compute_bound,
2026-01-05 04:40:00,88.97904003852537,56.26545566512658,74.17225344959932,358.0568294890457,0.0,0.0,61.35832788955611,52.36742738153388,84.36611010883894,33.291716132306554,55.0,4.0,3.0,compute_bound,
2026-01-05 04:41:00,86.87085987365464,55.67574232718239,73.93314822608242,355.3212025535612,0.0,0.0,60.59554237913477,54.63859658312882,107.8569456883258,27.43682858055047,56.0,6.0,3.0,compute_bound,
2026-01-05 04:42:00,86.9272629129533,55.63939956957523,73.85529931912873,355.9938728148873,0.0,0.0,60.00205940631393,53.5011809519856,93.20420079269135,23.606865775843318,57.0,5.0,3.0,compute_bound,
2026-01-05 04:43:00,86.17018985992647,57.50258957158615,74.08362311056602,354.77180162130026,0.0,0.0,58.400611217789574,56.06627279615911,64.88310601388436,24.85053989661726,58.0,6.0,3.0,compute_bound,
2026-01-05 04:44:00,87.2560617313535,59.332008524688916,74.0514314643206,354.95384341463244,0.0,0.0,59.94668631433733,55.24236809833202,45.86794245306562,6.471016114657839,59.0,4.0,3.0,compute_bound,
2026-01-05 04:45:00,91.68072932032885,60.54409368358767,74.53576941381246,377.719218126499,0.0,0.0,55.97786126416649,54.15261083837719,52.379162257057146,13.321385103070813,60.0,4.0,3.0,compute_bound,
2026-01-05 04:46:00,92.34001058042648,57.508551629101916,74.69230818739506,366.3619742698622,0.0,0.0,58.677447994344924,51.916621951140606,55.90413950674336,17.698528381484763,61.0,4.0,3.0,compute_bound,
2026-01-05 04:47:00,94.7752119079399,56.73546912328474,75.18240585284806,383.88183454941475,0.0,0.0,59.25680964877958,51.54669506466269,61.43090165379943,27.765449117206423,62.0,3.0,3.0,compute_bound,
2026-01-05 04:48:00,97.58376703512482,57.90196969878943,75.53807076093477,397.1911949562178,0.0,0.0,58.97935734164084,52.67583244291557,69.05883520582238,21.711856063529606,63.0,4.0,3.0,compute_bound,
2026-01-05 04:49:00,97.02631498555297,55.82769501410046,75.82679681002094,400.04871315644294,0.0,0.0,61.411381440315864,55.709672881482796,37.72022105104824,8.249081462840657,64.0,5.0,3.0,compute_bound,
2026-01-05 04:50:00,96.19431522508786,53.37799413846435,76.38298026136579,391.90155065845045,0.0,0.0,58.69004732476007,58.47185728602458,33.29177856093103,12.343008222555182,65.0,4.0,3.0,compute_bound,
2026-01-05 04:51:00,97.02328415464177,52.17833188157321,76.53802486012164,388.0321763183322,0.0,0.0,61.62975130262938,60.29125153734688,59.19764134089948,12.149005912824466,66.0,4.0,3.0,compute_bound,
2026-01-05 04:52:00,92.36342336885973,53.9866328857087,76.61465622728551,378.52605457364183,0.0,0.0,64.42038357740807,56.484629269843694,72.4364517122223,8.3714727161281,67.0,3.0,3.0,compute_bound,
2026-01-05 04:53:00,87.89445568616662,54.55628637156264,76.25657070053282,360.49910922164725,0.0,0.0,64.47161025391026,52.882249262875284,63.95418328570413,5.099838378147403,68.0,6.0,3.0,compute_bound,
2026-01-05 04:54:00,90.96687864944514,51.335026858847314,76.01728467771328,369.5387082462275,0.0,0.0,68.87915678262583,55.03746806170471,67.54059775100528,5.341432038597066,69.0,5.0,3.0,compute_bound,
2026-01-05 04:55:00,91.64539150340319,53.71923663468908,76.0811500539246,379.40258696109936,0.0,0.0,70.07722880207758,56.26172507680293,70.48145479844727,0.0,70.0,4.0,3.0,compute_bound,
2026-01-05 04:56:00,90.38755028864442,55.21085945685111,76.02255694526247,366.8360281436475,0.0,0.0,69.07925007810456,55.6514849481891,67.37914395962396,0.0,71.0,3.0,3.0,compute_bound,
2026-01-05 04:57:00,92.62852975423718,56.659984024584936,76.22862817438529,369.0514361963533,0.0,0.0,68.60045877914368,54.67444473301922,60.39723675449241,0.0,72.0,5.0,3.0,compute_bound,
2026-01-05 04:58:00,92.17485972244948,58.435159904622964,76.2596412688806,375.61374373041656,0.0,0.0,69.09354859615311,55.776576987628076,75.79236198752585,7.461768849659606,73.0,8.0,3.0,compute_bound,
2026-01-05 04:59:00,90.70901230081873,56.328593005358634,76.21159956019441,368.9657118767321,0.0,0.0,67.56543420341296,52.71149669306265,98.26232877092644,31.897155394717934,74.0,4.0,3.0,compute_bound,
2026-01-05 05:00:00,92.52163277082823,56.219182800372565,75.65965421560365,372.8479526774067,0.0,0.0,65.20594420817045,55.14192761125583,112.93934628573624,31.978012123053258,75.0,4.0,3.0,compute_bound,
2026-01-05 05:01:00,94.13549717458565,54.17147525397307,75.91533911901573,380.45351650693084,0.0,0.0,68.63421945720464,53.94899708445209,113.08227925692434,42.75192309244919,76.0,6.0,3.0,compute_bound,
2026-01-05 05:02:00,91.2203561092309,55.13476026018507,75.78775134182492,373.9962294056971,0.0,0.0,66.92305155524944,56.3542390323437,118.22136877354029,27.609713840517653,77.0,3.0,3.0,compute_bound,
2026-01-05 05:03:00,87.98910524151341,56.29010430973247,75.79307529488098,355.7193364763439,0.0,0.0,67.43311983743489,55.210898799693375,107.17934054571816,15.270615448804975,78.0,2.0,3.0,compute_bound,
2026-01-05 05:04:00,86.30136351066099,52.75053673311487,75.44614428563028,347.77076918536983,0.0,0.0,74.19638092262083,55.28114065186245,84.46189022227645,7.956239342536801,79.0,5.0,3.0,compute_bound,
2026-01-05 05:05:00,81.63257370964389,52.88304413099912,75.06859603567075,331.4865806491749,0.0,0.0,71.71265559243608,56.463236238403425,95.49198988126358,11.50281088412052,80.0,6.0,3.0,compute_bound,
2026-01-05 05:06:00,83.36020675756383,49.580422902775226,74.9405353968438,347.7948829202899,0.0,0.0,68.39783755722218,57.18142434964524,75.80158759872428,0.0,81.0,4.0,3.0,compute_bound,
2026-01-05 05:07:00,87.01799202229907,49.53523430110766,74.70387114519949,352.8703758815786,0.0,0.0,73.51176902926134,59.862645158265146,70.42318289116801,3.5910762608577613,82.0,3.0,3.0,compute_bound,
2026-01-05 05:08:00,89.45660880520869,52.91973605941648,74.69687568680823,356.0038002249575,0.0,0.0,70.79718209671715,61.03605072086946,61.03779600935471,0.0,83.0,8.0,3.0,compute_bound,
2026-01-05 05:09:00,83.00685100612206,57.449914026735236,74.57967607629014,352.91820012651715,0.0,0.0,65.59875116097469,60.92924907359206,42.76282577904536,2.1293239333663045,84.0,8.0,3.0,compute_bound,
2026-01-05 05:10:00,83.62003168012296,59.59736316721365,74.57971319645894,347.485791908399,0.0,0.0,67.05311577473093,61.778389173958416,26.39669755328697,1.383878819703888,85.0,5.0,3.0,compute_bound,
2026-01-05 05:11:00,79.7422054941593,61.26082966385097,74.44063431200702,330.44807683816373,0.0,0.0,66.43902545715017,60.008785808921274,12.216424868428561,17.74694006370187,86.0,4.0,3.0,compute_bound,
2026-01-05 05:12:00,81.28030085520489,56.031612218317505,74.27744073055995,338.1393589557542,0.0,0.0,68.54737207706961,61.59191100623903,0.0,0.7141653179617968,87.0,4.0,3.0,compute_bound,
2026-01-05 05:13:00,83.53837738264242,55.68767207126234,74.04491047542614,345.7706534238,0.0,0.0,63.725507775713616,58.03496951578736,19.044906682658468,16.370502830145636,88.0,6.0,3.0,compute_bound,
2026-01-05 05:14:00,83.24969701804751,56.30533851786611,74.40129204162824,338.6628328912206,0.0,0.0,66.31822233238864,54.087673203141584,43.547630720995095,27.248197222649097,89.0,6.0,3.0,compute_bound,
2026-01-05 05:15:00,84.61589896678562,55.414649357365086,74.71555965871545,348.0158579957209,0.0,0.0,64.51754164141622,49.95246242735274,21.22386859387882,31.793525692944172,90.0,5.0,3.0,compute_bound,
2026-01-05 05:16:00,85.06712483889476,56.49523357686772,74.70220625376645,343.6054025514223,0.0,0.0,62.73758395774031,49.04371094923378,54.478860656105226,22.381325244127794,91.0,5.0,3.0,compute_bound,
2026-01-05 05:17:00,87.84503079825373,52.96031504399377,74.6996996437619,362.6364135207459,0.0,0.0,61.26894164995983,50.66403815912448,64.85766936736599,11.935569220348409,92.0,3.0,3.0,compute_bound,
2026-01-05 05:18:00,86.68157748081299,53.77886999129106,74.97939493620076,354.5211661733634,0.0,0.0,63.73626632497402,52.96961933412964,61.10253667745377,0.0,93.0,2.0,3.0,compute_bound,
2026-01-05 05:19:00,86.72476107168288,50.279430094374966,74.51473181214837,353.19943406860136,0.0,0.0,66.46184651717088,55.377440230462916,80.54357369996953,0.0,94.0,8.0,3.0,compute_bound,
2026-01-05 05:20:00,0.0,5.316424793723004,69.9572574693768,60.198286329174984,0.0,0.0,5.512939494472445,18.976953762481873,48.4724875047505,0.0,0.0,3.0,0.0,idle,
2026-01-05 05:21:00,0.0,8.902257872280355,65.4746150946521,51.67344336428843,0.0,0.0,0.0,17.689322797400116,41.88235407004787,0.0,0.0,2.0,0.0,idle,
2026-01-05 05:22:00,0.012884278377078062,8.166168638097824,62.39909040618094,58.90886953121607,0.0,0.0,0.0,16.32203344022499,14.043300251966379,0.0,0.0,3.0,0.0,idle,
2026-01-05 05:23:00,2.317623764523818,9.942582382091905,59.932638233255304,64.18060910186928,0.0,0.0,0.9412640456336168,16.00333132312754,14.369497872810031,0.0,0.0,6.0,0.0,idle,
2026-01-05 05:24:00,2.2388758018888684,8.84609378111163,57.15705814228577,50.0,0.0,0.0,0.0,14.047022235070322,0.0,0.5547521965553823,0.0,3.0,0.0,idle,
2026-01-05 05:25:00,1.129666901600849,9.747290956680006,54.86709495743106,64.3941771613862,0.0,0.0,2.959073364925284,15.512249141600709,0.0,1.244234592005865,0.0,1.0,0.0,idle,
2026-01-05 05:26:00,0.05279259494489574,8.94706694351075,52.6390382694218,61.052367346543924,0.0,0.0,1.4380560962837938,17.425358865642217,4.331629995618927,0.0,0.0,4.0,0.0,idle,
2026-01-05 05:27:00,0.0,11.191034922438469,50.88070965103385,55.81223033743382,0.0,0.0,6.6296686477391145,19.184365598061582,0.0,0.0,0.0,4.0,0.0,idle,
2026-01-05 05:28:00,0.0,16.122569387362137,49.491948835212035,61.456752086243426,0.0,0.0,5.84058519681094,20.493881478679434,0.0,1.5452702074465234,0.0,1.0,0.0,idle,
2026-01-05 05:29:00,0.0,12.99576645071756,47.71527368969503,60.68626968352905,0.0,0.0,3.2689842446551203,22.99884913338519,16.58355157978082,0.0,0.0,4.0,0.0,idle,
2026-01-05 05:30:00,0.0,17.788096673801263,46.35518280531883,62.010969768221905,0.0,0.0,1.5039449839704977,18.08327925366332,38.111261068096645,0.0,0.0,2.0,0.0,idle,
2026-01-05 05:31:00,1.6846874129546334,17.78789470844636,45.7900833085107,67.33407297718776,0.0,0.0,4.250887504811902,19.162254501779973,32.40898934955332,0.0,0.0,3.0,0.0,idle,
2026-01-05 05:32:00,0.9902921420497374,16.31916774993335,44.54990883479572,54.95355448683848,0.0,0.0,4.1319975600993075,17.031039281298412,41.95480217341193,10.121983161123303,0.0,2.0,0.0,idle,
2026-01-05 05:33:00,3.7262278016822767,14.67597174836326,43.47984699669326,68.65659928576943,0.0,0.0,7.581662151438364,21.13165225103872,37.9137788261088,0.0,0.0,1.0,0.0,idle,
2026-01-05 05:34:00,2.1619774504639366,12.293201066511072,42.93167986612987,67.57187259438187,0.0,0.0,5.893086543652836,23.28479069300595,53.11408536463794,4.817365752855777,0.0,1.0,0.0,idle,
2026-01-05 05:35:00,2.186162752773317,11.080973740480482,42.405248852034504,75.61535410927704,0.0,0.0,0.0,23.56840338973504,39.591119325401266,3.492028419399467,0.0,2.0,0.0,idle,
2026-01-05 05:36:00,1.5334029017790547,15.11426199715798,41.771740496259305,60.989246035045085,0.0,0.0,0.0,22.14194320203482,39.400781551870885,11.725606637284557,0.0,2.0,0.0,idle,
2026-01-05 05:37:00,5.173228001381794,13.903119698965291,41.78732923122431,80.98735496452555,0.0,0.0,0.0,23.253036323059,35.551186781575424,2.1467112866279967,0.0,4.0,0.0,idle,
2026-01-05 05:38:00,4.698652907660269,15.380011654554478,41.917220752130056,72.26741561955868,0.0,0.0,0.0,22.406053051375924,38.30004818695402,0.0,0.0,0.0,0.0,idle,
2026-01-05 05:39:00,7.634104531428657,18.397887288040046,41.89612159537616,87.85541396515194,0.0,0.0,4.899669486545223,20.010472553596053,44.7311712129353,0.0,0.0,2.0,0.0,idle,
2026-01-05 05:40:00,5.246362880246876,16.67181943775939,41.520713460661014,79.0727392572677,0.0,0.0,2.9991177045382074,19.599880565053855,17.954831961448477,9.575413093486603,0.0,3.0,0.0,idle,
2026-01-05 05:41:00,4.163537502686461,14.411667944413427,41.16777977656835,74.32502376087298,0.0,0.0,0.9397285942543263,19.816525772237156,13.39893376267221,17.830327342051667,0.0,1.0,0.0,idle,
2026-01-05 05:42:00,6.402960605281517,11.107838845311747,41.105737343193546,83.60890948284519,0.0,0.0,2.8606344107578416,21.52617447663189,21.538723055375186,18.878473006639375,0.0,2.0,0.0,idle,
2026-01-05 05:43:00,5.296222307579915,12.308770783950685,40.79845659415793,66.19522980000153,0.0,0.0,2.406162889044938,20.694612123930625,25.51237771986653,14.989048838111053,0.0,2.0,0.0,idle,
2026-01-05 05:44:00,1.3681254954485662,11.250270600062946,40.45768734345483,63.3076781810521,0.0,0.0,0.252643448923751,19.12248637832849,15.923149622171294,8.733641653189753,0.0,2.0,0.0,idle,
2026-01-05 05:45:00,1.739467390593839,11.443601902449206,40.143594718592816,67.6731011986306,0.0,0.0,0.0,22.199980891223657,10.229622199094898,12.383097353865118,0.0,2.0,0.0,idle,
2026-01-05 05:46:00,0.0,7.940330217873447,40.114747898394775,68.27837367653875,0.0,0.0,0.12585143119135633,20.281125329537424,20.88140394106388,15.5001977408312,0.0,1.0,0.0,idle,
2026-01-05 05:47:00,0.0,12.682682386541776,39.45835945814658,61.72437071357509,0.0,0.0,1.629163333388354,19.323938537516263,58.96363873730536,17.020090770942858,0.0,2.0,0.0,idle,
2026-01-05 05:48:00,0.0,8.12032319153765,39.002731301284015,64.60848544313556,0.0,0.0,5.3744443733958995,21.17748361928831,71.6294908362205,27.74141739396397,0.0,0.0,0.0,idle,
2026-01-05 05:49:00,0.0,5.167586215643139,38.69925918686852,63.04594222223027,0.0,0.0,4.871590445062438,19.01045417240444,50.96155921565501,15.071565755293168,0.0,1.0,0.0,idle,
2026-01-05 05:50:00,0.0,6.41116641214568,38.45221880259958,58.08895948370444,0.0,0.0,6.7090620630262485,19.28766523330578,22.013372967947625,20.153859740951695,0.0,1.0,0.0,idle,
2026-01-05 05:51:00,0.0,6.246013382869567,38.11200652090876,57.07175431113792,1.0,0.0,5.640909839846506,18.35482550401093,26.84493809196384,24.503197630524348,0.0,2.0,0.0,idle,
2026-01-05 05:52:00,0.0,8.297842773570038,38.01707526581096,65.98913359542642,0.0,0.0,2.8102800326073285,18.103423494814766,0.0,15.213773756542587,0.0,3.0,0.0,idle,
2026-01-05 05:53:00,0.0,7.075403819360032,38.45541453512063,57.27691232583373,0.0,0.0,3.244823903964793,19.990217401121843,46.935097553622334,14.571837034940316,0.0,4.0,0.0,idle,
2026-01-05 05:54:00,0.0,7.990897273917442,38.265064391918855,56.37778591248271,0.0,0.0,6.903300762411514,18.458669645775764,61.07827262378466,8.78415571094408,0.0,3.0,0.0,idle,
2026-01-05 05:55:00,0.0,4.160681376912035,38.25739943587823,62.2934260578283,0.0,0.0,5.783076350633499,14.465345899268016,54.81854699671514,16.05813580909314,0.0,1.0,0.0,idle,
2026-01-05 05:56:00,0.0,7.169298128084545,38.255836588111805,63.710380820567636,0.0,0.0,0.0,14.622922532771863,69.23604763826881,17.86423516739091,0.0,1.0,0.0,idle,
2026-01-05 05:57:00,0.0,11.406876023617963,37.825425470175745,54.426756695273305,0.0,0.0,0.0,17.677156838047612,63.38499092012952,25.0710021333794,0.0,2.0,0.0,idle,
2026-01-05 05:58:00,0.0,10.622387871768897,38.05771547268951,61.73075741066075,0.0,0.0,0.0,18.289521118561293,56.254125933913876,16.820110348735774,0.0,1.0,0.0,idle,
2026-01-05 05:59:00,0.0,14.731973010417489,37.834626748914545,57.78587566865167,0.0,0.0,0.0,16.54418976132345,41.12340321056996,13.310182765367731,0.0,1.0,0.0,idle,
2026-01-05 06:00:00,0.0,10.756442623432719,37.49599228813515,63.67773506798376,0.0,0.0,0.15428678349515001,16.691839741968778,33.15318765246193,20.514975860875907,0.0,0.0,0.0,idle,
2026-01-05 06:01:00,0.0,9.461394017592655,37.09338896922655,57.13246135530571,0.0,0.0,1.7031745444496198,16.970438067708034,40.5018009749489,29.243395287665503,0.0,3.0,0.0,idle,
2026-01-05 06:02:00,0.0,10.692984130829947,36.827696853084376,61.344051570262096,0.0,0.0,0.0,15.682205484267358,50.56793497249175,20.454594127536097,0.0,2.0,0.0,idle,
2026-01-05 06:03:00,0.0,9.223250881465848,36.9820895004165,56.13413459612843,0.0,0.0,0.0,18.133211217830514,56.10730745156008,16.874721144533343,0.0,0.0,0.0,idle,
2026-01-05 06:04:00,0.0,9.462487289978931,36.8539703423752,53.64872419841161,0.0,0.0,0.0,16.74506339961364,46.64511787217835,24.79043520963471,0.0,2.0,0.0,idle,
2026-01-05 06:05:00,0.0,8.29752562992645,37.044536691423325,60.19970172395191,0.0,0.0,0.0,16.679546911877445,15.88392229984521,7.009406798588599,0.0,1.0,0.0,idle,
2026-01-05 06:06:00,0.0,8.487626365684875,37.17217471998548,56.22470394747749,0.0,0.0,0.0,20.084933481511584,19.296374122362703,23.046466055225565,0.0,1.0,0.0,idle,
2026-01-05 06:07:00,0.0,7.3094001006333595,36.865474594461986,55.01584848950327,0.0,0.0,0.0,21.76694990235941,13.86231684521115,25.46581972216852,0.0,2.0,0.0,idle,
2026-01-05 06:08:00,0.0,9.196877594477137,36.61816917665146,55.13131635704797,0.0,0.0,4.407254726624428,23.185683102410454,30.000751754112905,25.400403544245705,0.0,1.0,0.0,idle,
2026-01-05 06:09:00,0.0,11.988949252749862,36.53287685980978,68.00901573871904,0.0,0.0,0.15510869048405374,24.956150274891066,32.778141076179224,21.167092735355258,0.0,3.0,0.0,idle,
2026-01-05 06:10:00,0.0,11.318825838099507,36.61874112416945,64.60618978892447,0.0,0.0,0.0,26.09133247336069,30.72291798271566,21.77161874990808,0.0,2.0,0.0,idle,
2026-01-05 06:11:00,0.0,12.414061506400547,36.50908659659851,59.592461515028766,0.0,0.0,0.0,27.036254102572105,46.44553397314129,7.016404411666307,0.0,1.0,0.0,idle,
2026-01-05 06:12:00,0.0,15.850036695022148,36.94968006534886,57.63979986610074,0.0,0.0,0.0,25.125084280357875,47.91143801371993,5.8089255301890415,0.0,2.0,0.0,idle,
2026-01-05 06:13:00,0.2294269897693596,15.797316570888931,36.96345218084686,63.0297851092442,0.0,0.0,0.0,26.365958033632882,58.17085133478632,4.37195433144423,0.0,1.0,0.0,idle,
2026-01-05 06:14:00,0.0,11.11260762536146,36.91379032658787,67.64414427180769,0.0,0.0,0.0,23.650031121213566,52.038674292624485,0.0,0.0,0.0,0.0,idle,
2026-01-05 06:15:00,0.0,9.907483759377469,36.817248787987374,58.32445265080765,0.0,0.0,0.0,22.682389322098444,54.33058310731531,0.0,0.0,2.0,0.0,idle,
2026-01-05 06:16:00,0.0,12.293925712215684,36.95322532711026,62.38071489850154,0.0,0.0,0.0,25.466566174585843,46.54352769452904,0.0,0.0,3.0,0.0,idle,
2026-01-05 06:17:00,0.13277341969939827,14.32605906845283,36.75567151147802,54.48471838408107,0.0,0.0,0.0,25.473379511246762,10.74414536574913,0.0,0.0,2.0,0.0,idle,
2026-01-05 06:18:00,3.776285099078324,17.22089852699609,36.77291357121261,73.37793560537688,0.0,0.0,0.0,27.903143800742356,12.239810500406188,0.0,0.0,1.0,0.0,idle,
2026-01-05 06:19:00,3.944648397291146,17.310930887707194,37.43970262235852,85.92800768419072,0.0,0.0,0.0,25.62079780369755,17.37833404965471,0.0,0.0,1.0,0.0,idle,
2026-01-05 06:20:00,0.0,14.476706447978998,37.13040731904515,62.39151668638025,0.0,0.0,0.0,27.31714300292878,56.06581049936363,7.439243534497917,0.0,4.0,0.0,idle,
2026-01-05 06:21:00,0.0,15.45320461653019,37.19581348363527,56.62132856551989,0.0,0.0,0.0,23.247607459180607,41.82055062509379,0.0,0.0,1.0,0.0,idle,
2026-01-05 06:22:00,0.0,9.865744386783959,37.60743657352038,62.26552866162494,0.0,0.0,0.0,22.57987976556259,24.628050500053284,0.0,0.0,2.0,0.0,idle,
2026-01-05 06:23:00,0.0,6.932046623841172,37.46786012094732,59.10766082303276,0.0,0.0,0.0,19.994254271215112,14.17003450552297,0.0,0.0,3.0,0.0,idle,
2026-01-05 06:24:00,0.0,9.703814944148597,37.66319865441109,61.34397101534811,0.0,0.0,0.4891206499670804,17.559560921640827,4.585369449310435,0.0,0.0,3.0,0.0,idle,
2026-01-05 06:25:00,0.0,12.780507947421935,37.467730450871215,57.42108340021677,0.0,0.0,0.0,18.955109702253203,0.0,0.0,0.0,2.0,0.0,idle,
2026-01-05 06:26:00,0.0,12.156071684792906,37.17090044984427,60.44409822280061,0.0,0.0,0.0,18.38227059441009,0.0,0.0,0.0,5.0,0.0,idle,
2026-01-05 06:27:00,0.0,11.36666628690627,36.95097607143421,64.90969990132461,0.0,0.0,0.7353456786228967,19.812011460752867,0.0,0.0,0.0,2.0,0.0,idle,
2026-01-05 06:28:00,39.24904271209065,88.2357181455441,39.472459800631164,195.82555917001508,0.0,0.0,50.33634912725945,61.18000405182238,31.903501016763094,86.84711566552298,0.0,3.0,2.0,memory_bound,
2026-01-05 06:29:00,35.920044543040916,89.09333092197369,41.36530127966726,182.27266004407173,0.0,0.0,46.050481639693984,62.70236419869355,54.75261945304656,75.67887686679231,1.0,6.0,2.0,memory_bound,
2026-01-05 06:30:00,35.51133959543627,90.61022303210342,42.640326739251925,186.2355661864822,0.0,0.0,39.75353887810682,64.39125416053413,70.21592441898099,67.28799513873165,2.0,5.0,2.0,memory_bound,
2026-01-05 06:31:00,41.53442106006316,87.04714736179328,44.28414732707205,200.50533119592512,0.0,0.0,42.55607364281853,63.738898537401205,73.95371505479838,63.03746622584524,3.0,4.0,2.0,memory_bound,
2026-01-05 06:32:00,37.84309726714275,90.27204464549595,45.44763615724237,191.71242471905478,0.0,0.0,45.63125802423267,66.21681700432846,74.38313980884243,71.34500038736073,4.0,3.0,2.0,memory_bound,
2026-01-05 06:33:00,38.4511076051208,86.41127503316869,46.124266582395755,186.44434450352696,0.0,0.0,49.42825753558347,61.91264049135279,77.40678819724553,78.43153595446532,5.0,3.0,2.0,memory_bound,
2026-01-05 06:34:00,35.823327491260066,83.78149356057263,46.657483835598036,180.81217348850018,0.0,0.0,45.51833511554983,63.022624002723504,74.8190378738841,64.24211661944915,6.0,3.0,2.0,memory_bound,
2026-01-05 06:35:00,37.83753715763447,87.6736361907798,46.967111732435235,184.63286198131655,0.0,0.0,49.389151092367186,61.383051292200314,54.586496258960885,61.35280536979481,7.0,4.0,2.0,memory_bound,
2026-01-05 06:36:00,33.912142917339324,84.89613539837066,47.76488278493506,167.98618303551532,0.0,0.0,44.23728783067558,59.42063051883743,57.98736861191454,74.01173897154047,8.0,4.0,2.0,memory_bound,
2026-01-05 06:37:00,33.29960844905347,87.59273927430111,48.17030743097001,167.14606295776775,0.0,0.0,40.76758872473321,57.996902738390304,39.957508197920156,88.23536966343087,9.0,5.0,2.0,memory_bound,
2026-01-05 06:38:00,37.89516035276267,88.73753534771585,48.680301260046946,178.9929321814683,0.0,0.0,43.078823452659336,56.87471025801358,44.12512608472373,101.32202763817682,10.0,4.0,2.0,memory_bound,
2026-01-05 06:39:00,37.27090177527096,86.25587393355828,48.96328253029998,182.99599704620525,0.0,0.0,41.52094638222938,59.87886678180884,70.72462583876722,102.90045516247304,11.0,6.0,2.0,memory_bound,
2026-01-05 06:40:00,42.58660945876594,86.24359680066192,49.683929255991856,200.4816331807033,0.0,0.0,41.37205449508515,55.2473311293695,73.4345246906183,96.93205112367457,12.0,7.0,2.0,memory_bound,
2026-01-05 06:41:00,41.09220563584049,86.66936945955305,50.21356641149661,196.84598782558544,0.0,0.0,39.39121793774671,56.944416862618304,59.24419206939887,90.20183265705062,13.0,5.0,2.0,memory_bound,
2026-01-05 06:42:00,41.40630299351918,85.43724047247967,50.66015727021917,204.64970042601746,0.0,0.0,44.63720264662406,55.97171812178299,68.03842264577155,78.65736778696404,14.0,2.0,2.0,memory_bound,
2026-01-05 06:43:00,40.402255318670605,87.9800308018399,51.18388531127198,195.39494074357842,0.0,0.0,39.29788953825636,56.95462357556221,51.748591474042385,85.97520705036607,15.0,3.0,2.0,memory_bound,
2026-01-05 06:44:00,41.27537821844758,90.07804388201208,51.704291655555544,199.96238639471346,0.0,0.0,39.61740744317218,61.06247512104064,19.90023231460686,82.21351974202314,16.0,5.0,2.0,memory_bound,
2026-01-05 06:45:00,38.897894914320936,91.51532553597137,51.87377591470078,188.9900826297916,0.0,0.0,36.844493918233006,62.80753584696932,29.13463399795888,80.49946329141842,17.0,3.0,2.0,memory_bound,
2026-01-05 06:46:00,36.16960983414042,89.23496800419827,51.51303394885381,188.17153799077926,0.0,0.0,38.42892981962595,63.42679492395858,37.188002813593386,64.4898191957133,18.0,2.0,2.0,memory_bound,
2026-01-05 06:47:00,35.50823151889894,87.88229457534611,51.61541890130874,188.1939701323169,0.0,0.0,38.71251001189121,63.90717270152946,43.57403904577097,66.93164408733371,19.0,4.0,2.0,memory_bound,
2026-01-05 06:48:00,34.365934185070216,86.016570420902,51.55673505227811,172.77660853579485,0.0,0.0,36.11378502279847,66.25892626938617,31.360045410318584,78.85083981675372,20.0,5.0,2.0,memory_bound,
2026-01-05 06:49:00,34.4909856226887,86.67761026119905,51.28065175988955,169.59084593111263,0.0,0.0,37.06334875887514,63.80095856519426,67.20336564472532,68.6934075087133,21.0,2.0,2.0,memory_bound,
2026-01-05 06:50:00,34.274636576901244,86.10316771144142,51.66436040373998,184.12119586368863,0.0,0.0,42.37126216304685,64.13858403558704,59.718475703529734,51.67466739059207,22.0,3.0,2.0,memory_bound,
2026-01-05 06:51:00,37.29465708747893,86.39391114338203,52.3820330502641,190.55886627200093,0.0,0.0,38.529963946713096,64.92145565779333,64.63352998935319,64.4257241348857,23.0,3.0,2.0,memory_bound,
2026-01-05 06:52:00,37.99080267630583,86.48063691190266,52.36694028760397,188.12791743361822,0.0,0.0,48.58053365136738,62.544273252990045,49.45994533174499,55.325705247711234,24.0,3.0,2.0,memory_bound,
2026-01-05 06:53:00,38.11301703467862,86.6281558054416,52.66588973567749,192.65952417523016,0.0,0.0,51.95918983842179,64.09682119356668,68.05239672453686,45.6160365025305,25.0,6.0,2.0,memory_bound,
2026-01-05 06:54:00,38.9023093187262,86.3082177176048,53.14902187770486,196.78883725833705,0.0,0.0,57.34708318669408,61.75586312026337,73.34288967475602,38.03810923689988,26.0,3.0,2.0,memory_bound,
2026-01-05 06:55:00,37.1005861476492,86.48290690110117,53.094015856237554,184.74891962071413,0.0,0.0,65.6653762056794,65.12710843989146,60.604063998740074,17.399340888181598,27.0,5.0,2.0,memory_bound,
2026-01-05 06:56:00,37.200231980304586,85.66421521060892,53.227885897181665,182.14915517791258,0.0,0.0,61.147941374234165,62.53307977435259,48.69235334190233,15.143403357361407,28.0,4.0,2.0,memory_bound,
2026-01-05 06:57:00,37.740420095643714,85.62357796667939,53.293346294206465,194.19948084816642,0.0,0.0,57.00770888989018,62.824913592217776,46.308894244376866,18.106609994018925,29.0,2.0,2.0,memory_bound,
2026-01-05 06:58:00,39.753226345701286,88.05539258377358,53.224331690219,193.766816369859,0.0,0.0,56.51534873184585,63.68211724704543,69.77587617128091,46.13394928822075,30.0,2.0,2.0,memory_bound,
2026-01-05 06:59:00,38.508072598251935,88.46360214995384,53.81859482086703,195.1919737272728,0.0,0.0,57.87408075265379,62.96075136278288,121.82771305229205,54.50370653656844,31.0,5.0,2.0,memory_bound,
2026-01-05 07:00:00,38.160888490707386,91.60303478746435,53.53386994536215,188.63349815851896,0.0,0.0,51.69848168373917,65.32680313664108,131.2638784461431,50.2147577610518,32.0,4.0,2.0,memory_bound,
2026-01-05 07:01:00,35.68901987129975,89.42049712727476,53.67310508799567,182.89915147077053,0.0,0.0,46.90186085552605,66.28770341924636,121.2705868414713,56.219806773611,33.0,4.0,2.0,memory_bound,
2026-01-05 07:02:00,34.088734510853904,90.60595955096625,53.89002020373346,177.09534720313138,0.0,0.0,45.86329566524867,62.29926026081797,113.31971034242305,57.5491702274597,34.0,2.0,2.0,memory_bound,
2026-01-05 07:03:00,37.69946335579052,91.36604510103834,54.300748323473975,192.32595279527942,0.0,0.0,44.62117041433186,61.05819043965717,86.93707346787835,58.11020082289728,35.0,3.0,2.0,memory_bound,
2026-01-05 07:04:00,41.39513605560356,91.3881185624594,54.168067411816345,201.31409275405505,0.0,0.0,50.87921191829899,62.413076476073016,77.57718069736337,42.93783733494233,36.0,3.0,2.0,memory_bound,
2026-01-05 07:05:00,38.7852458034752,91.97569346906468,54.12485950747569,190.58959255359923,0.0,0.0,49.4120949176997,65.48996914820955,68.55895282668497,58.62750172001192,37.0,4.0,2.0,memory_bound,
2026-01-05 07:06:00,38.85167720323863,92.7054937991915,54.19650010937862,195.80301026858217,0.0,0.0,47.684529342834495,66.30424418734562,64.99144148164129,63.62996336717735,38.0,3.0,2.0,memory_bound,
2026-01-05 07:07:00,39.90703657547284,92.89041071951934,53.78218254440963,187.08312615445047,0.0,0.0,47.03922358154884,63.352872756356895,85.12594232893633,62.74094413367161,39.0,11.0,2.0,memory_bound,
2026-01-05 07:08:00,37.87667870384239,93.90846740206322,53.88372287546336,202.6744624424947,0.0,0.0,48.47408479478398,65.94515318911961,106.1521185679247,58.43542540354704,40.0,3.0,2.0,memory_bound,
2026-01-05 07:09:00,40.659456830146176,93.19190134766879,53.877697401781504,188.31427034153393,0.0,0.0,50.62616420731252,61.7955204432786,99.26779847821837,55.349742310039225,41.0,5.0,2.0,memory_bound,
2026-01-05 07:10:00,35.59368886304024,90.85650889272307,53.621527779474604,181.09760185282596,0.0,0.0,47.47706462681111,62.01590258912273,101.80950327169104,68.63410140904858,42.0,2.0,2.0,memory_bound,
2026-01-05 07:11:00,35.13259794628366,88.8314207077095,53.29208394741224,176.99483848239478,0.0,0.0,49.48158739208798,60.052016249074185,82.63748277902442,56.70927183941836,43.0,7.0,2.0,memory_bound,
2026-01-05 07:12:00,34.331557083448125,87.56459066370198,53.58761546629459,177.5090641464152,0.0,0.0,48.648545365094726,58.12939083409532,75.98185760330166,74.31389850913187,44.0,3.0,2.0,memory_bound,
2026-01-05 07:13:00,33.8351721432186,88.42784285108881,53.28063174814938,171.2164494924613,0.0,0.0,51.53494114742364,58.199447888167086,65.32339682603248,76.2374790609088,45.0,4.0,2.0,memory_bound,
2026-01-05 07:14:00,36.70746012257241,88.58255481743619,52.88935700262835,184.63432356210095,0.0,0.0,49.711963061446035,60.1081006750662,76.38955788319899,77.09365859855251,46.0,2.0,2.0,memory_bound,
2026-01-05 07:15:00,34.06167622304571,88.91571456681565,52.82365995807642,177.11777654408027,0.0,0.0,49.79504990498472,61.6138571296587,85.20068072504573,83.2988682988426,47.0,3.0,2.0,memory_bound,
2026-01-05 07:16:00,34.10746615885182,86.11647552182666,52.69736792913539,168.56329430546091,0.0,0.0,55.981495165740256,64.64473487757915,108.38469506633962,68.30017785989098,48.0,3.0,2.0,memory_bound,
2026-01-05 07:17:00,39.66458278152093,87.56395649469383,52.90922800712045,193.59553872808712,0.0,0.0,61.43928641769334,69.68836502836702,119.84425734681123,65.10122249725185,49.0,8.0,2.0,memory_bound,
2026-01-05 07:18:00,39.74768626822278,88.78120649574427,53.15575619221925,196.9369232040997,0.0,0.0,55.624371421772985,70.70585099876409,88.4512879567437,53.94365502623346,50.0,3.0,2.0,memory_bound,
2026-01-05 07:19:00,37.85420050074458,91.29102639840985,53.20200053143216,187.82795551804725,0.0,0.0,58.687260328097466,67.81865218299762,63.158775880636384,78.05296058728715,51.0,2.0,2.0,memory_bound,
2026-01-05 07:20:00,34.09212819898814,88.15194082374725,53.131293134592646,171.82847746103823,0.0,0.0,61.076245042464336,70.90589360246946,23.212689610828257,67.73884119120717,52.0,3.0,2.0,memory_bound,
2026-01-05 07:21:00,29.429134775472644,88.45772664406732,53.10076371564232,153.21183861700243,0.0,0.0,58.658536273472265,67.63971488084725,5.790894049466317,91.54633123367209,53.0,5.0,2.0,memory_bound,
2026-01-05 07:22:00,28.267306576031174,88.25489047835022,52.446637256985234,155.49488623686423,0.0,0.0,59.01111849346013,67.89610505651613,0.0,72.92851543161521,54.0,6.0,2.0,memory_bound,
2026-01-05 07:23:00,32.01527246708618,84.09768365849645,52.20876147719953,165.83056777418594,0.0,0.0,56.20036246029192,67.09535999197942,18.135734907578097,73.39376702441609,55.0,3.0,2.0,memory_bound,
2026-01-05 07:24:00,33.317845359310695,83.88993947027237,52.70931159341032,183.2481922924562,0.0,0.0,56.99388044269954,65.41017069355863,7.377563896851996,81.8705916984731,56.0,5.0,2.0,memory_bound,
2026-01-05 07:25:00,32.606181152691676,86.29578859285564,51.989288843482214,165.3606016085891,0.0,0.0,52.57797405472205,66.26858199398878,16.180181867373115,71.32989494438567,57.0,5.0,2.0,memory_bound,
2026-01-05 07:26:00,33.45294944217285,84.58973826197969,52.171210565587,162.5206979824141,0.0,0.0,51.8847169081926,61.085475527066926,14.795312857456004,62.69932997786583,58.0,4.0,2.0,memory_bound,
2026-01-05 07:27:00,35.86704139747639,83.39141090302914,51.99913794577706,186.15973477238072,0.0,0.0,52.19971677215506,63.551833462719735,18.18704999061834,58.04654782188929,59.0,5.0,2.0,memory_bound,
2026-01-05 07:28:00,40.3050936028991,83.41470174854565,51.97450026020403,191.42288101428122,0.0,0.0,51.03837304874055,61.569828880509185,23.7091822917608,92.73787896890389,60.0,6.0,2.0,memory_bound,
2026-01-05 07:29:00,40.8899270817062,82.32161857272638,52.565811174550866,200.7368678071256,0.0,0.0,52.93459707037965,60.651412792522954,36.81364586249523,88.7619400331246,61.0,3.0,2.0,memory_bound,
2026-01-05 07:30:00,37.64522483711547,84.01132372082995,52.11268620294886,178.57079194612237,0.0,0.0,53.97258786979854,63.154751081180024,60.3746676267504,80.95643602413682,62.0,5.0,2.0,memory_bound,
2026-01-05 07:31:00,35.864793938092106,84.39216833316999,51.794354133679654,182.71897516651723,0.0,0.0,55.829875399927275,62.5437529230013,77.42050802780948,86.66684789309468,63.0,5.0,2.0,memory_bound,
2026-01-05 07:32:00,32.76484418269025,84.5421308406016,51.88391481794738,167.77289898147976,0.0,0.0,53.556454107632746,62.283459543367,63.96914423973108,77.10132957230128,64.0,2.0,2.0,memory_bound,
2026-01-05 07:33:00,30.221063687978344,83.31011260495043,51.691430287171706,168.1589489247037,0.0,0.0,55.56356660280167,59.56992465527918,85.17728570155839,72.8782872181304,65.0,2.0,2.0,memory_bound,
2026-01-05 07:34:00,31.954022063581277,82.5999594310698,51.84676203890625,168.83120672795891,0.0,0.0,48.177613286169915,59.94215611817842,67.1768390540918,77.0218940096967,66.0,6.0,2.0,memory_bound,
2026-01-05 07:35:00,38.26779224891947,80.45543593264128,52.25937272057866,185.55425159038413,0.0,0.0,47.88656555838886,58.802761439261175,76.52910034443995,86.69710371237053,67.0,3.0,2.0,memory_bound,
2026-01-05 07:36:00,40.903176717893984,79.57466634997245,52.94983564219116,202.98136029886967,0.0,0.0,44.837125583356546,59.5842590648221,32.79785857622616,92.20747808496905,68.0,4.0,2.0,memory_bound,
2026-01-05 07:37:00,39.519408639215534,83.26132001978317,53.10617267282323,195.19407151998706,0.0,0.0,45.69494613255316,61.211076240594345,66.6560661800255,80.97342109053622,69.0,3.0,2.0,memory_bound,
2026-01-05 07:38:00,36.842516072187735,84.18152548479476,53.42452217134675,186.7332665727526,0.0,0.0,43.64750129813285,59.69459980133172,62.71053736274219,76.9304080618663,70.0,5.0,2.0,memory_bound,
2026-01-05 07:39:00,36.93389226072259,82.0766234650262,53.176898808445166,183.65458618005735,0.0,0.0,43.681371139559076,59.276609969791814,58.9227181906176,76.01630417735521,71.0,4.0,2.0,memory_bound,
2026-01-05 07:40:00,39.3340482125095,86.16269128146082,53.45605845312212,189.8035724351228,0.0,0.0,49.312683359942724,58.07105471361686,42.15889466313541,85.62017357290677,72.0,2.0,2.0,memory_bound,
2026-01-05 07:41:00,40.67520217748293,80.85716263264148,53.90361287999567,202.07119635482186,0.0,0.0,51.446495768760826,57.512779475274,48.74009251945665,78.56581005830023,73.0,6.0,2.0,memory_bound,
2026-01-05 07:42:00,42.90792220480036,81.29177274130379,54.32961566885421,201.18339384575,0.0,0.0,49.27561673488486,56.50487224896858,50.445869996846426,83.79926972800985,74.0,6.0,2.0,memory_bound,
2026-01-05 07:43:00,44.62378255484764,85.18049080087032,54.80708083849668,212.72396537101358,0.0,0.0,49.73330097130757,53.444263931137726,50.02541185436346,89.17404993759602,75.0,5.0,2.0,memory_bound,
2026-01-05 07:44:00,42.663767459462306,86.16501334755176,54.865920960626525,205.82602679126379,0.0,0.0,45.379658413124695,55.69402124346873,63.52562841451725,84.27287327255758,76.0,5.0,2.0,memory_bound,
2026-01-05 07:45:00,46.32005154649407,88.74298770840136,55.42834437200302,224.81648045505466,0.0,0.0,45.62726993987754,57.867727029862344,48.341099744428234,85.25884476559114,77.0,2.0,2.0,memory_bound,
2026-01-05 07:46:00,46.96218403036545,88.9649733565027,55.40876795383507,212.6160540933083,0.0,0.0,47.4079484545698,57.462673862857926,59.70159412724577,85.31502398711902,78.0,4.0,2.0,memory_bound,
2026-01-05 07:47:00,47.065741704380414,87.13657861357177,56.02369406985274,217.10387048878428,0.0,0.0,49.2937737424454,58.64601221776074,77.18801971911222,100.98800559970996,79.0,5.0,2.0,memory_bound,
2026-01-05 07:48:00,47.09058059228609,86.89785661108841,56.27774987935993,217.5782183094345,0.0,0.0,47.76542516677996,58.11135184470571,76.21071091817589,111.50495910709093,80.0,4.0,2.0,memory_bound,
2026-01-05 07:49:00,43.21003347106828,84.18151320252927,56.1491830396835,206.82845653490764,0.0,0.0,45.47422539696588,56.574480680156526,64.29485266463836,105.89782849243667,81.0,6.0,2.0,memory_bound,
2026-01-05 07:50:00,40.47307406714849,84.23037395219879,56.05496631780366,205.2853329513007,0.0,0.0,52.05459787724463,55.695454674021555,71.25265965614994,83.23935268238623,82.0,5.0,2.0,memory_bound,
2026-01-05 07:51:00,40.59497992895797,84.09384729198237,55.990339610693084,205.3016626519485,0.0,0.0,51.42347502747508,56.743381467352734,57.03610280221162,85.56321812334247,83.0,3.0,2.0,memory_bound,
2026-01-05 07:52:00,40.008894586590145,86.08024003437487,55.7762357347018,200.91415183547392,0.0,0.0,53.75857186136045,58.47676349416616,50.02415318292209,81.86168507889252,84.0,3.0,2.0,memory_bound,
2026-01-05 07:53:00,38.20447099281693,85.58128008759236,55.60249426266535,191.4592094205043,0.0,0.0,54.851395825120505,64.16514807789258,54.20265807343297,83.60040740605842,85.0,6.0,2.0,memory_bound,
2026-01-05 07:54:00,37.58065289811902,85.13102681605645,55.29546199001449,187.25673910210293,0.0,0.0,51.9286850716689,60.30287425716206,60.10514587397375,72.6200857150238,86.0,4.0,2.0,memory_bound,
2026-01-05 07:55:00,36.114755842973665,84.97448022401366,54.75097703646019,184.32408933970777,0.0,0.0,48.94372733952057,59.13409224711919,53.64436584357112,78.62514410935485,87.0,2.0,2.0,memory_bound,
2026-01-05 07:56:00,32.17067401545885,85.28750049754763,54.24458476349016,175.68715360531195,0.0,0.0,50.507243030207405,61.47660810850263,38.38169568709061,84.46625727217416,88.0,5.0,2.0,memory_bound,
2026-01-05 07:57:00,29.200987569615528,85.93367280094735,53.37493334507622,148.6951198265002,0.0,0.0,52.91217743919803,64.20281700947231,61.02584082886246,70.80197729593947,89.0,3.0,2.0,memory_bound,
2026-01-05 07:58:00,32.11812555480678,84.62100000041178,53.067021083909275,168.1437352685238,0.0,0.0,52.83964471555112,66.28433740470044,86.23641688615815,73.1845994268423,90.0,2.0,2.0,memory_bound,
2026-01-05 07:59:00,35.44195522390838,83.90446934723016,52.7987221451599,183.4630537654467,0.0,0.0,54.319337737532905,66.87410105804238,88.39868938486306,70.62551797053055,91.0,2.0,2.0,memory_bound,
2026-01-05 08:00:00,37.10093386826106,86.21125823245634,52.95687623854907,185.99032845640326,0.0,0.0,54.80848881082488,67.36261863667106,74.03581518198469,58.24693784029803,92.0,5.0,2.0,memory_bound,
2026-01-05 08:01:00,37.90435449919633,87.63184008412414,53.333776501414896,186.70852836753556,0.0,0.0,49.919793083428836,61.579714885524886,74.19012930498755,60.78174717401522,93.0,3.0,2.0,memory_bound,
2026-01-05 08:02:00,39.72576804677488,85.12673790531849,53.31014634993162,188.07781574254824,0.0,0.0,52.602220315093305,59.1895803436018,86.88428559268723,88.86560184411147,94.0,4.0,2.0,memory_bound,
2026-01-05 08:03:00,37.429246307859124,87.17622245837434,53.41537806907836,182.51134514369934,0.0,0.0,50.3665929248154,59.3187592473601,75.02050196538238,84.27614211080049,95.0,4.0,2.0,memory_bound,
2026-01-05 08:04:00,34.97529287971102,83.26261967631392,53.048862089081254,175.017757643887,0.0,0.0,53.92498822357556,58.81518320603499,62.0922726619184,82.8713696754576,96.0,4.0,2.0,memory_bound,
2026-01-05 08:05:00,35.536000295372304,82.81720023542778,52.72409855568923,174.9635174296644,0.0,0.0,53.48262388855576,58.31356956712637,76.23687587111098,72.85328996448627,97.0,4.0,2.0,memory_bound,
2026-01-05 08:06:00,34.09419591835862,83.59280579479277,52.53208997388698,180.67203564842347,0.0,0.0,50.78780183588415,58.31151688325684,95.97922877608505,61.563033355683814,98.0,3.0,2.0,memory_bound,
2026-01-05 08:07:00,30.08734223875179,83.13367461558566,52.24725536314176,161.28059398843544,0.0,0.0,51.521617048575585,57.81597397440379,88.38339103386619,52.246270545756005,99.0,5.0,2.0,memory_bound,
2026-01-05 08:08:00,32.75877189495161,85.55862112698773,52.04414796349597,160.26956919534203,0.0,0.0,52.77176964038688,59.30732207334773,71.46997816194506,39.43789974401797,100.0,4.0,2.0,memory_bound,
2026-01-05 08:09:00,31.177826957733117,88.76088559067777,52.088502188057426,166.7692155081638,0.0,0.0,51.34475700177609,59.29011720642563,84.77522086094078,72.28253489535444,101.0,8.0,2.0,memory_bound,
2026-01-05 08:10:00,33.37688036101656,87.66402619284568,52.22530228010959,173.41938551310596,0.0,0.0,52.84398109859938,60.01156765076937,64.02712098606857,78.95175188618013,102.0,5.0,2.0,memory_bound,
2026-01-05 08:11:00,32.750465830521776,89.55998871031642,52.4466005205493,179.13708484243222,0.0,0.0,52.31278528063139,58.80695563959808,88.67378496703623,63.41747854168972,103.0,3.0,2.0,memory_bound,
2026-01-05 08:12:00,35.412855045414055,87.39402724266601,52.44477453903966,177.89109502225477,0.0,0.0,49.143146623612814,57.37767660523208,75.18337881541623,57.49082783985728,104.0,4.0,2.0,memory_bound,
2026-01-05 08:13:00,41.05718673363547,84.27333031014497,52.689692293461135,195.19300649964248,0.0,0.0,51.85503662692588,58.110109186755665,74.3459257190066,59.217842820703225,105.0,6.0,2.0,memory_bound,
2026-01-05 08:14:00,41.81023664866818,85.56065198742259,53.58642370330508,203.0120416132452,0.0,0.0,51.89534289302361,57.283052815429826,63.82508716471126,51.301054011155784,106.0,3.0,2.0,memory_bound,
2026-01-05 08:15:00,38.31291271703675,84.71759983576787,53.9953578577734,202.74268327426387,0.0,0.0,51.36238342346237,60.80203231135395,65.17195050251073,31.87191900787643,107.0,8.0,2.0,memory_bound,
2026-01-05 08:16:00,38.81254810617505,84.97853540641724,54.34005841152924,198.7729744308612,0.0,0.0,54.886398725454306,62.96519600987384,65.19358699310865,46.25410929315636,108.0,4.0,2.0,memory_bound,
2026-01-05 08:17:00,39.05023972555695,84.57833092191044,54.49298230686053,193.37935449506918,0.0,0.0,50.9076589726698,63.77805594945318,47.890841747477154,33.528331851789716,109.0,3.0,2.0,memory_bound,
2026-01-05 08:18:00,39.70401743035581,87.1803510691107,54.057897873523224,198.41776371922202,0.0,0.0,50.66670770968348,64.04519403554103,47.202655570530936,34.204281346812884,110.0,2.0,2.0,memory_bound,
2026-01-05 08:19:00,42.26933454233859,83.70829198182653,54.17084045297906,199.95708300739238,0.0,0.0,51.783558829642736,67.36172961401202,19.55485737783355,43.09773605125165,111.0,2.0,2.0,memory_bound,
2026-01-05 08:20:00,39.68158443348282,79.67270433392653,54.635190576660946,199.33810319166813,0.0,0.0,50.552701898086454,65.2558838318926,36.349940524800346,52.250343972338236,112.0,4.0,2.0,memory_bound,
2026-01-05 08:21:00,40.07869522024862,79.79147638758377,54.664860320137414,192.47320707734949,0.0,0.0,51.25461145121013,64.16595924103301,37.71786269947279,74.7520180438438,113.0,4.0,2.0,memory_bound,
2026-01-05 08:22:00,41.28118701612596,83.82027336662736,54.34238914790258,199.03302196837714,0.0,0.0,51.027300442582494,62.68184986380184,35.44831078403854,77.00134311810972,114.0,3.0,2.0,memory_bound,
2026-01-05 08:23:00,40.11682944519721,84.99800384929415,54.02040461387421,192.4589327044107,0.0,0.0,53.79971891704971,62.56751943224015,38.47801702321514,91.6778834778814,115.0,3.0,2.0,memory_bound,
2026-01-05 08:24:00,41.89929667612239,84.23308401080962,54.15193003549482,209.86653002343192,0.0,0.0,53.00367097235852,64.15829078042019,61.74508049456878,99.51710791800699,116.0,4.0,2.0,memory_bound,
2026-01-05 08:25:00,41.91066506206866,82.5594982565934,54.089874224151295,194.91086283255976,0.0,0.0,55.28296883457986,62.38235259302745,70.65381365535467,94.41147235580267,117.0,2.0,2.0,memory_bound,
2026-01-05 08:26:00,45.66688066318838,81.32036971358117,54.35985829728129,208.2020975115541,0.0,0.0,56.10122763134312,58.46259345150794,60.19766582413644,84.66602716531342,118.0,2.0,2.0,memory_bound,
2026-01-05 08:27:00,49.036103222206044,83.21272233755472,55.13338286012935,223.56117124562104,0.0,0.0,55.60790404896355,57.41743045651654,82.494351770205,77.99008124077406,119.0,7.0,2.0,memory_bound,
2026-01-05 08:28:00,49.04118090666488,84.4161484242284,55.146250770033646,225.49570564634968,0.0,0.0,52.53422044332986,54.88365166734776,74.26293902701195,78.63754764272362,120.0,4.0,2.0,memory_bound,
2026-01-05 08:29:00,41.04608505559707,83.10770505225825,54.60253686087231,186.81252508853723,0.0,0.0,48.904089644172764,55.23399104591882,81.03318784357228,73.02586321325538,121.0,5.0,2.0,memory_bound,
2026-01-05 08:30:00,41.87629693572382,84.49963620974015,54.868557484012264,200.8388268245761,0.0,0.0,54.26367925011071,54.4425922819874,60.01252092959487,82.2337758267416,122.0,3.0,2.0,memory_bound,
2026-01-05 08:31:00,40.5150552018507,83.62340960765538,55.18934197708851,206.7271317560822,0.0,0.0,55.28306126678342,54.96564513290005,64.98313017284305,106.33903653311195,123.0,3.0,2.0,memory_bound,
2026-01-05 08:32:00,41.139697624263725,82.92531563118442,55.415110186208146,199.93918793718743,0.0,0.0,55.071322786617934,55.90455141119254,73.50608126526879,72.16946522351705,124.0,4.0,2.0,memory_bound,
2026-01-05 08:33:00,42.6696634939823,83.31447992375331,54.787193228423945,195.0731519607085,0.0,0.0,59.8496487229083,56.48014606057012,54.348333348641255,75.63273503847111,125.0,7.0,2.0,memory_bound,
2026-01-05 08:34:00,43.92395045447123,85.53646296097654,55.200974601854824,212.5718076642066,0.0,0.0,59.30570705970098,57.086705348197576,61.3740828284561,77.79186258073213,126.0,5.0,2.0,memory_bound,
2026-01-05 08:35:00,41.542056141271516,91.3668278949552,55.44392394991779,197.542410006031,0.0,0.0,53.73327262236809,58.72110453514947,85.87832973199212,85.38419494428723,127.0,3.0,2.0,memory_bound,
2026-01-05 08:36:00,44.15803927962649,92.98309795083411,55.5471571253566,209.1357626510011,0.0,0.0,49.41692980006641,59.870548733899895,108.45558130705714,68.89124908610539,128.0,5.0,2.0,memory_bound,
2026-01-05 08:37:00,41.846851046815246,90.5427264614186,55.52557043891736,206.88049870448705,0.0,0.0,51.79893782125339,60.75831052137832,100.01161545343595,83.84446207233526,129.0,6.0,2.0,memory_bound,
2026-01-05 08:38:00,42.996948342531304,88.42034951624791,55.1705149746764,199.5308991441831,0.0,0.0,53.01929056709941,60.75988072905883,110.45323462111602,68.93595194907715,130.0,4.0,2.0,memory_bound,
2026-01-05 08:39:00,40.816105012092954,88.96991361313263,55.01458661693746,199.60350972547639,0.0,0.0,53.227166040096506,62.04377957879723,96.68272917707972,73.08945199551431,131.0,4.0,2.0,memory_bound,
2026-01-05 08:40:00,38.73345787110479,92.81436949454684,54.73938695619304,183.01067116278014,0.0,0.0,62.070185026091394,60.1523425071676,111.70699353991853,73.37216925365695,132.0,5.0,2.0,memory_bound,
2026-01-05 08:41:00,36.742705285913964,93.66491879978288,54.575177587629675,179.83430402523112,0.0,0.0,64.07034393979907,60.650087997389214,139.60819610243047,70.56026241587622,133.0,7.0,2.0,memory_bound,
2026-01-05 08:42:00,35.98173662400594,92.09278208161231,54.48719617836053,181.25402471755334,0.0,0.0,63.775718186316084,62.530635605009714,153.96578753709412,79.55256511154371,134.0,3.0,2.0,memory_bound,
2026-01-05 08:43:00,33.44107004511353,90.86829489406045,54.30212878062777,167.2461926658831,0.0,0.0,63.09811390709725,63.039381236474284,156.6100018209953,76.47106341661015,135.0,4.0,2.0,memory_bound,
2026-01-05 08:44:00,34.59640277631641,86.02414836011694,54.12711372015611,185.16383228719786,0.0,0.0,58.91746502691659,62.01953886384136,152.10114777882706,90.20387510974098,136.0,3.0,2.0,memory_bound,
2026-01-05 08:45:00,35.85850218686819,84.09366982374122,53.4831092504619,184.9046257895319,0.0,0.0,57.69644589359475,65.5017975523949,143.24107829580709,88.9128855327994,137.0,5.0,2.0,memory_bound,
2026-01-05 08:46:00,35.66308847242126,83.49711404920922,53.46400510151186,191.59208881621817,0.0,0.0,52.043782973507724,66.0075485189403,117.84972520928713,101.80414136994622,138.0,3.0,2.0,memory_bound,
2026-01-05 08:47:00,36.58147679921072,85.43372689867589,53.00270335291865,186.1363935284135,0.0,0.0,55.646348302690285,66.36430415497097,89.64673049127404,92.27325269323245,139.0,4.0,2.0,memory_bound,
2026-01-05 08:48:00,35.80638120670016,86.30192316722473,52.95624358316343,183.27233224113994,0.0,0.0,52.889781450209696,68.1346577793775,88.73811657083266,102.72273921681109,140.0,3.0,2.0,memory_bound,
2026-01-05 08:49:00,42.12179992648178,85.21860967692814,53.316912956361435,203.19814536993155,0.0,0.0,52.68986903044257,67.13798141738799,84.79321536427773,82.33145319537306,141.0,2.0,2.0,memory_bound,
2026-01-05 08:50:00,43.645651251048186,86.80713049355532,53.70683998567604,209.0116791536455,0.0,0.0,53.72584703500064,63.76854045697782,83.23235204726672,99.03320996490376,142.0,3.0,2.0,memory_bound,
2026-01-05 08:51:00,44.99652672665008,84.35012756442711,54.12157306950137,207.3432857202377,0.0,0.0,53.38476418084939,63.72158785028099,69.24364999618514,95.94367931111094,143.0,4.0,2.0,memory_bound,
2026-01-05 08:52:00,44.17392446015581,89.79028814120223,54.686274395547485,210.87844197589757,0.0,0.0,52.307654735159275,63.04984482299217,83.99691912643186,105.39307597747899,144.0,3.0,2.0,memory_bound,
2026-01-05 08:53:00,42.21924338389129,90.72063014300333,54.64032663122861,192.81035109163804,0.0,0.0,53.033735993844225,63.8029390678981,89.53141504818974,114.83402301170565,145.0,2.0,2.0,memory_bound,
2026-01-05 08:54:00,42.29551491727614,90.81248096543565,54.66249376273948,209.40297279680706,0.0,0.0,59.26244385008812,62.50723045584129,82.57320178992566,107.5930126151513,146.0,3.0,2.0,memory_bound,
2026-01-05 08:55:00,42.71797815009438,86.75357587029552,55.141279423370804,215.24011983246635,0.0,0.0,61.450134279769344,60.23220893616457,48.51306778052681,99.88527931541863,147.0,2.0,2.0,memory_bound,
2026-01-05 08:56:00,43.01763105555087,87.0918371199306,54.99452310216271,214.73796700203522,0.0,0.0,60.37260386964564,63.38963243497486,77.67957475130592,100.78051631607539,148.0,4.0,2.0,memory_bound,
2026-01-05 08:57:00,37.050410022513915,90.12307483461444,54.80663960163458,186.55100548679667,0.0,0.0,56.463045745528696,63.48068608921268,60.42505807604938,105.69363893135369,149.0,4.0,2.0,memory_bound,
2026-01-05 08:58:00,38.30656239783801,86.90852242285287,54.891423038831036,185.96372143381777,0.0,0.0,56.06298022052624,61.617657912038986,45.466703323349265,92.39397089369373,150.0,4.0,2.0,memory_bound,
2026-01-05 08:59:00,40.75775712560762,87.7376744111541,54.634346354222714,196.0532510059202,0.0,0.0,49.95486267653632,63.299319323675356,26.962457440523853,89.51801505053,151.0,2.0,2.0,memory_bound,
2026-01-05 09:00:00,43.56498058755051,89.51781062589981,54.59065393255818,206.64564047414058,0.0,0.0,48.84148534354142,63.6117463609968,29.48629690008892,92.54320345240819,152.0,4.0,2.0,memory_bound,
2026-01-05 09:01:00,42.127552679467385,89.09047603678451,55.01909513370834,207.83147741862615,0.0,0.0,48.728767121756924,65.77361721517025,51.84573472359505,95.7511567826008,153.0,5.0,2.0,memory_bound,
2026-01-05 09:02:00,43.09090462705815,89.08509576106154,55.333003545941715,202.78187890020803,0.0,0.0,50.24507285690417,66.9507988806843,48.52866329714211,82.18383232355315,154.0,4.0,2.0,memory_bound,
2026-01-05 09:03:00,42.36545373667351,87.8750564738345,55.57031441851175,203.97235289450816,0.0,0.0,52.37974991356524,66.3376015236761,38.031037493071075,80.05722431761788,155.0,5.0,2.0,memory_bound,
2026-01-05 09:04:00,41.61080036544241,85.97467446875581,55.71156380018144,202.3106351874589,0.0,0.0,48.82055110903072,66.94698464832952,48.21305935339727,79.54448689304829,156.0,2.0,2.0,memory_bound,
2026-01-05 09:05:00,43.178196388204995,85.83593046106603,55.8412235459579,210.93709522411302,0.0,0.0,49.37536686845081,66.17696639537303,68.69045540526243,65.398398710192,157.0,7.0,2.0,memory_bound,
2026-01-05 09:06:00,42.59405358870221,86.32285847708832,55.972557676887604,205.03305584368562,0.0,0.0,51.88672011223707,63.17519642348152,68.3219913620283,73.1295216654312,158.0,6.0,2.0,memory_bound,
2026-01-05 09:07:00,42.08177482546843,83.47221941897756,55.582254220425625,202.4449045380922,0.0,0.0,45.853177251588775,62.99723259856483,65.31489240263271,66.48612775761646,159.0,4.0,2.0,memory_bound,
2026-01-05 09:08:00,39.50669962539785,86.14210149574117,55.34307148435772,182.46922760400216,0.0,0.0,47.48824123105162,64.44374826007189,58.64334335529654,61.16008496060226,160.0,7.0,2.0,memory_bound,
2026-01-05 09:09:00,38.448001710765,86.92572875935929,55.273442207652614,188.83600991016021,0.0,0.0,51.30487218553375,60.53812800194558,41.022626113171825,77.83810992017888,161.0,4.0,2.0,memory_bound,
2026-01-05 09:10:00,36.86004725761584,87.24796995234632,55.75257250260546,196.03840878347904,0.0,0.0,53.381077101824374,61.079342281393345,53.3267151539323,81.03174571605592,162.0,4.0,2.0,memory_bound,
2026-01-05 09:11:00,34.522896071776614,86.5490089538044,55.17807474053972,182.48556218392878,0.0,0.0,51.58794507598219,59.3019606461162,37.04841989075639,90.04039735790718,163.0,3.0,2.0,memory_bound,
2026-01-05 09:12:00,33.80183277116239,87.14784617049456,55.03911335745946,176.43428139295165,0.0,0.0,50.27406141610169,55.46262088308139,42.603440280138656,101.10070763462903,164.0,5.0,2.0,memory_bound,
2026-01-05 09:13:00,33.25018222627392,89.1430770910509,54.23736171174125,171.33880221390817,0.0,0.0,50.57499719086496,57.13466228309239,51.933168915096104,85.86675789299692,165.0,4.0,2.0,memory_bound,
2026-01-05 09:14:00,34.99039726828533,88.9027273782794,53.939608433137565,182.48959122460155,0.0,0.0,50.98355994978827,60.49108905348931,53.17435082380552,88.14840216554359,166.0,3.0,2.0,memory_bound,
2026-01-05 09:15:00,38.35715642065399,87.33517130804088,54.071913884059725,192.21566989012243,0.0,0.0,51.69711698977038,63.51900173298034,48.82210166194298,79.74949208417047,167.0,4.0,2.0,memory_bound,
2026-01-05 09:16:00,34.387702350308224,88.36440723906298,54.179640951987764,178.2042424503689,0.0,0.0,48.03432245271634,61.26253022577256,37.70371515022269,83.56491854522476,168.0,4.0,2.0,memory_bound,
2026-01-05 09:17:00,39.64985697052066,87.46098348313309,54.42357065971903,197.29321054205357,0.0,0.0,48.32488530216355,57.29586659827994,37.40290820737448,79.39739019479158,169.0,7.0,2.0,memory_bound,
2026-01-05 09:18:00,43.236535865752536,84.6054685654806,54.74622392644061,200.65999176417736,0.0,0.0,49.91251371396875,57.765199801105986,54.85944604770227,93.76115266892972,170.0,2.0,2.0,memory_bound,
2026-01-05 09:19:00,44.194877093627206,85.53593797632197,54.71292002701242,214.46309950812685,0.0,0.0,51.70805170182985,58.7265585654836,84.9717552069701,93.00471554919854,171.0,2.0,2.0,memory_bound,
2026-01-05 09:20:00,44.58952563049426,79.39274001265834,54.85151464910442,207.0965620142515,0.0,0.0,51.624683255812734,59.539187508424625,82.8933570336858,71.36579367271302,172.0,3.0,2.0,memory_bound,
2026-01-05 09:21:00,43.32556841254589,82.27256150976433,55.20302634963235,201.97337510359355,0.0,0.0,44.317121417026925,58.019268526771505,79.58026586221202,63.28679264836495,173.0,3.0,2.0,memory_bound,
2026-01-05 09:22:00,46.006661929543434,82.19640688099761,55.236697177459064,213.03008674145224,0.0,0.0,41.34570640143098,55.73356991221726,82.99121909151302,64.25663025212492,174.0,6.0,2.0,memory_bound,
2026-01-05 09:23:00,45.128983924207624,82.92756594667371,55.3141546652919,214.1297519986655,0.0,0.0,44.07967952747393,57.577191950749864,94.77119920803872,76.58428312120225,175.0,3.0,2.0,memory_bound,
2026-01-05 09:24:00,41.08794620818229,83.47631054163394,55.24198455429452,202.74931732197544,0.0,0.0,44.126795143396734,54.17404338165425,86.86961175854555,66.95563886975556,176.0,2.0,2.0,memory_bound,
2026-01-05 09:25:00,42.91532213795796,82.36907380016908,55.03702537752864,210.1561304051839,0.0,0.0,45.02602916030077,54.658520659870675,88.11129483903935,72.58273287743509,177.0,2.0,2.0,memory_bound,
2026-01-05 09:26:00,41.350963608233094,81.90213626166715,54.894362421369266,198.50844837158698,0.0,0.0,48.99505211794117,55.34638555622003,81.46240539863703,70.93464512035982,178.0,2.0,2.0,memory_bound,
2026-01-05 09:27:00,37.56567937760285,79.32887391610335,54.5917364119219,193.727018606053,0.0,0.0,48.59092387633419,55.72132659577133,96.18409180982977,60.252460482777565,179.0,3.0,2.0,memory_bound,
2026-01-05 09:28:00,36.400889338921466,81.18157438770504,54.447948569347595,184.65201308305097,0.0,0.0,51.02894526543134,56.00900622584197,75.3695985125242,73.94202126704285,180.0,5.0,2.0,memory_bound,
2026-01-05 09:29:00,38.625117051715634,84.12967118949287,53.74429377470103,187.60703615734099,0.0,0.0,53.94585723315967,56.319591292770895,61.67484381433586,42.5713822853043,181.0,2.0,2.0,memory_bound,
2026-01-05 09:30:00,41.0773448713941,87.88829422644181,54.40032008806104,195.0524907632512,0.0,0.0,55.44156802562774,57.54990644070696,68.3171548914735,52.1267798799232,182.0,6.0,2.0,memory_bound,
2026-01-05 09:31:00,42.58636761090732,84.16848902465372,54.71758482284673,209.1325702441741,0.0,0.0,47.671658583522635,58.28160140301347,65.71823927448901,61.71356783578348,183.0,8.0,2.0,memory_bound,
2026-01-05 09:32:00,41.906105112858945,85.91330955540522,54.89681316127266,201.4483461797977,0.0,0.0,49.25855189454448,58.16613819889194,91.83311251738651,49.200428197749126,184.0,2.0,2.0,memory_bound,
2026-01-05 09:33:00,40.20493920304976,85.50193070379326,55.35885157213618,204.31167031576518,0.0,0.0,49.91928059682639,60.160891105940934,68.83577759262654,45.30058071817167,185.0,4.0,2.0,memory_bound,
2026-01-05 09:34:00,39.60142943026928,79.30991530383267,55.23972275101051,199.6842995401895,0.0,0.0,46.196159713279535,59.42189896644356,62.367326049948616,44.29082158758801,186.0,2.0,2.0,memory_bound,
2026-01-05 09:35:00,37.72229165145915,79.1623461523663,54.937125925938226,192.23669284241583,0.0,0.0,51.753580502280926,58.29133238035495,54.74332748794858,51.54160843626278,187.0,2.0,2.0,memory_bound,
2026-01-05 09:36:00,2.400464051014646,4.69368392207921,53.18793329637438,69.23439763734133,0.0,0.0,6.473860483680268,18.791645473383316,0.0,0.0,0.0,2.0,0.0,idle,
2026-01-05 09:37:00,2.2607825535871466,5.798938780450308,51.63508916580139,65.03041874895698,0.0,0.0,9.705337090099576,18.430180505954773,0.0,0.0,0.0,1.0,0.0,idle,
2026-01-05 09:38:00,3.6522670170442746,9.67448052175402,49.90442213982525,75.3087518490927,0.0,0.0,4.149615546307388,18.391963277135325,0.0,0.0,0.0,5.0,0.0,idle,
2026-01-05 09:39:00,2.2362126987006725,8.80390775049331,48.55455504244472,68.06343246508422,0.0,0.0,7.171052818845313,19.763338563778603,15.107752211286822,0.0,0.0,2.0,0.0,idle,
2026-01-05 09:40:00,4.2100728061207775,10.832652491580768,47.77449266886091,71.19687831926676,0.0,0.0,8.30260286602884,19.337607969621317,14.663213116296212,0.0,0.0,3.0,0.0,idle,
2026-01-05 09:41:00,6.980848817821442,12.008674816873727,47.00913516965308,85.53582083031782,0.0,0.0,8.546415744070293,19.072716137700446,0.0,0.0,0.0,1.0,0.0,idle,
2026-01-05 09:42:00,9.508284092547221,13.69009040577249,46.78440544665024,99.20864345385544,0.0,0.0,6.806950043712779,19.955612650341436,0.0,2.9586540628707345,0.0,3.0,0.0,idle,
2026-01-05 09:43:00,8.341648919507392,11.97623971311464,46.04507180249497,82.86500856672306,0.0,0.0,7.849973286804579,24.814748892446275,0.0,0.0,0.0,2.0,0.0,idle,
2026-01-05 09:44:00,4.719965145972356,12.198705441410418,45.20365902518427,79.86604612948113,0.0,0.0,5.416325109705546,28.943655827091604,0.0,6.846433901681684,0.0,1.0,0.0,idle,
2026-01-05 09:45:00,2.015078131339049,7.7807080851432024,44.41374396664605,65.33020442534345,0.0,0.0,11.346073682970173,29.71880096596347,0.0,0.0,0.0,1.0,0.0,idle,
2026-01-05 09:46:00,3.744497764958896,8.93447340479405,43.98526570603466,81.7500000698167,0.0,0.0,9.195274234857274,30.083442479009943,0.0,0.0,0.0,0.0,0.0,idle,
2026-01-05 09:47:00,5.548611664183725,13.7966261848849,43.61247243239382,77.91158346297135,0.0,0.0,7.778850040078169,29.877542664427523,0.0,0.0,0.0,3.0,0.0,idle,
2026-01-05 09:48:00,6.818219196417783,13.369841588966434,42.975183924726934,76.21541192127337,0.0,0.0,9.387182119233335,32.5736166084876,0.0,0.17163161503859747,0.0,3.0,0.0,idle,
2026-01-05 09:49:00,4.3994803321784905,14.10500428705454,42.76802184961311,89.5805290756641,0.0,0.0,11.516322231196256,34.57739910976812,0.0,0.0,0.0,3.0,0.0,idle,
2026-01-05 09:50:00,1.6167381465332267,17.824154767545252,41.800186909483045,71.77184333373698,0.0,0.0,12.030093250412275,34.189476245008784,0.0,0.0,0.0,2.0,0.0,idle,
2026-01-05 09:51:00,6.34562546023376,21.839517486089015,41.79720696361201,82.42381773496014,0.0,0.0,10.536852165938253,28.46428649492644,0.0,0.0,0.0,3.0,0.0,idle,
2026-01-05 09:52:00,79.81593772436995,73.25886004121465,45.39682087122697,331.2894773383273,0.0,0.0,69.1501611695449,64.12131512021074,297.03922083910516,88.4798105903333,0.0,2.0,1.0,mixed,
2026-01-05 09:53:00,78.67004068113242,71.78234756033147,48.37158835231839,328.83083840533453,0.0,0.0,67.54702851060915,59.94036721198924,299.7610252517894,94.12099795699774,1.0,2.0,1.0,mixed,
2026-01-05 09:54:00,80.8831701213097,69.2810548213925,51.39431259021104,332.54641221853274,0.0,0.0,66.73220037696365,60.23249144423929,315.3456391941609,94.2051268600688,2.0,3.0,1.0,mixed,
2026-01-05 09:55:00,77.86522474082454,66.96909621483121,53.92224103882248,331.121665126261,0.0,0.0,64.20791658714457,60.920458424839055,353.7501714562122,96.53313466922725,3.0,4.0,1.0,mixed,
2026-01-05 09:56:00,75.28115135818588,66.60004148016253,55.43949859059594,301.869144445006,0.0,0.0,63.95467317865819,58.26073279573828,377.82781940077183,93.05466779134073,4.0,2.0,1.0,mixed,
2026-01-05 09:57:00,75.46988416757102,66.51052957106614,57.170649671787515,320.663894054463,0.0,0.0,55.43683232134856,57.34901807810191,351.30108110092016,93.79010764466484,5.0,2.0,1.0,mixed,
2026-01-05 09:58:00,70.13447968486844,68.65601296618003,58.47457389838764,299.1546757659642,0.0,0.0,55.988083439209674,56.372279374499854,363.2602631702689,70.71331036288271,6.0,4.0,1.0,mixed,
2026-01-05 09:59:00,65.52112556490192,66.25710692758656,59.075593895324815,286.1566997336907,0.0,0.0,57.53921717733844,53.005212497268964,376.80648237933343,86.65074912066889,7.0,2.0,1.0,mixed,
2026-01-05 10:00:00,67.20846317636,67.34452783590861,59.66238808818113,287.8868682799953,0.0,0.0,59.384390348512646,50.99742570544041,357.31253167742744,81.07845228484143,8.0,4.0,1.0,mixed,
2026-01-05 10:01:00,68.58966085294378,65.53442387702952,60.23342418168061,291.6813856555026,0.0,0.0,63.06492510186597,53.92210616475181,357.36383065887946,93.87442449731503,9.0,3.0,1.0,mixed,
2026-01-05 10:02:00,69.8070724273075,63.34357103750495,61.31343898954293,296.91194306308404,0.0,0.0,64.69981176066752,53.08329749598147,369.1546358189228,86.67357761504448,10.0,3.0,1.0,mixed,
2026-01-05 10:03:00,73.38011455904112,65.77944153003232,62.300120602873726,309.40961340512615,0.0,0.0,60.200016075636476,50.133859296756064,392.1769967751455,89.28782062816876,11.0,3.0,1.0,mixed,
2026-01-05 10:04:00,75.4087549551399,66.0816564566575,63.58464953492644,327.05743206693796,0.0,0.0,61.917412725604,50.7689480084127,390.12989255499275,94.153150453349,12.0,3.0,1.0,mixed,
2026-01-05 10:05:00,78.15993979694855,67.19183405575545,64.52447345354229,325.2576832891205,0.0,0.0,60.55979247313636,50.12952027434731,386.4735773280455,100.65421917888756,13.0,4.0,1.0,mixed,
2026-01-05 10:06:00,75.83834279275035,64.10722604711997,65.19362009241593,317.7352116804709,0.0,0.0,56.79130395319393,50.37191718934142,368.966550679146,97.01496761377635,14.0,6.0,1.0,mixed,
2026-01-05 10:07:00,75.62985107221763,63.79523955697863,65.50282834411306,315.8082144343815,0.0,0.0,61.080563895430764,49.33875958453976,378.93643727533345,96.08120403602138,15.0,6.0,1.0,mixed,
2026-01-05 10:08:00,78.31168800084859,61.71044986624961,65.75983175206831,326.4965366533175,0.0,0.0,61.45692108398035,50.33308042081364,388.7865997553816,107.16193419392673,16.0,3.0,1.0,mixed,
2026-01-05 10:09:00,83.20167313106114,59.106604842745114,66.62383858652838,342.4967356373209,0.0,0.0,59.235677520532505,48.955966173512046,373.6442131274275,113.89869790700772,17.0,6.0,1.0,mixed,
2026-01-05 10:10:00,85.6268369712011,61.89108129814394,67.69150799117612,350.52907906787823,0.0,0.0,53.120531033359086,49.17855617172964,355.3408898206406,109.41901490572614,18.0,5.0,1.0,mixed,
2026-01-05 10:11:00,76.95363165281206,65.7023129218142,67.9607310468058,331.70761490250936,0.0,0.0,50.566564738361336,49.20808727926127,334.6508319835306,119.82472160629409,19.0,4.0,1.0,mixed,
2026-01-05 10:12:00,75.1649658071002,64.02943282446958,68.36721415845103,314.4895742004184,0.0,0.0,55.10700119585476,50.0837567552888,342.70318151346254,112.63149532452728,20.0,4.0,1.0,mixed,
2026-01-05 10:13:00,74.32427598633686,63.59945425678753,68.77328272272794,312.24050528065357,0.0,0.0,58.82033568512918,57.34568528296048,325.20198948646043,103.61436910476891,21.0,6.0,1.0,mixed,
2026-01-05 10:14:00,77.48653408837262,60.18956915465298,68.37725872550506,320.5416273256929,0.0,0.0,58.494165141944165,58.51232968381372,320.0712153718166,98.42640596651432,22.0,2.0,1.0,mixed,
2026-01-05 10:15:00,76.0046808285675,60.77826326726135,68.82221586728338,324.2921379264386,0.0,0.0,58.172944699730266,59.209138818130285,328.3157526990283,123.36621770248497,23.0,2.0,1.0,mixed,
2026-01-05 10:16:00,73.28807148900225,61.70435209257757,68.949024154567,305.7469789064312,0.0,0.0,60.497573445064276,61.298593596426386,355.94850529312015,130.53662776640206,24.0,5.0,1.0,mixed,
2026-01-05 10:17:00,71.55483186400751,60.57124796776377,68.90682184773605,299.9928583696692,0.0,0.0,61.636861222026134,62.33551368192829,357.39478243565776,125.89998928927565,25.0,2.0,1.0,mixed,
2026-01-05 10:18:00,74.83524175269115,60.93519358042856,69.00126858689369,311.710651905589,0.0,0.0,62.85059557392931,62.68630751624093,343.0007322434004,111.90003285925738,26.0,3.0,1.0,mixed,
2026-01-05 10:19:00,76.60937524783374,61.11360784079017,69.28543567872943,316.9324260173317,0.0,0.0,64.88038173534343,58.43787127765536,368.194388557125,111.51792913754365,27.0,4.0,1.0,mixed,
2026-01-05 10:20:00,78.2060079353134,63.32487084473871,69.37165650019197,316.10535061933956,0.0,0.0,63.62573847524369,62.20701715806603,375.60991312231914,103.2652765096823,28.0,4.0,1.0,mixed,
2026-01-05 10:21:00,75.9445415803111,62.91109514812037,69.90442817122945,317.9137962938263,0.0,0.0,61.36852067950401,62.22588589524245,371.05380816412065,97.13641432183191,29.0,2.0,1.0,mixed,
2026-01-05 10:22:00,73.28607255832642,60.83187060114233,69.7532475759983,308.9575776805046,0.0,0.0,58.33835721702856,59.6710213037384,361.152703332123,99.77014546047232,30.0,3.0,1.0,mixed,
2026-01-05 10:23:00,74.24879045447109,65.68837862469564,69.84635741551917,311.4269978225817,0.0,0.0,62.41288512523933,57.858067474057776,362.80923093168946,94.37118453681074,31.0,4.0,1.0,mixed,
2026-01-05 10:24:00,72.32589734169525,66.84147802580445,69.81829074573643,307.71113971842095,0.0,0.0,58.178922769409844,61.74625729630451,359.30937369525464,95.09991114140271,32.0,4.0,1.0,mixed,
2026-01-05 10:25:00,72.27393964592396,68.8996100961179,69.78733493470385,312.25224565744037,0.0,0.0,60.12641001035345,61.868399190824164,355.84640405637157,78.89236277043929,33.0,5.0,1.0,mixed,
2026-01-05 10:26:00,73.08047649713431,66.81193884414517,69.75363224798157,302.65885681229133,0.0,0.0,59.01703267138369,60.30027912997078,314.0877221634192,64.7581424767601,34.0,4.0,1.0,mixed,
2026-01-05 10:27:00,70.97787832208134,66.01997328457854,69.56370069957225,302.4117214840972,0.0,0.0,63.03178971073951,58.142440772390756,291.21855769038245,81.15995283045574,35.0,3.0,1.0,mixed,
2026-01-05 10:28:00,71.29924720693448,64.5121278505769,69.42911404490923,311.0580730182912,0.0,0.0,63.6017610895387,60.611040442480466,293.86324368656994,94.17538310052186,36.0,4.0,1.0,mixed,
2026-01-05 10:29:00,77.69110343454669,65.69077319840662,69.32034407796843,315.69823921896807,0.0,0.0,69.60291436623191,62.19648942018849,295.2536406102899,90.87880091436686,37.0,5.0,1.0,mixed,
2026-01-05 10:30:00,76.59390730819287,68.46146400295882,69.48562937984988,316.4856344472539,0.0,0.0,70.75108076056696,62.95909990764623,293.070995315595,101.25989037751998,38.0,2.0,1.0,mixed,
2026-01-05 10:31:00,76.56323848692196,68.03217583675644,69.618275950859,321.9756663672291,0.0,0.0,69.11750967654181,60.46094212886879,306.86833000550894,120.0153439616111,39.0,4.0,1.0,mixed,
2026-01-05 10:32:00,76.15643671960368,66.00078549764302,69.86795928627963,321.7063022204965,0.0,0.0,65.66819714202714,58.48612940850103,346.1511377673885,103.17234208865709,40.0,5.0,1.0,mixed,
2026-01-05 10:33:00,77.913807720115,65.56898491729967,70.08703717623965,330.38872675277145,0.0,0.0,67.8405688666263,57.46021428483627,385.5899549746869,107.44069051695993,41.0,2.0,1.0,mixed,
2026-01-05 10:34:00,77.54840650730941,63.154208384096734,69.90809465392985,316.22971074880115,0.0,0.0,65.6606448013276,56.013092866132325,396.1059044648275,100.28793341038775,42.0,2.0,1.0,mixed,
2026-01-05 10:35:00,79.18120819998445,59.98755983938854,69.71786940798444,331.0841444425571,0.0,0.0,69.60762446326035,59.42837977883317,383.4333128962823,106.12076666441718,43.0,4.0,1.0,mixed,
2026-01-05 10:36:00,80.61184526305914,61.00759737249092,70.17273836128132,341.97543627115596,0.0,0.0,68.17881027595703,57.66235119376765,365.00031659068105,108.26220767781281,44.0,2.0,1.0,mixed,
2026-01-05 10:37:00,81.44388555857431,57.48313328725508,70.48640516801417,339.038763999834,0.0,0.0,65.62767863217329,56.6157386116047,356.451009566214,88.30022452722999,45.0,3.0,1.0,mixed,
2026-01-05 10:38:00,82.94937141193523,57.18413467461398,70.72803912641349,346.0271106402124,0.0,0.0,64.94869788926209,59.72289057414465,341.2652009483251,86.80485762004642,46.0,6.0,1.0,mixed,
2026-01-05 10:39:00,81.06059782053258,59.98902304255283,71.24234526280915,340.21255561605426,0.0,0.0,65.4462437242728,60.9142351365339,339.250143822326,121.92056869163912,47.0,2.0,1.0,mixed,
2026-01-05 10:40:00,81.8258297242455,60.929165258936926,71.38229635824861,335.2589956685606,0.0,0.0,62.70296159275563,60.05613797491863,344.5891725004789,128.88371183872133,48.0,2.0,1.0,mixed,
2026-01-05 10:41:00,80.92902774454564,63.14628245845287,71.50075469237166,334.2403366321407,0.0,0.0,58.031614245358625,60.2052869768396,362.2790129361561,140.58769081743483,49.0,5.0,1.0,mixed,
2026-01-05 10:42:00,78.57307258735617,60.18494054879133,71.45401711258538,324.09853440782746,0.0,0.0,56.483754850287966,57.49287623201211,350.3698581873203,131.02713020119572,50.0,2.0,1.0,mixed,
2026-01-05 10:43:00,80.3919795611584,60.36740642860507,71.46652605423292,336.5570000019922,0.0,0.0,58.0770691774681,58.288616471902714,380.26741656646357,113.25214387796957,51.0,2.0,1.0,mixed,
2026-01-05 10:44:00,79.55615695374095,60.52829189918822,71.62459048947369,334.8395500941538,0.0,0.0,60.05301252835831,58.5361971400736,377.7958287550648,114.39689062507833,52.0,2.0,1.0,mixed,
2026-01-05 10:45:00,80.67920071127932,64.19991376551471,71.20881420052122,340.5019728282145,0.0,0.0,60.77965651125731,57.05755139041166,374.73051728470324,109.60010929998204,53.0,3.0,1.0,mixed,
2026-01-05 10:46:00,80.5820956003487,62.75152909439674,71.19910442342857,332.1762945918256,0.0,0.0,64.05331699409402,53.8931763956819,334.8488784361076,107.43436804455395,54.0,3.0,1.0,mixed,
2026-01-05 10:47:00,80.11194457544121,64.63483154829802,71.26317399126886,327.1007252309963,0.0,0.0,63.6238067226407,54.166118246676945,359.10594171526657,105.9506089189045,55.0,4.0,1.0,mixed,
2026-01-05 10:48:00,83.87041956832212,66.59771032429656,71.56477341223886,343.25574628832663,0.0,0.0,57.60795999744874,57.65248809631259,352.7700466111958,106.45199186221063,56.0,3.0,1.0,mixed,
2026-01-05 10:49:00,81.72741401485919,68.14795850095605,72.04756820698904,340.4247085453132,0.0,0.0,58.13059560984163,55.09279528567647,340.20785680433136,123.13142415675688,57.0,7.0,1.0,mixed,
2026-01-05 10:50:00,80.31474576797443,66.13850538069923,72.2059227728783,337.3343130657928,0.0,0.0,58.57075483192075,54.548551295599346,357.9423009739324,124.4218102407664,58.0,4.0,1.0,mixed,
2026-01-05 10:51:00,77.56362472050023,65.26321654043876,71.86069433141157,326.9271448232406,0.0,0.0,63.645192729490084,54.306993333814525,385.40834757993247,126.50224645442812,59.0,5.0,1.0,mixed,
2026-01-05 10:52:00,77.8236209146184,66.62092260932928,72.0569546708415,323.60994305196306,0.0,0.0,66.02669027413094,57.03563152438656,401.8217356784663,125.4283452130998,60.0,2.0,1.0,mixed,
2026-01-05 10:53:00,73.85758454948403,66.69088050354672,71.51815525599325,311.25188955694523,0.0,0.0,66.17449835041495,59.28434777388336,380.4469604674234,111.26380408970638,61.0,3.0,1.0,mixed,
2026-01-05 10:54:00,73.14995743649048,65.73334977933932,71.25939041307628,319.09914353831067,0.0,0.0,64.63700653338944,61.557869195363956,347.5904043068916,111.50970369721017,62.0,2.0,1.0,mixed,
2026-01-05 10:55:00,73.59724677051726,65.4542641182756,70.36401795817656,303.3896313818769,0.0,0.0,62.59388055930444,64.17625654723095,341.94156381948267,101.3879885735558,63.0,4.0,1.0,mixed,
2026-01-05 10:56:00,76.55119092020522,64.29375003255633,69.77828941241592,327.62475837208996,0.0,0.0,63.06428147942046,61.07121530478928,346.5155838769704,90.36727935126542,64.0,5.0,1.0,mixed,
2026-01-05 10:57:00,77.20200190855458,61.76726335590321,70.07964323068742,320.9524512106574,0.0,0.0,60.15859233359196,59.028061596679876,339.93373266776035,80.14463121692208,65.0,4.0,1.0,mixed,
2026-01-05 10:58:00,77.89213027373063,64.56065642212275,70.40889783928404,328.38611543367426,0.0,0.0,64.70852454284265,59.99275679991537,335.0027688006251,93.03221158009875,66.0,3.0,1.0,mixed,
2026-01-05 10:59:00,76.7997214932719,62.3544311045121,70.29004237261593,315.65550695054577,0.0,0.0,66.6363286754319,61.763122087840316,352.1174405003452,99.55385379411233,67.0,5.0,1.0,mixed,
2026-01-05 11:00:00,75.06096053996728,62.57514533175546,69.89311745704524,310.2249843061486,0.0,0.0,67.93133679919875,59.2459890616502,370.0755393952563,88.04847019123088,68.0,5.0,1.0,mixed,
2026-01-05 11:01:00,73.83153692346325,61.948891419489726,69.2603860343106,306.2553672814899,0.0,0.0,67.7935806949171,60.527452822227545,350.42508698852333,76.60770839460184,69.0,4.0,1.0,mixed,
2026-01-05 11:02:00,74.97472930961129,62.66533540006763,69.6018249070176,308.57245374315,0.0,0.0,64.93358438920076,63.66292755399367,358.9232438017745,90.31458927382727,70.0,4.0,1.0,mixed,
2026-01-05 11:03:00,77.83686312751757,62.521408755388094,69.8728692539174,317.0197508937676,0.0,0.0,64.02992992501964,63.908402778122145,360.82904820312456,101.98223417814008,71.0,4.0,1.0,mixed,
2026-01-05 11:04:00,73.79579741595822,64.01106951729857,70.00419557752015,317.62095544790446,0.0,0.0,63.43951485618725,57.84659415918081,348.6294390905245,115.18731015306052,72.0,5.0,1.0,mixed,
2026-01-05 11:05:00,77.51778191553726,65.2781524208186,70.11651669765591,322.1176944580297,0.0,0.0,66.92999258651086,59.04194155289388,363.43724100064117,108.9575937219233,73.0,8.0,1.0,mixed,
2026-01-05 11:06:00,74.27703642764173,67.60559489753072,69.63222813210982,301.2682972056556,0.0,0.0,70.7638318776419,56.92508257058421,346.67153132834625,96.77295548526294,74.0,5.0,1.0,mixed,
2026-01-05 11:07:00,77.06367908973368,69.6118309173817,69.62187537994298,316.2570426512948,0.0,0.0,71.03850821125985,62.8422100465728,352.7157439018863,85.75067479441091,75.0,4.0,1.0,mixed,
2026-01-05 11:08:00,73.85633216291723,70.38958968246217,70.03660563609829,313.03446668517773,0.0,0.0,70.75072490426706,62.627737620638094,345.57276943391565,80.87970100237298,76.0,2.0,1.0,mixed,
2026-01-05 11:09:00,75.1222727142353,71.55687123908281,70.09063341940177,314.849661988664,0.0,0.0,69.38785825049457,60.05542124364017,356.6860203587797,77.76381990538144,77.0,4.0,1.0,mixed,
2026-01-05 11:10:00,69.80707406245956,69.50578217266359,69.81760281368159,301.2885876994229,0.0,0.0,69.97806313399727,59.01294489803817,358.60765487236,72.42858025090138,78.0,3.0,1.0,mixed,
2026-01-05 11:11:00,67.61874280915828,69.8808772555357,69.40641755070286,283.24076849295,0.0,0.0,67.78092261946976,58.93364465645057,373.5149832464601,71.7407831728961,79.0,3.0,1.0,mixed,
2026-01-05 11:12:00,69.7993599356262,68.90239275654636,68.96737857272059,294.36077760940873,0.0,0.0,61.89520574238026,59.02742375203052,376.44256807642245,84.63762845104065,80.0,3.0,1.0,mixed,
2026-01-05 11:13:00,71.71373802002077,69.22805320667887,68.73436073490144,302.3792235806661,0.0,0.0,66.34023142315284,61.071111222092185,363.1785158367052,87.31763186427335,81.0,2.0,1.0,mixed,
2026-01-05 11:14:00,71.57808690544404,70.43404219898463,68.39394419714561,307.1546750318136,0.0,0.0,60.54606471352401,60.74973045728447,352.7661304437753,92.19971999134906,82.0,6.0,1.0,mixed,
2026-01-05 11:15:00,75.5576638767451,74.5190017086965,68.52094319481238,322.8159190474442,0.0,0.0,64.02925885138569,60.833769302569884,379.44410753338275,92.86530868835521,83.0,2.0,1.0,mixed,
2026-01-05 11:16:00,77.01654532717671,70.83402847383844,68.72446283193261,326.5002412307197,0.0,0.0,64.67602386731494,59.50826410154994,388.1835028572924,95.86421512863805,84.0,4.0,1.0,mixed,
2026-01-05 11:17:00,74.24327868451536,72.73738423312125,69.2602121825587,315.29272746043375,0.0,0.0,67.55676374464323,58.83621524788229,404.71308656966147,89.16690863565022,85.0,3.0,1.0,mixed,
2026-01-05 11:18:00,74.83129363689599,73.97227753740205,69.3585067199056,319.6073479515154,0.0,0.0,65.07562624916771,57.83541276676506,417.4101712613926,87.85572089999008,86.0,7.0,1.0,mixed,
2026-01-05 11:19:00,73.84786600389788,69.96921711232746,69.41626565375782,308.9228852253013,0.0,0.0,66.25723435260356,58.1698511176148,420.394095357252,85.68890572465662,87.0,5.0,1.0,mixed,
2026-01-05 11:20:00,76.09423343457023,67.12564155238428,69.72696076075759,320.81255729385623,0.0,0.0,61.91302924257729,55.54618380627436,401.79169100385224,85.6834866618542,88.0,7.0,1.0,mixed,
2026-01-05 11:21:00,74.8760845441581,65.17436314941327,69.76325013570425,316.78608436596875,0.0,0.0,55.01052665745324,56.136726788320935,389.7718456517495,82.11903347943468,89.0,5.0,1.0,mixed,
2026-01-05 11:22:00,79.2866177827161,61.336035684105155,69.78952682428647,323.6957362033637,0.0,0.0,60.71918882315788,57.56454422899723,358.55346610283004,86.01035356254759,90.0,3.0,1.0,mixed,
2026-01-05 11:23:00,74.47536496891554,59.89699334775469,69.57459464522572,311.8153896240916,0.0,0.0,66.15141838157798,56.41777462734439,357.06029539233236,79.70882198370995,91.0,3.0,1.0,mixed,
2026-01-05 11:24:00,74.70047705951922,61.93285005072828,69.84460268081321,312.92474002994965,0.0,0.0,66.46499835670474,51.47440260932325,364.015050497395,104.93705602321438,92.0,4.0,1.0,mixed,
2026-01-05 11:25:00,73.34681886435688,62.93093348404467,69.49592288991867,306.8726370423374,0.0,0.0,71.82706489488946,54.782499347128876,383.264779050909,100.69348861445081,93.0,4.0,1.0,mixed,
2026-01-05 11:26:00,73.1518841194085,61.70353698803156,69.66662542141823,312.5074487540424,0.0,0.0,75.34839652138197,55.25064702961463,376.51771414451594,114.79321999037805,94.0,4.0,1.0,mixed,
2026-01-05 11:27:00,74.77022100991823,64.80028091686435,69.6296523750672,310.52027111544146,0.0,0.0,72.18064006866477,57.62335333037012,358.3017027681035,104.28769252732982,95.0,5.0,1.0,mixed,
2026-01-05 11:28:00,70.33447937340952,65.30954170674968,69.77558285774106,315.45628824430025,0.0,0.0,67.79059250613777,57.9096853052778,370.78085445088703,124.6035969478004,96.0,3.0,1.0,mixed,
2026-01-05 11:29:00,70.81752248730166,65.52804030911163,69.84231372135378,299.6546844769171,0.0,0.0,65.89798750817337,56.37557551635905,366.9270297549371,119.62798300203556,97.0,3.0,1.0,mixed,
2026-01-05 11:30:00,72.33867665867253,62.79866367079844,69.94137552116055,312.9793644690082,0.0,0.0,66.26042449095574,54.428759404712096,353.6786425310899,113.81859539541813,98.0,6.0,1.0,mixed,
2026-01-05 11:31:00,74.25722744685858,63.528157325057784,70.03510814644422,314.77262529629087,0.0,0.0,64.92559365742655,51.42261480568734,354.9590911046941,112.37694483941492,99.0,3.0,1.0,mixed,
2026-01-05 11:32:00,72.52076640607923,67.57041735268166,69.99096314804665,302.0976635512369,0.0,0.0,70.9776318029342,50.83440636906712,388.7817743619627,108.66018871664247,100.0,6.0,1.0,mixed,
2026-01-05 11:33:00,75.4648298594038,70.47954063945589,70.10692636209433,321.0448155725413,0.0,0.0,68.74633455534587,52.540183713287504,366.49968287191894,100.38953026795889,101.0,6.0,1.0,mixed,
2026-01-05 11:34:00,73.83124751990204,69.15657037024842,70.17010532882841,307.39226569306527,0.0,0.0,69.3601847348478,54.875948942039976,357.8746363697938,102.57022072442875,102.0,3.0,1.0,mixed,
2026-01-05 11:35:00,74.83106420360103,68.66347953866486,69.85066558332325,316.02920896867386,0.0,0.0,71.12794989639748,52.50249085606202,347.94221553366964,89.49639950106949,103.0,2.0,1.0,mixed,
2026-01-05 11:36:00,75.43101982828622,68.7341033997567,69.56781951772294,324.752900925127,0.0,0.0,69.8652300513056,56.071233065104664,336.84939728662334,95.10055007416457,104.0,3.0,1.0,mixed,
2026-01-05 11:37:00,75.84308873739141,69.92708697199673,69.4694084799444,314.5354996590533,0.0,0.0,69.40705593593268,55.80785303588584,318.33785770897356,92.9670510867621,105.0,6.0,1.0,mixed,
2026-01-05 11:38:00,74.40322127901193,68.75422732999942,69.50328764936008,316.3800471532533,0.0,0.0,68.6144936130201,52.617297210863214,319.4791149598665,94.16384971889674,106.0,2.0,1.0,mixed,
2026-01-05 11:39:00,73.44516314334132,69.95742766084373,69.70701274454493,314.29005065701375,0.0,0.0,65.3536004406866,49.500950706491004,326.3924758450454,92.87691368715127,107.0,5.0,1.0,mixed,
2026-01-05 11:40:00,72.1099635095203,71.92111686929688,69.87089230817632,311.12296165094216,0.0,0.0,63.07734918724241,51.909822475575346,345.50642719724414,94.54294545857486,108.0,3.0,1.0,mixed,
2026-01-05 11:41:00,72.02502930441517,72.58025367025805,69.70311000697689,301.1949079083045,0.0,0.0,64.06116289383367,51.669570947263004,357.71252511502695,87.54974736318881,109.0,3.0,1.0,mixed,
2026-01-05 11:42:00,71.28945195979838,71.66994824004671,69.61526023821733,307.2742303278456,0.0,0.0,63.44234916678406,50.40921642317085,322.8754848752038,101.88594605371478,110.0,2.0,1.0,mixed,
2026-01-05 11:43:00,72.93471382868127,68.9927777786765,70.04028543116497,304.5877845416764,0.0,0.0,65.52399985936599,50.978923710661626,357.006224926606,107.49210138021404,111.0,5.0,1.0,mixed,
2026-01-05 11:44:00,75.61632270518908,69.90617207138742,69.75925583897443,321.1465297713454,0.0,0.0,70.79791949177111,51.26217837068205,357.8556293202099,117.04150549089596,112.0,4.0,1.0,mixed,
2026-01-05 11:45:00,75.0874153564626,67.61247092303184,69.83591137765215,308.8134526775622,0.0,0.0,69.40483735634137,49.67849728090626,368.8708187423036,112.09911968480262,113.0,3.0,1.0,mixed,
2026-01-05 11:46:00,73.31071203191927,70.1188116958915,70.01773765846411,319.80188289422995,0.0,0.0,68.71701705241026,48.471128735908515,369.11838315842164,114.95839891525486,114.0,4.0,1.0,mixed,
2026-01-05 11:47:00,78.15334283396665,67.10992728817615,70.00336305639213,318.18846796401556,0.0,0.0,76.55674052242972,50.428325019884305,377.9327581498124,104.47160107636446,115.0,3.0,1.0,mixed,
2026-01-05 11:48:00,76.45116364706229,67.29657475647792,70.07379755422195,328.0203389275308,0.0,0.0,72.50751322947326,50.12760626142108,373.999472807659,112.50754720432361,116.0,4.0,1.0,mixed,
2026-01-05 11:49:00,75.83145501231004,65.28302793453209,69.80449302571346,318.3201501976757,0.0,0.0,70.24711716685552,49.91679117695884,390.23045801437496,107.78089695472558,117.0,10.0,1.0,mixed,
2026-01-05 11:50:00,76.5317197746847,64.46050481100345,70.052042591403,327.1940141945192,0.0,0.0,61.38312106101761,51.55603624446795,394.8510390479042,111.60928011885218,118.0,9.0,1.0,mixed,
2026-01-05 11:51:00,76.49086599605454,62.61875907743935,69.40910300538407,325.98836042664357,0.0,0.0,63.488503968163734,50.48835353888555,367.6678704999379,119.19124866919722,119.0,4.0,1.0,mixed,
2026-01-05 11:52:00,75.70867747713551,61.007146010807006,69.33137508299203,326.7405056101313,0.0,0.0,61.36342004278068,51.43688128002117,370.9215568703486,108.15260518152999,120.0,4.0,1.0,mixed,
2026-01-05 11:53:00,76.76925807287407,60.4781278606861,69.12455841385041,325.56434282571905,0.0,0.0,65.55348744584548,53.71256561863981,334.76043445046116,126.41399729577188,121.0,5.0,1.0,mixed,
2026-01-05 11:54:00,69.72800423715077,63.90756125689083,69.04957796080863,295.3356444560556,0.0,0.0,59.355304870662735,54.57041655901694,323.6410035162595,120.23947065127746,122.0,2.0,1.0,mixed,
2026-01-05 11:55:00,73.33168107823569,62.656674968169355,68.86358216482999,302.7150356748019,0.0,0.0,61.585427633864875,54.266337828682154,324.8020601445464,112.22597260026525,123.0,6.0,1.0,mixed,
2026-01-05 11:56:00,71.03196307184349,63.35051141443396,68.77586939708559,312.38804035567676,0.0,0.0,62.20564759801199,53.343075059317556,348.52410019284804,113.69364014527159,124.0,4.0,1.0,mixed,
2026-01-05 11:57:00,74.52639164425096,63.33800661342001,68.69474896874753,312.81820655003,0.0,0.0,55.20070141994811,54.609496788451054,344.0457779153085,114.21601375222268,125.0,3.0,1.0,mixed,
2026-01-05 11:58:00,78.53378119799534,65.94988718081721,68.95333321046263,330.95488349295994,0.0,0.0,56.33464621972455,57.96055826827149,350.67731072240804,110.27854093741814,126.0,4.0,1.0,mixed,
2026-01-05 11:59:00,79.99863956710682,66.8318891675544,69.6487815750614,343.9031644812987,0.0,0.0,59.327986694488416,56.584273439464724,402.49880169728794,97.01730415507231,127.0,5.0,1.0,mixed,
